,Problem Understanding (Comprehension),Clarity and Step-by-Step Explanation,Accuracy of Process (Correctness of Steps),Correctness of Final Answer,Learning Appropriateness (Is the Explanation Suitable for Learners?),Generalization (Can the Learner Apply This Method to Similar Problems?),Technical Terms Explanation,Addressing Common Errors,Appropriateness Based on Progress Level (Grade)
en,1.9720496894409938,2.0,2.0,1.9906832298136645,1.9937888198757765,1.9968944099378882,1.9968944099378882,1.9627329192546583,1.984472049689441
de,1.9627329192546583,1.9937888198757765,1.984472049689441,1.9813664596273293,1.9906832298136645,1.9875776397515528,1.9968944099378882,1.9440993788819876,1.984472049689441
ar,1.9596273291925466,1.9875776397515528,1.9937888198757765,1.984472049689441,1.9937888198757765,1.9968944099378882,1.9906832298136645,1.937888198757764,1.9937888198757765
