,Problem Understanding (Comprehension),Clarity and Step-by-Step Explanation,Accuracy of Process (Correctness of Steps),Correctness of Final Answer,Learning Appropriateness (Is the Explanation Suitable for Learners?),Generalization (Can the Learner Apply This Method to Similar Problems?),Technical Terms Explanation,Addressing Common Errors
en,1.9440993788819876,1.9906832298136645,1.9720496894409938,1.8633540372670807,1.8633540372670807,1.8695652173913044,1.891304347826087,0.9409937888198758
de,1.953416149068323,1.9751552795031055,1.968944099378882,1.795031055900621,1.8664596273291925,1.8788819875776397,1.8850931677018634,0.9565217391304348
ar,1.8664596273291925,1.9658385093167703,1.9316770186335404,1.7329192546583851,1.8198757763975155,1.7732919254658386,1.763975155279503,0.8881987577639752
