,Problem Understanding (Comprehension),Clarity and Step-by-Step Explanation,Accuracy of Process (Correctness of Steps),Correctness of Final Answer,Learning Appropriateness (Is the Explanation Suitable for Learners?),Generalization (Can the Learner Apply This Method to Similar Problems?),Technical Terms Explanation,Addressing Common Errors,Appropriateness Based on Progress Level (Grade)
en,1.968944099378882,1.9968944099378882,1.9968944099378882,1.9937888198757765,1.9968944099378882,1.9968944099378882,1.9968944099378882,1.9627329192546583,1.9813664596273293
de,1.9813664596273293,2.0,1.9968944099378882,1.9875776397515528,1.9937888198757765,1.9968944099378882,2.0,1.9472049689440993,1.9968944099378882
ar,1.9440993788819876,1.9875776397515528,1.984472049689441,1.984472049689441,1.9875776397515528,1.9875776397515528,1.9875776397515528,1.9254658385093169,1.9906832298136645
