"Topic Area","Topic","Progress Level","Exercise","Technical Terms"
"Numbers and Operations","Understanding and representing numbers","B","اكتب الرقم الذي يأتي بعد ٤٨","- الرقم
- يأتي
- بعد"
"Numbers and Operations","Understanding and representing numbers","B","أظهر الرقم 28 باستخدام العشرات والآحاد.","- العشرات
- الآحاد"
"Numbers and Operations","Understanding and representing numbers","B","ضع دائرة حول جميع الأعداد الزوجية: ١٢، ١٥، ١٨، ٢١","- زوجي
- عدد"
"Numbers and Operations","Understanding and representing numbers","B","أي عدد يحتوي على 5 عشرات و2 وحدات؟","- عدد
- عشرات
- وحدات"
"Numbers and Operations","Understanding and representing numbers","B","أكمل الفراغ: 40، 50، ___، 70","- تسلسل الأعداد
- الفارق بين الأعداد"
"Numbers and Operations","Understanding and representing numbers","B","اكتب الرقم المفقود: ___، ٩١، ٩٢، ٩٣","- تسلسل
- رقم مفقود"
"Numbers and Operations","Understanding and representing numbers","B","ضع دائرة حول جميع الأعداد التي تزيد عن 25: 14، 26، 30، 19","- تزيد عن
- عدد"
"Numbers and Operations","Understanding and representing numbers","B","اكتب العدد ٤٦ بالشكل المفكك: ٤٦ = ___ + ___","- العدد
- المفكك
- الجمع"
"Numbers and Operations","Understanding and representing numbers","C","ما قيمة المنزلة للرقم 6 في العدد 6,524؟","- منزلة  
- رقم"
"Numbers and Operations","Understanding and representing numbers","C","قُم بتقريب العدد 8,649 إلى أقرب مئة.","- تقريب
- العدد
- أقرب"
"Numbers and Operations","Understanding and representing numbers","C","كم عدد المئات في 6400؟","- مئات
- عدد"
"Numbers and Operations","Understanding and representing numbers","C","كمال الفراغ: ٧٠٠٠ + ٦٠٠ + ___ + ٥ = ٧٦٨٥","- الفراغ
- القيمة المكانية
- الجمع"
"Numbers and Operations","Understanding and representing numbers","C","اكتب أصغر عدد مكون من 4 أرقام يمكنك تشكيله باستخدام الأرقام 4، 1، 8، 0.","- عدد مكون من 4 أرقام
- تشكيل الأرقام
- أصغر عدد"
"Numbers and Operations","Understanding and representing numbers","C","أظهر الكسر (½) باستخدام شريط الكسور.","- الكسر
- شريط الكسور
- الجزء
- الكل"
"Numbers and Operations","Understanding and representing numbers","C","اكتب 234 بالشكل الموسع.","- الشكل الموسع
- قيمة الرقم
- الأرقام الكبرى"
"Numbers and Operations","Understanding and representing numbers","D","عبّر عن 3.75 على صورة كسر اعتيادي.","- كسر اعتيادي
- عدد كسري
- أجزاء الكسر"
"Numbers and Operations","Understanding and representing numbers","D","قارن باستخدام <، >، أو =: 3.25 ___ 3.205","- الأعداد العشرية
- المقارنة
- القيمة المكانية"
"Numbers and Operations","Understanding and representing numbers","D","حوّل العدد ٢٧ من النظام العشري (الأساس ١٠) إلى النظام الثنائي (الأساس ٢).","- النظام العشري
- النظام الثنائي
- الأساس
- تمثيل الأعداد"
"Numbers and Operations","Understanding and representing numbers","D","اكتب 0.007 على شكل كسر في أبسط صورة.","- كسر
- أبسط صورة
- مقام
- بسط
- قيمة عشرية"
"Numbers and Operations","Understanding and representing numbers","D","مثّل العدد -5 على خط الأعداد.","- خط الأعداد
- الأعداد السالبة
- النقاط على خط الأعداد"
"Numbers and Operations","Understanding and representing numbers","D","حوّل 3/4 إلى عدد عشري.","- كسر
- عدد عشري
- مقام
- بسط"
"Numbers and Operations","Understanding and representing numbers","D","أي الأعداد أقرب إلى الصفر: -3 أم -0.7؟","- الأعداد السالبة
- القيمة المطلقة
- المقارنة"
"Numbers and Operations","Understanding and representing numbers","E","اكتب العدد 4.56 ككسر في أبسط صورة.","- كسر
- أبسط صورة
- صيغة عشرية"
"Numbers and Operations","Understanding and representing numbers","E","حوّل 125% إلى عدد عشري.","- النسبة المئوية
- العدد العشري"
"Numbers and Operations","Understanding and representing numbers","E","ما هي القيمة المطلقة للعدد -1309؟","- القيمة المطلقة"
"Numbers and Operations","Understanding and representing numbers","E","حوّل ٢.١٢٥ إلى عدد كسري مختلط.","- عدد كسري مختلط
- جزء صحيح
- جزء كسري
- مقام
- بسط"
"Numbers and Operations","Understanding and representing numbers","E","ما قيمة المنزل للعدد 6 في 3.067؟","- قيمة المكان
- الرقم
- الفاصلة العشرية"
"Numbers and Operations","Understanding and representing numbers","E","عبر عن 7/8 كعدد عشري.","- الكسر
- العدد العشري
- القيمة العشرية"
"Numbers and Operations","Understanding and representing numbers","F","اكتب 3.2 × 10³ بالصورة العشرية العادية.","- الصورة العلمية
- الأس 
- مضاعفيات العشرة"
"Numbers and Operations","Understanding and representing numbers","F","اكتب الجذر التربيعي لـ 50 كعدد عشري مع التقريب إلى منزلتين عشريتين.","- الجذر التربيعي
- عدد عشري
- تقريب"
"Numbers and Operations","Understanding and representing numbers","F","قدر قيمة √65 بدون استخدام الآلة الحاسبة.","- الجذر التربيعي
- الأعداد الكاملة
- القيم التقريبية
- القيم المتشابهة
- حدود التقريب"
"Numbers and Operations","Understanding and representing numbers","F","اكتب 0.00072 بالصيغ العلمية.","- الصيغة العلمية
- قوة العدد 10
- الأصفار العشرية"
"Numbers and Operations","Understanding and representing numbers","F","حوّل العدد 125 إلى النظام الثنائي.","- النظام الثنائي
- تحويل الأعداد
- القيم الرقمية"
"Numbers and Operations","Understanding and representing numbers","F","هل 4.333... (المتكررة) عدد نسبي أم عدد غير نسبي؟ ولماذا؟","- عدد نسبي
- عدد غير نسبي
- كسر
- تكرار"
"Numbers and Operations","Understanding and representing numbers","F","أي الأعداد ليست عددًا صحيحًا: 3.14159، 22/7، π؟","- عدد صحيح
- عدد غير صحيح
- عدد كسرية
- قيمة تقريبية"
"Numbers and Operations","Understanding and representing numbers","G","حوّل 5¼ إلى كسر غير حقيقي.","- كسر غير حقيقي
- كسر مختلط"
"Numbers and Operations","Understanding and representing numbers","G","ارسم الأعداد ٣/٤، √٢، و -١.٥ على خط الأعداد","- خط الأعداد
- الكسر
- الجذر التربيعي
- الأعداد السالبة"
"Numbers and Operations","Understanding and representing numbers","G","قدر موقع الجذر التربيعي ٥ على خط الأعداد.","- الجذر التربيعي
- خط الأعداد
- القيم الموجبة والسالبة
- التقدير"
"Numbers and Operations","Understanding and representing numbers","G","هل العدد ١١/٧ أقرب إلى ١ أم ٢؟ أظهر خطوات الحل.","- الكسور
- القيمة العددية
- تقريب الأعداد
- الفرق العددية"
"Numbers and Operations","Understanding and representing numbers","H","حول العدد العشري 156 إلى النظام الثنائي والست عشري.","- النظام الثنائي
- النظام الست عشري
- تحويل الأعداد"
"Numbers and Operations","Understanding and representing numbers","H","مثل الرقم الست عشري 1A3 بالنظام الثنائي.","- النظام الثنائي
- النظام الست عشري
- تمثيل الأعداد
- تحويل الأعداد"
"Numbers and Operations","Understanding and representing numbers","H","اكتب العدد الثنائي 101101.11 كعدد عشري.","- النظام الثنائي
- النظام العشري
- قيمة الموضع
- الأرقام العشرية
- الكسور العشرية"
"Numbers and Operations","Understanding and representing numbers","H","حدد أي من الأعداد التالية يعتبر عددًا غير نسبي: π، 22/7، √2، √16","- عدد غير نسبي
- عدد نسبي
- الجذر التربيعي
- القيمة التقريبية"
"Numbers and Operations","Understanding and representing numbers","H","قارن بين 0x2F (نظام العد الست عشري) و47 (نظام العد العشري) – هل هما متساويان؟","- نظام العد الست عشري
- نظام العد العشري
- القيمة الرقمية
- المقارنة بين الأعداد
- التساوي"
"Numbers and Operations","Understanding and representing numbers","H","اكتب الكسر العشري الدوري 0.142857... على صورة كسر اعتيادي.","- الكسر العشري الدوري
- الكسر الاعتيادي
- البسط
- المقام"
"Numbers and Operations","Understanding and performing operations","B","ما هو 6 + 7؟ ______","- جمع
- عدد
- نتيجة"
"Numbers and Operations","Understanding and performing operations","B","املأ الفراغ: 9 + ___ = 14","- فراغ
- مجموع
- عملية جمع"
"Numbers and Operations","Understanding and performing operations","B","احسب ناتج 25 + 10 = ______","- ناتج
- مجموعة"
"Numbers and Operations","Understanding and performing operations","B","ما هو 6 + 6 + 6؟ ______","- مجموع
- زائد"
"Numbers and Operations","Understanding and performing operations","B","تبلغ تكلفة لعبة 12 دينارًا.إذا دفعت بفئة 20 دينارًا، فكم سيكون المبلغ المتبقي؟","- دينار  
- تكلفة  
- مبلغ  
- متبقي"
"Numbers and Operations","Understanding and performing operations","B","اكتب جملة عددية تعبر عن العبارة التالية: 'سام لديه ٤ تفاحات. حصل على ٣ تفاحات أخرى.'","- جملة عددية
- تفاح
- حصل على"
"Numbers and Operations","Understanding and performing operations","B","اختر الجملة العددية التي تساوي 12: أ) 8 + 4 ب) 5 + 5 ج) 6 + 3","- الجملة العددية
- تساوي"
"Numbers and Operations","Understanding and performing operations","B","أيّهما أكبر: ٤ + ٣ أم ٩ - ٢؟ ______","- أكبر
- أقل
- مجموع
- فرق"
"Numbers and Operations","Understanding and performing operations","C","احسب ناتج 324 + 178 = ___","- ناتج 
- جمع"
"Numbers and Operations","Understanding and performing operations","C","احسب الناتج: ٥٠٠٠ − ١٢٣٧ = ___","- الناتج
- عملية الطرح
- الأعداد الكبيرة"
"Numbers and Operations","Understanding and performing operations","C","احسب حاصل ضرب 36 × 4 = ___","- حاصل الضرب 
- الضرب 
- عوامل 
- مضاعف"
"Numbers and Operations","Understanding and performing operations","C","احسب ناتج 48 ÷ 6 = ___","- قسمة
- ناتج"
"Numbers and Operations","Understanding and performing operations","C","ما هو الباقي عند قسمة 25 على 4؟","- باقي
- قسمة"
"Numbers and Operations","Understanding and performing operations","D","استخدم الخوارزمية القياسية (الضرب المطوّل خطوة بخطوة) لحساب ١٢ × ٢٣٤","- خوارزمية
- ضرب مطوّل
- معاملات
- مضاعفات"
"Numbers and Operations","Understanding and performing operations","D","استخدم القسمة المطوّلة لحساب: 75.6 ÷ 3.2","- القسمة المطوّلة
- الأرقام العشرية
- الباقي
- المقام"
"Numbers and Operations","Understanding and performing operations","D","اضرب: ¾ × ⅖","- كسر
- ضرب الكسور
- بسط
- مقام"
"Numbers and Operations","Understanding and performing operations","D","جد ناتج القسمة: 9 ½ ÷ 3","- ناتج
- قسمة
- كسري"
"Numbers and Operations","Understanding and performing operations","D","أضف: ٢(١/٣) + ٤(٢/٣)","- كسر
- عدد صحيح
- جمع
- مضاعفة
- قيم مختلطة"
"Numbers and Operations","Understanding and performing operations","E","استخدم خاصية التبادلية لتبسيط: (س + ٥) + ٧","- خاصية التبادلية
- التبسيط"
"Numbers and Operations","Understanding and performing operations","E","قميص ثمنه 40 دينار معروض للبيع بخصم نسبته 25%. ما قيمة الخصم؟","- خصم
- نسبة
- القيمة"
"Numbers and Operations","Understanding and performing operations","E","فاتورة مطعم تبلغ 72 دينار. ما هو المبلغ المُستَحق عن 10% كإكرامية؟","- الإكرامية
- النسبة المئوية
- المبلغ الإجمالي"
"Numbers and Operations","Understanding and performing operations","F","اجمع: (–3/4) + (2/5)","- الكسور السالبة
- الكسور الموجبة
- المقام
- البسط
- العمليات الرياضية"
"Numbers and Operations","Understanding and performing operations","F","قم بحساب: 3(2 + 5) - 4(1 - 2)","- عملية الجمع
- عملية الطرح
- عملية الضرب
- الأقواس"
"Numbers and Operations","Understanding and performing operations","F","اكتب الناتج في أبسط صورة: (–4)² + 3³ – 5²","- القوة
- الناتج
- الصيغة الأبسط"
"Numbers and Operations","Understanding and performing operations","F","اكتب الناتج في أبسط صورة: [(4/5) + (1/2)] ÷ (3/10)","- الكسر
- الجمع
- القسمة
- أبسط صورة"
"Numbers and Operations","Understanding and performing operations","F","ما قيمة –√36؟","- الجذر التربيعي 
- القيمة السالبة"
"Numbers and Operations","Understanding and performing operations","F","اضرب: (–0.6) × (–2.5)","- الأعداد السالبة
- الضرب
- القيم المطلقة
- القاعدة الخاصة بالضرب في الأعداد السالبة"
"Numbers and Operations","Understanding and performing operations","G","باستخدام قواعد الأسس، اكتب الناتج في أبسط صورة 3² × 3⁴.","- الأسس
- الناتج
- أبسط صورة"
"Numbers and Operations","Understanding and performing operations","G","اكتب الناتج في أبسط صورة: (2س⁵)³","- القوة
- الأس
- الجذر
- التبسيط"
"Numbers and Operations","Understanding and performing operations","G","اضرب و اختصر: (3س²/2ص)(4ص²/9س)","- ضرب الكسور
- اختصار الكسور
- عوامل مشتركة"
"Numbers and Operations","Understanding and performing operations","G","قم بتبسيط الكسر الآتي بتحويل المقام إلى عدد نسبي: 3 / √5","- كسر
- مقام
- عدد نسبي
- تبسيط
- جذر مربع"
"Numbers and Operations","Understanding and performing operations","H","اكتب الناتج في أبسط صورة: (2س² − 8)⁄(س² − 4)","- الحدود
- البسط
- المقام
- الاختصار
- القيم المشتركة"
"Numbers and Operations","Understanding and performing operations","H","اكتب الناتج في أبسط صورة: (5√12 + 3√27)⁄√3","- الجذر التربيعي
- تبسيط
- معاملات
- كسور
- جمع الحدود المتشابهة"
"Numbers and Operations","Understanding and performing operations","H","قم بتوسيع وتبسيط (أ + ب + ج)²","- مربع (Square)
- توسيع (Expand)
- تبسيط (Simplify)
- معاملات (Coefficients)
- حدود (Terms)
- مجموع (Sum)"
"Numbers and Operations","Understanding and performing operations","H","احسب الباقي عند قسمة 2⁵ على 7","- الباقي
- قسمة 
- أس (أو القوى) 
- العمليات الرياضية 
- توزيع الأعداد"
"Numbers and Operations","Ordering numbers","B","رتب الأعداد التالية من الأصغر إلى الأكبر: 42، 15، 37","- ترتيب
- أصغر
- أكبر"
"Numbers and Operations","Ordering numbers","B","ضع دائرة حول أكبر عدد: 63، 56، 61","- أكبر 
- عدد"
"Numbers and Operations","Ordering numbers","B","رتب الأعداد التالية من الأصغر إلى الأكبر: 100، 10، 50","- ترتيب
- أصغر
- أكبر"
"Numbers and Operations","Ordering numbers","B","أي رقم لا ينتمي إلى المجموعة؟ 41، 43، 46، 45","- مجموعة
- ينتمي
- رقم"
"Numbers and Operations","Ordering numbers","B","ضع دائرة حول الأعداد المرتّبة ترتيبًا صحيحًا: أ) 34، 36، 35 ب) 22، 24، 26","- مرتّب
- عدد"
"Numbers and Operations","Ordering numbers","C","قم بترتيب هذه الأعداد من الأصغر إلى الأكبر: ٤،٢٠٩؛ ٣،٨٩٢؛ ٤،١٠٢","- ترتيب
- أصغر
- أكبر"
"Numbers and Operations","Ordering numbers","C","رتب الأعداد التالية بشكل تنازلي: ٥٬٠٠٠؛ ٥٬٣٠٠؛ ٤٬٩٠٠؛ ٥٬١٠٠","- ترتيب
- تنازلي"
"Numbers and Operations","Ordering numbers","C","املأ الفراغ: ٢٣٤٥ < ___ < ٢٧٨٩","- فراغ
- ترتيب
- قيمة عددية"
"Numbers and Operations","Ordering numbers","D","قُم بتقريب العدد 345.67 إلى أقرب عدد صحيح أو إلى أقرب عشري.","- تقريب
- عدد صحيح
- عدد عشري"
"Numbers and Operations","Ordering numbers","D","ضع الأعداد التالية على الخط الرقمي: -1، ½، 0.25، -0.75","- الخط الرقمي
- الأعداد السالبة
- الأعداد الموجبة
- القيمة النسبية"
"Numbers and Operations","Ordering numbers","D","رتب الأعداد التالية من الأكبر إلى الأصغر: -5، 7، -2، -8، 0","- ترتيب
- أكبر
- أصغر
- الأعداد السالبة
- الأعداد الموجبة"
"Numbers and Operations","Ordering numbers","D","أكمل الفراغ: ___ < 0.5 < ¾","- عدد كسري
- قيمة مكانية"
"Numbers and Operations","Ordering numbers","D","رتب الكسور التالية: 5/6، 2/3، 3/4","- كسور
- ترتيب
- قيم نسبية 
- مقام 
- بسط"
"Numbers and Operations","Ordering numbers","E","رتب الأعداد التالية تنازلياً: ¾، 0.66، ⅔","- الأعداد الكسرية
- الأعداد العشرية
- الترتيب التنازلي"
"Numbers and Operations","Ordering numbers","E","قُم بتقريب المبالغ التالية إلى أقرب دينار كامل: ١٣.٧٨ دينار، ١٣.٢١ دينار، و ١٣.٥٠ دينار، ثم رتبها من الأقل إلى الأكثر.","- التقريب
- دينار
- الرقم العشري
- الترتيب"
"Numbers and Operations","Ordering numbers","E","قم بترتيب الأعداد التالية: 3/4، 0.79، 76%","- الكسور
- النسب المئوية
- الأعداد العشرية
- ترتيب الأعداد"
"Numbers and Operations","Ordering numbers","F","قارن: ٣² ___ ٢³","- الأس عددية
- قاعدة الأسس
- قيمة العددية"
"Numbers and Operations","Ordering numbers","F","حدد موقع الأعداد التالية على خط الأعداد: π، 3.14، √10","- خط الأعداد
- الأعداد غير النسبية
- الجذر التربيعي
- القيم التقريبية"
"Numbers and Operations","Ordering numbers","F","صحيح أم خطأ: √3 > 1.7","- الجذر التربيعي
- القيمة العددية
- مقارنة الأعداد"
"Numbers and Operations","Ordering numbers","F","رتب الأعداد التالية من الأكبر إلى الأصغر: √11، 3.3، 10/3","- الجذر التربيعي
- الكسور
- القيم العشرية"
"Numbers and Operations","Ordering numbers","G","حدد ما إذا كانت العبارة x < y < z صحيحة حيث أن x = 0.66، و y = 2/3، و z = 67%.","- الأعداد العشرية
- الكسور
- النسبة المئوية
- مقارنة الأعداد"
"Numbers and Operations","Ordering numbers","G","اكتب متباينة تقارن بين x = -3، y = 1، z = 4.","- متباينة
- مقارنة
- قيمة عددية"
"Numbers and Operations","Ordering numbers","G","رتب الأعداد التالية من الأكبر إلى الأصغر: 4²، 2⁴، و16","- الأعداد المربعة
- ترتيب الأعداد"
"Numbers and Operations","Ordering numbers","H","رتب الأعداد 2i و 3 + 2i و 3 - i حسب المقدار.","- الأعداد المركبة
- المقدار
- الجزء الحقيقي
- الجزء التخيلي
- ترتيب الأعداد"
"Numbers and Operations","Ordering numbers","H","قم بترتيب الأعداد المركبة: i، −1 + i، 2i بناءً على القيمة المطلقة.","- القيمة المطلقة
- الأعداد المركبة"
"Numbers and Operations","Ordering numbers","H","رتّب القيم التالية: لو₂ (3)، لو₃ (2)، لو₅ (5).","- اللوغاريتمات
- قاعدة اللوغاريتم
- الأسس"
"Numbers and Operations","Ordering numbers","H","قم بتحديد الجذور التكعبية لـ 5 و 6 والعدد 2 على خط الأعداد.","- الجذر التكعيبي
- خط الأعداد"
"Numbers and Operations","Ordering numbers","H","رتب الأعداد التالية: 0b1010، 0xF، 13 (ثنائي، ست عشري، عشري)","- ثنائي
- ست عشري
- نظام العد
- ترتيب الأعداد"
"Numbers and Operations","Applying Calculation Strategies","B","استخدم خط الأعداد لإيجاد ناتج 9 + 6 = ______","- خط الأعداد 
- ناتج 
- جمع"
"Numbers and Operations","Applying Calculation Strategies","B","حل المسألة التالية عن طريق جمع العشرات والآحاد: 27 + 35","- العشرات
- الآحاد"
"Numbers and Operations","Applying Calculation Strategies","B","أظهر ناتج جمع العددين التاليين عن طريق تقريب إلى أقرب عشرة: 46 + 9","- تقريب
- أقرب عشرة"
"Numbers and Operations","Applying Calculation Strategies","C","ما هي الاستراتيجية التي ستستخدمها لحل المسألة 400 − 198 بسرعة؟","- الاستراتيجية
- الطرح
- القيم المكانة
- التقدير"
"Numbers and Operations","Applying Calculation Strategies","C","ما هو تقدير جيد للعدد 612 ÷ 9؟","- تقدير
- عدد صحيح 
- قسمة 
- قريب من 
- تقريب"
"Numbers and Operations","Applying Calculation Strategies","C","استخدم الجمع المتكرر لإيجاد ناتج 7 × 6 = ___","- جمع متكرر
- ناتج
- ضرب"
"Numbers and Operations","Applying Calculation Strategies","C","استخدم استراتيجية المضاعفة والتقليل للنصف: 25 × 8 = ___","- مضاعفة
- تقليل للنصف
- ضرب"
"Numbers and Operations","Applying Calculation Strategies","C","ما الخطوتان اللتان ستستخدمهما لحل 75 × 12؟","- الضرب
- عوامل
- قيمة مكانية
- توزيع"
"Numbers and Operations","Applying Calculation Strategies","C","استخدم التقدير عن طريق التقريب: 51 × 19، ثم تحقق من الإجابة.","- تقدير
- تقريب
- تحقق"
"Numbers and Operations","Applying Calculation Strategies","C","استخدم خاصية التوزيع لتسهيل عملية الضرب: 23 × 4 = ___","- خاصية التوزيع
- عملية الضرب
- مجموعات
- عوامل"
"Numbers and Operations","Applying Calculation Strategies","D","قدر ناتج ضرب 398 في 52 من خلال تقريب كلا العددين، ثم احسب الناتج الدقيق للتحقق.","- تقدير
- تقريب
- ناتج
- ضرب
- عملية
- عدد صحيح"
"Numbers and Operations","Applying Calculation Strategies","D","اطرح: −15 − (−8)","- الطرح
- الأعداد السالبة
- الأقواس"
"Numbers and Operations","Applying Calculation Strategies","D","طبق ترتيب العمليات: 6 + 3 × (8 − 5)²","- ترتيب العمليات
- الأقواس
- القوة
- ضرب
- جمع"
"Numbers and Operations","Applying Calculation Strategies","D","استخدم القسمة المطولة لحل: ٣٦٧٢ ÷ ١٦","- القسمة المطولة
- باقي القسمة
- المقام
- العدد الناتج"
"Numbers and Operations","Applying Calculation Strategies","E","سعر سترة هو ٨٠ دينار، وقد تم تخفيض سعرها بنسبة ٢٥٪، ثم تم إضافة ضريبة قدرها ١٠٪. ما هو السعر النهائي؟","- تخفيض
- نسبة مئوية
- ضريبة"
"Numbers and Operations","Applying Calculation Strategies","E","قدّر التكلفة الإجمالية لمبالغ ٧.٨٥ دينار، ١٢.٤٩ دينار، و٤.٣٠ دينار عن طريق تقريبها لأقرب دينار.","- تقريب
- تكلفة إجمالية"
"Numbers and Operations","Applying Calculation Strategies","E","جهاز لابتوب كان سعره في الأصل ٨٥٠ دينار، وتم خصم ٢٠٪ من السعر. بعد ذلك، تم استخدام قسيمة بقيمة ٥٠ دينار. ما السعر النهائي؟","- خصم
- نسبة مئوية
- قسيمة"
"Numbers and Operations","Applying Calculation Strategies","E","استخدم التعويض لحل المسألة بسرعة: 199 + 68","- التعويض
- استراتيجيات الحساب"
"Numbers and Operations","Applying Calculation Strategies","F","استخدم تحليل الأعداد الأولية لإيجاد القاسم المشترك الأكبر للأعداد 36 و 60.","- تحليل الأعداد الأولية
- القواسم
- القاسم المشترك الأكبر"
"Numbers and Operations","Applying Calculation Strategies","F","أوجد المضاعف المشترك الأصغر للعددين 18 و 24 باستخدام العوامل الأولية.","- المضاعف المشترك
- العوامل الأولية"
"Numbers and Operations","Applying Calculation Strategies","F","احسب القيمة: (2² × 3³) ÷ (2 × 3²)","- القوة
- القيم الأساسية
- الأعداد الصحيحة
- العملية الحسابية
- القسمة"
"Numbers and Operations","Applying Calculation Strategies","F","استخدم قوى العدد ١٠: ما ناتج ٣٫٢٦ × ١٠٠٠؟","- قوى العدد
- ناتج
- ضرب"
"Numbers and Operations","Applying Calculation Strategies","G","استخدم قواعد الأس للتبسيط ((3x⁻²)/(x³))²","- الأس
- تبسيط
- كسر
- ضرب عددين
- تربيع"
"Numbers and Operations","Applying Calculation Strategies","G","حدد أيهما أفضل لحساب 5/6 ÷ 2/3: الضرب في المعكوس أو القسمة الطويلة؟","- المعكوس
- القسمة الطويلة
- استراتيجيات الحساب"
"Numbers and Operations","Applying Calculation Strategies","G","قرب قيمة الجذر التربيعي لـ 17 باستخدام المربعات الكاملة القريبة.","- الجذر التربيعي
- المربعات الكاملة"
"Numbers and Operations","Applying Calculation Strategies","G","استخدم فرق المربعين لتبسيط 100² - 99².","- فرق المربعين
- مربع العدد
- تبسيط"
"Numbers and Operations","Applying Calculation Strategies","H","استخدم العلاقة a² − b² لحساب 102² − 98²","- الفرق بين مربعين
- العلاقة الجبرية
- قيمة العدد
- العناصر الجبرية"
"Numbers and Operations","Applying Calculation Strategies","H","ما هو اليوم الذي يأتي بعد ١٠٠ يوم من يوم الأربعاء؟ باستخدام حساب المود.","- حساب المود  
- الدورات الزمنية  
- تكرارية الأيام"
"Numbers and Operations","Applying Calculation Strategies","H","استخدم مفكوك ذات الحدين لتقدير (1.01)²","- مفكوك ذات الحدين
- حد
- معاملات
- تربيع
- تقدير"
"Geometry","spatial orientation and positional relationships","B","حدد اليسار واليمين في فصلك الدراسي.","- الاتجاهات
- اليسار
- اليمين
- الموقع"
"Geometry","spatial orientation and positional relationships","B","قم برسم مثلث داخل المستطيل.","- مثلث
- مستطيل
- رسم
- داخل
- العلاقة المكانية"
"Geometry","spatial orientation and positional relationships","B","قم بتلوين الشكل الثالث من اليمين.","- الشكل
- اليمين
- تلوين"
"Geometry","spatial orientation and positional relationships","B","ضع علامة (X) في الزاوية السفلية اليسرى من الورقة.","- زاوية
- سفلية
- يسرى
- علامة"
"Geometry","spatial orientation and positional relationships","C","إذا كان الروبوت متجهًا إلى الشمال ثم استدار 90 درجة إلى اليمين، فما الاتجاه الذي يواجهه الآن؟","- اتجاه
- 90 درجة
- استدارة
- يمين
- شمال"
"Geometry","spatial orientation and positional relationships","C","إذا قمت بتدوير السهم بزاوية 180°، إلى أين سيتجه؟","- زاوية
- تدوير
- اتجاه"
"Geometry","spatial orientation and positional relationships","D","ما الاتجاه الناتج عن دوران بزاوية ٩٠ درجة في اتجاه عقارب الساعة من جهة الشمال؟","- اتجاه عقارب الساعة
- زاوية
- شمال"
"Geometry","spatial orientation and positional relationships","D","في أي ربع تقع النقطة (−3, 4)؟","- المحاور (axes)
- الإحداثيات (coordinates)
- الربع (quadrant)
- النظام الإحداثي (coordinate system)
- القيمة السالبة (negative value)
- القيمة الموجبة (positive value)"
"Geometry","spatial orientation and positional relationships","D","إذا كانت النقطة ب تقع عند (2, 3)، ما هي إحداثياتها الجديدة بعد التحرك 4 وحدات إلى الأسفل؟","- إحداثيات
- وحدات
- التحرك
- الأسفل"
"Geometry","spatial orientation and positional relationships","D","تقع مدينة على بُعد 3 سم شرق المطار في الخريطة. كم يبعد ذلك بالكيلومترات إذا كانت النسبة المستخدمة هي 1 سم = 10 كم؟","- بُعد
- نسبة
- خريطة
- شرق"
"Geometry","spatial orientation and positional relationships","D","على الخريطة، تقع المدرسة في المنتصف وتقع المكتبة في الاتجاه الشمالي الشرقي من المدرسة. ما الاتجاهان اللذان يصفان هذه الحركة؟","- اتجاه
- شمالي شرقي
- موقع"
"Geometry","spatial orientation and positional relationships","D","سافرت ٢٠ كيلومترًا نحو الجنوب، ثم ١٥ كيلومترًا نحو الشرق. ما الاتجاه العام لحركتك؟","- الاتجاهات
- الجنوب
- الشرق
- المسافة"
"Geometry","spatial orientation and positional relationships","E","صف تأثير النقل (س، ص) → (س + 2، ص − 3)","- النقل (Transformation)
- المحور (Axis)
- الإحداثيات (Coordinates)
- التغير (Change)"
"Geometry","spatial orientation and positional relationships","E","يتحرك روبوت توصيل من النقطة (0، 0) إلى النقطة (4، 0)، ثم يتجه إلى النقطة (4، 3). ما هي الإحداثيات بعد الحركتين؟","- الإحداثيات
- النقطة
- الاتجاه
- الحركة
- المحور (X وY)"
"Geometry","spatial orientation and positional relationships","E","على شبكة المدينة، تبدأ سيارة أجرة من النقطة (٣، ٣) وتتبع المسار التالي: يسار بمقدار ٢ مربع، ثم للأعلى ١، ثم يمين ٥، ثم للأسفل ٤. أين تنتهي؟","- شبكة
- نقطة
- مربع
- اتجاه
- يسار
- أعلى
- يمين
- أسفل"
"Geometry","spatial orientation and positional relationships","E","صف التحويلالتالي: (س، ص) → (–س، ص)","- التحويل
- الإحداثيات
- محور (X)
- محور (Y)
- المرآة (reflection)"
"Geometry","spatial orientation and positional relationships","F","نقطة تتحرك من النقطة أ(2، 3) إلى النقطة ب(7، -2). عبر عن هذه الحركة كمتجه.","- متجه
- إحداثيات
- الحركة في الفضاء
- المسافة بين نقطتين"
"Geometry","spatial orientation and positional relationships","F","احسب نقطة المنتصف للقطاع الذي يصل بين نقطتين (4، -1) و(-2، 5).","- نقطة المنتصف
- إحداثيات
- قطاع
- تنظيم مكاني"
"Geometry","spatial orientation and positional relationships","F","إذا تحرك روبوت وفقًا للمتجه ⟨3، –4⟩ من النقطة (1، 2)، إلى أين سيصل؟","- متجه
- إحداثيات
- نقطة
- إزاحة"
"Geometry","spatial orientation and positional relationships","F","تحلق طائرة مسيرة 4 وحدات نحو الشمال، ثم 3 وحدات نحو الغرب. ما هو متجه الإزاحة الخاص بها؟","- متجه
- إزاحة
- وحدات
- اتجاهات"
"Geometry","spatial orientation and positional relationships","F","قم بتدوير المتجه ⟨2، 1⟩ بزاوية 90 درجة عكس اتجاه عقارب الساعة. ما هو المتجه الجديد؟","- متجه
- زاوية
- عكس اتجاه عقارب الساعة
- تدوير"
"Geometry","spatial orientation and positional relationships","G","حدد إحداثيات النقطة ب بعد تدوير النقطة أ(2، 3) بزاوية 90° مع اتجاه عقارب الساعة حول نقطة الأصل.","- إحداثيات
- تدوير
- زاوية
- اتجاه عقارب الساعة
- نقطة الأصل"
"Geometry","spatial orientation and positional relationships","G","اشرح كيف يمكن الانتقال من النقطة أ(0,0,0) إلى النقطة ب(3,2,5) في الفضاء ثلاثي الأبعاد.","- الإحداثيات ثلاثية الأبعاد
- المحور السيني
- المحور الصادي
- المحور الزيدي
- المسافة في الفضاء"
"Geometry","spatial orientation and positional relationships","G","حدد ما إذا كانت المثلث أ ب ج الذي له النقاط أ(1,1) و ب(3,4) و ج(5,7) مثلثًا قائم الزاوية.","- مثلث قائم الزاوية
- إحداثيات
- مسافة
- نظرية فيثاغورس"
"Geometry","spatial orientation and positional relationships","G","نقطة تبعد 2 وحدة عن كل من النقطة أ(2,3) والنقطة ب(6,3). صف المواقع الممكنة لهذه النقطة.","- المسافة
- الإحداثيات
- النقطة
- المستوي
- القطعة المستقيمة"
"Geometry","spatial orientation and positional relationships","H","مثل قطر المكعب كمتجه في الفضاء الثلاثي الأبعاد إذا كانت رؤوسه عند (0،0،0) و (1،1،1).","- متجه
- الفضاء الثلاثي الأبعاد
- رؤوس
- قطر"
"Geometry","spatial orientation and positional relationships","H","حدد الزاوية بين متجهين ثلاثي الأبعاد: v₁ = (1,2,3) و v₂ = (4,−1,0)","- متجه (Vector)
- الزاوية (Angle)
- ثلاثي الأبعاد (Three-dimensional)
- الناتج القياسي (Dot product)
- قاعدة الحساب (Formula)"
"Geometry","spatial orientation and positional relationships","H","جد إحداثيات نقطة بعد تدويرها بزاوية 90 درجة حول محور z في الفضاء الثلاثي الأبعاد.","- إحداثيات
- تدوير
- محور 
- زاوية
- الفضاء الثلاثي الأبعاد"
"Geometry","spatial orientation and positional relationships","H","صف خط تقاطع المستويين x + y + z = 3 و x − y = 1.","- المستوي
- تقاطع
- معادلة خطية
- أبعاد
- تمثيل بياني
- إحداثيات"
"Geometry","spatial orientation and positional relationships","H","احسب إسقاط المتجه v = (3, 4, 0) على المتجه u = (1, 0, 0)","- إسقاط (Projection)
- متجه (Vector) 
- المجال ثلاثي الأبعاد (Three-dimensional space) 
- علاقة الزوايا (Angle relationships) 
- العلاقات الموضعية (Positional relationships)"
"Geometry","spatial orientation and positional relationships","H","احسب متجهًا عموديًا على المتجهين (1,2,3) و(4,5,6).","- متجه
- عمودي
- معادلة
- فضاء ثلاثي الأبعاد
- توازي
- تقاطع"
"Geometry","properties and relationships of figures and solids","B","كم عدد الزوايا التي يمتلكها المثلث؟","- زوايا
- مثلث"
"Geometry","properties and relationships of figures and solids","B","أي شكل لا يحتوي على أضلاع مستقيمة؟","- شكل 
- أضلاع 
- مستقيمة"
"Geometry","properties and relationships of figures and solids","B","ما الفرق بين المربع والمستطيل؟","- الأضلاع
- الزوايا
- الأشكال
- التصميم
- القطر"
"Geometry","properties and relationships of figures and solids","B","ارسم شكلاً له ثلاث زوايا وثلاثة أضلاع.","- شكل ثلاثي
- زوايا
- أضلاع"
"Geometry","properties and relationships of figures and solids","B","اذكر شكلين لهما أضلاع مستقيمة فقط.","- شكل  
- ضلع  
- مستقيم  
- هندسي"
"Geometry","properties and relationships of figures and solids","C","كم عدد الأضلاع التي يمتلكها المضلع السداسي؟","- مضلع
- أضلاع 
- سداسي"
"Geometry","properties and relationships of figures and solids","C","كم عدد الحواف في مكعب؟","- مكعب
- حواف"
"Geometry","properties and relationships of figures and solids","C","صح أم خطأ: المستطيل دائماً يعتبر متوازي أضلاع.","- مستطيل
- متوازي أضلاع"
"Geometry","properties and relationships of figures and solids","C","حدد الشكل الذي ليس مضلعًا: مثلث، مربع، دائرة","- مضلع
- شكل
- دائرة"
"Geometry","properties and relationships of figures and solids","C","أي شكل له أضلاع متقابلة متساوية ومتوازية؟","- الشكل الرباعي
- الأضلاع
- متقابل
- متساوي
- متوازي"
"Geometry","properties and relationships of figures and solids","C","ارسم شكلًا رباعيًّا ليس مربعًا.","- شكل رباعي
- أضلاع
- زوايا
- قياسات"
"Geometry","properties and relationships of figures and solids","D","هل يمكن أن يكون للمثلث زاويتان منفرجتان؟ ولماذا؟","- مثلث
- زاوية منفرجة
- مجموع زوايا المثلث  
- زاوية حادة"
"Geometry","properties and relationships of figures and solids","D","كم عدد الرؤوس في هرم ثلاثي الأبعاد؟","- هرم
- رأس
- ثلاثة أبعاد
- شكل ثلاثي الأبعاد"
"Geometry","properties and relationships of figures and solids","D","احسب مجموع الزوايا الداخلية لشكل خماسي.","- الشكل الخماسي
- الزوايا الداخلية
- مجموع الزوايا"
"Geometry","properties and relationships of figures and solids","D","احسب الزاوية المفقودة: مثلث له زاويتان قياسهما 45° و70°.","- مثلث
- زاوية
- قياس
- مفقودة"
"Geometry","properties and relationships of figures and solids","E","مثلث زواياه 40° و65°. ما هي الزاوية الثالثة؟","- مثلث
- زوايا
- مجموع الزوايا
- قياس الزاوية"
"Geometry","properties and relationships of figures and solids","E","مثلث أطوال أضلاعه 6 سم، 6 سم، و4 سم. صنف هذا المثلث بناءً على أطوال أضلاعه.","- مثلث متساوي الساقين
- مثلث مختلف الأضلاع"
"Geometry","properties and relationships of figures and solids","E","شكل رباعي يحتوي على ثلاث زوايا قياسها 90°، 85°، و 95°. ما قياس الزاوية الرابعة؟","- قياس الزاوية
- الشكل الرباعي
- الزاوية الداخلية
- مجموع زوايا الشكل الرباعي"
"Geometry","properties and relationships of figures and solids","E","احسب مجموع زوايا الشكل السداسي الداخلي.","- شكل سداسي
- زاوية داخلية
- مجموع الزوايا"
"Geometry","properties and relationships of figures and solids","F","اشرح لماذا يعتبر المربع مستطيلًا ومعينًا في نفس الوقت.","- الأبعاد
- الزوايا القائمة
- الأضلاع المتقابلة
- التماثل
- الخصائص الهندسية"
"Geometry","properties and relationships of figures and solids","F","حدد ما إذا كان مثلثًا بأضلاع طولها 5 سم، 7 سم، و11 سم حاد الزوايا، قائم الزاوية، أو منفرج الزاوية.","- مثلث حاد الزوايا
- مثلث قائم الزاوية
- مثلث منفرج الزاوية
- أضلاع
- زوايا"
"Geometry","properties and relationships of figures and solids","F","قارن حجم المكعب الذي طول ضلعه 4 سم بحجم متوازي المستطيلات الذي أبعاده 4 سم × 4 سم × 2 سم.","- حجم 
- مكعب 
- متوازي المستطيلات 
- أبعاد 
- ضلوع"
"Geometry","properties and relationships of figures and solids","F","قارن بين المساحة السطحية لمكعب وكرة لهما نفس الحجم.","- المساحة السطحية
- مكعب
- كرة
- حجم"
"Geometry","properties and relationships of figures and solids","G","صف المقطع العرضي الناتج عن قطع الأسطوانة عموديًا.","- مقطع عرضي
- أسطوانة
- عمودي
- شكل هندسي"
"Geometry","properties and relationships of figures and solids","G","استخدم صيغة أويلر لمنشور له 9 أوجه.","- منشور
- أوجه
- صيغة أويلر
- رؤوس
- حواف"
"Geometry","properties and relationships of figures and solids","G","حدد نوع الرباعي الذي تتقاطع فيه الأقطار عند منتصفها بزاوية قائمة.","- رُباعي
- أقطار
- منتصف
- زاوية قائمة
- خصائص"
"Geometry","properties and relationships of figures and solids","G","مثلث له أضلاع بطول 5 سم و 12 سم، وزاوية بينهما مقدارها 60°؛ استخدم قانون قانون جيب التمام لحساب مساحة المثلث.","- مثلث
- أضلاع
- زاوية
- قانون جيب التمام
- مساحة"
"Geometry","properties and relationships of figures and solids","H","أثبت أن الزوايا المتقابلة في رباعي دائري تكون مجموعها 180 درجة.","- رباعي دائري
- زوايا متقابلة
- نظرية الزوايا
- دائرة
- قطر الدائرة
- نقاط على محيط الدائرة"
"Geometry","properties and relationships of figures and solids","H","لديك أربع نقاط في الفضاء ثلاثي الأبعاد: أ(1, 2, 3)، ب(4, 5, 6)، ج(7, 8, 9) ود(10, 11, 12). حدد ما إذا كانت هذه النقاط الأربعة تقع على نفس المستوى.","- الفضاء ثلاثي الأبعاد
- النقاط
- المستوى
- العلاقات الهندسية
- خط الاستقامة"
"Geometry","properties and relationships of figures and solids","H","أثبت أن مركز الثقل في المثلث يقسم كل متوسط بنسبة ٢:١ باستخدام الإحداثيات.","- مركز الثقل
- متوسط
- إحداثيات
- مثلث
- نسبة"
"Geometry","Designs and Drawings","B","ارسم مربعًا وقم بتقسيمه إلى 4 أجزاء متساوية.","- مربع
- أجزاء متساوية
- تقسيم"
"Geometry","Designs and Drawings","B","استخدم المسطرة لرسم مثلث له ثلاثة أضلاع مستقيمة.","- مسطرة
- مثلث
- أضلاع مستقيمة"
"Geometry","Designs and Drawings","B","استخدم المسطرة لرسم خط مستقيم طوله 6 سم.","- مسطرة
- خط مستقيم
- سم (سنتيمتر)"
"Geometry","Designs and Drawings","B","أي من الأشكال التالية يمكنك رسمه باستخدام خطوط مستقيمة فقط؟","- خطوط مستقيمة
- أشكال
- رسم"
"Geometry","Designs and Drawings","C","ارسم مثلثًا يحتوي على زاوية قائمة.","- مثلث
- زاوية قائمة"
"Geometry","Designs and Drawings","C","استخدم المنقلة لرسم زاوية مقدارها 45 درجة.","- زاوية
- درجة
- منقلة"
"Geometry","Designs and Drawings","C","قم برسم مكعب باستخدام خطوط منقطة لتمثيل الحواف المخفية.","- مكعب
- خطوط منقطة
- حواف مخفية
- أبعاد"
"Geometry","Designs and Drawings","C","ارسم مثلثًا وسمِّ رؤوسه أ ب ج.","- مثلث
- رؤوس
- رسم"
"Geometry","Designs and Drawings","D","ارسم مثلثًا زواياه 40° و60° و80° باستخدام المناقلة.","- مثلث
- زوايا
- منقلة"
"Geometry","Designs and Drawings","D","استخدم المسطرة والمنقلة لقياس الزاوية المعطاة وقسمها إلى نصفين متساويين.","- الزاوية
- قسّم
- نصفين
- مسترة
- منقلة"
"Geometry","Designs and Drawings","D","استخدم المسطرة والمنقلة لرسم سداسي منتظم.","- السداسي المنتظم
- المسطرة
- المنقلة
- الزاوية
- القياس"
"Geometry","Designs and Drawings","D","ارسم مثلثًا أطوال أضلاعه 4 سم، 4 سم، و6 سم — ما نوع هذا المثلث؟","- مثلث متساوي الساقين
- مثلث مختلف الأضلاع"
"Geometry","Designs and Drawings","E","قم ببناء زاوية قائمة تبلغ 90° باستخدام المنقلة والمسطرة فقط.","- زاوية قائمة
- منقلة
- مسطرة
- قياس الزاوية
- خطوط مستقيمة"
"Geometry","Designs and Drawings","E","قم برسم خط موازي لخط معين من خلال نقطة لا تقع على هذا الخط.","- خط موازي
- نقطة
- زاوية
- مستوى
- رسم هندسي"
"Geometry","Designs and Drawings","E","استخدم شبكة الإحداثيات لرسم مثلث ثم اعكسه حول محور السينات.","- شبكة الإحداثيات
- المثلث
- الإنعكاس
- محور السينات"
"Geometry","Designs and Drawings","E","استخدم المنقلة والمسطرة لرسم دائرة داخل مثلث.","- دائرة
- مثلث
- مركز الدائرة
- نطاق
- نقطة التقاء
- قياس الزاوية"
"Geometry","Designs and Drawings","E","باستخدام المسطرة والمنقلة: ارسم متوازي أضلاع بحيث يكون AB = ٦ سم، وAD = ٤ سم، والزاوية ∠DAB = ٦٠°.","- متوازي أضلاع
- زاوية
- مسطرة
- منقلة
- قياس"
"Geometry","Designs and Drawings","E","ارسم دائرة وحدد مركزها، ونصف قطرها، وقطرها، ووترا.","- مركز الدائرة
- نصف القطر
- القطر
- وتر"
"Geometry","Designs and Drawings","F","على شبكة الإحداثيات، ارسم متوازي أضلاع إذا كانت ثلاث من رؤوسه هي: أ(1،1)، ب(4،1)، ج(5،3)","- متوازي أضلاع
- رؤوس 
- شبكة الإحداثيات
- إحداثيات"
"Geometry","Designs and Drawings","F","ارسم مثلثاً بأضلاع طولها 5 سم، 7 سم، و8 سم باستخدام المسطرة والمنقلة فقط.","- مثلث
- أضلاع
- مسطرة
- منقلة
- قياس الزوايا"
"Geometry","Designs and Drawings","F","قم برسم مثلث باستخدام مقياس بحيث تكون أطوال أضلاعه بنسبة 3:4:5.","- مقياس
- نسبة
- مثلث قائم الزاوية"
"Geometry","Designs and Drawings","G","ارسم الدائرة المحيطة بالمثلث المعطى.","- دائرة محيطية
- مثلث
- مركز الدائرة المحيطية
- نصف القطر"
"Geometry","Designs and Drawings","G","ارسم مثلثًا بحيث تكون الزاويتان ∠س = ٤٠° و∠ص = ٦٥°، وطول الضلع المحصور بينهما س ص = ٧ سم.","- زوايا 
- مثلث 
- ضلع 
- محصور 
- رسم 
- قياس"
"Geometry","Designs and Drawings","G","استخدم مفهوم المكان الهندسي لإنشاء المنطقة التي تبعد مسافة متساوية عن النقطتين أ(٢،٣) وب(٨،٣).","- المكان الهندسي
- النقاط
- المسافة
- المعادلة
- ذو الأبعاد
- المستويات"
"Geometry","Designs and Drawings","H","استخدم المنقلة لتقسيم الدائرة إلى 6 أقواس متساوية.","- قوس
- زاوية مركزية
- دائرة
- درجة"
"Geometry","Designs and Drawings","H","ارسم قاطع الزاوية للزاوية ∠أ ب ج وضع علامة عند نقطة تقاطع القاطع مع أحد الأضلاع.","- قاطع الزاوية
- زاوية
- ضلع
- نقطة تقاطع"
"Geometry","Designs and Drawings","H","قم ببناء مثلث قاعدته 8 سم، وارتفاعه 5 سم، وزاوية الرأس 40°.","- مثلث
- قاعدة
- ارتفاع
- زاوية الرأس
- قياس الزاوية"
"Geometry","symmetries and mappings","B","دوّن الأشكال المتماثلة في الدائرة.","- متماثل
- شكل
- دائرة"
"Geometry","symmetries and mappings","B","لون النصفين المتطابقين بنفس اللون.","- نصف
- متطابق
- لون"
"Geometry","symmetries and mappings","B","ما الحروف التي تحتوي على تماثل؟ A، B، C، D، E","- تماثل
- حروف
- جانبان"
"Geometry","symmetries and mappings","B","ارسم الشكل الناتج عندما يتم قلب المربع على خط.","- الشكل
- خط
- قلب
- مربع
- تناظر"
"Geometry","symmetries and mappings","C","أي من الأشكال التالية يحتوي على أكثر من خط تماثل: المربع، المستطيل، أم المثلث؟","- خط تماثل
- شكل هندسي"
"Geometry","symmetries and mappings","C","صح أم خطأ: للشكل الدائري عدد غير محدد من خطوط التماثل.","- خطوط التماثل 
- شكل دائري 
- عدد غير محدود"
"Geometry","symmetries and mappings","C","إذا كان الشكل لديه خط تماثل واحد فقط، اذكر مثالاً واحداً عليه.","- خط تماثل
- شكل هندسي
- تناظر"
"Geometry","symmetries and mappings","C","أي الأشكال التالية لديه تماثل: طائرة ورقية، متوازي أضلاع، شبه منحرف؟","- تماثل
- شكل
- طائرة ورقية
- متوازي أضلاع
- شبه منحرف"
"Geometry","symmetries and mappings","D","قم بتدوير النقطة (1، 4) بزاوية 90 درجة في اتجاه عقارب الساعة حول نقطة الأصل.","- تدوير
- زاوية
- اتجاه عقارب الساعة
- نقطة الأصل"
"Geometry","symmetries and mappings","D","قم برسم النقطة (2, 3) بعد أن تعكسها عبر محور السينات.","- محور السينات
- انعكاس"
"Geometry","symmetries and mappings","D","ترجم النقطة أ(2, 3) 4 وحدات إلى اليمين و 2 وحدة إلى الأسفل.","- النقطة
- وحدات
- ترجم
- يمين
- أسفل"
"Geometry","symmetries and mappings","D","كم عدد خطوط التماثل التي يمتلكها المثلث المنتظم؟","- خطوط التماثل
- مثلث منتظم"
"Geometry","symmetries and mappings","D","هل للمستطيل تماثل دوراني بزاوية 180°؟","- تماثل دوراني
- زاوية
- مستطيل"
"Geometry","symmetries and mappings","D","كم عدد درجات الدوران التي تجعل المربع يبدو كما هو؟","- درجات الدوران
- تماثل
- شكل مربع
- تطابق"
"Geometry","symmetries and mappings","E","حدد جميع خطوط التماثل في سداسي منتظم.","- خطوط التماثل
- سداسي منتظم
- تماثل
- زوايا
- شكل هندسي"
"Geometry","symmetries and mappings","E","أي من التحويلات التالية يحافظ على المسافة والزاوية: الإزاحة، التكبير/التصغير، أم الإمالة؟","- التحويلات
- الإزاحة
- التكبير/التصغير
- الإمالة
- الحفاظ على المسافة
- الحفاظ على الزاوية"
"Geometry","symmetries and mappings","F","قم بتدوير المثلث ذو الرؤوس A(1, 2)، B(3, 2)، C(2, 4) بزاوية 180 درجة حول نقطة الأصل.","- تدوير
- زاوية
- نقطة الأصل
- مثلث
- رؤوس
- إحداثيات"
"Geometry","symmetries and mappings","F","ارسم صورة مثلث بعد عكسه حول الخط y = x.","- مثلث
- عكس
- خط
- تماثل
- إحداثيات"
"Geometry","symmetries and mappings","F","ترجم النقطة س(–3, 5) بواسطة المتجه ⟨4, –2⟩.","- نقطة
- متجه
- ترجمة (في السياق الرياضي)
- إحداثيات"
"Geometry","symmetries and mappings","F","لدى مثلث أ ب ج الرؤوس أ(1، 2)، ب(4، 2)، و ج(3، 5). بينما لدى مثلث أ′ب′ج′ الرؤوس أ′(–1، 2)، ب′(–4، 2)، و ج′(–3، 5). صف التحويل الذي ينقل المثلث أ ب ج إلى المثلث أ′ب′ج′.","- التحويل
- التناظر
- المثلثات المتناظرة
- الإحداثيات
- المحاور"
"Geometry","symmetries and mappings","G","اكتب مصفوفة 2×2 التي تؤدي إلى دوران بزاوية 90 درجة في اتجاه عقارب الساعة حول نقطة الأصل.","- مصفوفة
- دوران
- زاوية 
- نقطة الأصل 
- اتجاه عقارب الساعة"
"Geometry","symmetries and mappings","G","طبق المصفوفة المعكوسة [[2, 0], [0, 2]] على النقطة (8, -4) واحسب الإحداثيات الناتجة.","- مصفوفة
- معكوسة
- إحداثيات
- نقطة
- تطبيق المصفوفة
- تنسيق النقاط"
"Geometry","symmetries and mappings","G","المربع أ له رؤوس عند النقاط (0,0)، (0,2)، (2,2)، (2,0)؛ والمربع ب له رؤوس عند النقاط (1,1)، (1,3)، (3,3)، (3,1). صف التحويل الذي ينقل المربع أ إلى المربع ب.","- التحويل
- التماثل
- الإزاحة
- القيم المطلقة
- الأبعاد"
"Geometry","symmetries and mappings","G","لديك الشكل أ الذي يحتوي على رأس عند النقطة (1، 1) وقد تم نقله إلى النقطة (–1، –1) تحت تأثير عملية دوران؛ احسب مركز الدوران مع افتراض أن الزاوية هي 180 درجة.","- مركز الدوران
- زاوية الدوران
- انعكاس (في السياق الهندسي)
- إحداثيات
- شكل متساوي الأضلاع"
"Geometry","symmetries and mappings","H","اختَر جميع التماثلات الثمانية (4 دوارات، 4 انعكاسات) التي تبقي مربعًا رأسه في النقاط (±1، ±1) دون تغيير.","- تماثل 
- دوران 
- انعكاس 
- محاور التماثل 
- الزاوية المركزية 
- تناظر"
"Geometry","symmetries and mappings","H","حدد رتبة مجموعة التماثل لمضلع سداسي منتظم بطول ضلع 5 سم.","- مجموعة التماثل
- رتبة
- معيار
- مضلع سداسي منتظم
- تحويلات الفن الهندسي"
"Geometry","symmetries and mappings","H","طبق المصفوفة [[1, 0], [0, –1]] على المثلث DEF الذي له الرؤوس D(2, 1)، E(4, 3)، F(2, 4)، وأوجد إحداثيات الصورة الناتجة.","- مصفوفة 
- إحداثيات
- صورة 
- محاكاة (Mapping)
- تناظر (Symmetry)"
"Geometry","measuring and calculating","B","قِسْ طول الخط بالسنتيمترات: ______ سم","- طول
- سنتيمتر"
"Geometry","measuring and calculating","B","كم عدد الخطوات من الباب إلى مقعدك؟ ______","- خطوات
- مقعد
- باب"
"Geometry","measuring and calculating","B","قم بتحديد الوحدة التي ستستخدمها لقياس كتاب: أ) لترات ب) أمتار ج) سنتيمترات","- وحدة
- قياس
- كتاب"
"Geometry","measuring and calculating","C","ما هو محيط مستطيل أبعاده 6 سم و 4 سم؟","- محيط
- مستطيل
- أبعاد"
"Geometry","measuring and calculating","C","احسب مساحة مربع طول ضلعه 5 سم.","- مربع
- مساحة
- ضلع"
"Geometry","measuring and calculating","C","شكل له مساحة قدرها 36 سم² وطول قدره 6 سم. ما هو العرض؟","- مساحة
- عرض
- طول"
"Geometry","measuring and calculating","C","هل الزاوية التي مقدارها ٤٥ درجة أصغر أم أكبر من الزاوية القائمة؟","- الزاوية القائمة
- درجة"
"Geometry","measuring and calculating","D","احسب محيط مستطيل طوله 8 سم وعرضه 5 سم.","- محيط
- مستطيل
- طول
- عرض"
"Geometry","measuring and calculating","D","احسب حجم المكعب الذي طول حافته 4 سم.","- حجم
- مكعب
- حافة
- وحدة قياس"
"Geometry","measuring and calculating","D","مربع مساحته 36 سم² — ما طول أحد أضلاعه؟","- مساحة
- ضلع
- مربع"
"Geometry","measuring and calculating","D","قم بقياس ورسم زاوية قدرها 60 درجة.","- زاوية
- قياس
- درجة
- مسطرة
- فرجار"
"Geometry","measuring and calculating","D","احسب محيط دائرة قطرها 10 سم (استخدم π ≈ 3.14)","- محيط
- دائرة
- قطر
- π (باي)"
"Geometry","measuring and calculating","D","كمية الماء التي يمكن أن تتسع في صندوق أبعاده 10 سم طولاً، 6 سم عرضاً، و4 سم ارتفاعاً هي؟","- صندوق (حجم)
- أبعاد 
- سم (سنتيمتر)
- طول 
- عرض 
- ارتفاع 
- حجم"
"Geometry","measuring and calculating","D","مثلث قائم الزاوية له ضلعان طولا كل منهما 3 سم و4 سم — احسب طول الوتر.","- مثلث قائم الزاوية
- ضلع
- وتر
- مقياس
- طول"
"Geometry","measuring and calculating","E","دائرة نصف قطرها ٧ سم. احسب محيطها باستخدام π ≈ ٣.١٤.","- دائرة
- نصف القطر
- محيط
- π (باي)"
"Geometry","measuring and calculating","E","دائرة محيطها ١٨π سم. ما نصف قطرها؟","- محيط
- نصف القطر
- π (باي)"
"Geometry","measuring and calculating","E","وتر طوله 6 سم يقع على بعد 2 سم من مركز الدائرة. احسب نصف قطر الدائرة.","- وتر
- مركز الدائرة
- نصف قطر الدائرة"
"Geometry","measuring and calculating","E","احسب مساحة مستطيل أبعاده 10 سم × 6 سم مع مثلث قاعدة 10 سم وارتفاع 4 سم موضوع فوقه.","- مساحة
- مستطيل
- مثلث
- قاعدة
- ارتفاع"
"Geometry","measuring and calculating","E","احسب حجم أسطوانة نصف قطرها 5 سم وارتفاعها 8 سم باستخدام القانون V = πr²h","- أسطوانة
- نصف القطر
- الارتفاع
- الحجم
- π (باي)"
"Geometry","measuring and calculating","E","هناك شكل يتكون من مستطيل بعده 6 سم في 2 سم، مع نصف دائرتين متساويتين على كلا الطرفين. احسب المحيط الكلي لهذا الشكل.","- المحيط  
- نصف دائرة  
- مستطيل  
- الأبعاد"
"Geometry","measuring and calculating","E","استخدم نظرية فيثاغورس لحساب طول الوتر في مثلث قائم الزاوية حيث يكون طولا الضلعين القائمين 6 سم و 8 سم.","- مثلث قائم الزاوية
- وتر
- نظرية فيثاغورس
- أبعاد
- أطوال"
"Geometry","measuring and calculating","F","أسطوانة ارتفاعها 6 سم ونصف قطرها 4 سم. احسب مساحتها السطحية باستخدام الصيغة: المساحة السطحية = 2πن² + 2πنهـ.","- أسطوانة
- نصف القطر
- ارتفاع
- مساحة سطحية
- صيغة
- π (باي)"
"Geometry","measuring and calculating","F","احسب حجم المخروط الذي له نصف قطر قدره 3 سم وارتفاع قدره 8 سم.","- حجم
- مخروط
- نصف القطر
- ارتفاع
- المتجهات الثلاثة (الأساسيّة) للقياس"
"Geometry","measuring and calculating","F","مكعب مستطيل أبعاده 5×4×3. احسب حجمه ومساحته السطحية.","- مكعب مستطيل
- أبعاد
- حجم
- مساحة سطحية"
"Geometry","measuring and calculating","F","استخدم علم المثلثات: في مثلث قائم، احسب قيمة جيب الزاوية (θ) إذا كانت الضلع المقابل = 5 والوتر = 13.","- مثلث قائم
- ضلع مقابل
- وتر
- جيب الزاوية"
"Geometry","measuring and calculating","F","مثلث له أضلاع بطول 7 سم، 24 سم و25 سم. أثبت أنه مثلث قائم الزاوية.","- مثلث قائم الزاوية
- نظرية فيثاغورس
- أضلاع
- طول"
"Geometry","measuring and calculating","G","في مثلث ABC، الزاوية A = 40°، الزاوية B = 65°، والضلع a = 10 سم. استخدم قانون جيب التمام لإيجاد الضلع b.","- مثلث
- زاوية
- ضلع
- قانون جيب التمام
- قياس الزاوية"
"Geometry","measuring and calculating","G","في مثلث XYZ، الضلع x = 6 سم، الضلع y = 7 سم، وزاوية Z = 60°. استخدم قانون جيب التمام لإيجاد الضلع z.","- مثلث
- ضلع
- زاوية
- قانون جيب التمام
- حسابات ثلاثية الأبعاد"
"Geometry","measuring and calculating","G","احسب مساحة سطح كرة نصف قطرها 6 سم.","- مساحة السطح
- كرة
- نصف القطر
- ثابت باي (π)"
"Geometry","measuring and calculating","G","لديك دائرة نصف قطرها 10 سم. احسب طول القوس الناتج عن زاوية مقدارها 60 درجة.","- نصف القطر 
- طول القوس 
- زاوية 
- درجة 
- محيط الدائرة"
"Geometry","measuring and calculating","G","احسب محيط مثلث له رؤوس عند النقاط A(0, 0) و B(3, 4) و C(6, 0)","- محيط
- مثلث
- رؤوس
- إحداثيات
- المسافة"
"Geometry","measuring and calculating","G","يتقاطع وتران في دائرة مكونين زاوية مقدارها 35°. إذا كانت الأقواس المقابلة لهما مقدارها 80° و50°، احسب الزاوية بين الوترين.","- وتر
- زاوية
- قوس
- دائرة
- مقياس الزاوية"
"Geometry","measuring and calculating","H","احسب المساحة السطحية لكرة محاطة في مكعب طول ضلعه 6 سم.","- المساحة السطحية  
- الكرة  
- المكعب  
- طول الضلع  
- وحدة القياس"
"Geometry","measuring and calculating","H","حدد الزاوية بين المستويين x + y + z = 0 و x − y = 0.","- زاوية بين المستويات
- المستوي
- معادلة المستوي
- القائم
- الاتجاهات
- المتجهات"
"Geometry","measuring and calculating","H","إذا كانت الزاوية س تحقق العلاقة (جا² س + جتا² س = ١) وكان ظا س = ٣⁄٤، فأوجد قياس الزاوية س بالدرجات.","- الزاوية
- جا
- جتا
- ظا
- قياس الزاوية
- الدرجات"
"Geometry","measuring and calculating","H","حدد المسافة بين الخطوط المتباينة L₁: (1,2,3) + t(1,0,–1) و L₂: (0,1,0) + s(1,1,1)","- الخط المستقيم
- المتجه
- معامل الاتجاه
- المسافة بين الخطوط
- المعادلة المعاملية للخط المستقيم
- النقطة والمستوى في الفضاء ثلاثي الأبعاد"
"Geometry","measuring and calculating","H","قدّر أقصر مسافة بين مدينة باريس (49° شمالاً، 2° شرقاً) ومدينة القاهرة (30° شمالاً، 31° شرقاً) على سطح الأرض.","- زاوية العرض
- زاوية الطول
- الإحداثيات الجغرافية
- المسافة العظمى
- سطح الأرض الكروي"
"Geometry","measuring and calculating","H","شجرة تلقي بظل طوله 15 متر عند زاوية ارتفاع 35°؛ احسب ارتفاع الشجرة باستخدام علم المثلثات.","- مثلث قائم الزاوية
- ارتفاع
- ظل
- زاوية
- جيب التمام (Cosine)
- جيب الزاوية (Sine)"
"Sizes and measurement","Record and compare sizes","B","هل المتر أطول أم أقصر من 50 سنتيمتر؟ ______","- متر
- سنتيمتر
- أطول
- أقصر"
"Sizes and measurement","Record and compare sizes","B","استخدم <، >، أو = للمقارنة: 45 سم ___ 54 سم","- مقارنة
- أكبر من
- أصغر من
- يساوي"
"Sizes and measurement","Record and compare sizes","B","قدّر: هل طول مكتبك حوالي 1 متر أم 10 أمتار؟ ______","- تقدير
- طول
- متر"
"Sizes and measurement","Record and compare sizes","B","تحتوي زجاجة على 1 لتر من العصير. إذا شربت نصف الكمية، فكم يتبقى لديك؟ ______ لترات","- نصف
- كمية
- يتبقى"
"Sizes and measurement","Record and compare sizes","B","ارتفاع النافذة 1.5 متر. هل يعتبر هذا الارتفاع أطول أم أقصر منك؟","- ارتفاع
- متر
- أطول
- أقصر"
"Sizes and measurement","Record and compare sizes","B","ركضت ٣٠٠ متر في الملعب و٥٠٠ متر في حصة التربية البدنية. كم مترًا ركضت في المجموع؟ ______ متر","- مجموع
- مقارنة 
- قياس"
"Sizes and measurement","Record and compare sizes","C","قارن: ٢ لتر ___ ١٥٠٠ ملليلتر (استخدم <، >، =)","- لتر
- ملليلتر
- مقارنة"
"Sizes and measurement","Record and compare sizes","C","سمك كتاب واحد هو 3 سم. ما هو سمك 5 كتب موضوعة فوق بعضها؟","- سمك
- كتب
- فوق بعضها"
"Sizes and measurement","Record and compare sizes","C","أيهم أثقل: 1 كيلوغرام من التفاح أم 1,328 غرام من الموز؟","- كيلوغرام
- غرام
- وزن"
"Sizes and measurement","Record and compare sizes","D","لديك ثلاثة أوعية ماء: 1.2 لتر، 2.35 لتر، و0.95 لتر. ما هو إجمالي حجمها بالميليلترات؟","- لتر
- ميليلتر
- اجمالي
- حجم"
"Sizes and measurement","Record and compare sizes","D","قم بتدوين درجة الحرارة من ميزان الحرارة — أي نوع من الملابس سترتدي؟ (ميزان الحرارة يظهر 18°م)","- درجة الحرارة
- ميزان الحرارة
- مئوية"
"Sizes and measurement","Record and compare sizes","D","جسم سمكه 0.03 م. كم عدد هذه الأجسام يمكن أن تتجمع لتصل إلى 1.5 متر؟","- المتر
- السمك
- التجميع
- المقارنة"
"Sizes and measurement","Record and compare sizes","D","حوّل 3.75 كم إلى مترات ثم اطرح 1480 م — ما هي النتيجة بالكيلومترات؟","- كيلومتر
- متر
- التحويل
- الطرح"
"Sizes and measurement","Record and compare sizes","E","قام طالب بتقريب قياس قدره 3.78 متر إلى 4 متر. ما هي نسبة الخطأ المئوية؟","- تقريب
- نسبة الخطأ المئوية"
"Sizes and measurement","Record and compare sizes","E","قدّر ما إذا كانت 2 جالون من الطلاء كافية لتغطية سطح يحتاج إلى 7.2 لتر من الطلاء.","- جالون
- لتر
- تغطية"
"Sizes and measurement","Record and compare sizes","E","يبلغ طول طريق 1.2 ميل. حوله إلى كيلومترات وحدد ما إذا كان طوله يزيد أو يقل عن 2 كيلومتر.","- الميل
- الكيلومتر
- التحويل
- قياس الطول"
"Sizes and measurement","Record and compare sizes","F","طول طريقٍ ما 5.6 كيلومتر. كم يساوي ذلك بالميل؟ (استخدم 1 ميل ≈ 1.609 كيلومتر)","- وحدة قياس 
- كيلومتر 
- ميل 
- تحويل الوحدات"
"Sizes and measurement","Record and compare sizes","F","خزان يسع 1200 لتر. خزان أصغر يسع 320 جالون. أيهما يسع أكثر؟ (1 جالون ≈ 3.785 لتر)","- سعة
- لتر
- جالون
- تحويل الوحدات
- مقارنة القيم"
"Sizes and measurement","Record and compare sizes","F","عداء يجري مسافة 5 كيلومترات في 30 دقيقة. ما هي سرعته المتوسطة بالامتار في الثانية؟","- السرعة المتوسطة
- المسافة
- الزمن
- التحويل بين الوحدات
- الأمتار في الثانية"
"Sizes and measurement","Record and compare sizes","G","السنة الضوئية تساوي تقريباً 9.46 × 10¹² كيلومتر؛ عبر عن هذه القيمة بالمتر.","- السنة الضوئية
- كيلومتر
- متر
- التحويلات الوحدوية
- القوة العشرية"
"Sizes and measurement","Record and compare sizes","G","ورقة واحدة سُمكها 0.1 مللي متر؛ فما ارتفاع كومة مكونة من 2000 ورقة بالسنتيمتر؟","- السُمك
- الكومة
- السنتيمتر"
"Sizes and measurement","Record and compare sizes","G","لديك أنبوب أسطواني بنصف قطر 4 سم وارتفاع 3 م. قارن حجمه بحجم أنبوب آخر بنصف قطر 6 سم وارتفاع 2.5 م.","- أنبوب أسطواني
- نصف القطر
- الارتفاع
- الحجم"
"Sizes and measurement","Record and compare sizes","H","قارن سمك شعرة إنسان (٠.٠٧ مم) بطول بلانك (١.٦ × ١٠⁻³⁵ م)؛ كم مرة يكون سمك الشعرة أكبر؟","- قياس
- مقياس
- مقارنة
- نسبة
- وحدة القياس"
"Sizes and measurement","Record and compare sizes","H","قدر عدد قطرات المطر (نصف قطرها حوالي 1 مم) التي يمكن أن تملأ وعاء سعته 1 لتر.","- نصف القطر
- سعة
- لتر
- مقارنة الحجم"
"Sizes and measurement","Handling units of measurement","B","أي وحدة تستخدم لقياس قلم الرصاص: سم أم م؟ ______","- وحدة قياس
- سم (سنتيمتر)
- م (متر)"
"Sizes and measurement","Handling units of measurement","B","أيُّهما أثقل: 1 كغ أم 1 غرام؟","- الوزن
- كيلوجرام
- جرام
- أثقل"
"Sizes and measurement","Handling units of measurement","B","حدد الأشياء التي ستقوم بقياسها بالمتر: ___ كتاب ___ طاولة ___ باب","- قياس
- المتر
- الأشياء"
"Sizes and measurement","Handling units of measurement","C","قنينة سعة 1 ___ من العصير (لتر أم كيلو جرام)؟","- سعة
- وحدة قياس
- لتر
- كيلو جرام"
"Sizes and measurement","Handling units of measurement","C","كم عدد الملليلترات في 3 لترات؟","- ملليلتر
- لتر
- تحويل الوحدات"
"Sizes and measurement","Handling units of measurement","C","حوّل 4,289 ملليلتر إلى لتر.","- ملليلتر
- لتر
- تحويل"
"Sizes and measurement","Handling units of measurement","C","حوّل 2.5 كم إلى مم.","- كم (كيلومتر)
- مم (ميليمتر)
- تحويل الوحدات
- القياس"
"Sizes and measurement","Handling units of measurement","D","حوّل 3200 مم إلى أمتار.","- وحدات القياس
- مليمتر
- متر
- التحويل بين الوحدات"
"Sizes and measurement","Handling units of measurement","D","كم عدد السنتيمترات في 4.75 متر؟","- وحدات القياس
- السنتيمتر
- المتر
- التحويل بين الوحدات"
"Sizes and measurement","Handling units of measurement","D","حوّل 5000 ملغ إلى غرام.","- ملغ (مليغرام)
- غرام
- تحويل الوحدات"
"Sizes and measurement","Handling units of measurement","D","زجاجة تحتوي على 1.5 لتر من العصير. كم عدد الكؤوس سعة 250 مل التي يمكن أن تملأها؟","- لتر
- مل
- سعة
- كأس"
"Sizes and measurement","Handling units of measurement","D","يُكمل عداء 4 لفات حول مضمار طوله 400 متر. ما المسافة الكلية بالكم؟","- لفات
- مضمار
- المسافة
- بالمتر
- بالكيلومتر"
"Sizes and measurement","Handling units of measurement","D","يزن طرد 2.3 كجم. بينما يزن طرد آخر 1,750 غ. أيهما أثقل وكم الفرق بين وزني الطردين؟","- كيلوغرام
- غرام
- الفرق
- أثقل"
"Sizes and measurement","Handling units of measurement","E","مكعب حجمه 64 سم³. عبّر عن هذا الحجم بوحدات الملليمتر المكعب (مم³).","- حجم
- سم³
- مم³
- مكعب"
"Sizes and measurement","Handling units of measurement","E","أعد كتابة 1.2 ساعة بصيغة الساعات:الدقائق.","- الساعات
- الدقائق
- المعادلة الزمنية"
"Sizes and measurement","Handling units of measurement","E","تحتوي خريطة على مقياس 1:1000. ما المسافة التي يمثلها 5 سم على الخريطة في الواقع؟","- مقياس
- وحدة قياس
- تحويل القياسات"
"Sizes and measurement","Handling units of measurement","E","اكتب 1.75 لتر بالملليلترات.","- تحويل
- وحدات القياس
- لتر
- مليلتر
- التكافؤ"
"Sizes and measurement","Handling units of measurement","E","قطار يسير 90 كم في 1.5 ساعة. ما هي السرعة بوحدة كم/ساعة؟","- سرعة
- وحدة قياس
- كم/ساعة
- المسافة
- الزمن"
"Sizes and measurement","Handling units of measurement","F","حوّل 60 ميل في الساعة إلى كيلومتر في الساعة. (1 ميل = 1.609 كيلومتر)","- ميل
- كيلومتر
- سرعة
- تحويل الوحدات"
"Sizes and measurement","Handling units of measurement","F","حوّل 0.007 كيلومتر مربع إلى متر مربع.","- وحدة القياس
- الكيلومتر مربع
- المتر مربع
- التحويل بين الوحدات"
"Sizes and measurement","Handling units of measurement","F","حوّل سرعة 108 كم/س إلى م/ث","- سرعة
- وحدة قياس
- كيلو متر
- متر
- ثانية
- تحويل الوحدات"
"Sizes and measurement","Handling units of measurement","G","تستخدم وصفة 0.75 كوب من الزيت؛ كم مليليتر يعادل ذلك إذا كان 1 كوب = 237 مليليتر؟","- الكوب  
- المليليتر  
- المعادلة  
- التحويل  
- النسبة"
"Sizes and measurement","Handling units of measurement","G","خزان ماء سعته 1.2 م³؛ حول هذه السعة إلى لترات.","- السعة
- متر مكعب
- لتر
- وحدات القياس"
"Sizes and measurement","Handling units of measurement","G","حوّل 100 مل من الزئبق إلى جرام إذا كانت الكثافة = 13.6 جرام/سم³","- كثافة
- جرام
- سم³
- تحويل الوحدات"
"Sizes and measurement","Handling units of measurement","G","عبّر عن 7.5×10⁻⁶ ثانية بوحدات الميكروثانية.","- الميكروثانية
- الأسي
- التحويل من وحدة إلى أخرى"
"Sizes and measurement","Handling units of measurement","H","حوّل 1.2 ميغاجول إلى كيلوجول وجول.","- ميغاجول
- كيلوجول
- جول
- الوحدات القياسية
- التحويل بين الوحدات"
"Sizes and measurement","Handling units of measurement","H","حوّل 50°C إلى فهرنهايت.","- وحدات القياس
- درجة الحرارة
- تحويل الوحدات
- معادلة التحويل"
"Sizes and measurement","Handling units of measurement","H","حوّل ٥ سنوات ضوئية إلى أمتار باستخدام ١ سنة ضوئية = ٩.٤٦١ × ١٠¹⁵ م.","- وحدة القياس 
- التحويل بين الوحدات 
- السنة الضوئية 
- الأمتار 
- معامل التحويل"
"Sizes and measurement","Calculations of quantities","B","طول حبل 85 سم. قمت بقطع 30 سم. كم تبقى منه؟ ______","- طول
- قطع
- تبقى"
"Sizes and measurement","Calculations of quantities","B","لوح طوله 6 أمتار. قمت بتقطيعه إلى قطعتين متساويتين. ما هو طول كل قطعة؟ ______","- طول
- قطعة
- متساوي"
"Sizes and measurement","Calculations of quantities","B","اجمع الأوزان: 2 كغ + 500 غ = ______","- كيلوجرام
- جرام"
"Sizes and measurement","Calculations of quantities","B","أنت تشتري أشياءً تكلفتها 5 دينار، 8 دينار، و3 دينار. ما هو المجموع الكلي للتكلفة؟ ______","- تكلفة
- مجموع
- أشياء"
"Sizes and measurement","Calculations of quantities","C","إذا قمت بصب ٧٥٠ مل من الماء في زجاجة سعتها ١ لتر. كم تبقى من الفراغ في الزجاجة؟","- ملليلتر
- لتر
- سعة
- فراغ"
"Sizes and measurement","Calculations of quantities","C","لوحة طولها 2.4 متر. قمت بقصها إلى 3 قطع متساوية. ما طول كل قطعة؟","- متر
- قطع
- متساوي"
"Sizes and measurement","Calculations of quantities","D","مربع طوله الجانبي 6.4 سم - ما هي مساحته؟","- مربع
- جانب
- مساحة"
"Sizes and measurement","Calculations of quantities","D","احسب مساحة مثلث قاعدته 12 سم وارتفاعه 9 سم.","- مساحة
- مثلث
- قاعدة
- ارتفاع"
"Sizes and measurement","Calculations of quantities","D","لديك مخطط أرضي يحتوي على ٥ غرف بمساحة ٥ م × ٤ م و٣ غرف أخرى بمساحة ٣ م × ٢ م. ما هو المجموع الكلي للمساحة؟","- مخطط أرضي
- غرفة
- مساحة
- مجموع"
"Sizes and measurement","Calculations of quantities","D","حوض مستطيل الشكل له طول 12 سم، عرض 5 سم، وارتفاع 10 سم - احسب حجمه.","- حوض مستطيل الشكل
- طول
- عرض
- ارتفاع
- حجم"
"Sizes and measurement","Calculations of quantities","D","أيتهما له مساحة أكبر: مربع طوله 6 سم وعرضه 6 سم، أم مستطيل طوله 5 سم وعرضه 8 سم؟","- مساحة
- مربع
- مستطيل
- الطول
- العرض"
"Sizes and measurement","Calculations of quantities","E","يوجد مخروط نصف قطره 4 سم وارتفاعه 9 سم. احسب حجمه باستخدام المعادلة V = ⅓πr²h.","- مخروط
- نصف القطر
- ارتفاع
- حجم
- π (باي)"
"Sizes and measurement","Calculations of quantities","E","تريد طلاء جدار في غرفتك. عرض الجدار 4 أمتار وارتفاعه 2.5 متر. كم متر مربع من الطلاء تحتاج؟","- مساحة
- متر مربع
- عرض
- ارتفاع"
"Sizes and measurement","Calculations of quantities","E","أنت تقوم ببناء صندوق رمل أبعاده 2 م × 2 م وعمقه 0.3 م. كم مكعب متر من الرمل تحتاج لملئه؟","- حجم
- أبعاد
- مكعب متر"
"Sizes and measurement","Calculations of quantities","E","خزان مياه أسطواني قطره 1.2 متر وارتفاعه 2 متر. احسب حجم الماء الذي يمكن أن يحتويه الخزان باللتر.","- الأسطوانة
- الحجم
- القطر
- الارتفاع
- اللتر"
"Sizes and measurement","Calculations of quantities","E","حديقة زهور مصممة بشكل مستطيل (2 م × 1 م) مع نصف دائرة على أحد الجانبين القصيرين. احسب المساحة الإجمالية.","- مستطيل
- نصف دائرة
- مساحة
- أبعاد"
"Sizes and measurement","Calculations of quantities","F","سيارة تسير مسافة 240 كم في 3 ساعات. ما هي سرعتها بالكيلومترات في الساعة؟","- السرعة
- الكيلومتر
- الساعة
- المسافة"
"Sizes and measurement","Calculations of quantities","F","إيداع قدره 1000 دينار يحقق فائدة بسيطة سنوية بنسبة 2.5%. كم ستكون الفائدة بعد عامين؟","- إيداع
- فائدة بسيطة
- نسبة
- سنوي
- مقدار"
"Sizes and measurement","Calculations of quantities","F","لعبة مصغرة بنسبة ١:٢٠. إذا كان طول النموذج ١٢ سم، فما طول الجسم الحقيقي؟","- نسبة
- نموذج
- طول
- كميات"
"Sizes and measurement","Calculations of quantities","F","سيارة تستخدم 8 لترات من الوقود لكل 100 كيلومتر. كم كمية الوقود اللازمة للسفر لمسافة 350 كيلومتر؟","- الوقود
- المسافة
- الكيلومتر
- لتر
- النسبة"
"Sizes and measurement","Calculations of quantities","G","احسب مساحة السطح لمخروط نصف قطره 5 سم وارتفاعه المائل 13 سم.","- مساحة السطح
- مخروط
- نصف القطر
- الارتفاع المائل
- صيغة المساحة"
"Sizes and measurement","Calculations of quantities","G","يريد مزارع أن يسيّج حقلاً دائريًا نصف قطره ٤٥ مترًا؛ فما مقدار السياج الذي يحتاجه؟","- محيط الدائرة
- نصف القطر
- الصيغة الرياضية"
"Sizes and measurement","Calculations of quantities","G","فاتورة المياه تعتمد على 1.75 دينار لكل متر مكعب؛ كم ستكون التكلفة لاستخدام 18.6 متر مكعب؟","- تكلفة
- متر مكعب
- كمية"
"Sizes and measurement","Calculations of quantities","H","احسب الطول الموجي لموجة راديو ترددها 100 ميجاهرتز في الهواء (سرعة الضوء ≈ 3×10⁸ م/ث).","- الطول الموجي
- التردد
- سرعة الضوء
- العلاقات الرياضية بين الكميات"
"Sizes and measurement","Calculations of quantities","H","احسب الطول الموجي لموجة مائية إذا كانت دورتها ٥ ثوانٍ وسرعتها ٣ م/ث.","- الطول الموجي
- الموجة
- الدورة
- السرعة"
"Sizes and measurement","Calculations of quantities","H","يدور قمر صناعي على ارتفاع ٤٠٠ كم عن سطح الأرض، احسب تقريبا المساحة التي يمكن رؤيتها من هذا القمر باستخدام الصيغة: المساحة = ٢ط × نق × ع. حيث نق هو نصف قطر الأرض ويبلغ حوالي ٦٣٧١ كم; ع هو الارتفاع عن سطح الأرض.","- المساحة
- ط 
- نصف القطر 
- الارتفاع"
"Sizes and measurement","Calculations of quantities","H","احسب الكتلة الإجمالية للهواء في غرفة أبعادها 5 م × 4 م × 2.5 م، مع افتراض أن كثافة الهواء تساوي 1.225 كغ/م³.","- الكتلة
- الكثافة
- الحجم"
"Sizes and measurement","Calculations of quantities","H","حدد وزن 0.5 م³ من الخرسانة إذا كانت كثافتها 2400 كجم/م³.","- الحجم
- الكثافة 
- الوزن 
- وحدة القياس"
"Sizes and measurement","Calculations of quantities","H","قدّر إجمالي إنتاج الطاقة من لوحة شمسية قدرتها 1.5 كيلو وات تعمل لمدة 6 ساعات في اليوم على مدى 30 يوماً.","- كيلو وات
- إنتاج الطاقة
- ساعات
- إجمالي"
"Data frequencies and probabilities","Collect, display and read data","B","احسب ودوّن عدد الطلاب في صفك الذين لديهم عيون زرقاء.","- بيانات
- عدد
- عيون زرقاء
- صف"
"Data frequencies and probabilities","Collect, display and read data","B","استخدم علامات العد لتمثيل عدد الحيوانات الأليفة التي يملكها أصدقاؤك.","- علامات العد
- تمثيل
- عدد"
"Data frequencies and probabilities","Collect, display and read data","B","اجمع إجمالي عدد الحيوانات الموضحة في الرسم البياني.","- رسم بياني
- إجمالي
- عدد"
"Data frequencies and probabilities","Collect, display and read data","B","انظر إلى الرسم البياني. هل سافر عدد أكبر من الأشخاص بواسطة السيارة أم الحافلة؟","- الرسم البياني
- عدد أكبر
- سافر
- بواسطة"
"Data frequencies and probabilities","Collect, display and read data","C","ارسم رسمًا بيانيًا بالأعمدة يوضح عدد الحيوانات الأليفة التي يمتلكها كل زميل في الصف.","- بيانات
- رسم بياني بالأعمدة
- عدد
- حيوانات أليفة
- زميل"
"Data frequencies and probabilities","Collect, display and read data","C","كم عدد الطلاب الذين يفضلون اللون الأزرق أكثر من اللون الأخضر، وفقًا للمخطط الصوري؟","- المخطط الصوري
- عدد الطلاب
- يفضل
- اللون الأزرق
- اللون الأخضر"
"Data frequencies and probabilities","Collect, display and read data","C","اقرأ درجة الحرارة عند الساعة 2 ظهراً من الرسم البياني الخطّي.","- درجة الحرارة
- الرسم البياني الخطّي
- محور الصادات (Y-axis)
- محور السينات (X-axis)
- نقطة البيانات"
"Data frequencies and probabilities","Collect, display and read data","C","من خلال الاستطلاع. أنشئ جدولًا يوضح عدد الكتب التي قرأها كل طالب في الأسبوع.","- جدول
- استطلاع
- عدد
- كتب
- قرأ"
"Data frequencies and probabilities","Collect, display and read data","C","املأ القيم الناقصة في جدول التكرار أكمل القيم الناقصة في جدول التكرار التالي: تفاح – ٧، موز – __، برتقال – ٥، عنب – __، المجموع – ٢٠","- قيمة مفقودة
- جدول التكرار
- تكرار
- مجموع"
"Data frequencies and probabilities","Collect, display and read data","C","أنشئ رسمًا بيانيًا خطيًا باستخدام عدد الخطوات اليومية التالية: الأحد – ٤٥٠٠، الاثنين – ٦٢٠٠، الثلاثاء – ٧١٠٠، الأربعاء – ٥٨٠٠، الخميس – ٦٩٠٠، الجمعة – ٧٥٠٠، السبت – ٨٠٠٠","- رسم بياني خطي
- بيانات
- محور الأفقي
- محور الرأسي
- نقاط البيانات
- تباين البيانات"
"Data frequencies and probabilities","Collect, display and read data","D","قم بإعداد جدول تكراري للأعداد التالية: 2، 3، 2، 4، 3، 2، 5.","- جدول تكراري
- تكرار
- بيانات
- عرض البيانات"
"Data frequencies and probabilities","Collect, display and read data","D","ارسم دائرة بيانات بناءً على المعلومات التالية: تفاح (٤)، موز (٧)، برتقال (٣).","- دائرة بيانات
- تكرار
- تمثيل بيانات"
"Data frequencies and probabilities","Collect, display and read data","D","قم بقياس وتسجيل قياسات كف اليد لخمس من زملائك في الصف، ثم نظم البيانات التي حصلت عليها.","- قياس
- تسجيل
- تنظيم البيانات
- التردد
- العرض البياني"
"Data frequencies and probabilities","Collect, display and read data","D","قم بتنظيم نتائج المواد المفضلة لـ 10 طلاب (رياضيات، إنجليزي) حسب الجنس في جدول ثنائي.","- جدول ثنائي
- تكرارات
- بيانات
- جنس
- تنظيم"
"Data frequencies and probabilities","Collect, display and read data","D","اجمع أطوال الطلاب ونظّمها في فترات (مثل ١٢٠–١٣٠ سم) في جدول علامات العد.","- فترات
- جدول علامات العد
- تنظيم البيانات"
"Data frequencies and probabilities","Collect, display and read data","E","حدد العناصر المضللة في الرسم البياني حيث لا يبدأ المحور الرأسي (ص) من الصفر.","- المحور العمودي
- الرسم البياني
- العناصر المضللة
- القيم المطلقة"
"Data frequencies and probabilities","Collect, display and read data","E","قم ببناء مخطط سيقان وأوراق للأعداد التالية: 32، 34، 36، 41، 43، 45، 48.","- مخطط سيقان وأوراق
- عرض البيانات
- تمثيل البيانات
- تكرارات
- أعداد مزدوجة"
"Data frequencies and probabilities","Collect, display and read data","E","قم بإنشاء مخطط هيستوجرام استنادًا إلى فئات متجمعة من درجات الاختبار كما يلي: 0–10، 11–20، 21–30، 31–40.","- مخطط هيستوجرام
- فئات متجمعة
- درجات الاختبار
- ترددات البيانات"
"Data frequencies and probabilities","Collect, display and read data","E","يعرض مخطط السلاسل الزمنية نمو السكان كل ١٠ سنوات من عام ١٩٦٠ إلى ٢٠٢٠. ما هو متوسط معدل النمو لكل عقد؟","- مخطط السلاسل الزمنية
- معدل النمو
- عقد"
"Data frequencies and probabilities","Collect, display and read data","E","احسب الربعين الأدنى والأعلى لمجموعة البيانات: {3، 5، 7، 8، 9، 10، 12، 15، 18}","- الربعين 
- مجموعة البيانات 
- ترتيب البيانات 
- الوسيط 
- القيم المتطرفة"
"Data frequencies and probabilities","Collect, display and read data","F","ارتفاعات 10 طلاب (بالمليمتر) هي: [1500, 1520, 1550, 1570, 1600, 1600, 1620, 1650, 1670, 1700]. احسب الوسيط والمدى الربعي.","- وسيط
- مدى ربعي"
"Data frequencies and probabilities","Collect, display and read data","F","فسر هذا الرسم البياني للأعواد والأوراق: 1 | 2 5 8، 2 | 1 3 6 9، 3 | 0 4 — ما هي القيمة الأكثر تكراراً؟","- الرسم البياني
- الأعمدة
- التكرار
- القيمة الأكثر تكراراً"
"Data frequencies and probabilities","Collect, display and read data","F","لديك مجموعة بيانات: [15، 17، 18، 20، 21، 22، 23، 30]. قم برسم مخطط الصندوق وطرفيه لهذه البيانات.","- مخطط الصندوق
- طرفي المخطط
- القيم الحدية
- الوسيط
- الربعي الأول
- الربعي الثالث
- انتشار البيانات"
"Data frequencies and probabilities","Collect, display and read data","F","يوضح المخطط الدائري الوقت المستغرق في الواجبات المدرسية (رياضيات 25%، علوم 35%، لغة إنجليزية 40%). قم بتقدير الوقت المستغرق في مادة الرياضيات إذا كان الوقت الإجمالي هو 4 ساعات.","- المخطط الدائري
- النسب المئوية
- التقدير"
"Data frequencies and probabilities","Collect, display and read data","G","يوضح جدول التكرار علامات الاختبار مع الفئات 40–49 (3)، 50–59 (5)، 60–69 (8)، 70–79 (4)؛ ارسم رسمًا بيانيًا عموديًا.","- تكرار
- فئات
- رسم بياني عمودي
- البيانات"
"Data frequencies and probabilities","Collect, display and read data","G","ارسم منحنى التكرار التراكمي من: 0–10 (2)، 10–20 (6)، 20–30 (9)، 30–40 (3)","- منحنى التكرار التراكمي
- تكرار
- تردد
- نطاقات البيانات
- البيانات التراكمية"
"Data frequencies and probabilities","Collect, display and read data","G","أظهر استطلاع لصف دراسي أن ١٢ طالبًا يحبون الرياضيات، و٨ يحبون العلوم، و٥ يحبون كليهما؛ مثّل ذلك باستخدام مخطط فن.","- مخطط فن
- مجموعة
- تداخل
- شريحة
- تكرار"
"Data frequencies and probabilities","Collect, display and read data","G","بالنظر إلى البيانات المجمعة التالية: 0–5 (3)، 5–10 (7)، 10–15 (12)، حدد الفئة الأكثر تكرارا.","- الفئة
- التكرار"
"Data frequencies and probabilities","Collect, display and read data","H","سجّل عدد السيارات التي تمر في كل فترة زمنية مدتها ٥ دقائق خلال ساعة واحدة، ثم ارسم مخطط سلسلة زمنية.","- معدل التكرار
- مخطط سلسلة زمنية
- فترة زمنية
- بيانات كمية
- تجميع البيانات"
"Data frequencies and probabilities","Collect, display and read data","H","استخدم رسم النقاط لتمثيل توزيع درجات الحرارة اليومية على مدى 14 يومًا: 15-22 درجة مئوية.","- رسم النقاط
- توزيع البيانات
- درجات الحرارة اليومية
- محور السينية
- محور الصادات
- تكرار البيانات"
"Data frequencies and probabilities","Collect, display and read data","H","باستخدام البيانات المعطاة، سجّل استهلاك الطاقة الشهري على مدار عام كامل، واستعمل رسمًا بيانيًا خطيًا لتحديد التغيرات الموسمية.","- استهلاك الطاقة
- البيانات
- الرسم البياني
- التغيرات الموسمية
- ترددات البيانات"
"Data frequencies and probabilities","Collect, display and read data","H","يوضح مخطط دائري الفئات أ، ب، وج بزايا مركزية 90°، 120°، و150°؛ احسب النسبة المئوية لكل منها.","- مخطط دائري
- زوايا مركزية
- نسبة مئوية"
"Data frequencies and probabilities","Compare and evaluate data","B","من الرسم البياني الشريطي التالي: ما هما اليومين اللذان كان فيهما أكبر عدد من الطلاب الذين يرتدون القبعات؟ [الإثنين (5)، الثلاثاء (5)، الأربعاء (4)، الخميس (1)، الجمعة (3)]","- الرسم البياني الشريطي
- أكبر عدد
- يرتدي"
"Data frequencies and probabilities","Compare and evaluate data","B","أي يوم شهد أكبر كمية من المطر: الإثنين (20 ملم)، الثلاثاء (12 ملم)، الأربعاء (25 ملم)؟","- كمية
- شهد
- مقارنة"
"Data frequencies and probabilities","Compare and evaluate data","B","ما الفرق بين أطول وأقصر الأعمدة في الرسم البياني: 3، 6، 8، 5، 3، 2؟","- الأعمدة
- الرسم البياني
- الفرق"
"Data frequencies and probabilities","Compare and evaluate data","B","أي لون حصل على عدد الأصوات الأوسط: الأحمر (4)، الأزرق (7)، الأخضر (3)؟","- عدد الأصوات
- الأوسط"
"Data frequencies and probabilities","Compare and evaluate data","C","ما هو الفرق بين أعلى وأدنى الدرجات في الرسم البياني؟","- الفرق
- أعلى
- أدنى
- درجات
- رسم بياني"
"Data frequencies and probabilities","Compare and evaluate data","C","احسب المتوسط (الوسط الحسابي) لدرجات الاختبار التالية: 80، 85، 90، 95، 100","- المتوسط
- الجمع
- القسمة
- درجات"
"Data frequencies and probabilities","Compare and evaluate data","C","احسب المدى للقيم التالية: ٤٥، ٣٩، ٥٠، ٤٨","- المدى
- القيم
- مقارنة"
"Data frequencies and probabilities","Compare and evaluate data","C","ما القيمة المفقودة إذا كان متوسط ثلاثة أعداد هو 10 واثنان منها هما 8 و12؟","- متوسط
- عدد
- قيمة مفقودة"
"Data frequencies and probabilities","Compare and evaluate data","C","أي يوم شهد أعلى زيادة في القيم في الرسم البياني؟","- زيادة
- قيم
- رسم بياني
- يوم
- مقارنة
- تقييم"
"Data frequencies and probabilities","Compare and evaluate data","D","قارن بين المتوسط لمجموعتين من البيانات: A = [3، 4، 5]، B = [5، 6، 7].","- المتوسط
- مجموعة البيانات
- مقارنة
- قيم البيانات"
"Data frequencies and probabilities","Compare and evaluate data","D","أي مجموعة بيانات لديها تباين أكبر: [5، 10، 15] أم [8، 9، 10]؟","- تباين
- مجموعة بيانات
- قيم البيانات"
"Data frequencies and probabilities","Compare and evaluate data","D","ابحث عن الوسيط في البيانات التالية: 7، 9، 12، 10، 11.","- الوسيط
- ترتيب الأعداد"
"Data frequencies and probabilities","Compare and evaluate data","E","فسّر ماذا يخبرك المدى الربعي الصغير عن مجموعة البيانات.","- المدى الربعي
- مجموعة البيانات
- إحصائيات
- توزيع البيانات"
"Data frequencies and probabilities","Compare and evaluate data","E","قم بتحليل الرسم البياني الصندوقي التالي وتفسير مدى انتشار البيانات وميولها.","- الرسم البياني الصندوقي
- انتشار البيانات
- ميول البيانات
- القيم القصوى
- الوسيط
- الربع
- الفئات
- توزيع البيانات"
"Data frequencies and probabilities","Compare and evaluate data","E","أي مقياس (المتوسط، الوسيط، المنوال) يُمثّل هذه البيانات بشكل أفضل: ٣، ٣، ٣، ٤، ١٠٠؟","- المتوسط
- الوسيط
- المنوال"
"Data frequencies and probabilities","Compare and evaluate data","E","مجموعة بيانات تحتوي على القيم: 5، 6، 7، 8، 9، 50. احسب المتوسط الحسابي والوسيط. أي من القيمتين تأثرت أكثر بالقيمة الشاذة؟","- المتوسط الحسابي
- الوسيط
- القيمة الشاذة"
"Data frequencies and probabilities","Compare and evaluate data","E","فسر الرسم البياني الصندوقي حيث يكون الوسيط أقرب بكثير إلى الربع الأول (Q1) مقارنة بالربع الثالث (Q3). ماذا يوحي هذا عن البيانات؟","- الرسم البياني الصندوقي
- الوسيط
- الربع الأول (Q1)
- الربع الثالث (Q3)
- التوزيع"
"Data frequencies and probabilities","Compare and evaluate data","F","متوسط درجات امتحان صفين هما 78 و 83. مقارنة بذلك، مدى درجات الصف الأول هو 20 ومدى درجات الصف الثاني هو 5. أي الصفين يمتلك درجات أكثر اتساقًا؟","- متوسط
- مدى
- اتساق"
"Data frequencies and probabilities","Compare and evaluate data","F","المجموعة أ: [10، 10، 10، 10، 10]؛ المجموعة ب: [6، 8، 10، 12، 14]. أيهما لديه انحراف معيار أعلى؟","- انحراف معيار
- توزيع البيانات
- القيم المتطرفة"
"Data frequencies and probabilities","Compare and evaluate data","F","بيانات المبيعات: يناير - 40، فبراير - 38، مارس - 39، أبريل - 85. هل قيمة أبريل تعتبر نقطه شاذة؟ برر إجابتك.","- نقطة شاذة
- تكرار
- بيانات
- مقارنة
- تقييم"
"Data frequencies and probabilities","Compare and evaluate data","F","تم الإبلاغ عن متوسط دخل قدره 50,000 دينار. معظم الأشخاص في البيانات يكسبون أقل من 30,000 دينار. ماذا يُشير هذا إلى توزيع هذه البيانات؟","- متوسط
- توزيع
- البيانات
- أقل من"
"Data frequencies and probabilities","Compare and evaluate data","F","في مجموعة من 10 طلاب، متوسط عدد الكتب التي تم قراءتها هو 6. إذا كان هناك طالبان قد قرأوا 0 كتاب، كيف سيؤثر ذلك على المتوسط؟","- متوسط
- مجموعة
- تأثير"
"Data frequencies and probabilities","Compare and evaluate data","G","قارن نطاق الربيع الداخلي لمجموعة البيانات A (Q1=12، Q3=28) ومجموعة البيانات B (Q1=14، Q3=22).","- نطاق الربيع الداخلي (IQR)
- Quartiles (الربعات)
- مجموعة البيانات (Data set)"
"Data frequencies and probabilities","Compare and evaluate data","G","استخدم درجات ز لتقارن بين الطالب أ (الدرجة 85، μ=80، σ=5) والطالب ب (الدرجة 92، μ=88، σ=3).","- درجات ز
- المتوسط (μ)
- الانحراف المعياري (σ)"
"Data frequencies and probabilities","Compare and evaluate data","G","ركض أربعة طلاب مسافة ميل واحد في الأوقات التالية (بالدقائق): – أليكس: ٨٫٣  – بريانا: ٩٫٦  – كارلوس: ٨٫٧  – ديانا: ٩٫٢. كان متوسط الزمن ٩٫٠ دقائق، والانحراف المعياري ٠٫٤ دقيقة. احسب القيمة المعيارية (z-score) لكل طالب، ثم رتّب الطلاب من الأسرع إلى الأبطأ بالنسبة إلى المتوسط (وليس فقط حسب الزمن الفعلي).","- القيمة المعيارية (z-score)
- المتوسط
- الانحراف المعياري
- ترتيب البيانات"
"Data frequencies and probabilities","Compare and evaluate data","G","تَمّ تحليل مخططين مبعثرين: – الرسم (أ): الوقت المخصص للدراسة مقابل الدرجات، حيث r = ٠٫٨٨  – الرسم (ب): عدد ساعات مشاهدة التلفاز مقابل الدرجات، حيث r = –٠٫١٢. حدد ما إذا كانت العلاقة في كل رسم إيجابية أو سلبية أو لا توجد علاقة.","- مخطط مبعثر
- علاقة إيجابية
- علاقة سلبية
- معامل الارتباط (r)"
"Data frequencies and probabilities","Compare and evaluate data","H","اختبر ما إذا كانت النرد عادلاً بناءً على التكرارات الملحوظة: {1: 18، 2: 16، 3: 20، 4: 14، 5: 17، 6: 15}","- تكرار
- عادل
- احتمالية
- توزيع البيانات
- مقارنة"
"Data frequencies and probabilities","Compare and evaluate data","H","حدد أي طالب قد حقق أداءً أفضل مقارنة بفصله: ٨٨ في اختبار مع متوسط = ٨٠ والانحراف المعياري = ٥، مقابل ٩١ في متوسط = ٨٥ والانحراف المعياري = ٤.","- درجة ز
- متوسط
- انحراف معياري"
"Data frequencies and probabilities","Compare and evaluate data","H","باستخدام صيغة القيمة المعيارية (z)، احسب عدد الانحرافات المعيارية التي يبعدها العدد ٩٢ عن المتوسط ٨٥ (مع الانحراف المعياري σ = ٣).","- القيمة المعيارية (z-score)
- انحراف معياري (standard deviation)
- متوسط (mean)"
"Data frequencies and probabilities","Compare and evaluate data","H","احسب معامل الارتباط للبيانات المزدوجة التالية: س = {2، 4، 6}، ص = {3، 7، 11}","- معامل الارتباط
- البيانات المزدوجة
- التشتت
- الاتجاه
- العلاقة الخطية"
"Data frequencies and probabilities","Compare and evaluate data","H","قيم موثوقية مجموعة بيانات تحتوي على 500 نتيجة اختبار COVID-19 حيث كانت 8 نتائج إيجابية خاطئة و4 نتائج سلبية خاطئة.","- موثوقية
- نتائج إيجابية خاطئة
- نتائج سلبية خاطئة
- مجموعة بيانات
- تقييم"
"Data frequencies and probabilities","Understanding probabilities","B","يوجد دولاب فيه 3 أقسام حمراء وقسم واحد أزرق. أي لون أكثر احتمالية للظهور؟","- قسم
- احتمال
- أكثر"
"Data frequencies and probabilities","Understanding probabilities","B","ما هي فرص الحصول على الرقم 6 عند رمي الزهر؟ أ) دائماً ب) أحياناً ج) أبداً","- فرص
- أرقام
- رمي الزهر
- دائماً
- أحياناً
- أبداً"
"Data frequencies and probabilities","Understanding probabilities","B","هل من المؤكد، أو المحتمل، أو المستحيل رؤية الشمس في الليل؟","- مؤكد
- محتمل
- مستحيل"
"Data frequencies and probabilities","Understanding probabilities","C","ما هي احتمالية رمي عملة والحصول على صورة؟","- احتمال
- صورة
- نتائج"
"Data frequencies and probabilities","Understanding probabilities","C","ما هي احتمالية اختيار يوم عمل من قائمة تضم جميع الأيام السبعة؟","- احتمالية
- اختيار
- يوم عمل"
"Data frequencies and probabilities","Understanding probabilities","C","النرد يظهر الأرقام من 1 إلى 6. ما هي احتمالية الحصول على عدد زوجي عند رمي النرد؟","- احتمال
- عدد زوجي
- رقم"
"Data frequencies and probabilities","Understanding probabilities","C","ماذا يعني إذا كانت هناك حالة احتمالها 0؟","- احتمال
- حالة
- غير ممكن"
"Data frequencies and probabilities","Understanding probabilities","C","هل يمكن أن تكون احتمالية حدث ما أكثر من 1؟ (نعم أم لا)","- احتمالية
- حدث"
"Data frequencies and probabilities","Understanding probabilities","C","أي الاحتمالين أكثر تأكيدًا: الحصول على رقم أقل من 10 عند رمي نرد قياسي، أم الحصول على صورة عند رمي عملة؟","- نرد
- عملة
- صورة
- احتمال
- أقل من 
- قياسي"
"Data frequencies and probabilities","Understanding probabilities","D","ما هو احتمال ظهور عدد زوجي عند رمي نقطة سته؟","- عدد زوجي
- احتمال
- نقطة سته
- نتيجة"
"Data frequencies and probabilities","Understanding probabilities","D","إذا كان هناك دائرة دوران مقسومة إلى 5 أقسام متساوية، ما هي فرصة الوقوف على قسم واحد؟ عبّر عن الاحتمال على شكل كسر.","- دائرة دوران
- أقسام متساوية
- فرصة
- احتمال
- كسر"
"Data frequencies and probabilities","Understanding probabilities","D","ما هي نسبة احتمال اختيار كرة حمراء من كيس يحتوي على 2 كرة حمراء و3 كرات زرقاء و5 كرات خضراء؟","- نسبة
- احتمال
- كرة
- كيس
- تكرار"
"Data frequencies and probabilities","Understanding probabilities","D","اختر عددًا من 1 إلى 10 — ما هي احتمالية الحصول على عدد أقل من 6 بالتعبير العشري؟","- احتمالية
- عدد
- أقل من
- تعبير عشري"
"Data frequencies and probabilities","Understanding probabilities","E","تم تقسيم قرص دوار إلى 8 أجزاء متساوية: 3 أجزاء حمراء، 2 جزء أزرق، و3 أجزاء صفراء. احسب احتمال P(أزرق).","- احتمال
- جزء
- متساوي
- توزيع
- مجموع"
"Data frequencies and probabilities","Understanding probabilities","E","أُلقي حجرا نرد. ما احتمال أن يكون المجموع 7؟","- احتمال
- نرد
- مجموع
- النتائج الممكنة"
"Data frequencies and probabilities","Understanding probabilities","E","إذا كانت احتمالية الفوز 0.4، فكم مرة تتوقع أن تفوز في 50 تجربة؟","- احتمالية
- تجربة
- تكرار
- توقع"
"Data frequencies and probabilities","Understanding probabilities","E","يوجد في درج الجوارب 5 جورباً أسود، 4 جورباً أبيض، و3 جورباً رمادي. ما هو احتمال عدم سحب جورب أسود؟","- احتمال
- سحب
- عدم 
- مجموعة 
- لون"
"Data frequencies and probabilities","Understanding probabilities","E","لعبة دوارة تحتوي على 4 أقسام متساوية. احتمالية ظهور اللون الأحمر نظرًيا = 0.25. في 40 دورة، ظهر اللون الأحمر 18 مرة. قارن بين الاحتمالات التجريبية والنظرية.","- احتمالية
- أقسام متساوية
- احتمالية نظرية
- احتمالية تجريبية"
"Data frequencies and probabilities","Understanding probabilities","E","ألقيت نردًا 60 مرة، وظهر الرقم 3 في 7 من المرات. ما هو الاحتمال التجريبي للحصول على الرقم 3؟","- احتمال تجريبي
- تكرار
- نتيجة"
"Data frequencies and probabilities","Understanding probabilities","F","تُرمى قطعة نقود مرتين. ما هو احتمال الحصول على وجه واحد فقط؟","- احتمال
- وجه
- عينة
- نتيجة"
"Data frequencies and probabilities","Understanding probabilities","F","أُلقي حجرا نرد. ما احتمال الحصول على مجموع 9؟","- احتمال
- مجموع 
- نرد 
- نتائج"
"Data frequencies and probabilities","Understanding probabilities","F","إذا كانت P(A) = 0.6 و P(B) = 0.3، وكانت A و B مستقلتين، فما هي P(A و B)؟","- الاحتمالية 
- الأحداث المستقلة 
- ضرب الاحتمالات"
"Data frequencies and probabilities","Understanding probabilities","F","تعلن لعبة عن فرصة فوز قدرها 1 من 500. ما هي هذه الاحتمالية كعدد عشري؟","- احتمال
- عدد عشري"
"Data frequencies and probabilities","Understanding probabilities","F","تم سحب بطاقة من مجموعة البطاقات القياسية. ما هي احتمال أن تكون البطاقة بطاقة وجه أو بطاقة من نوع القلوب؟","- احتمالات
- مجموعة
- بطاقة وجه
- نوع
- القلوب"
"Data frequencies and probabilities","Understanding probabilities","F","في حقيبة توجد 10 كرات زرقاء و5 كرات حمراء و5 كرات خضراء. ما هي فرصة عدم سحب كرة زرقاء؟","- فرصة
- سحب
- كرة
- عدم"
"Data frequencies and probabilities","Understanding probabilities","G","في مجموعة من 20 طالبًا، 12 منهم يدرسون الرياضيات، و7 يدرسون العلوم، و5 يدرسون كلا الموضوعين؛ احسب P(الرياضيات ∪ العلوم).","- التداخل (Intersection)
- الاتحاد (Union)
- الاحتمالية (Probability)
- مجموعات (Sets)"
"Data frequencies and probabilities","Understanding probabilities","G","استخدم قاعدة الجمع: P(A) = 0.4، P(B) = 0.3، P(A ∩ B) = 0.1؛ احسب P(A ∪ B)","- P(A)
- P(B)
- P(A ∩ B)
- P(A ∪ B)"
"Data frequencies and probabilities","Understanding probabilities","G","صندوق يحتوي على 4 كرات خضراء و3 كرات حمراء و2 كرة صفراء؛ يتم سحب كرتين بدون استبدال. احسب P(خضراء ثم حمراء)","- الاحتمالية
- بدون استبدال
- الأحداث المتتالية"
"Data frequencies and probabilities","Understanding probabilities","G","في استبيان، ٣٥٪ يحبون القهوة و٤٥٪ يحبون الشاي، و٢٠٪ يحبون كلاهما؛ احسب احتمال أن لا يحب أحدهم أيًا منهما.","- النسبة المئوية
- الاحتمال
- مجموعة
- التقاطع
- مكمّل"
"Data frequencies and probabilities","Understanding probabilities","H","توجد في مصنع 3 آلات تنتج أشياء بمعدلات عيوب تبلغ 2% و4% و5%؛ احسب احتمالية أن يكون المتنج معيبًا إذا كانت الآلات تنتج 40% و35% و25% على التوالي.","- احتمالية
- معدل العيوب
- توزيع النسب
- قانون بايز"
"Data frequencies and probabilities","Understanding probabilities","H","توجد دفعة تحتوي على معدل عيوب نسبته 5%. احسب احتمال أن تكون جميع العناصر في عينة عشوائية من 4 عناصر سليمة بدون أي عيب.","- احتمال
- عينة عشوائية
- معدل العيوب
- العناصر السليمة
- النسبة المئوية"
"Data frequencies and probabilities","Understanding probabilities","H","قدّر القيمة المتوقعة لتذكرة يانصيب تكلفتها 2 دينار مع فرصة واحدة من 1000 للفوز بمبلغ 500 دينار.","- القيمة المتوقعة
- فرصة الفوز
- احتمالية
- النتائج الممكنة"
"Data frequencies and probabilities","Understanding probabilities","H","إذا كانت احتمالية تعطل آلة في يوم واحد هي 0.01، ما هي احتمالية أن تستمر في العمل بدون تعطل لمدة 100 يوم؟","- احتمالية
- تعطل
- استمرارية
- قانون الاحتمالات"
"Data frequencies and probabilities","Combinatorics","B","لون جميع الطرق المختلفة لترتيب الكتل الحمراء والزرقاء والصفراء.","- ترتيب
- كتل
- مختلفة"
"Data frequencies and probabilities","Combinatorics","B","ارسم جميع الطرق الممكنة لتلوين علم يحتوي على شريطين باستخدام اللونين الأحمر والأزرق.","- شريطين
- تلوين
- علم 
- طرق ممكنة 
- اللونين"
"Data frequencies and probabilities","Combinatorics","B","كم عدد الطرق التي يمكنك بها ترتيب 3 كتل: أ، ب، ج؟","- ترتيب
- كتل
- عدد الطرق"
"Data frequencies and probabilities","Combinatorics","C","كم عدد الأزياء التي يمكنك أن ترتديها باستخدام 2 قميص و3 بنطلونات؟","- أزياء
- قميص
- بنطلون
- مجموعات"
"Data frequencies and probabilities","Combinatorics","C","كم عدد الطرق المختلفة التي يمكنك من خلالها ترتيب 2 من الطلاب من مجموعة مكونة من 4 طلاب؟","- ترتيب
- مجموعة
- طرق
- عدد"
"Data frequencies and probabilities","Combinatorics","C","استخدم مبدأ العد: لديك 5 قمصان و 2 بنطلون و 3 أحذية — كم عدد الأزياء المختلفة التي يمكنك تشكيلها؟","- مبدأ العد
- الأزياء المختلفة
- التوليفات 
- العناصر"
"Data frequencies and probabilities","Combinatorics","C","ارسم مخطط شجري لجميع النتائج الممكنة عند قذف عملة ورمي مكعب أرقام.","- النتائج الممكنة
- مخطط شجري
- عملة
- مكعب أرقام
- تعدد النتائج"
"Data frequencies and probabilities","Combinatorics","D","أنت تلعب لعبة رمي العملة مرتين — اكتب جميع النتائج المحتملة.","- النتائج المحتملة
- عشوائي
- ترتيب
- مزيج
- احتمالات"
"Data frequencies and probabilities","Combinatorics","D","كلمة مرور تتكون من حرفين متبوعين برقم واحد - كم عدد كلمات المرور المختلفة الممكنة باستخدام الحروف أ، ب، ج والأرقام 1، 2؟","- تكرار
- ترتيب
- اختيار
- تركيبة
- الاحتمالات"
"Data frequencies and probabilities","Combinatorics","D","كم عدد الوجبات المختلفة التي يمكنك إعدادها إذا كان لديك 2 مقبلات، و3 أطباق رئيسية، و2 حلوى؟","- التوليفات
- الاحتمالات
- التجميعات"
"Data frequencies and probabilities","Combinatorics","D","كم عدد الطرق التي يمكن أن يجلس بها 4 طلاب في صف من 4 كراسي؟","- التباديل
- الترتيبات
- الكراسي
- الطلاب"
"Data frequencies and probabilities","Combinatorics","E","كم عدد الطرق لاختيار طالبتين من مجموعة مكونة من 6 طالبات؟ استخدم صيغة التوافيق.","- التوافيق
- مجموعة
- طالبات
- اختيار
- الطرق"
"Data frequencies and probabilities","Combinatorics","E","كم عدد الطرق التي يمكن بها جلوس 4 أصدقاء في صف مكون من 4 كراسي؟ استخدم رمز التباديل.","- التباديل
- الطرق الممكنة
- ترتيب
- كراسي"
"Data frequencies and probabilities","Combinatorics","E","تُسحب مجموعة من 5 بطاقات من مجموعة بطاقات. كم عدد المجموعات المختلفة الممكنة؟ استخدم صيغة التوافيق.","- مجموعة
- توافيق
- ترتيب
- عنصر"
"Data frequencies and probabilities","Combinatorics","E","استخدم مبدأ العد الأساسي لإيجاد عدد الطرق الممكنة لتكوين زي يتكون من 2 قميص، و3 بنطلونات، و2 قبعة.","- مبدأ العد الأساسي
- تآلفات
- تكرار
- خيارات"
"Data frequencies and probabilities","Combinatorics","F","كم عدد الطرق التي يمكن بها منح الجوائز الثلاث (الأولى والثانية والثالثة) بين 10 متسابقين؟","- التباديل
- التوافيق
- التكرار
- المجاميع
- النتائج الممكنة"
"Data frequencies and probabilities","Combinatorics","F","استخدم مثلث باسكال لإيجاد عدد الطرق لاختيار 3 عناصر من بين 6 عناصر.","- مثلث باسكال
- ظروف
- تعبيرات عددية
- توافيق"
"Data frequencies and probabilities","Combinatorics","F","نادي يحتوي على 10 أعضاء. كم عدد الطرق التي يمكنك من خلالها اختيار رئيس، ونائب رئيس، وامين سر إذا كان يجب أن يكون الرئيس أكبر سناً من نائب الرئيس؟","- الاحتمالات
- التباديل
- التوافقات"
"Data frequencies and probabilities","Combinatorics","F","استخدم مثلث باسكال لكتابة معاملات (أ + ب)⁴.","- معاملات
- مثلث باسكال
- الحدود
- تكرار"
"Data frequencies and probabilities","Combinatorics","G","يستخدم رمز ثنائي ٦ خانات؛ كم عدد الرموز التي تحتوي على بالضبط رقمين ١؟","- رمز ثنائي
- خانة
- توزيع
- حدث
- تكرار
- مجموعة
- اختيار"
"Data frequencies and probabilities","Combinatorics","G","استخدم مبدأ الشمول والاستبعاد: في فصل دراسي من 30 طالبًا، 18 منهم يلعبون كرة القدم، و15 يلعبون كرة السلة، و10 يلعبون الرياضيين كليهما. كم عدد الطلاب الذين لا يلعبون أيًا من الرياضتين؟","- مبدأ الشمول والاستبعاد
- تداخل المجموعات
- الكمية الكاملة
- العوامل المميزة"
"Data frequencies and probabilities","Combinatorics","G","يمتلك الرسم البياني 6 عقد؛ كم عدد الحواف اللازمة لربط كل زوج من العقد (رسم بياني كامل)؟","- عقد (Nodes)
- حواف (Edges)
- زوج (Pair)
- رسم بياني كامل (Complete Graph)"
"Data frequencies and probabilities","Combinatorics","H","باستخدام دوال التوليد، أوجد عدد الحلول الصحيحة للمعادلة: x₁ + x₂ + x₃ = ١٠، حيث xᵢ ≥ ٠.","- دوال التوليد
- حلول صحيحة
- المعادلة
- تكرار (تردد)
- القيمة غير السلبية"
"Data frequencies and probabilities","Combinatorics","H","لديك 6 أقلام حمراء و5 أقلام زرقاء. كم عدد الطرق لاختيار 3 أقلام بحيث يكون هناك على الأقل قلم أحمر واحد؟","- التوافقات
- التكرارات
- العوامل
- الحد الأدنى
- الاحتمالات"
"Functional relationships (patterns and structures)","Recognising patterns and structures","B","ماذا يأتي بعد ذلك؟ 2، 4، 6، 8، ___","- نمط
- تسلسل
- عدد زوجي"
"Functional relationships (patterns and structures)","Recognising patterns and structures","B","املأ الرقم الناقص: 5، 10، ___، 20","- سلسلة 
- نمط 
- تزايد 
- رقم مفقود 
- قيمة"
"Functional relationships (patterns and structures)","Recognising patterns and structures","B","أي عدد يكسر النمط؟ 2، 4، 6، 9، 10","- نمط
- كسر
- عدد"
"Functional relationships (patterns and structures)","Recognising patterns and structures","B","هل هذا النمط تصاعدي أم تنازلي؟ 50، 45، 40، 35","- نمط
- تصاعدي
- تنازلي"
"Functional relationships (patterns and structures)","Recognising patterns and structures","B","اكتب الرقمين التاليين: 3، 6، 9، ___، ___","- نمط
- تسلسل
- زيادة"
"Functional relationships (patterns and structures)","Recognising patterns and structures","B","ما هي القاعدة؟ 1، 3، 3، 5، 7 ← القاعدة: أضف ___","- قاعدة
- نمط
- أضف
- تسلسل"
"Functional relationships (patterns and structures)","Recognising patterns and structures","C","اكتشف القاعدة: 3 → 6، 4 → 8، 5 → 10، ___ → ___","- قاعدة
- نمط
- هيكل"
"Functional relationships (patterns and structures)","Recognising patterns and structures","C","إذا كانت السلسلة تتبع النمط 'طرح 4'، فما هما العددان التاليان: 40، 36، ___، ___.","- سلسلة 
- نمط 
- طرح 
- عدد"
"Functional relationships (patterns and structures)","Recognising patterns and structures","C","ما هي قاعدة النمط؟ 1، 4، 9، 16، 25...","- قاعدة النمط
- الأعداد التربيعية
- التسلسل"
"Functional relationships (patterns and structures)","Recognising patterns and structures","C","ما هو الرقم المفقود: 5، 10، ___، 20، 25؟","- نمط
- تسلسل
- الرقم المفقود"
"Functional relationships (patterns and structures)","Recognising patterns and structures","D","حدِّد الفرق المشترك ثم أوجد الحد العاشر في المتتالية: 4، 7، 7، 10، 13، ...","- الفرق المشترك
- متتالية
- حد 
- أوجد"
"Functional relationships (patterns and structures)","Recognising patterns and structures","D","أي حد في المتتالية: ٧، ١٤، ٢١، ٢٨، … يساوي ١٠٥؟","- متتالية
- حد
- نمط
- الفرق
- تسلسل"
"Functional relationships (patterns and structures)","Recognising patterns and structures","D","استخدم القيم التالية لتحديد الصيغة العامة للتتابع العددي: −2، 0، 2، 4، 6، …","- تتابع عددي
- صيغة عامة
- قيم
- نمط"
"Functional relationships (patterns and structures)","Recognising patterns and structures","D","تتبع سلسلة القاعدة التالية: ت(n) = 3n + 9. ما هو الحد الرابع والخامس؟","- سلسلة
- قاعدة 
- حد 
- متغير 
- تعبير"
"Functional relationships (patterns and structures)","Recognising patterns and structures","E","احسب الحد العاشر من المتسلسلة: ن² + 2","- متسلسلة
- حد
- رياضية
- تعبير
- نمط"
"Functional relationships (patterns and structures)","Recognising patterns and structures","E","اربط قاعدة النمط بالتسلسل: أ) n+2، ب) 2n، ج) n² — أي واحدة تناسب 1، 4، 9، 16...؟","- قاعدة النمط
- تسلسل
- قيمة n
- دالة квадратичная"
"Functional relationships (patterns and structures)","Recognising patterns and structures","E","درج يحتوي على ١ بلوك في الدرجة الأولى، ٢ في الثانية، ٤ في الثالثة، ثم ٧، ثم ١١... اكتب قاعدة لهذه المتتالية.","- متتالية
- قاعدة
- دالة
- نمط
- فرق متتالية"
"Functional relationships (patterns and structures)","Recognising patterns and structures","F","حدد الصفين التاليين من مثلث باسكال بعد الصف 1، 4، 6، 4، 1.","- مثلث باسكال
- معاملات
- صفوف
- أنماط
- مجموعات"
"Functional relationships (patterns and structures)","Recognising patterns and structures","F","تم تعريف سلسلة على النحو التالي: ب₁ = 2، بₙ = بₙ₋₁ + 3ن. احسب ب₄.","- سلسلة
- بₙ
- بₙ₋₁
- 3ن"
"Functional relationships (patterns and structures)","Recognising patterns and structures","F","تعرف على النمط: 1، 4، 9، 16، 25... ما نوع هذه السلسلة؟","- تسلسل
- مربع
- القيم المتزايدة
- العلاقة بين القيم"
"Functional relationships (patterns and structures)","Recognising patterns and structures","F","تتزايد سلسلة الأعداد كما يلي: 1، 1، 2، 3، 5، 8... ما هو الحد التاسع في هذه السلسلة؟","- سلسلة عددية
- حد
- نمط
- تزايد
- فيبوناتشي"
"Functional relationships (patterns and structures)","Recognising patterns and structures","G","هل يمكن كتابة العدد ٧٢٩ على الصورة ٣^س حيث س عدد صحيح غير سالب؟","- الأساس
- العدد الصحيح غير السالب
- القوة"
"Functional relationships (patterns and structures)","Recognising patterns and structures","G","ابحث عن أي حد في المتتابعة 2، 5، 10، 17، 26 له القيمة 101.","- متتابعة
- حد
- صيغة عامة
- علاقة دالة"
"Functional relationships (patterns and structures)","Recognising patterns and structures","G","حدّد ما إذا كانت المتتالية ٢، ٥، ١٠، ١٧، ٢٦ تتبع نموذجًا تربيعيًا، وفسّر إجابتك.","- متتالية
- نموذج تربيعي
- فرق متتالية
- تسلسل"
"Functional relationships (patterns and structures)","Recognising patterns and structures","G","استخدم بنية المتتالية الحسابية لإيجاد الحد العشرين في متتالية تبدأ بـ٧ وتزداد بمقدار ٥ في كل مرة 7.","- متتالية حسابية
- حد (الحد العشرين)
- زيادة ثابتة"
"Functional relationships (patterns and structures)","Recognising patterns and structures","H","تم إعطاء صيغة تكرارية هي f(n) = f(n−1) + f(n−2)؛ احسب f(6) إذا كانت f(1) = 1 و f(2) = 1.","- صيغة تكرارية
- دالة
- متسلسلة
- قيم ابتدائية
- تسلسل فيبوناتشي"
"Functional relationships (patterns and structures)","Recognising patterns and structures","H","السلسلة 81، 27، 9، 3،... هي سلسلة هندسية. أظهر خطوة بخطوة كيفية حساب مجموع الحدود من 6 إلى 10 باستخدام صيغة السلسلة الهندسية.","- سلسلة هندسية
- حدود
- صيغة السلسلة الهندسية
- مجموع الحدود
- النسبة المشتركة"
"Functional relationships (patterns and structures)","Allocations and proportionality","B","كل طفل يحصل على قلم رصاص واحد. كم عدد الأقلام الرصاص لثلاثة أطفال؟ ______","- عدد
- يحصل
- أطفال
- قلم رصاص"
"Functional relationships (patterns and structures)","Allocations and proportionality","B","هل السيارة أسرع أم أبطأ من الدراجة؟ ______","- أسرع
- أبطأ"
"Functional relationships (patterns and structures)","Allocations and proportionality","B","هل حقيبة الظهر أثقل أم أخف من حقيبة الأقلام؟ ______","- أثقل
- أخف
- حقيبة ظهر
- حقيبة أقلام"
"Functional relationships (patterns and structures)","Allocations and proportionality","C","إذا كانت تكلفة قلم رصاص واحد 2 دينار، فما هي تكلفة 4 أقلام رصاص؟","- تكلفة
- قلم رصاص
- أقلام رصاص
- مجموع 
- نسبة"
"Functional relationships (patterns and structures)","Allocations and proportionality","C","أكمل النسبة: 2:4 = 3:___","- نسبة  
- تعبير  
- تكافؤ"
"Functional relationships (patterns and structures)","Allocations and proportionality","C","تستخدم وصفة 3 أكواب من الطحين لصنع 6 فطائر. كم تحتاج من الأكواب لصنع 12 فطيرة؟","- فطائر 
- أكواب 
- وصفة 
- تناسب"
"Functional relationships (patterns and structures)","Allocations and proportionality","C","املأ الفراغات:
    الدقائق: 10 | 20 | 30
    الخطوات: 100 | ___ | ___","- نسبة
- توزيع"
"Functional relationships (patterns and structures)","Allocations and proportionality","D","حقق طالب 18 درجة من 20 في اختبار. ما هي النتيجة إذا كان الاختبار من 100 درجة؟","- نسبة
- تقنين
- مقياس"
"Functional relationships (patterns and structures)","Allocations and proportionality","D","إذا كان وزن 10 تفاحات 2 كيلوجرام، فكم تزن 25 تفاحة؟","- الوزن
- التناسب
- الكيلوجرام
- التفاح
- المعادلة"
"Functional relationships (patterns and structures)","Allocations and proportionality","D","هل العلاقة y = 3x علاقة تناسبية؟","- علاقة تناسبية
- متغير
- مستقل
- تابع
- كسر 
- نسبة"
"Functional relationships (patterns and structures)","Allocations and proportionality","D","الوقت الذي يستغرقه إتمام عمل ما يتناسب عكسياً مع عدد العمال. إذا أنهى 3 عمال العمل في 12 ساعة، فكم من الوقت يحتاج 6 عمال لإتمام نفس العمل؟","- التناسب العكسي
- عدد العمال
- الوقت المستغرق
- إتمام العمل"
"Functional relationships (patterns and structures)","Allocations and proportionality","D","يتم دفع 240 دينار مقابل 8 ساعات عمل. كم سيتم كسبه في 5 ساعات بنفس الأجر؟","- نسبة
- أجر الساعة
- التناسب"
"Functional relationships (patterns and structures)","Allocations and proportionality","D","هل العلاقة بين السرعة والزمن (لمسافة ثابتة) تتناسب طردياً أم عكسياً؟ وضح إجابتك.","- التناسب الطردي
- التناسب العكسي
- السرعة
- الزمن
- المسافة الثابتة"
"Functional relationships (patterns and structures)","Allocations and proportionality","E","يكسب عامل 12 دينار في الساعة. اكتب معادلة على الشكل y = kx تمثل إجمالي الأرباح.","- معادلة
- إجمالي
- أرباح
- متغيرات
- كسر (النسبة)"
"Functional relationships (patterns and structures)","Allocations and proportionality","E","ارسم النقاط (1، 2)، (2، 4)، (3، 6)، (4، 8). هل هذه علاقة تناسبة؟ ما قيمة k؟","- علاقة تناسبية
- القيمة الثابتة (k)
- النقاط (points)
- الرسم البياني (graph)"
"Functional relationships (patterns and structures)","Allocations and proportionality","E","اكتب معادلة على الشكل y = kx إذا كانت تكلفة 7 دفاتر 21 دينار.","- معادلة
- إشارات التكلفة
- التناسب
- المتغيرات
- العامل الثابت"
"Functional relationships (patterns and structures)","Allocations and proportionality","E","صف كيف يقارن رسم الدالة y = 2x برسم الدالة y = 0.5x من حيث الانحدار والمعنى.","- الدالة
- الانحدار
- المقارنة
- الرسم البياني
- النسبية"
"Functional relationships (patterns and structures)","Allocations and proportionality","F","عملت 6 طابعات لمدة 5 ساعات في اليوم لإنجاز عمل ما في 4 أيام. كم من الأيام تحتاج 10 طابعات إذا عملت 3 ساعات في اليوم؟","- التناسب
- التكافؤ
- الزيادة الخطية
- العلاقة الوظيفية
- العمل المتكرر"
"Functional relationships (patterns and structures)","Allocations and proportionality","F","في مختبر، يتم خلط 3 محاليل كيميائية بنسب 2:3:5. إذا كان الحجم الكلي 1 لتر، كم مل من كل محلول تم استخدامه؟","- النسبة
- المحلول
- الحجم الكلي"
"Functional relationships (patterns and structures)","Allocations and proportionality","F","خزان ماء يتم ملؤه في 12 دقيقة باستخدام 3 صنابير مماثلة. كم من الوقت سيستغرق لملئه باستخدام 5 صنابير؟","- التناسب
- النسبة
- الكفاءة
- الجداول الزمنية"
"Functional relationships (patterns and structures)","Allocations and proportionality","G","إذا كان لدينا متغيران يحققان المعادلة y = kx، ونعلم أن y = 12 و x = 3، احسب قيمة k وأعد كتابة المعادلة.","- متغير
- معادلة
- ثابت
- نسبة 
- إعادة كتابة"
"Functional relationships (patterns and structures)","Allocations and proportionality","G","يمر مستقيم من النقاط (0، 0) و (3، 6)؛ حدد إذا كان يظهر تناسباً.","- تناسب
- مستقيم
- نقاط
- علاقات وظيفية"
"Functional relationships (patterns and structures)","Allocations and proportionality","H","تتغير الكمية ص بشكل مشترك مع ع و ل؛ إذا كانت ص = 24 عندما ع = 2 و ل = 3، احسب قيمة ص عندما ع = 4 و ل = 5.","- التناسب
- الكمية المتغيرة
- العلاقة الوظيفية"
"Functional relationships (patterns and structures)","Allocations and proportionality","H","تتناسب شدة إضاءة المصباح عكسياً مع مربع المسافة؛ احسب شدة الإضاءة عند 3 أمتار إذا كانت 100 وحدة عند 1 متر.","- التناسب العكسي
- مربع المسافة
- وحدة الإضاءة
- شدة الإضاءة"
"Functional relationships (patterns and structures)","Linear and other simple functions","B","أكمل الجدول باستخدام القاعدة: أضف 3.  
المدخلات: 1 2 3 4 → المخرجات: ___ ___ ___ ___","- قاعدة
- مدخلات
- مخرجات"
"Functional relationships (patterns and structures)","Linear and other simple functions","B","إذا كانت القاعدة هي س + 5، فما هي النتيجة عندما تكون س = 7؟ ______","- قاعدة  
- نتيجة  
- س (أو متغير)"
"Functional relationships (patterns and structures)","Linear and other simple functions","B","ارسم خطًا يمر عبر النقاط (1، 3)، (2، 4)، و(3، 5) على شبكة.","- شبكة
- نقطة
- خط
- يمر عبر"
"Functional relationships (patterns and structures)","Linear and other simple functions","B","ضع دائرة حول الزوج الذي لا يتبع القاعدة x + 3: أ) (2, 5) ب) (4, 7) ج) (3, 6) د) (5, 10)","- قاعدة
- زوج مرتب"
"Functional relationships (patterns and structures)","Linear and other simple functions","C","أكمل الجدول للقانون y = x + 3:
    x: 1 | 2 | 3 | 4
    y: ___ | ___ | ___ | ___","- قانون
- جدول
- مرتبط
- قيمة
- متغير"
"Functional relationships (patterns and structures)","Linear and other simple functions","C","ما هو المدخل إذا كانت القاعدة هي ص = س - 1 والناتج هو 6؟","- المدخل
- الناتج
- القاعدة"
"Functional relationships (patterns and structures)","Linear and other simple functions","C","أكمل: إذا كانت س = ع × 3، فإن ع = 4 → س = ___","- علاقة دالة
- متغير
- تعبير رياضي"
"Functional relationships (patterns and structures)","Linear and other simple functions","C","آلة دالة تضرب في ٤، ثم تضيف ١. ماذا تكون النتيجة عند الإدخال ٢؟","- آلة دالة
- تضرب
- تضيف
- الإدخال
- النتيجة"
"Functional relationships (patterns and structures)","Linear and other simple functions","C","إذا كانت y = x − 5، احسب قيمة y عندما تكون x = 11.","- علاقة وظيفية
- متغير
- معادلة
- قيمة"
"Functional relationships (patterns and structures)","Linear and other simple functions","D","احسب ميل الخط الذي يمر بالنقطتين (2, 3) و (6, 7).","- ميل الخط 
- نقاط (coordinates)
- تغيير في y (Δy)
- تغيير في x (Δx)"
"Functional relationships (patterns and structures)","Linear and other simple functions","D","احسب نقطة تقاطع المستقيم مع محور الصادات في المعادلة y = -2x + 7.","- نقطة تقاطع
- محور الصادات
- معادلة
- مستقيم"
"Functional relationships (patterns and structures)","Linear and other simple functions","D","يوجد خطان معطيان: y = 2x + 3 و y = 2x - 1. هل هذان الخطان متوازيان؟ ولماذا؟","- معادلة خطية
- ميل الخط
- تقاطع (اعتراض) 
- متوازي"
"Functional relationships (patterns and structures)","Linear and other simple functions","D","ارسم الخط الذي يمثل المعادلة y = -x + 4 من خلال تحديد الميل ونقاط التقاطع.","- الميل
- نقاط التقاطع"
"Functional relationships (patterns and structures)","Linear and other simple functions","D","اكتب معادلة المستقيم الذي يميل بزاوية 3 ويمر من النقطة التي فيها قيمة y تساوي 5 بالشكل y = mx + b.","- معادلة
- ميل
- نقطة
- قيمة
- b"
"Functional relationships (patterns and structures)","Linear and other simple functions","E","يعرض جدول القيم النقاط التالية: (١، ٥)، (٢، ١٠)، (٣، ١٥). اكتب المعادلة وفسّر ميل الخط.","- المعادلة الخطية
- الميل
- الجدول (table)
- النقاط (points)
- القيم (values)"
"Functional relationships (patterns and structures)","Linear and other simple functions","E","قم برسم المعادلة y = 2x − 1 لقيم x من −2 إلى 3.","- معادلة
- قيم
- رسم
- إحداثيات
- محور س
- محور ص
- نظام الإحداثيات"
"Functional relationships (patterns and structures)","Linear and other simple functions","E","تعرف الدالة على الشكل f(x) = x/2 - 3. ما قيمة f(6)؟","- دالة (Function)
- تعويض (Substitution)
- متغير (Variable)"
"Functional relationships (patterns and structures)","Linear and other simple functions","E","راكب الدراجة قطع 15 كيلومترًا في ساعة واحدة، و30 كيلومترًا في ساعتين، و45 كيلومترًا في ثلاث ساعات. هل هذه علاقة خطية؟ اكتب القاعدة.","- علاقة خطية
- قاعدة
- ميل الخط
- نقطة بداية"
"Functional relationships (patterns and structures)","Linear and other simple functions","E","ارسم الدالة y = |x|. كيف تقارن مع الدالة y = x² من حيث الشكل والتماثل؟","- دالة
- تماثل
- الشكل
- |x| (القيمة المطلقة)
- x² (التربيع)"
"Functional relationships (patterns and structures)","Linear and other simple functions","E","أي دالة تنمو بشكل أسرع: y = 3x أم y = x²؟ اختبر ذلك باستخدام القيم x = 1 إلى 5.","- دالة
- تزايد
- قيم
- متغير
- معادلة
- نمط
- اختبار"
"Functional relationships (patterns and structures)","Linear and other simple functions","E","تُستخدم الدالة y = x² لتمثيل مساحة مربع طول ضلعه x. ارسم المعادلة ثم استخدم الرسم لإيجاد قيمة y عندما تكون x = 1، 2، 3، 4.","- دالة
- معادلة
- محور X
- محور Y
- رسم بياني
- مساحة
- مربع"
"Functional relationships (patterns and structures)","Linear and other simple functions","F","حوّل المعادلة y = x² ثلاث وحدات إلى اليسار واثنتين إلى الأسفل. ما هي المعادلة الجديدة؟","- المعادلة
- الوحدات
- اليسار
- الأسفل
- تحويل"
"Functional relationships (patterns and structures)","Linear and other simple functions","F","حدد ما إذا كانت الجداول التالية تمثل دالة خطية: س: 1، 2، 3، 4 | ص: 2، 4، 8، 16","- دالة خطية
- علاقة متغيرة
- زيادة ثابتة"
"Functional relationships (patterns and structures)","Linear and other simple functions","F","إذا كانت معادلة الدالة f(x) = 2x - 4، وقمنا برفع الرسم البياني بمقدار 3 وحدات لأعلى ليصبح y = f(x) + 3، اكتب المعادلة الجديدة.","- معادلة
- دالة
- رسم بياني
- رفع الرسم البياني
- وحدات"
"Functional relationships (patterns and structures)","Linear and other simple functions","F","ينمو عدد سكان مدينة بشكل خطي من 200 إلى 500 خلال 10 سنوات. بينما ينمو عدد سكان مدينة أخرى بشكل أسّي، ويتضاعف كل 5 سنوات بدءًا من 200. أي من السكان سيكون عدده أكبر بعد 15 سنة؟","- النمو الخطي
- النمو الأسّي
- التضاعف
- المتغيرات المستقلة والتابعة
- الزمن"
"Functional relationships (patterns and structures)","Linear and other simple functions","G","اكتب معادلة خط بزاوية ميل 4 يمر بالنقطة (1، -2)","- معادلة الخط المستقيم
- زاوية الميل
- النقطة (x, y)"
"Functional relationships (patterns and structures)","Linear and other simple functions","G","حدد إذا كانت المستقيم y = 2x + 1 موازياً للمستقيم y = 2x - 4.","- ميل المستقيم
- مستقيم موازٍ
- صيغة المعادلة الخطية"
"Functional relationships (patterns and structures)","Linear and other simple functions","G","ارسم الدالة الجزئية f(x) = x عندما x < 2، و f(x) = 3 عندما x ≥ 2.","- دالة جزئية
- بيان الدالة
- القيم المدخلة
- المجال
- نطاق الدالة
- النقطة الحدية"
"Functional relationships (patterns and structures)","Linear and other simple functions","H","المعادلة y = 5x + b تمر بالنقطة (2, 11). احسب قيمة b.","- معادلة
- نقطة
- قيمة
- مائل (ميل)"
"Functional relationships (patterns and structures)","Linear and other simple functions","H","احسب مجموعة القيم الممكنة (المجال) ومجموعة القيم الناتجة (المدى) للدالة الكسرية f(x) = (3x + 2) / (x - 1)","- المجال
- المدى
- دالة كسرية
- قيم مستقلة
- قيم تابعة
- تعبير جبري
- نقاط عدم تعريف"
"Functional relationships (patterns and structures)","Linear and other simple functions","H","ارسم الرسم البياني للدالة الأسية f(x) = eˣ - 2 ووضح سلوك النهاية للدالة عندما تزداد قيمة x.","- دالة أسية
- الرسم البياني
- سلوك النهاية
- قيمة x"
"Functional relationships (patterns and structures)","Linear and other simple functions","H","احسب المساحة تحت المنحنى للدالة f(x) = 2x من x = 1 إلى x = 4، مع توضيح جميع خطوات الحل باستخدام التكامل المحدد.","- التكامل المحدد
- مساحة تحت المنحنى
- دالة خطية
- حدود التكامل 
- f(x) 
- تحويل الدالة"
"Functional relationships (patterns and structures)","Linear and other simple functions","H","استخدم اختبار المشتق الأول لتحديد أين الدالة f(x) = x⁴ − 8x² تزداد وأين تنقص.","- المشتق
- دالة
- زيادة
- نقصان  
- نقطة حرجة"
"Functional relationships (patterns and structures)","Linear and other simple functions","H","حدّد التقاطع السيني والخطوط التقاربية (الخطوط المقاربة) للدالة اللوغاريتمية: f(x) = ln(x − 2) ","- التقاطع السيني
- الخطوط التقاربية
- الدالة اللوغاريتمية
- ln (اللوغاريتم الطبيعي)"
"Functional relationships (patterns and structures)","Equations and algebra","B","اجعل كلا الجانبين متساويين:  5 + 5 = ___ + 4","- جوانب  
- متساويين  
- مجهول"
"Functional relationships (patterns and structures)","Equations and algebra","B","اُملأ الفراغ: 5 + ___ = 12","- فراغ
- يساوي
- مجموع"
"Functional relationships (patterns and structures)","Equations and algebra","B","كان لدي x تفاحات. أضفت 3 تفاحات أخرى، والآن لدي 7. ما قيمة x؟ ______","- قيمة
- تفاح
- أضف
- الآن
- لدي"
"Functional relationships (patterns and structures)","Equations and algebra","B","خبزت ميا x بسكوت. أعطت 4 منها وتبقى لديها 6. ما هو x؟ ______","- تبقى
- أعطت
- بسكوت"
"Functional relationships (patterns and structures)","Equations and algebra","B","إذا كانت س = 7، فما قيمة س – 3؟ ______","- قيمة
- معادلة
- س"
"Functional relationships (patterns and structures)","Equations and algebra","C","حل المعادلة التالية: x + 5 = 12","- معادلة
- متغير
- حل"
"Functional relationships (patterns and structures)","Equations and algebra","C","أي قيمة لـ x تجعل المعادلة التالية صحيحة: x ÷ 3 = 4؟","- معادلة
- قيمة
- ÷ (قسمة)"
"Functional relationships (patterns and structures)","Equations and algebra","C","إذا كانت س = 2، احل المعادلة: س + 4 = ___","- معادلة
- مجهول
- تعبير رياضي"
"Functional relationships (patterns and structures)","Equations and algebra","C","حل المعادلة: س + س = 16","- معادلة
- متغير
- جمع
- حل"
"Functional relationships (patterns and structures)","Equations and algebra","D","حل المعادلة: 2س + 3 = 11","- معادلة
- متغير
- التعبير الجبري
- حل المعادلة
- الطرف الأيمن
- الطرف الأيسر"
"Functional relationships (patterns and structures)","Equations and algebra","D","حل المعادلة: 4(س - 2) = 12","- معادلة
- تعبير جبري
- توزيع
- متغير"
"Functional relationships (patterns and structures)","Equations and algebra","D","بسط المعادلة 2س + 3س = 5س","- بسط
- معادلة
- متغير
- قوانين الجمع"
"Functional relationships (patterns and structures)","Equations and algebra","D","ابحث عن القيمة المفقودة: 2س = س + 6","- معادلة
- مجهول
- حل
- تعبير جبري"
"Functional relationships (patterns and structures)","Equations and algebra","E","اوجد قيمة x في المعادلة التالية: 5(x - 1) = 3x + 7","- معادلة
- حدود
- قيم
- حل
- متغير"
"Functional relationships (patterns and structures)","Equations and algebra","E","حل النظام: x + y = 10 و x - y = 2","- نظام المعادلات
- المتغيرات
- الحلول
- الاستبدال
- الجمع
- الطرح"
"Functional relationships (patterns and structures)","Equations and algebra","E","تبلغ تكلفة تذكرة السينما للكبار €س وللطلاب €ص. إذا دفع ٣ كبار و٢ من الطلاب مبلغًا قدره €٤٠، ودفع ١ من الكبار و٣ من الطلاب مبلغ €٣٠، فأوجد قيمتي س و ص.","- تكلفة
- تذكرة
- كبار
- طلاب
- معادلة
- حل
- قيمتين"
"Functional relationships (patterns and structures)","Equations and algebra","E","دالتان خطيتان هما: ف(x) = 2x + 1 و ج(x) = –x + 7. احسب قيمة x حيث ف(x) = ج(x) وفسر النتائج بيانيًا.","- دالة خطية
- معادلة
- متغير
- قيمة
- نتيجة
- تمثيل بياني
- نقطة تقاطع"
"Functional relationships (patterns and structures)","Equations and algebra","F","حل المعادلة التالية: 2س² + 5س + 3 = 0 بالتفكيك.","- المعادلة
- الحدود
- الثوابت
- معامل
- التفكيك
- الجذور"
"Functional relationships (patterns and structures)","Equations and algebra","F","بسّط: 3(ص + 2) - 2(2ص - 1)","- المعادلة
- التعبير الجبري
- التوزيع
- الجمع
- الطرح
- المتغير"
"Functional relationships (patterns and structures)","Equations and algebra","F","استخدم صيغة المعادلة التربيعية لحل المعادلة التالية: x² + 6x + 1 = 0","- المعادلة التربيعية
- معاملات
- حل المعادلة
- الجذور
- صيغة المعادلة التربيعية"
"Functional relationships (patterns and structures)","Equations and algebra","G","بسط: (3س² - 2س + 1) - (س² + 4س - 5)","- التعبير الجبري
- الحدود
- تجميع الحدود
- العمليات الجبرية"
"Functional relationships (patterns and structures)","Equations and algebra","G","حل المعادلة: 5 - 2س > 3","- متغير
- معادلة
- أكبر من
- حدود
- عزل المتغير"
"Functional relationships (patterns and structures)","Equations and algebra","H","حل المعادلة التالية: x⁴ − 5x² + 4 = 0","- المعادلة التربيعية
- المعاملات
- الأصفار أو الجذور
- التحليل
- الحدود
- المجهول"
"Functional relationships (patterns and structures)","Equations and algebra","H","اكتب x³ − 27 على شكل حاصل ضرب عوامل.","- حاصل ضرب
- العوامل
- الصيغة
- كلٌّ من 
- مكعب
- الفرق بين مكعبين"
"Functional relationships (patterns and structures)","Equations and algebra","H","حل المعادلة التي تحتوي على الكسور: (س/2) + (1/3) = (5/6)","- معادلة
- كسر
- جمع الكسور
- إيجاد القيمة المجهولة
- المقام"
"Functional relationships (patterns and structures)","Equations and algebra","H","أعد كتابة الكسر 3⁄(2 + √5) بحيث يكون المقام خالياً من الجذر التربيعي.","- عدد الجذر التربيعي
- كسر
- مقام
- تحليل
- ضرب المرافق"
"Functional relationships (patterns and structures)","Other functional relationships","B","إذا ضاعفت 2، ثم ضاعفت النتيجة مرة أخرى، ما هو العدد الذي تحصل عليه؟","- مضاعفة
- نتيجة"
"Functional relationships (patterns and structures)","Other functional relationships","C","املأ الفراغات: س: 1 | 2 | 3 | 4 | 5 → ص: 2 | 4 | 8 | 16 | ___","- العلاقة الوظيفية
- نمط
- تتابع
- قيمة مفقودة"
"Functional relationships (patterns and structures)","Other functional relationships","C","أكمل النمط: 1، 4، 9، 16، ___، ___ (تلميح: الأعداد المربعة)","- نمط
- عدد مربع"
"Functional relationships (patterns and structures)","Other functional relationships","D","حدد النمط: ص = 2^س","- نمط
- دالة
- متغير
- قيمة
- أس"
"Functional relationships (patterns and structures)","Other functional relationships","D","أي المنحنيين التاليين يمثل نمواً أسيًا: y = 2^x أم y = x + 2؟","- نمو أسّي
- منحني
- قاعدة الأس
- دالة
- محور
- قيم x و y"
"Functional relationships (patterns and structures)","Other functional relationships","D","ما نوع الدالة y = 3^x — خطية، تربيعية، أم أسية؟","- دالة
- خطية
- تربيعية
- أسية
- متغير"
"Functional relationships (patterns and structures)","Other functional relationships","D","ارسم أو وصف كيف يختلف رسم بياني لـ y = x² عن y = 2x.","- رسم بياني
- دالة
- نقطة تقاطع
- ميل
- صورة (output)"
"Functional relationships (patterns and structures)","Other functional relationships","E","يوفر حساب التوفير فائدة بنسبة 4% تُحتسب سنويًا. إذا قمت بإيداع 1000 دينار، فكم سيكون المبلغ في الحساب بعد 3 سنوات؟ استخدم المعادلة A = P(1 + r)ⁿ","- فائدة مركبة
- المعادلة
- النسبة المئوية
- المبلغ النهائي
- المبلغ الأصلي
- الزمن"
"Functional relationships (patterns and structures)","Other functional relationships","E","دالة معطاة هي y = 100(0.85)ˣ. هل هي دالة نمو أُسي أم تناقص أُسي؟ برّر إجابتك.","- دالة أُسية
- نمو أُسي
- تناقص أُسي
- قاعدة الدالة
- المتغير المستقل
- المتغير التابع"
"Functional relationships (patterns and structures)","Other functional relationships","E","أكمل الجدول للمعادلة y = √x، عندما x = 0، 1، 4، 9، 16","- المعادلة
- الجذر التربيعي
- المتغير المستقل
- المتغير التابع"
"Functional relationships (patterns and structures)","Other functional relationships","E","حدد ما إذا كانت الدالة y = 1/x² تمثل نمواً أو انحساراً أو لا شيء عند اقتراب x من اللانهاية. برر إجابتك.","- الدالة
- النمو
- الانحسار
- اللانهاية"
"Functional relationships (patterns and structures)","Other functional relationships","F","احسب قيمة y = 1/x عندما يكون x = 0.5، 1، 2، 4. ماذا تلاحظ عندما تزداد قيمة x؟","- الدالة (Function)
- المتغير (Variable)
- قيمة (Value)
- نسبة (Ratio)
- ملاحظة (Observation)"
"Functional relationships (patterns and structures)","Other functional relationships","F","استخدم الآلة الحاسبة لتقريب قيمة س إذا كانت ٣^س = ٢٠ ","- المعادلة
- المتغير
- الأس (الرفع للأس)
- القاعدة (الأساسية في الدوال)
- التقريب"
"Functional relationships (patterns and structures)","Other functional relationships","F","نظير مشع له عمر نصف مقداره ٦ ساعات. كم يتبقى من ٢٠٠ غرام بعد ١٨ ساعة؟","- نظير مشع
- عمر نصف
- غرام
- التناقص الأسي"
"Functional relationships (patterns and structures)","Other functional relationships","F","ارسم المنحنى y = –1/x واشرح تماثله.","- منحنى
- تماثل
- دالة عمودية
- محور x
- محور y"
"Functional relationships (patterns and structures)","Other functional relationships","G","حدد ما إذا كانت الدالة f(x) = √(x – 1) معرفة عند x = 0.","- دالة
- تعريف الدالة
- جذر تربيعي
- مجال الدالة"
"Functional relationships (patterns and structures)","Other functional relationships","G","حل المعادلة التالية: log₂(x) = ٤","- اللوغاريتم
- الأساس 
- القيمة ٤"
"Functional relationships (patterns and structures)","Other functional relationships","G","قيم جا(30°) و جتا(60°) و ظا(45°).","- الزاوية
- المثلث القائم
- الزوايا المثلثية
- قيمة الزاوية
- النسب المثلثية"
"Functional relationships (patterns and structures)","Other functional relationships","G","حل النظام: ص = س² وص = 2س + 3","- نظام المعادلات
- الدالة
- المعادلة التربيعية
- المعادلة الخطية
- نقاط التقاطع
- الحلول المشتركة"
"Functional relationships (patterns and structures)","Other functional relationships","G","حدد الفترات التي تكون فيها الدالة f(x) = x² – 4x في مرحلة الزيادة.","- دالة
- فترة
- زيادة
- قيمة ثابتة
- قيم متغيرة"
"Functional relationships (patterns and structures)","Other functional relationships","G","إذا كانت f(x) = x² + 2 و g(x) = x – 1، احسب (f ∘ g)(3)","- دالة (Function)
- تركيب الدوال (Function Composition)
- قيمة x (Value of x)
- النتيجة (Output)"
"Functional relationships (patterns and structures)","Other functional relationships","H","بسط: لوغاريتم₂(٣٢) + لوغاريتم₂(٤)","- لوغاريتم
- قاعدة اللوغاريتم
- جمع اللوغاريتمات
- الأساس"
"Functional relationships (patterns and structures)","Other functional relationships","H","حدد نقاط تقاطع الدالة f(x) = (x − 1)(x + 2)(x − 3) مع محور السينات.","- نقاط التقاطع
- محور السينات
- دالة
- جذر الدالة"
"Functional relationships (patterns and structures)","Other functional relationships","H","إذا كانت دالة g(x) = √x و h(x) = x + 2، احسب تركيب الدالة g(h(x)).","- دالة
- تركيب الدالة
- الجذر التربيعي"
"Functional relationships (patterns and structures)","Other functional relationships","H","احسب قيمة y إذا كانت y = x² + ln(x) وعندما x = 2.","- الدالة (Function)
- اللوغاريتم (Logarithm)
- الأس (Exponent)
- النمط (Pattern)
- المتغير (Variable)"
"Functional relationships (patterns and structures)","Other functional relationships","H","حل المعادلة التالية لإيجاد القيمة س: لو₃(س − ١) = ٢","- لوغاريتم
- قاعدة اللوغاريتم
- معادلة
- قيمة س"
