"Topic Area","Topic","Progress Level","Exercise","Technical Terms"
"Numbers and Operations","Understanding and representing numbers","B","Write the number that comes after 48","[]"
"Numbers and Operations","Understanding and representing numbers","B","Show 28 using tens and ones","- tens
- ones"
"Numbers and Operations","Understanding and representing numbers","B","Circle all even numbers: 12, 15, 18, 21","- Even numbers"
"Numbers and Operations","Understanding and representing numbers","B","What number has 5 tens and 2 ones?","tens  
ones  
number"
"Numbers and Operations","Understanding and representing numbers","B","Fill in the blank: 40, 50, ___, 70","sequence, pattern"
"Numbers and Operations","Understanding and representing numbers","B","Write the missing number: ___, 91, 92, 93","- missing
- number"
"Numbers and Operations","Understanding and representing numbers","B","Circle all the numbers that are greater than 25: 14, 26, 30, 19","greater than"
"Numbers and Operations","Understanding and representing numbers","B","Write the number in expanded form: 46 = ___ + ___","expanded form"
"Numbers and Operations","Understanding and representing numbers","C","What is the place value of the 6 in 6,524?","- place value"
"Numbers and Operations","Understanding and representing numbers","C","Round 8,649 to the nearest hundred","- Round
- Nearest
- Hundred"
"Numbers and Operations","Understanding and representing numbers","C","How many hundreds are there in 6,400?","- Hundreds
- Representing numbers"
"Numbers and Operations","Understanding and representing numbers","C","Fill in the blank: 7,000 + 600 + ___ + 5 = 7,685","- digits
- sum"
"Numbers and Operations","Understanding and representing numbers","C","Write the smallest 4-digit number you can make using 4, 1, 8, 0.","- digit
- represent
- smallest
- number"
"Numbers and Operations","Understanding and representing numbers","C","Show the fraction (½) with a fraction bar","- Fraction
- Fraction bar"
"Numbers and Operations","Understanding and representing numbers","C","Write 234 in expanded form","- Expanded form
- Place value"
"Numbers and Operations","Understanding and representing numbers","D","Express 3.75 as a fraction","- Decimal
- Fraction
- Mixed Number"
"Numbers and Operations","Understanding and representing numbers","D","Compare using <, >, or =: 3.25 ___ 3.205","[]"
"Numbers and Operations","Understanding and representing numbers","D","Convert 27 (base 10) to base 2","- Base
- Binary"
"Numbers and Operations","Understanding and representing numbers","D","Write 0.007 as a fraction in simplest form","- Fraction
- Simplest form"
"Numbers and Operations","Understanding and representing numbers","D","Represent -5 on a number line","- integer
- number line
- negative"
"Numbers and Operations","Understanding and representing numbers","D","Convert 3/4 to a decimal","- Decimal
- Fraction"
"Numbers and Operations","Understanding and representing numbers","D","Which is closer to zero: -3 or -0.7?","- Absolute value"
"Numbers and Operations","Understanding and representing numbers","E","Write 4.56 as a fraction in simplest form","- Decimal
- Fraction
- Simplest form"
"Numbers and Operations","Understanding and representing numbers","E","Convert 125% to a decimal","percentage  
decimal"
"Numbers and Operations","Understanding and representing numbers","E","What is the absolute value of -1309?","- Absolute value"
"Numbers and Operations","Understanding and representing numbers","E","Convert 2.125 to a mixed number","- Mixed number
- Proper fraction
- Whole number"
"Numbers and Operations","Understanding and representing numbers","E","What is the place value of 6 in 3.067?","place value"
"Numbers and Operations","Understanding and representing numbers","E","Express 7/8 as a decimal","- Fraction
- Decimal"
"Numbers and Operations","Understanding and representing numbers","F","Write 3.2 × 10³ in standard form","- Standard form
- Exponential notation
- Powers of ten"
"Numbers and Operations","Understanding and representing numbers","F","Write √50 as a decimal to two decimal places","- Decimal 
- Square root 
- Approximation"
"Numbers and Operations","Understanding and representing numbers","F","Estimate the value of √65 without a calculator","- Estimate
- Square root
- Perfect square"
"Numbers and Operations","Understanding and representing numbers","F","Write 0.00072 in scientific notation","- Scientific notation 
- Decimal point 
- Exponent 
- Base"
"Numbers and Operations","Understanding and representing numbers","F","Convert 125 to binary","- Binary
- Base
- Place value
- Conversion"
"Numbers and Operations","Understanding and representing numbers","F","Is 4.333... (repeating) a rational or irrational number? Why?","- Rational number
- Irrational number
- Repeating decimal"
"Numbers and Operations","Understanding and representing numbers","F","Which number is irrational: 3.14159, 22/7, π?","- Irrational number
- Rational number"
"Numbers and Operations","Understanding and representing numbers","G","Change 5¼ to an improper fraction","- Improper fraction
- Mixed number"
"Numbers and Operations","Understanding and representing numbers","G","Plot the numbers 3/4, √2, and –1.5 on a number line","- Number line
- Rational number
- Irrational number
- Absolute value"
"Numbers and Operations","Understanding and representing numbers","G","Estimate the position of √5 on a number line","- Estimate
- Position 
- Number line"
"Numbers and Operations","Understanding and representing numbers","G","Is 11/7 closer to 1 or 2? Show your reasoning","- Fraction
- Whole number
- Approximation"
"Numbers and Operations","Understanding and representing numbers","H","Convert the decimal number 156 to binary and hexadecimal","- Binary
- Hexadecimal
- Base"
"Numbers and Operations","Understanding and representing numbers","H","Represent the hexadecimal number 1A3 in binary","- Hexadecimal
- Binary
- Representation"
"Numbers and Operations","Understanding and representing numbers","H","Write the binary number 101101.11 as a decimal","- Binary
- Decimal
- Place value
- Fractional part"
"Numbers and Operations","Understanding and representing numbers","H","Determine which of these is irrational: π, 22⁄7, √2, √16","- Irrational number
- Square root"
"Numbers and Operations","Understanding and representing numbers","H","Compare 0x2F (hex) and 47 (decimal) – are they equal?","- hexadecimal
- decimal
- equivalence"
"Numbers and Operations","Understanding and representing numbers","H","Express the repeating decimal 0.142857... as a fraction","- Repeating decimal
- Fraction
- Numerator
- Denominator"
"Numbers and Operations","Understanding and performing operations","B","What is 6 + 7? ______","none"
"Numbers and Operations","Understanding and performing operations","B","Fill in the blank: 9 + ___ = 14","- plus
- equals"
"Numbers and Operations","Understanding and performing operations","B","Find the result of 25 + 10 = ______","[]"
"Numbers and Operations","Understanding and performing operations","B","What is 6 + 6 + 6? ______","- operation
- sum"
"Numbers and Operations","Understanding and performing operations","B","A toy costs 12 dollars. You pay with a 20-dollar bill. How much change?","- cost
- change"
"Numbers and Operations","Understanding and performing operations","B","Write a number sentence for this: 'Sam has 4 apples. He gets 3 more.'","- number sentence
- more
- total"
"Numbers and Operations","Understanding and performing operations","B","Choose the number sentence that equals 12: A) 8 + 4 B) 5 + 5 C) 6 + 3","[]"
"Numbers and Operations","Understanding and performing operations","B","Which is more: 4 + 3 or 9 – 2? ______","- more
- less
- total"
"Numbers and Operations","Understanding and performing operations","C","Find the result of 324 + 178 = ___","- sum
- addition"
"Numbers and Operations","Understanding and performing operations","C","Find the result of 5,000 − 1,237 = ___","- subtraction
- difference
- digits"
"Numbers and Operations","Understanding and performing operations","C","Find the result of 36 × 4 = ___","- product 
- multiplication"
"Numbers and Operations","Understanding and performing operations","C","Find the result of 48 ÷ 6 = ___","- Division
- Quotient"
"Numbers and Operations","Understanding and performing operations","C","What is the remainder when 25 is divided by 4?","- remainder
- divided"
"Numbers and Operations","Understanding and performing operations","D","Use standard algorithm for 234×12","[]"
"Numbers and Operations","Understanding and performing operations","D","Use long division to divide: 75.6 ÷ 3.2","- Decimal
- Dividend
- Divisor
- Quotient"
"Numbers and Operations","Understanding and performing operations","D","Multiply: ¾ × ⅖","- Numerator
- Denominator
- Product"
"Numbers and Operations","Understanding and performing operations","D","Find the quotient: 9 ½ ÷ 3","- Quotient  
- Divisor  
- Mixed number"
"Numbers and Operations","Understanding and performing operations","D","Add: 2 1/3 + 4 2/3","- Mixed number
- Improper fraction
- Common denominator"
"Numbers and Operations","Understanding and performing operations","E","Use the associative property to simplify: (x + 5) + 7","- Associative Property"
"Numbers and Operations","Understanding and performing operations","E","A shirt costing €40 is on sale for 25% off. How much is the discount?","- percentage  
- discount"
"Numbers and Operations","Understanding and performing operations","E","A restaurant bill is €72. What is a 10% tip?","percentage, tip"
"Numbers and Operations","Understanding and performing operations","F","Add: (–3/4) + (2/5)","- Common denominator
- Mixed number
- Improper fraction"
"Numbers and Operations","Understanding and performing operations","F","Perform: 3(2 + 5) – 4(1 – 2)","- distributive property
- parentheses
- operation"
"Numbers and Operations","Understanding and performing operations","F","Simplify: (–4)² + 3³ – 5²","- exponent
- simplify
- order of operations"
"Numbers and Operations","Understanding and performing operations","F","Simplify: [(4/5) + (1/2)] ÷ (3/10)","- Simplify
- Common denominator"
"Numbers and Operations","Understanding and performing operations","F","What is the value of –√36?","- Square root
- Negative number"
"Numbers and Operations","Understanding and performing operations","F","Multiply: (–0.6) × (–2.5)","- Negative numbers
- Multiplication of negative numbers
- Product"
"Numbers and Operations","Understanding and performing operations","G","Simplify 3² × 3⁴ using exponent rules","- Exponent
- Base
- Product of Powers Rule"
"Numbers and Operations","Understanding and performing operations","G","Simplify (2x⁵)³","- Exponent
- Base
- Power"
"Numbers and Operations","Understanding and performing operations","G","Multiply and simplify: (3x²/2y)(4y²/9x)","- Coefficient
- Polynomial
- Simplification
- Fraction"
"Numbers and Operations","Understanding and performing operations","G","Rationalize the denominator: 3 / √5","- Rationalize
- Denominator"
"Numbers and Operations","Understanding and performing operations","H","Simplify: (2x² − 8)⁄(x² − 4)","- Factor
- Polynomial
- Common factors"
"Numbers and Operations","Understanding and performing operations","H","Simplify: (5√12 + 3√27)⁄√3","- Radical
- Simplify
- Coefficient"
"Numbers and Operations","Understanding and performing operations","H","Expand and simplify (a + b + c)²","- Expand
- Simplify
- Quadratic"
"Numbers and Operations","Understanding and performing operations","H","Evaluate 2⁵ mod 7","- Evaluate
- Modulo"
"Numbers and Operations","Ordering numbers","B","Write these numbers in order from smallest to largest: 42, 15, 37","- smallest
- largest
- order"
"Numbers and Operations","Ordering numbers","B","Circle the largest number: 63, 56, 61","- largest  
- order"
"Numbers and Operations","Ordering numbers","B","Put these in order: 100, 10, 50","- order
- greatest
- least"
"Numbers and Operations","Ordering numbers","B","Which number does not belong? 41, 43, 46, 45","- belong
- order"
"Numbers and Operations","Ordering numbers","B","Circle the numbers that are in the correct order: A) 34, 36, 35 B) 22, 24, 26","- correct order"
"Numbers and Operations","Ordering numbers","C","Put these numbers in order from least to greatest: 4,209; 3,892; 4,102","- order
- least
- greatest"
"Numbers and Operations","Ordering numbers","C","Write these in descending order: 5,000; 5,300; 4,900; 5,100","- descending order"
"Numbers and Operations","Ordering numbers","C","Fill in the blank: 2,345 < ___ < 2,789","- Less than
- Greater than"
"Numbers and Operations","Ordering numbers","D","Round 345.67 to nearest whole/tenth","- nearest
- whole
- tenth"
"Numbers and Operations","Ordering numbers","D","Place these numbers on a number line: -1, ½, 0.25, -0.75","- number line
- ordering
- negative numbers
- fractions
- decimal numbers"
"Numbers and Operations","Ordering numbers","D","Arrange from greatest to least: -5, 7, -2, -8, 0","- Greatest
- Least
- Arrange"
"Numbers and Operations","Ordering numbers","D","Fill in the blank: ___ < 0.5 < ¾","- fraction
- numerator
- denominator
- decimal"
"Numbers and Operations","Ordering numbers","D","Order the fractions: 5/6, 2/3, 3/4","- Fractions
- Numerator
- Denominator
- Equivalent fractions"
"Numbers and Operations","Ordering numbers","E","Arrange in descending order: ¾, 0.66, 2/3","- Descending order
- Equivalent fractions"
"Numbers and Operations","Ordering numbers","E","Round €13.78, €13.21, and €13.50 to the nearest whole euro, then order them","- Round
- Whole number 
- Nearest"
"Numbers and Operations","Ordering numbers","E","Sort: 3/4, 0.79, 76%","- Percent
- Decimal
- Fraction"
"Numbers and Operations","Ordering numbers","F","Compare: 3² ___ 2³","- Exponent
- Base"
"Numbers and Operations","Ordering numbers","F","Place on number line: π, 3.14, √10","- irrational number 
- square root 
- approximation"
"Numbers and Operations","Ordering numbers","F","True or False: √3 > 1.7","- Square root
- Comparison"
"Numbers and Operations","Ordering numbers","F","Order from greatest to least: √11, 3.3, 10/3","- Square root
- Decimal
- Fraction"
"Numbers and Operations","Ordering numbers","G","Determine if x < y < z holds for x = 0.66, y = 2/3, z = 67%","- Inequality
- Decimal
- Fraction
- Percent"
"Numbers and Operations","Ordering numbers","G","Write an inequality statement comparing x = –3, y = 1, z = 4","- Inequality  
- Compare  
- Statement"
"Numbers and Operations","Ordering numbers","G","Order the following from greatest to least: 4², 2⁴, and 16","- Exponentiation 
- Base 
- Power 
- Value"
"Numbers and Operations","Ordering numbers","H","Arrange 2i, 3 + 2i, 3 − i by magnitude","- Magnitude
- Complex numbers
- Absolute value"
"Numbers and Operations","Ordering numbers","H","Order the complex numbers i, −1 + i, 2i based on modulus","- Complex numbers
- Modulus"
"Numbers and Operations","Ordering numbers","H","Order the following: log₂ 3, log₃ 2, log₅ 5","- logarithm"
"Numbers and Operations","Ordering numbers","H","Place ∛5, ∛6, 2 on a number line","- Cube root
- Number line
- Irrational numbers"
"Numbers and Operations","Ordering numbers","H","Order the following numbers: 0b1010, 0xF, 13 (binary, hex, decimal)","- binary
- hexadecimal
- decimal"
"Numbers and Operations","Applying Calculation Strategies","B","Use a number line to Find the result of 9 + 6 = ______","- number line  
- result"
"Numbers and Operations","Applying Calculation Strategies","B","Solve the following by adding tens and ones: 27 + 35","- Tens
- Ones
- Sum"
"Numbers and Operations","Applying Calculation Strategies","B","Show the sum of the following by making the nearest ten: 46 + 9","sum, nearest ten"
"Numbers and Operations","Applying Calculation Strategies","C","What strategy would you use to solve 400 − 198 quickly?","- Strategy
- Calculation"
"Numbers and Operations","Applying Calculation Strategies","C","What is a good estimate for 612 ÷ 9?","- estimate
- quotient"
"Numbers and Operations","Applying Calculation Strategies","C","Use repeated addition to Find the result of 7 × 6 = ___","- Repeated addition
- Factor
- Product"
"Numbers and Operations","Applying Calculation Strategies","C","Use doubling and halving: 25 × 8 = ___","doubling  
halving"
"Numbers and Operations","Applying Calculation Strategies","C","What two steps would you use to solve 75 × 12?","- Multiplication
- Factor
- Distributive property"
"Numbers and Operations","Applying Calculation Strategies","C","Use rounding to estimate: 51 × 19, then verify","- Estimation
- Rounding
- Product"
"Numbers and Operations","Applying Calculation Strategies","C","Break apart to multiply: 23 × 4 = ___","Break apart, multiply"
"Numbers and Operations","Applying Calculation Strategies","D","Estimate the product of 398 × 52 by rounding both numbers, then calculate the exact answer to verify","- Estimate
- Product
- Round"
"Numbers and Operations","Applying Calculation Strategies","D","Subtract: −15 − (−8)","- negative number  
- parentheses  
- subtraction"
"Numbers and Operations","Applying Calculation Strategies","D","Apply the order of operations: 6 + 3 × (8 − 5)²","- operations
- parentheses
- exponent
- result"
"Numbers and Operations","Applying Calculation Strategies","D","Use long division to solve: 3,672 ÷ 16","- divisor
- dividend
- quotient
- remainder"
"Numbers and Operations","Applying Calculation Strategies","E","A jacket costs €80 and is discounted by 25%, then taxed at 10%. What’s the final price?","- Discount
- Percent
- Tax"
"Numbers and Operations","Applying Calculation Strategies","E","Estimate the total cost of €7.85, €12.49, and €4.30 by rounding to the nearest euro","- Estimate
- Round
- Nearest"
"Numbers and Operations","Applying Calculation Strategies","E","A laptop originally costs €850 and goes on sale for 20% off. Then, a €50 coupon is applied. What is the final price?","- percentage
- discount
- coupon"
"Numbers and Operations","Applying Calculation Strategies","E","Use compensation to quickly solve: 199 + 68","- Compensation
- Estimation"
"Numbers and Operations","Applying Calculation Strategies","F","Use prime factorization to find the GCD of 36 and 60","- Prime factorization
- GCD (Greatest Common Divisor)"
"Numbers and Operations","Applying Calculation Strategies","F","Find the LCM of 18 and 24 using prime factors","- LCM (Least Common Multiple)
- Prime Factors"
"Numbers and Operations","Applying Calculation Strategies","F","Evaluate: (2² × 3³) ÷ (2 × 3²)","- Exponent
- Base
- Multiplication
- Division"
"Numbers and Operations","Applying Calculation Strategies","F","Use powers of 10: What is 3.26 × 1000?","- Powers of 10
- Exponential notation"
"Numbers and Operations","Applying Calculation Strategies","G","Use exponent rules to simplify ((3x⁻²)/(x³))²","- Exponent
- Base
- Power
- Linear expression"
"Numbers and Operations","Applying Calculation Strategies","G","Determine whether multiplying by reciprocal or long division is better for 5/6 ÷ 2/3","- Reciprocal
- Division
- Multiplication"
"Numbers and Operations","Applying Calculation Strategies","G","Approximate √17 by using nearby perfect squares","- Approximation
- Perfect square
- Square root"
"Numbers and Operations","Applying Calculation Strategies","G","Use the difference of squares to simplify 100² – 99²","- Difference of squares
- Simplify"
"Numbers and Operations","Applying Calculation Strategies","H","Use a² − b² to compute 102² − 98²","- Difference of squares"
"Numbers and Operations","Applying Calculation Strategies","H","Apply modular arithmetic to determine the day of the week 100 days from Wednesday","- Modular arithmetic
- Remainder"
"Numbers and Operations","Applying Calculation Strategies","H","Use binomial expansion to estimate (1.01)²","- Binomial
- Expansion
- Estimate"
"Geometry","spatial orientation and positional relationships","B","Identify left/right in classroom","- left
- right"
"Geometry","spatial orientation and positional relationships","B","Draw a triangle inside the rectangle","- triangle
- rectangle
- inside"
"Geometry","spatial orientation and positional relationships","B","Color the third shape from the right","- shape
- right"
"Geometry","spatial orientation and positional relationships","B","Put an X on the bottom left corder of the paper","- Corner
- Bottom
- Position"
"Geometry","spatial orientation and positional relationships","C","If the robot faces north and turns 90° right, which way is it facing?","- degrees
- turn"
"Geometry","spatial orientation and positional relationships","C","If you rotate the arrow 180°, where does it point?","- rotate
- degrees
- point"
"Geometry","spatial orientation and positional relationships","D","Which direction is a 90° clockwise turn from north?","- clockwise
- direction
- 90° 
- north"
"Geometry","spatial orientation and positional relationships","D","What quadrant is the point (−3, 4) in?","- Quadrant
- Coordinate plane
- Axis
- Origin"
"Geometry","spatial orientation and positional relationships","D","If point B is at (2, 3), what are its new coordinates after moving 4 units down?","- coordinates  
- units  
- down  
- positional relationships"
"Geometry","spatial orientation and positional relationships","D","A city is 3 cm east of the airport on the map. How far is that in kilometers if the scale is 1 cm = 10 km?","- scale
- kilometers
- east"
"Geometry","spatial orientation and positional relationships","D","On a map, the school is located at the center. The library is northeast of the school. Which two directions describe that movement?","- Northeast
- Direction"
"Geometry","spatial orientation and positional relationships","D","You travel 20 km south, then 15 km east. Which direction have you moved overall?","- orientation
- overall direction"
"Geometry","spatial orientation and positional relationships","E","Describe the effect of a translation (x, y) → (x + 2, y − 3)","- translation
- coordinates
- vector"
"Geometry","spatial orientation and positional relationships","E","A delivery robot moves from (0, 0) to (4, 0), then up to (4, 3). What are the coordinates after both moves?","- coordinates
- moves
- spatial orientation
- positional relationships"
"Geometry","spatial orientation and positional relationships","E","On a city grid, a taxi starts at (3, 3) and follows this route: left 2 blocks, up 1, right 5, down 4. Where does it end?","- grid
- coordinate
- block
- direction"
"Geometry","spatial orientation and positional relationships","E","Describe the transformation: (x, y) → (–x, y)","- transformation
- spatial orientation
- positional relationships"
"Geometry","spatial orientation and positional relationships","F","A point moves from A(2, 3) to B(7, –2). Express this movement as a vector","- Vector
- Coordinates
- Direction"
"Geometry","spatial orientation and positional relationships","F","Find the midpoint of the segment connecting (4, –1) and (–2, 5)","- Midpoint
- Segment
- Coordinate plane
- Coordinates"
"Geometry","spatial orientation and positional relationships","F","If a robot follows the vector ⟨3, –4⟩ from (1, 2), where does it end up?","- vector
- spatial orientation
- positional relationships"
"Geometry","spatial orientation and positional relationships","F","A drone flies 4 units north, then 3 units west. What is its displacement vector?","- displacement vector
- units
- north
- west"
"Geometry","spatial orientation and positional relationships","F","Rotate the vector ⟨2, 1⟩ by 90° counterclockwise. What is the new vector?","- vector
- rotate
- counterclockwise"
"Geometry","spatial orientation and positional relationships","G","Identify the coordinates of point B after rotating point A(2, 3) 90° clockwise about the origin","- Coordinates
- Rotation
- Clockwise
- Origin"
"Geometry","spatial orientation and positional relationships","G","Explain how to move from point A(0,0,0) to point B(3,2,5) in 3D space","- Coordinate system
- Axes
- Origin
- Direction vector
- Distance formula"
"Geometry","spatial orientation and positional relationships","G","Determine whether triangle ABC with A(1,1), B(3,4), C(5,7) is right-angled","- Right-angled triangle
- Vertices
- Pythagorean theorem
- Distance formula
- Slope"
"Geometry","spatial orientation and positional relationships","G","A point is 2 units from both A(2,3) and B(6,3). Describe its possible locations","- coordinates
- distance
- plane
- segment
- locus"
"Geometry","spatial orientation and positional relationships","H","Represent a cube's diagonal as a vector in 3D given vertices at (0,0,0) and (1,1,1)","- Vector
- Diagonal
- 3D coordinate system
- Vertex
- Spatial orientation"
"Geometry","spatial orientation and positional relationships","H","Determine the angle between two 3D vectors: v₁ = (1,2,3) and v₂ = (4,−1,0)","- vector
- angle
- dot product
- magnitude"
"Geometry","spatial orientation and positional relationships","H","Find the coordinates of a point after rotating it 90° around the z-axis in 3D space","- Coordinates
- Rotation
- Z-axis
- 3D space
- Spatial orientation"
"Geometry","spatial orientation and positional relationships","H","Describe the line of intersection between the planes x + y + z = 3 and x − y = 1","- Plane
- Line of intersection
- Spatial orientation"
"Geometry","spatial orientation and positional relationships","H","Find the projection of vector v = (3,4,0) onto u = (1,0,0)","- vector
- projection
- spatial orientation
- components"
"Geometry","spatial orientation and positional relationships","H","Find a vector perpendicular to both (1,2,3) and (4,5,6)","- Vector
- Perpendicular
- Cross product"
"Geometry","properties and relationships of figures and solids","B","How many corners does a triangle have?","- corners
- triangle"
"Geometry","properties and relationships of figures and solids","B","Which shape has no straight sides?","- shape
- sides"
"Geometry","properties and relationships of figures and solids","B","What’s the difference between a square and a rectangle?","- sides
- corners
- equal"
"Geometry","properties and relationships of figures and solids","B","Draw a shape with 3 corners and 3 sides.","- shape
- corners
- sides"
"Geometry","properties and relationships of figures and solids","B","Name two shapes that have only straight sides.","polygon"
"Geometry","properties and relationships of figures and solids","C","How many sides does a hexagon have?","[]"
"Geometry","properties and relationships of figures and solids","C","How many edges does a cube have?","- edge
- cube"
"Geometry","properties and relationships of figures and solids","C","True or false: A rectangle is always a parallelogram.","- Rectangle
- Parallelogram"
"Geometry","properties and relationships of figures and solids","C","Circle the figure that is not a polygon: triangle, square, circle","- polygon
- figure"
"Geometry","properties and relationships of figures and solids","C","Which figure has opposite sides that are equal and parallel?","- figure
- opposite
- parallel"
"Geometry","properties and relationships of figures and solids","C","Draw a quadrilateral that is not a square.","- Quadrilateral
- Properties"
"Geometry","properties and relationships of figures and solids","D","Can a triangle have two obtuse angles? Why or why not?","- Obtuse angle
- Triangle
- Angles
- Sum of angles"
"Geometry","properties and relationships of figures and solids","D","How many vertices does a triangular pyramid have?","- vertices
- triangular pyramid"
"Geometry","properties and relationships of figures and solids","D","Find the sum of interior angles in a pentagon.","- interior angles
- pentagon"
"Geometry","properties and relationships of figures and solids","D","Calculate the missing angle: A triangle has two angles of 45° and 70°.","- Triangle
- Angle
- Degrees"
"Geometry","properties and relationships of figures and solids","E","A triangle has angles 40° and 65°. What is the third angle?","- angle 
- triangle 
- sum of angles"
"Geometry","properties and relationships of figures and solids","E","A triangle has side lengths 6 cm, 6 cm, and 4 cm. Classify the triangle by its sides.","isosceles, classification"
"Geometry","properties and relationships of figures and solids","E","A quadrilateral has three angles measuring 90°, 85°, and 95°. What is the fourth angle?","- Quadrilateral
- Angles
- Supplementary"
"Geometry","properties and relationships of figures and solids","E","Find the sum of the interior angles in a hexagon.","interior angles, hexagon, polygon"
"Geometry","properties and relationships of figures and solids","F","Explain why a square is both a rectangle and a rhombus","- Quadrilateral
- Parallel sides
- Congruent
- Right angles
- Diagonal"
"Geometry","properties and relationships of figures and solids","F","Determine whether a triangle with sides 5 cm, 7 cm, and 11 cm is acute, right, or obtuse","- acute triangle
- right triangle
- obtuse triangle
- triangle inequality theorem"
"Geometry","properties and relationships of figures and solids","F","Compare the volume of a cube of edge 4 to a cuboid of dimensions 4×4×2","- Volume
- Cube
- Cuboid
- Edge
- Dimensions"
"Geometry","properties and relationships of figures and solids","F","Compare the surface area of a cube and a sphere of equal volume","- Surface area
- Volume
- Cube
- Sphere
- Relationship (in the context of comparison)"
"Geometry","properties and relationships of figures and solids","G","Describe the cross-section formed by slicing a cylinder vertically","- Cross-section
- Vertical slice 
- Cylinder 
- Edge 
- Base"
"Geometry","properties and relationships of figures and solids","G","Apply Euler’s formula to a prism with 9 faces","- Euler’s formula
- Faces
- Vertices
- Edges"
"Geometry","properties and relationships of figures and solids","G","Identify the type of quadrilateral where diagonals bisect each other at right angles","quadrilateral, diagonals, bisect, right angles"
"Geometry","properties and relationships of figures and solids","G","A triangle has sides 5 cm, 12 cm, and angle between them is 60°; use Law of Cosines to find area","- Law of Cosines
- Area
- Angle"
"Geometry","properties and relationships of figures and solids","H","Prove that the opposite angles in a cyclic quadrilateral are supplementary","- Cyclic quadrilateral
- Supplementary angles
- Opposite angles
- Inscribed angle theorem"
"Geometry","properties and relationships of figures and solids","H","Given four points in 3D space, determine if they lie on the same plane","- Coplanar
- Scalar triple product
- Vector representation"
"Geometry","properties and relationships of figures and solids","H","Prove that the centroid of a triangle divides each median in a 2:1 ratio using coordinates","- Centroid
- Median
- Coordinate system
- Ratio"
"Geometry","Designs and Drawings","B","Draw a square and divide it into 4 equal parts","- Square
- Equal parts"
"Geometry","Designs and Drawings","B","Use a ruler to draw a triangle with 3 straight sides","- Triangle  
- Straight sides  
- Ruler"
"Geometry","Designs and Drawings","B","Use a ruler to draw a straight line 6 cm long","- ruler
- straight line
- centimeter"
"Geometry","Designs and Drawings","B","Which of these shapes can you make using only straight lines?","- shapes 
- straight lines"
"Geometry","Designs and Drawings","C","Draw a triangle with one right angle","- triangle
- right angle"
"Geometry","Designs and Drawings","C","Use a protractor to draw an angle of 45°.","- Protractor
- Angle"
"Geometry","Designs and Drawings","C","Sketch a cube using dashed lines for hidden edges.","- Cube
- Edges
- Dashed lines"
"Geometry","Designs and Drawings","C","Draw a triangle and label its vertices A, B, and C","- Triangle
- Vertices"
"Geometry","Designs and Drawings","D","Draw a triangle with angles measuring 40°, 60°, and 80°, using a protractor","- Angle
- Protractor
- Triangle"
"Geometry","Designs and Drawings","D","Use a ruler and compass to bisect the given angle","- Bisect
- Angle"
"Geometry","Designs and Drawings","D","Construct a regular hexagon using only a compass and straightedge","- Regular polygon
- Compass
- Straightedge"
"Geometry","Designs and Drawings","D","Draw a triangle with sides 4 cm, 4 cm, and 6 cm — what type of triangle is it?","- Isosceles
- Base
- Vertex"
"Geometry","Designs and Drawings","E","Construct an angle of 90° using only a compass and straightedge","- Angle
- Compass
- Straightedge
- Perpendicular"
"Geometry","Designs and Drawings","E","Construct a line parallel to a given line through a point not on the line","- Parallel
- Line
- Given
- Point"
"Geometry","Designs and Drawings","E","Using a grid, draw a triangle and reflect it over the x-axis","- Reflect
- Axis"
"Geometry","Designs and Drawings","E","Use compass and straightedge to inscribe a circle inside a triangle","inscribe"
"Geometry","Designs and Drawings","E","Using ruler and compass: construct a parallelogram with side AB = 6 cm, side AD = 4 cm, and angle ∠DAB = 60°.","- Parallelogram
- Construct
- Angle"
"Geometry","Designs and Drawings","E","Sketch a circle and mark its center, radius, diameter, and a chord","- Radius
- Diameter
- Chord"
"Geometry","Designs and Drawings","F","On a grid, draw a parallelogram given three vertices: A(1,1), B(4,1), C(5,3)","- Vertex
- Parallelogram
- Coordinate Grid
- Translation"
"Geometry","Designs and Drawings","F","Draw a triangle with sides 5 cm, 7 cm, and 8 cm using only a compass and ruler","- Triangle
- Compass
- Ruler
- Side lengths 
- Vertex"
"Geometry","Designs and Drawings","F","Create a scaled drawing of a triangle with sides in the ratio 3:4:5","- Ratio
- Scaled drawing
- Triangle"
"Geometry","Designs and Drawings","G","Draw the circumcircle of the given triangle","- Circumcircle
- Triangle
- Vertex
- Radius
- Perpendicular bisector"
"Geometry","Designs and Drawings","G","Draw a triangle with angles ∠A = 40°, ∠B = 65°, and included side AB = 7 cm","- Included side
- Angles
- Triangle"
"Geometry","Designs and Drawings","G","Use geometric loci to construct the region that is equidistant from the points A(2, 3) and B(8, 3).","- Locus
- Equidistant
- Point (in the context of coordinates)"
"Geometry","Designs and Drawings","H","Use a compass to divide a circle into 6 equal arcs","- Compass
- Arc
- Equal Division
- Central Angle"
"Geometry","Designs and Drawings","H","Draw the angle bisector of ∠ABC and mark its intersection with a side","- Angle bisector
- Intersection"
"Geometry","Designs and Drawings","H","Construct a triangle with base 8 cm, height 5 cm, and vertex angle 40°","- Vertex angle
- Base
- Height
- Construction"
"Geometry","symmetries and mappings","B","Circle the shapes that are symmetrical.","- symmetrical
- shapes"
"Geometry","symmetries and mappings","B","Color the matching halves the same color","- halves
- matching
- color"
"Geometry","symmetries and mappings","B","Which letters are symmetrical? A, B, C, D, E","symmetrical"
"Geometry","symmetries and mappings","B","Draw the shape you get when the square is flipped over a line.","flip  
line  
square  
shape"
"Geometry","symmetries and mappings","C","Which shape has more than one line of symmetry: square, rectangle, or triangle?","- symmetry
- line of symmetry"
"Geometry","symmetries and mappings","C","True or false: A circle has infinite lines of symmetry.","- symmetry
- line of symmetry"
"Geometry","symmetries and mappings","C","If a shape has only one line of symmetry, name one example.","- symmetry
- line of symmetry"
"Geometry","symmetries and mappings","C","Which figure is symmetrical: kite, parallelogram, trapezoid?","- symmetrical
- figure"
"Geometry","symmetries and mappings","D","Rotate the point (1, 4) 90° clockwise around the origin","- Rotate
- Clockwise
- Origin"
"Geometry","symmetries and mappings","D","Map the point (2, 3) after reflecting it across the x-axis","- Reflect
- x-axis"
"Geometry","symmetries and mappings","D","Translate point A(2, 3) 4 units right and 2 units down","- Translate
- Coordinates
- Right
- Down"
"Geometry","symmetries and mappings","D","How many lines of symmetry does a regular triangle have?","- Lines of symmetry
- Regular triangle"
"Geometry","symmetries and mappings","D","Does a rectangle have rotational symmetry of 180°?","- rotational symmetry 
- rectangle 
- 180°"
"Geometry","symmetries and mappings","D","How many degrees of rotation leave a square looking the same?","- rotation
- degrees
- symmetry"
"Geometry","symmetries and mappings","E","Identify all lines of symmetry in a regular hexagon","- symmetry
- regular hexagon
- line of symmetry"
"Geometry","symmetries and mappings","E","Which transformation preserves distance and angle: translation, dilation, or skewing?","- transformation
- preserve
- dilation
- skewing"
"Geometry","symmetries and mappings","F","Rotate the triangle with vertices A(1, 2), B(3, 2), C(2, 4) by 180° about the origin","- Rotate
- Triangle
- Vertices
- Origin"
"Geometry","symmetries and mappings","F","Draw the image of a triangle after reflecting over the line y = x","- Reflection
- Line of symmetry
- Coordinate plane
- Image"
"Geometry","symmetries and mappings","F","Translate point P(–3, 5) by vector ⟨4, –2⟩","- Translate
- Vector
- Coordinates"
"Geometry","symmetries and mappings","F","Triangle ABC has vertices A(1, 2), B(4, 2), and C(3, 5). Triangle A′B′C′ has vertices A′(–1, 2), B′(–4, 2), and C′(–3, 5). Describe the transformation that maps triangle ABC to triangle A′B′C′.","- transformation
- vertices
- mapping
- coordinates
- reflection"
"Geometry","symmetries and mappings","G","Write the 2×2 matrix that performs a 90° clockwise rotation about the origin","- Matrix
- Rotation
- Origin"
"Geometry","symmetries and mappings","G","Apply the inverse of the matrix [[2, 0], [0, 2]] to the point (8, –4) and find the resulting coordinates","- matrix
- inverse
- coordinates"
"Geometry","symmetries and mappings","G","Square A has vertices at (0,0), (0,2), (2,2), (2,0); square B has vertices at (1,1), (1,3), (3,3), (3,1). Describe the transformation mapping A to B","- Transformation
- Mapping
- Vertices
- Symmetry"
"Geometry","symmetries and mappings","G","Shape A has vertex (1, 1) mapped to (–1, –1) under a rotation; find the center of rotation assuming a 180° turn","- vertex
- mapping
- rotation
- center of rotation"
"Geometry","symmetries and mappings","H","List all 8 symmetries (4 rotations, 4 reflections) that leave a square with vertices at (±1, ±1) unchanged","- Rotation
- Reflection
- Symmetry
- Mapping"
"Geometry","symmetries and mappings","H","Determine the order of the symmetry group of a regular hexagon with side length 5 cm","- symmetry group
- order of a group
- regular polygon
- rotational symmetry
- reflectional symmetry"
"Geometry","symmetries and mappings","H","Apply the matrix [[1, 0], [0, –1]] to triangle DEF with vertices D(2, 1), E(4, 3), F(2, 4), and give the coordinates of the image","- Matrix
- Vertices
- Coordinates
- Transformation"
"Geometry","measuring and calculating","B","Measure the line in centimeters: ______ cm","- line
- centimeters"
"Geometry","measuring and calculating","B","How many steps from the door to your seat? ______","[]"
"Geometry","measuring and calculating","B","Circle the unit you would use to measure a book: A) liters B) meters C) centimeters","- unit 
- measure 
- centimeters 
- meters"
"Geometry","measuring and calculating","C","What is the perimeter of a rectangle with sides 6 cm and 4 cm?","- perimeter
- rectangle"
"Geometry","measuring and calculating","C","Find the area of a square with side length 5 cm.","- Area
- Square
- Side length"
"Geometry","measuring and calculating","C","A shape has an area of 36 cm² and a length of 6 cm. What is its width?","- Area
- Width"
"Geometry","measuring and calculating","C","Is a 45° angle smaller or larger than a right angle?","- Angle 
- Right Angle 
- Degrees"
"Geometry","measuring and calculating","D","Find the perimeter of a rectangle with length 8 cm and width 5 cm.","- Perimeter
- Rectangle"
"Geometry","measuring and calculating","D","What is the volume of a cube with side length 4 cm?","- Volume
- Cube
- Side length"
"Geometry","measuring and calculating","D","A square has an area of 36 cm² — what is the length of one side?","- Area
- Square
- Side length"
"Geometry","measuring and calculating","D","Measure and draw an angle of 60°","- Angle
- Degree
- Protractor"
"Geometry","measuring and calculating","D","Find the circumference of a circle with diameter 10 cm (use π ≈ 3.14)","- Circumference  
- Diameter  
- π (pi)"
"Geometry","measuring and calculating","D","How much water fits in a box that is 10 cm long, 6 cm wide, and 4 cm high?","- volume 
- capacity 
- length 
- width 
- height"
"Geometry","measuring and calculating","D","A right triangle has legs of 3 cm and 4 cm — find the hypotenuse.","- Triangle
- Right Triangle
- Legs
- Hypotenuse
- Pythagorean Theorem"
"Geometry","measuring and calculating","E","A circle has a radius of 7 cm. Find the circumference using π ≈ 3.14","- Circumference
- Radius
- π (Pi)"
"Geometry","measuring and calculating","E","A circle has a circumference of 18π cm. What is its radius?","- Circumference
- Radius
- Pi (π)"
"Geometry","measuring and calculating","E","A chord of 6 cm lies 2 cm from the center of a circle. Find the radius of the circle","- chord
- radius
- distance from center"
"Geometry","measuring and calculating","E","Find the area of a rectangle (10 cm × 6 cm) combined with a triangle (base 10 cm, height 4 cm) placed on top.","- Area
- Rectangle
- Triangle
- Base
- Height"
"Geometry","measuring and calculating","E","Calculate the volume of a cylinder with radius 5 cm and height 8 cm using V = πr²h","- Volume
- Radius
- Height
- π (pi)"
"Geometry","measuring and calculating","E","A shape has two equal semicircles on each end of a rectangle (6 cm × 2 cm). Find the total perimeter.","- Semicircle
- Perimeter"
"Geometry","measuring and calculating","E","Use the Pythagorean Theorem to find the hypotenuse of a right triangle with legs 6 cm and 8 cm","- hypotenuse
- right triangle"
"Geometry","measuring and calculating","F","A cylinder has height 6 cm and radius 4 cm. Find its surface area using the formula SA = 2πr² + 2πrh.","- Cylinder
- Surface area
- Radius
- Height
- π (pi)"
"Geometry","measuring and calculating","F","Find the volume of a cone with radius 3 cm and height 8 cm","- Volume
- Cone
- Radius
- Height"
"Geometry","measuring and calculating","F","A rectangular prism has dimensions 5×4×3. Find its volume and surface area","- Rectangular prism
- Volume
- Surface area
- Dimensions"
"Geometry","measuring and calculating","F","Use trigonometry: In a right triangle, find sin(θ) if opposite = 5 and hypotenuse = 13","- sine
- opposite side
- hypotenuse
- right triangle"
"Geometry","measuring and calculating","F","A triangle has sides 7, 24, and 25 cm. Prove it is a right triangle","- hypotenuse
- Pythagorean theorem"
"Geometry","measuring and calculating","G","In triangle ABC, angle A = 40°, angle B = 65°, and side a = 10 cm. Use the law of sines to find side b","- Law of sines
- Angle
- Side"
"Geometry","measuring and calculating","G","In triangle XYZ, side x = 6 cm, side y = 7 cm, and angle Z = 60°. Use the law of cosines to find side z","- side
- angle
- law of cosines"
"Geometry","measuring and calculating","G","Calculate the surface area of a sphere with radius 6 cm","- Surface area
- Sphere
- Radius
- Pi"
"Geometry","measuring and calculating","G","A circle has a radius of 10 cm. Find the length of an arc subtended by a 60° angle","- Arc length
- Subtended angle
- Radian (if relevant to context)"
"Geometry","measuring and calculating","G","Find the perimeter of a triangle with vertices at A(0, 0), B(3, 4), and C(6, 0)","- Perimeter
- Vertex
- Coordinate system
- Distance formula"
"Geometry","measuring and calculating","G","Two chords intersect in a circle forming an angle of 35°. If the arcs opposite are 80° and 50°, find the angle between the chords","- Chord
- Angle
- Arc 
- Circle"
"Geometry","measuring and calculating","H","Calculate the surface area of a sphere inscribed in a cube with side 6 cm","- Inscribed
- Surface area
- Sphere
- Cube
- Radius"
"Geometry","measuring and calculating","H","Determine the angle between the planes x + y + z = 0 and x − y = 0","- Plane
- Angle
- Normal vector"
"Geometry","measuring and calculating","H","If angle A satisfies sin²A + cos²A = 1 and tanA = 3⁄4, find angle A in degrees","- sine
- cosine
- tangent
- trigonometric identities"
"Geometry","measuring and calculating","H","Determine the distance between skew lines L₁: (1,2,3) + t(1,0,–1) and L₂: (0,1,0) + s(1,1,1)","- Skew lines
- Vector representation
- Distance between lines
- Normal vector
- Cross product"
"Geometry","measuring and calculating","H","Approximate the shortest distance between Paris (49°N, 2°E) and Cairo (30°N, 31°E) on Earth’s surface","- Great circle
- Latitude
- Longitude
- Spherical distance"
"Geometry","measuring and calculating","H","A tree casts a 15 m shadow at a 35° angle of elevation; find its height using trigonometry","- angle of elevation
- trigonometry
- tangent (tan)"
"Sizes and measurement","Record and compare sizes","B","Is 1 meter longer or shorter than 50 cm? ______","- Meter
- Centimeter
- Longer
- Shorter"
"Sizes and measurement","Record and compare sizes","B","Use <, >, or = to compare: 45 cm ___ 54 cm","<, >, ="
"Sizes and measurement","Record and compare sizes","B","Estimate: Is your desk about 1 meter or 10 meters long? ______","- estimate  
- meter  
- long"
"Sizes and measurement","Record and compare sizes","B","A bottle holds 1 liter of juice. If you drink half, how much is left? ______ liters","half  
liters"
"Sizes and measurement","Record and compare sizes","B","The window is 1.5 meters tall. Is that taller or shorter than you?","- meters"
"Sizes and measurement","Record and compare sizes","B","You run 300 meters in the playground and 500 meters in PE class. How far did you run in total? ______ meters","- total
- meters"
"Sizes and measurement","Record and compare sizes","C","Compare: 2 liters ___ 1,500 milliliters (use <, >, =)","- liters
- milliliters
- compare"
"Sizes and measurement","Record and compare sizes","C","A book is 3 cm thick. How thick are 5 books stacked together?","- Thick
- Stack
- Together"
"Sizes and measurement","Record and compare sizes","C","Which weighs more: 1 kilogram of apples or 1,328 grams of bananas?","- kilogram
- grams
- weigh"
"Sizes and measurement","Record and compare sizes","D","You have three water jugs: 1.2 L, 2.35 L, and 0.95 L. What is their total volume in milliliters?","- Volume
- Milliliters
- Liters"
"Sizes and measurement","Record and compare sizes","D","Record the temperature from a thermometer — what kind of clothing would you wear? (the thermometer showing 18°C)","- Thermometer
- Celsius
- Temperature"
"Sizes and measurement","Record and compare sizes","D","An object is 0.03 m thick. How many of them would stack up to 1.5 meters?","- thickness
- stack
- compare"
"Sizes and measurement","Record and compare sizes","D","Convert 3.75 km into meters and then subtract 1,480 m — what’s the result in kilometers?","- conversion
- kilometers
- meters
- subtraction"
"Sizes and measurement","Record and compare sizes","E","A student rounds a measurement of 3.78 m to 4 m. What is the percent error?","- Percent error
- Rounding"
"Sizes and measurement","Record and compare sizes","E","Estimate whether 2 gallons of paint is enough to cover a surface needing 7.2 L of paint.","- gallons
- liters
- estimate
- cover"
"Sizes and measurement","Record and compare sizes","E","A road is listed as 1.2 miles. Convert to kilometers and decide whether it's over or under 2 km","- Convert
- Kilometer
- Measurement"
"Sizes and measurement","Record and compare sizes","F","A road is 5.6 km long. How many miles is that? (Use 1 mile ≈ 1.609 km)","- kilometer
- mile
- conversion"
"Sizes and measurement","Record and compare sizes","F","A tank holds 1,200 liters. A smaller tank holds 320 gallons. Which holds more? (1 gallon ≈ 3.785 L)","- liters
- gallons
- compare"
"Sizes and measurement","Record and compare sizes","F","A jogger runs 5 km in 30 minutes. What is her average speed in m/s?","- Average speed
- Conversion (from kilometers to meters, and from minutes to seconds)"
"Sizes and measurement","Record and compare sizes","G","A light-year is approximately 9.46 × 10¹² km; express this in meters","- Scientific notation
- Conversion factors"
"Sizes and measurement","Record and compare sizes","G","A sheet of paper is 0.1 mm thick; how tall is a stack of 2000 sheets in cm?","- millimeter
- centimeter
- thickness
- stack
- conversion"
"Sizes and measurement","Record and compare sizes","G","A cylindrical pipe has radius 4 cm and height 3 m; compare its volume to one with radius 6 cm and height 2.5 m","- Volume
- Cylinder
- Radius
- Height
- Compare"
"Sizes and measurement","Record and compare sizes","H","Compare the thickness of a human hair (0.07 mm) to the Planck length (1.6 × 10⁻³⁵ m); how many times larger is the hair?","- Planck length  
- Metric system  
- Scientific notation  
- Comparison ratio"
"Sizes and measurement","Record and compare sizes","H","Estimate how many raindrops (radius ~1 mm) would fill a 1-liter container","- Volume
- Estimate
- Radius
- Comparison"
"Sizes and measurement","Handling units of measurement","B","Which unit would you use to measure a pencil: cm or m? ______","- unit
- measure"
"Sizes and measurement","Handling units of measurement","B","Which is heavier: 1 kg or 1 g?","- kilogram
- gram
- heavier"
"Sizes and measurement","Handling units of measurement","B","Tick the objects you would measure in meters: ___ Book ___ Table ___ Door","- meters
- measure"
"Sizes and measurement","Handling units of measurement","C","A jug holds 1 ___ of juice (liter or kilogram)?","- liter
- kilogram"
"Sizes and measurement","Handling units of measurement","C","How many milliliters are in 3 liters?","- milliliters
- liters
- conversion"
"Sizes and measurement","Handling units of measurement","C","Conver 4,289 mL to liters.","- milliliters
- liters
- convert"
"Sizes and measurement","Handling units of measurement","C","convert 2.5 km to mm.","- kilometer  
- millimeter  
- conversion"
"Sizes and measurement","Handling units of measurement","D","Convert 3,200 mm into meters","- millimeter
- meter
- conversion"
"Sizes and measurement","Handling units of measurement","D","How many centimeters are in 4.75 meters?","- Centimeter
- Meter
- Conversion"
"Sizes and measurement","Handling units of measurement","D","Convert 5,000 mg into grams.","- milligram
- gram
- conversion"
"Sizes and measurement","Handling units of measurement","D","A bottle has 1.5 L of juice. How many 250 mL glasses can it fill?","- liters
- milliliters
- conversion"
"Sizes and measurement","Handling units of measurement","D","A runner completes 4 laps around a 400 m track. What’s the total distance in km?","- laps
- distance 
- kilometers (km) 
- meters (m)"
"Sizes and measurement","Handling units of measurement","D","A package weighs 2.3 kg. Another weighs 1,750 g. Which is heavier and by how much?","- kilograms
- grams
- convert"
"Sizes and measurement","Handling units of measurement","E","A cube has volume 64 cm³. Express this in mm³","- Volume  
- Cubic centimeters  
- Millimeters"
"Sizes and measurement","Handling units of measurement","E","Rewrite 1.2 hours in the format hours:minutes","- hours
- minutes
- conversion"
"Sizes and measurement","Handling units of measurement","E","A map has a scale of 1:1000. What distance does 5 cm on the map represent in real life?","- Scale
- Representation
- Distance"
"Sizes and measurement","Handling units of measurement","E","Write 1.75 liters in milliliters","- liters
- milliliters
- conversion"
"Sizes and measurement","Handling units of measurement","E","A car travels 90 km in 1.5 hours. What is the speed in km/h?","- Speed  
- Distance  
- Time"
"Sizes and measurement","Handling units of measurement","F","Convert 60 mph to km/h. (1 mile = 1.609 km)","- conversion factor
- units of measurement"
"Sizes and measurement","Handling units of measurement","F","Convert 0.007 km² to m²","- square kilometer
- square meter
- conversion factor"
"Sizes and measurement","Handling units of measurement","F","Convert a speed of 108 km/h into m/s","- Conversion factor
- Kilometer
- Meter
- Hour
- Second"
"Sizes and measurement","Handling units of measurement","G","A recipe uses 0.75 cups of oil; how many mL is that if 1 cup = 237 mL?","- Conversion
- Volume
- Metric system"
"Sizes and measurement","Handling units of measurement","G","A water tank holds 1.2 m³; express this in liters","- cubic meter
- liter
- conversion (between units)"
"Sizes and measurement","Handling units of measurement","G","Convert 100 mL of mercury to grams if density = 13.6 g/cm³","- Density
- Volume
- Mass
- Conversion"
"Sizes and measurement","Handling units of measurement","G","Express 7.5×10⁻⁶ seconds in microseconds","- scientific notation
- units of measurement
- conversion factor"
"Sizes and measurement","Handling units of measurement","H","Convert 1.2 MJ (megajoules) to kJ and J","- Megajoule
- Kilojoule
- Joule
- Conversion factor"
"Sizes and measurement","Handling units of measurement","H","Convert 50°C to Fahrenheit","- Celsius  
- Fahrenheit  
- Temperature conversion"
"Sizes and measurement","Handling units of measurement","H","Convert 5 light-years to meters using 1 light-year = 9.461×10¹⁵ m","- Conversion factor
- Equivalent measurement
- Scientific notation"
"Sizes and measurement","Calculations of quantities","B","A rope is 85 cm long. You cut off 30 cm. How much is left? ______","- centimeter
- cut
- left"
"Sizes and measurement","Calculations of quantities","B","A board is 6 meters long. You cut it into 2 equal pieces. How long is each piece? ______","- equal
- pieces"
"Sizes and measurement","Calculations of quantities","B","Combine weights: 2 kg + 500 g = ______","- kilogram
- gram  
- combine"
"Sizes and measurement","Calculations of quantities","B","You buy items costing €5, €8, and €3. What is the total cost? ______","- total
- cost"
"Sizes and measurement","Calculations of quantities","C","You pour 750 mL of water into a 1-liter bottle. How much space is left?","- milliliter
- liter
- space"
"Sizes and measurement","Calculations of quantities","C","A board is 2.4 m long. You cut it into 3 equal pieces. How long is each piece?","- equal
- piece"
"Sizes and measurement","Calculations of quantities","D","A square has a side length of 6.4 cm — what is its area?","- Area  
- Square"
"Sizes and measurement","Calculations of quantities","D","Calculate the area of a triangle with base 12 cm and height 9 cm.","- area
- triangle
- base
- height"
"Sizes and measurement","Calculations of quantities","D","A floor plan has 5 rooms measuring 5 m × 4 m and 3 rooms measuring 3 m × 2 m — what’s the total area?","- area
- measurement
- dimensions
- calculate"
"Sizes and measurement","Calculations of quantities","D","A rectangular tank has a length of 12 cm, width of 5 cm, and height of 10 cm — calculate its volume.","- Rectangular
- Volume"
"Sizes and measurement","Calculations of quantities","D","Which has a greater area: a 6 × 6 square or a 5 × 8 rectangle?","- Area
- Square
- Rectangle"
"Sizes and measurement","Calculations of quantities","E","A cone has radius 4 cm and height 9 cm. Find the volume using V = ⅓πr²h","- Volume
- Radius
- Height
- π (pi)"
"Sizes and measurement","Calculations of quantities","E","You want to paint one wall of your room. It’s 4 m wide and 2.5 m tall. How many square meters of paint do you need?","- width
- height
- area"
"Sizes and measurement","Calculations of quantities","E","You’re building a sandbox that’s 2 m × 2 m and 0.3 m deep. How much sand in cubic meters is needed to fill it?","cubic meters"
"Sizes and measurement","Calculations of quantities","E","A cylindrical water tank has diameter 1.2 m and height 2 m. Estimate the volume of water it can hold in liters","- Cylinder
- Volume
- Diameter
- Radius
- Height
- Estimate"
"Sizes and measurement","Calculations of quantities","E","A flower bed is made of a rectangle (2 m × 1 m) with a semicircle on one short side. Find the total area","- Rectangle
- Semicircle
- Area
- Addition"
"Sizes and measurement","Calculations of quantities","F","A car travels 240 km in 3 hours. What is its speed in km/h?","- Speed  
- Kilometer  
- Hour"
"Sizes and measurement","Calculations of quantities","F","A deposit of €1,000 earns 2.5% simple interest annually. How much interest after 2 years?","- Interest
- Simple interest
- Percentage"
"Sizes and measurement","Calculations of quantities","F","A toy is scaled at 1:20. If the model is 12 cm long, what is the real object length?","- Scale
- Proportion
- Length"
"Sizes and measurement","Calculations of quantities","F","A car uses 8 L of fuel per 100 km. How much fuel is needed for 350 km?","- Proportion
- Ratio"
"Sizes and measurement","Calculations of quantities","G","Find the surface area of a cone with radius 5 cm and slant height 13 cm","- Surface area
- Radius
- Slant height
- Cone"
"Sizes and measurement","Calculations of quantities","G","A farmer wants to fence a circular field with radius 45 m; how much fencing is needed?","- Radius
- Circumference"
"Sizes and measurement","Calculations of quantities","G","A water bill is based on €1.75 per m³; how much does it cost for 18.6 m³ of usage?","- Cubic meter (m³)
- Rate"
"Sizes and measurement","Calculations of quantities","H","Calculate the wavelength of a 100 MHz radio wave in air (speed of light ≈ 3×10⁸ m/s)","- wavelength
- frequency"
"Sizes and measurement","Calculations of quantities","H","Calculate the wavelength of a water wave with a period of 5 seconds and speed 3 m/s","- Wavelength
- Period
- Speed"
"Sizes and measurement","Calculations of quantities","H","A satellite orbits 400 km above Earth; estimate its surface visibility using area = 2πRh","- Radius
- Estimate
- Visibility"
"Sizes and measurement","Calculations of quantities","H","Calculate the total mass of air in a room 5 m × 4 m × 2.5 m assuming air density = 1.225 kg/m³","- Mass
- Density
- Volume"
"Sizes and measurement","Calculations of quantities","H","Determine the weight of 0.5 m³ of concrete if its density is 2400 kg/m³","- Density
- Volume
- Mass"
"Sizes and measurement","Calculations of quantities","H","Estimate the total energy output of a 1.5 kW solar panel running for 6 hours per day over 30 days","- energy output
- kilowatt (kW)
- estimation
- total quantity"
"Data frequencies and probabilities","Collect, display and read data","B","Count and record how many people in your class have blue eyes","- count
- record
- data"
"Data frequencies and probabilities","Collect, display and read data","B","Use tally marks to show how many pets your friends have","- tally marks
- display
- data"
"Data frequencies and probabilities","Collect, display and read data","B","Add up the total number of animals shown in the chart","- total
- chart
- animals"
"Data frequencies and probabilities","Collect, display and read data","B","Look at the graph. Did more people travel by car or bus?","- graph
- more
- fewer
- travel"
"Data frequencies and probabilities","Collect, display and read data","C","Draw a bar graph to show how many pets each classmate has.","- Bar graph  
- Frequency  
- Data  
- Display"
"Data frequencies and probabilities","Collect, display and read data","C","How many more students like blue than green, according to the pictogram?","- pictogram
- frequency
- compare"
"Data frequencies and probabilities","Collect, display and read data","C","Read the temperature at 2 PM from the line graph.","- temperature
- line graph"
"Data frequencies and probabilities","Collect, display and read data","C","From the survey. Create a table to show how many books each student read in a week","- Frequency
- Data
- Table"
"Data frequencies and probabilities","Collect, display and read data","C","Fill in the missing values in the frequency table: Apples – 7, Bananas – __, Oranges – 5, Grapes – __, Total – 20","- Frequency
- Total"
"Data frequencies and probabilities","Collect, display and read data","C","Create a line graph using the following daily step counts: Sunday – 4,500, Monday – 6,200, Tuesday – 7,100, Wednesday – 5,800, Thursday – 6,900, Friday – 7,500, Saturday – 8,000","- line graph
- data points
- axis
- scale
- frequency"
"Data frequencies and probabilities","Collect, display and read data","D","Make a frequency table for the following numbers: 2, 3, 2, 4, 3, 2, 5.","[]"
"Data frequencies and probabilities","Collect, display and read data","D","Draw a pie chart for the data: apples (4), bananas (7), oranges (3).","- pie chart
- segments
- proportions"
"Data frequencies and probabilities","Collect, display and read data","D","Measure and record the hand spans of 5 classmates and organize the data","- Span
- Record
- Organize
- Data"
"Data frequencies and probabilities","Collect, display and read data","D","Organize the results of 10 students' favorite subjects (Math, English) by gender in a two-way table.","- two-way table
- frequency
- category
- organize
- data set"
"Data frequencies and probabilities","Collect, display and read data","D","Collect and organize class heights into intervals (e.g. 120–130 cm) in a tally chart.","- Interval
- Tally chart"
"Data frequencies and probabilities","Collect, display and read data","E","Identify misleading elements in a graph where the y-axis does not start at zero","- y-axis
- scale
- graph 
- misleading 
- representation"
"Data frequencies and probabilities","Collect, display and read data","E","Construct a stem-and-leaf plot for: 32, 34, 36, 41, 43, 45, 48","- Stem-and-leaf plot  
- Stem  
- Leaf  
- Frequency"
"Data frequencies and probabilities","Collect, display and read data","E","Create a histogram from grouped intervals of quiz scores: 0–10, 11–20, etc","- Histogram
- Interval
- Frequency"
"Data frequencies and probabilities","Collect, display and read data","E","A time series graph shows population growth every 10 years from 1960 to 2020. What is the average growth rate per decade?","- Time series
- Average
- Growth rate
- Decade"
"Data frequencies and probabilities","Collect, display and read data","E","Calculate the lower and upper quartiles of the data set: {3, 5, 7, 8, 9, 10, 12, 15, 18}","- Quartile
- Median
- Data set"
"Data frequencies and probabilities","Collect, display and read data","F","The heights (in cm) of 10 students are: [150, 152, 155, 157, 160, 160, 162, 165, 167, 170]. Find the median and interquartile range","- Median
- Interquartile range (IQR)"
"Data frequencies and probabilities","Collect, display and read data","F","Interpret this stem-and-leaf plot: 1 | 2 5 8, 2 | 1 3 6 9, 3 | 0 4 — What is the mode?","- stem-and-leaf plot
- mode"
"Data frequencies and probabilities","Collect, display and read data","F","Given a dataset: [15, 17, 18, 20, 21, 22, 23, 30], construct a box plot","- Dataset
- Box plot
- Quartiles
- Minimum
- Maximum
- Interquartile range (IQR)"
"Data frequencies and probabilities","Collect, display and read data","F","From a pie chart showing time spent on homework (Math 25%, Science 35%, English 40%), estimate the time spent on Math if total time is 4 hours","- Estimate
- Percentage"
"Data frequencies and probabilities","Collect, display and read data","G","A frequency table shows test scores with intervals 40–49 (3), 50–59 (5), 60–69 (8), 70–79 (4); draw a histogram","- Frequency  
- Interval  
- Histogram"
"Data frequencies and probabilities","Collect, display and read data","G","Plot the cumulative frequency curve from: 0–10 (2), 10–20 (6), 20–30 (9), 30–40 (3)","- Cumulative frequency
- Frequency curve
- Interval"
"Data frequencies and probabilities","Collect, display and read data","G","A class survey shows 12 like math, 8 like science, 5 like both; represent with a Venn diagram","- Venn diagram
- Intersection
- Union
- Set"
"Data frequencies and probabilities","Collect, display and read data","G","Given the grouped data: 0–5 (3), 5–10 (7), 10–15 (12), estimate the modal class","- grouped data
- modal class"
"Data frequencies and probabilities","Collect, display and read data","H","Record the number of cars passing each 5-minute interval over 1 hour; plot a time series graph","- Time series
- Interval
- Frequency
- Data display
- Axis label"
"Data frequencies and probabilities","Collect, display and read data","H","Use a dot plot to show the distribution of daily temperatures over 14 days: 15–22°C","- Distribution
- Dot plot
- Frequency"
"Data frequencies and probabilities","Collect, display and read data","H","Using the data provided, record monthly energy usage over a year and use a line graph to identify seasonal variation","- Frequency
- Data display
- Seasonal variation
- Line graph"
"Data frequencies and probabilities","Collect, display and read data","H","A pie chart shows categories A, B, and C with central angles 90°, 120°, and 150°; find the percentage for each","- Central angle
- Percentage"
"Data frequencies and probabilities","Compare and evaluate data","B","From the following bar graph: Which two days had the most number of students wearing hats? [Mon (5), Tue (5), Wed (4), Thu(1), Fri(3)]","- bar graph
- compare
- most"
"Data frequencies and probabilities","Compare and evaluate data","B","Which day had the most rain: M (20 mm), T (12 mm), W (25 mm)?","- most
- compare
- rain
- mm"
"Data frequencies and probabilities","Compare and evaluate data","B","What’s the difference between the tallest and shortest bars in the graph: 3, 6, 8, 5, 3, 2?","- tallest
- shortest
- bars
- graph
- difference"
"Data frequencies and probabilities","Compare and evaluate data","B","Which color had the middle amount of votes: Red (4), Blue (7), Green (3)?","- Color
- Votes
- Middle"
"Data frequencies and probabilities","Compare and evaluate data","C","What is the difference between the highest and lowest scores on the line chart?","- difference
- highest
- lowest
- scores"
"Data frequencies and probabilities","Compare and evaluate data","C","Find the mean (average) of these test scores: 80, 85, 90, 95, 100","- Mean
- Average"
"Data frequencies and probabilities","Compare and evaluate data","C","Calculate the range: 45, 39, 50, 48","- Range
- Data
- Evaluate"
"Data frequencies and probabilities","Compare and evaluate data","C","What value is missing if the mean of 3 numbers is 10 and two of them are 8 and 12?","- mean 
- number"
"Data frequencies and probabilities","Compare and evaluate data","C","Which day had the highest jump in values on the line graph?","- jump
- values
- line graph"
"Data frequencies and probabilities","Compare and evaluate data","D","Compare the mean of two datasets: A = [3, 4, 5], B = [5, 6, 7].","- Mean
- Dataset"
"Data frequencies and probabilities","Compare and evaluate data","D","Which data set has a greater spread: [5, 10, 15] or [8, 9, 10]?","- Spread
- Data set"
"Data frequencies and probabilities","Compare and evaluate data","D","Find the median of this data: 7, 9, 12, 10, 11.","- Median"
"Data frequencies and probabilities","Compare and evaluate data","E","Interpret what a small interquartile range tells you about a data set","- Interquartile range
- Data set
- Quartile"
"Data frequencies and probabilities","Compare and evaluate data","E","Analyze a box plot and explain the spread and skewness of the data","- Box plot
- Spread
- Skewness
- Quartiles
- Median"
"Data frequencies and probabilities","Compare and evaluate data","E","Which measure (mean, median, mode) best represents this data: 3, 3, 3, 4, 100?","- measure
- mean
- median
- mode"
"Data frequencies and probabilities","Compare and evaluate data","E","A data set has values: 5, 6, 7, 8, 9, 50. Find the mean and median. Which measure is more affected by the outlier?","- Mean
- Median
- Outlier"
"Data frequencies and probabilities","Compare and evaluate data","E","Interpret a box plot where the median is much closer to Q1 than to Q3. What does this suggest about the data?","- box plot
- median
- quartile 
- Q1
- Q3"
"Data frequencies and probabilities","Compare and evaluate data","F","Two classes’ test averages are 78 and 83. The ranges are 20 and 5 respectively. Which has more consistent scores?","- Averages
- Range
- Consistency"
"Data frequencies and probabilities","Compare and evaluate data","F","Dataset A: [10, 10, 10, 10, 10]; Dataset B: [6, 8, 10, 12, 14]. Which has a higher standard deviation?","- Standard deviation"
"Data frequencies and probabilities","Compare and evaluate data","F","Sales data: Jan – 40, Feb – 38, Mar – 39, Apr – 85. Is the April value an outlier? Justify","- Outlier
- Justify
- Evaluate"
"Data frequencies and probabilities","Compare and evaluate data","F","A mean income of $50,000 is reported. Most people in the data earn under $30,000. What does this suggest about the data’s distribution?","- mean
- distribution
- evaluate"
"Data frequencies and probabilities","Compare and evaluate data","F","For a group of 10 students, the mean number of books read is 6. If 2 students read 0 books, how does this affect the average?","- mean
- average
- data"
"Data frequencies and probabilities","Compare and evaluate data","G","Compare the interquartile range of Dataset A (Q1=12, Q3=28) and B (Q1=14, Q3=22)","- Interquartile range (IQR)
- Quartile"
"Data frequencies and probabilities","Compare and evaluate data","G","Use z-scores to compare student A (score 85, μ=80, σ=5) and student B (score 92, μ=88, σ=3)","- z-score
- mean (μ)
- standard deviation (σ)"
"Data frequencies and probabilities","Compare and evaluate data","G","Four students ran 1 mile in the following times (in minutes): – Alex: 8.3  – Brianna: 9.6  – Carlos: 8.7  – Diana: 9.2. The mean time is 9.0 minutes with a standard deviation of 0.4 minutes. Calculate the z-score for each student, then, order the students from fastest to slowest relative to the mean (not just actual time).","mean, standard deviation, z-score"
"Data frequencies and probabilities","Compare and evaluate data","G","Two scatter plots are analyzed: – Graph A (study time vs. grades): r = 0.88 – Graph B (TV hours vs. grades): r = –0.12. State whether the association in each graph is positive, negative, or none.","- association
- positive correlation
- negative correlation"
"Data frequencies and probabilities","Compare and evaluate data","H","Test whether a die is fair based on the observed frequencies: {1: 18, 2: 16, 3: 20, 4: 14, 5: 17, 6: 15}","- fair die
- observed frequency
- expected frequency
- probability distribution
- hypothesis testing"
"Data frequencies and probabilities","Compare and evaluate data","H","Determine which student performed better relative to their class: 88 in a test with μ = 80, σ = 5 vs. 91 in μ = 85, σ = 4","- z-score
- standard deviation
- mean"
"Data frequencies and probabilities","Compare and evaluate data","H","Using a z-score formula, find how many standard deviations 92 is from the mean 85 (σ = 3)","- z-score
- mean
- standard deviation"
"Data frequencies and probabilities","Compare and evaluate data","H","Calculate the correlation coefficient for paired data: x = {2, 4, 6}, y = {3, 7, 11}","- Correlation coefficient
- Paired data
- Variance
- Covariance"
"Data frequencies and probabilities","Compare and evaluate data","H","Evaluate the reliability of a dataset of 500 COVID-19 test results where 8 are false positives and 4 false negatives","- Reliability
- False positive
- False negative
- Dataset
- Frequency"
"Data frequencies and probabilities","Understanding probabilities","B","A spinner has 3 red sections and 1 blue. Which color is more likely?","- sections
- likely"
"Data frequencies and probabilities","Understanding probabilities","B","What are the chances of rolling a 6 on a die? A) Always B) Sometimes C) Never","- chances  
- rolling  
- die"
"Data frequencies and probabilities","Understanding probabilities","B","Is it certain, possible, or impossible to see the sun at night?","- certain  
- possible  
- impossible"
"Data frequencies and probabilities","Understanding probabilities","C","What is the chance of flipping a coin and getting heads?","- chance
- heads
- outcomes"
"Data frequencies and probabilities","Understanding probabilities","C","What is the probability of picking a weekday from a list of all 7 days?","- Probability
- Weekday"
"Data frequencies and probabilities","Understanding probabilities","C","A die shows numbers 1–6. What is the probability of rolling an even number?","- Probability
- Even number"
"Data frequencies and probabilities","Understanding probabilities","C","What does it mean if an event has a probability of 0?","- event
- probability"
"Data frequencies and probabilities","Understanding probabilities","C","Can the probability of an event be more than 1? (Yes or No)","- Probability"
"Data frequencies and probabilities","Understanding probabilities","C","Which is more certain: rolling a number less than 10 on a standard die, or flipping heads?","- probability
- certain
- less than"
"Data frequencies and probabilities","Understanding probabilities","D","What is the probability of rolling an even number on a standard die?","- Probability
- Even number
- Standard die"
"Data frequencies and probabilities","Understanding probabilities","D","If a spinner has 5 equal sections, what is the chance of landing on one section? Express the probability as fraction.","- Probability
- Equal sections
- Fraction"
"Data frequencies and probabilities","Understanding probabilities","D","What is the probability percentage of picking a red ball from a bag with 2 red, 3 blue, and 5 green balls?","- probability
- percentage
- total 
- favorable outcomes"
"Data frequencies and probabilities","Understanding probabilities","D","A number is chosen from 1 to 10 — what is the decimal probability of getting a number less than 6?","- probability
- decimal
- frequency"
"Data frequencies and probabilities","Understanding probabilities","E","A spinner is divided into 8 equal parts: 3 red, 2 blue, 3 yellow. What is P(blue)?","- Probability  
- Outcome  
- Event  
- Total outcomes"
"Data frequencies and probabilities","Understanding probabilities","E","Two dice are rolled. What is the probability that the sum is 7?","- Probability
- Outcome
- Event
- Favorable outcomes
- Sample space"
"Data frequencies and probabilities","Understanding probabilities","E","If the probability of winning is 0.4, how many times would you expect to win in 50 trials?","- probability
- trials
- expected outcomes"
"Data frequencies and probabilities","Understanding probabilities","E","A sock drawer has 5 black, 4 white, and 3 gray socks. What is P(not black)?","- Probability
- Event"
"Data frequencies and probabilities","Understanding probabilities","E","A spinner has 4 equal sections. Theoretical probability of red = 0.25. In 40 spins, red comes up 18 times. Compare experimental and theoretical probabilities","- Theoretical probability  
- Experimental probability  
- Compare"
"Data frequencies and probabilities","Understanding probabilities","E","You roll a die 60 times and get a 3 on 7 occasions. What is the experimental probability of rolling a 3?","- Experimental probability  
- Occurrences  
- Outcomes  
- Ratio"
"Data frequencies and probabilities","Understanding probabilities","F","A coin is flipped twice. What is the probability of getting exactly one head?","- Probability
- Outcome
- Event
- Sample space"
"Data frequencies and probabilities","Understanding probabilities","F","Two dice are rolled. What is the probability of getting a sum of 9?","- Probability
- Sum
- Outcome
- Event"
"Data frequencies and probabilities","Understanding probabilities","F","If P(A) = 0.6 and P(B) = 0.3, and A and B are independent, what is P(A and B)?","- independent  
- probability  
- frequency"
"Data frequencies and probabilities","Understanding probabilities","F","A game advertises a 1 in 500 chance of winning. What is this probability as a decimal?","- Probability
- Decimal"
"Data frequencies and probabilities","Understanding probabilities","F","A card is drawn from a standard deck. What is the probability it’s a face card or a heart?","- Probability
- Event
- Sample space
- Cardinality"
"Data frequencies and probabilities","Understanding probabilities","F","A bag has 10 blue, 5 red, and 5 green balls. What is the chance of not drawing a blue?","- Probability
- Event
- Complement"
"Data frequencies and probabilities","Understanding probabilities","G","From a group of 20 students, 12 take math, 7 take science, 5 take both; find P(math ∪ science)","- Union
- Probability"
"Data frequencies and probabilities","Understanding probabilities","G","Use the addition rule: P(A) = 0.4, P(B) = 0.3, P(A ∩ B) = 0.1; find P(A ∪ B)","- Intersection  
- Union  
- Probability"
"Data frequencies and probabilities","Understanding probabilities","G","A box contains 4 green, 3 red, and 2 yellow marbles; two are drawn without replacement. Find P(green then red)","- Probability
- Without replacement
- Event
- Sample space"
"Data frequencies and probabilities","Understanding probabilities","G","In a survey, 35% like coffee, 45% tea, and 20% both; find the probability someone likes neither","- Probability
- Survey
- Percentage
- Complementary Events"
"Data frequencies and probabilities","Understanding probabilities","H","A factory has 3 machines producing items with defect rates of 2%, 4%, and 5%; find the overall probability an item is defective if machines produce 40%, 35%, and 25% respectively","- defect rate
- overall probability
- weighted average"
"Data frequencies and probabilities","Understanding probabilities","H","A batch has a 5% defect rate; find the probability that in a random sample of 4, none are defective","- Defect rate
- Probability
- Random sample
- Binomial distribution"
"Data frequencies and probabilities","Understanding probabilities","H","Estimate the expected value of a lottery ticket costing $2 with a 1⁄1000 chance of winning $500","- Expected value
- Probability
- Outcome"
"Data frequencies and probabilities","Understanding probabilities","H","If the probability of a machine failing in a day is 0.01, what is the probability it lasts 100 days without failure?","- probability
- independent events
- complement
- exponential decay"
"Data frequencies and probabilities","Combinatorics","B","Color all the different ways to arrange red, blue, and yellow blocks","- Arrange
- Different
- Ways"
"Data frequencies and probabilities","Combinatorics","B","Draw all the ways to color a flag with 2 stripes using red and blue","- stripes
- color
- combinations"
"Data frequencies and probabilities","Combinatorics","B","How many ways can you arrange 3 blocks: A, B, C?","- arrange
- blocks"
"Data frequencies and probabilities","Combinatorics","C","How many outfits can you make with 2 shirts and 3 pants?","outfits, combinations"
"Data frequencies and probabilities","Combinatorics","C","How many different ways can you line up 2 students from a group of 4?","- line up
- different ways
- group"
"Data frequencies and probabilities","Combinatorics","C","Use the counting principle: 5 t-shirts, 2 pants, and 3 shoes — how many outfits?","- outfits
- counting principle"
"Data frequencies and probabilities","Combinatorics","C","Draw a tree diagram of all the possible outcomes of flipping a coin and rolling a number cube.","- outcomes
- tree diagram
- number cube
- flip"
"Data frequencies and probabilities","Combinatorics","D","You flip a coin twice — list all possible outcomes.","- Outcomes
- Probability
- Combination"
"Data frequencies and probabilities","Combinatorics","D","A password has 2 letters followed by 1 digit — how many different passwords are possible using A, B, C and digits 1, 2?","- Combination
- Frequency
- Permutation
- Outcome"
"Data frequencies and probabilities","Combinatorics","D","How many different meals can you make with 2 starters, 3 mains, and 2 desserts?","- combinations
- outcomes"
"Data frequencies and probabilities","Combinatorics","D","How many ways can 4 students sit in a row of 4 chairs?","- arrangement
- combinations
- permutations"
"Data frequencies and probabilities","Combinatorics","E","How many ways can you choose 2 students from a group of 6? Use combination notation","- Combination
- Notation"
"Data frequencies and probabilities","Combinatorics","E","In how many ways can 4 friends be seated in a row of 4 chairs? Use permutation notation","- permutation
- arrangement"
"Data frequencies and probabilities","Combinatorics","E","A hand of 5 cards is drawn from a deck. How many different hands are possible? Use combination notation","- Combination
- Notation
- Factorial"
"Data frequencies and probabilities","Combinatorics","E","Use the Fundamental Counting Principle to find the number of ways to build an outfit with 2 shirts, 3 pants, and 2 hats","- Fundamental Counting Principle
- Outfit
- Combination"
"Data frequencies and probabilities","Combinatorics","F","In how many ways can 1st, 2nd, and 3rd prize be awarded among 10 contestants?","- Combinatorics
- Permutation"
"Data frequencies and probabilities","Combinatorics","F","Use Pascal’s Triangle to find the number of ways to choose 3 items from 6","- Combinations
- Binomial coefficients"
"Data frequencies and probabilities","Combinatorics","F","A club has 10 members. How many ways can you select a president, vice president, and secretary if the president must be older than the vice president?","- Combinatorics
- Permutation
- Selection
- Constraint
- Arrangement"
"Data frequencies and probabilities","Combinatorics","F","Use Pascal’s Triangle to list the coefficients of (a + b)⁴","- Coefficient
- Binomial Expansion"
"Data frequencies and probabilities","Combinatorics","G","A binary code uses 6 digits; how many codes have exactly two 1s?","- Combination
- Pascal's Triangle"
"Data frequencies and probabilities","Combinatorics","G","Use the inclusion-exclusion principle: In a class of 30, 18 play football, 15 play basketball, and 10 play both. How many play neither?","- Inclusion-exclusion principle
- Union 
- Intersection"
"Data frequencies and probabilities","Combinatorics","G","A graph has 6 nodes; how many edges are needed to connect every pair (complete graph)?","- Nodes  
- Edges  
- Complete graph  
- Pair"
"Data frequencies and probabilities","Combinatorics","H","Using generating functions, find the number of integer solutions to x₁ + x₂ + x₃ = 10 with xᵢ ≥ 0","- generating functions
- integer solutions
- combinatorial counting"
"Data frequencies and probabilities","Combinatorics","H","From 6 red and 5 blue pens, how many ways to select 3 pens with at least one red?","- Combinations
- At least
- Exclude"
"Functional relationships (patterns and structures)","Recognising patterns and structures","B","What comes next? 2, 4, 6, 8, ___","- pattern
- sequence"
"Functional relationships (patterns and structures)","Recognising patterns and structures","B","Fill in the missing number: 5, 10, ___, 20","number pattern"
"Functional relationships (patterns and structures)","Recognising patterns and structures","B","Which number breaks the pattern? 2, 4, 6, 9, 10","- pattern
- breaks"
"Functional relationships (patterns and structures)","Recognising patterns and structures","B","Is this pattern increasing or decreasing? 50, 45, 40, 35","- pattern  
- increasing  
- decreasing"
"Functional relationships (patterns and structures)","Recognising patterns and structures","B","Write the next two numbers: 3, 6, 9, ___, ___","- pattern
- sequence"
"Functional relationships (patterns and structures)","Recognising patterns and structures","B","What’s the rule? 1, 3, 5, 7 → Rule: Add ___","add, rule"
"Functional relationships (patterns and structures)","Recognising patterns and structures","C","Find the rule: 3 → 6, 4 → 8, 5 → 10, ___ → ___","- rule
- relationship"
"Functional relationships (patterns and structures)","Recognising patterns and structures","C","If the pattern is “subtract 4,” what are the next two numbers: 40, 36, ___, ___","- pattern
- subtract
- number sequence"
"Functional relationships (patterns and structures)","Recognising patterns and structures","C","What is the pattern rule? 1, 4, 9, 16, 25...","- pattern rule
- sequence"
"Functional relationships (patterns and structures)","Recognising patterns and structures","C","What is the missing number: 5, 10, ___, 20, 25?","- Pattern
- Sequence
- Relationship"
"Functional relationships (patterns and structures)","Recognising patterns and structures","D","Identify the common difference and find the 10th term: 4, 7, 10, 13, …","- Common difference
- Term"
"Functional relationships (patterns and structures)","Recognising patterns and structures","D","Which term in the sequence 7, 14, 21, 28, … is equal to 105?","- Sequence
- Term
- Equal to"
"Functional relationships (patterns and structures)","Recognising patterns and structures","D","Find the general formula for the arithmetic sequence: −2, 0, 2, 4, 6, …","- General formula
- Arithmetic sequence
- Term 
- Pattern 
- Sequence"
"Functional relationships (patterns and structures)","Recognising patterns and structures","D","A sequence follows the rule: T(n) = 3n + 9. What is the 4th and 5th term?","- Sequence
- Term
- Rule"
"Functional relationships (patterns and structures)","Recognising patterns and structures","E","Find the 10th term of the sequence: n² + 2","- Sequence
- Term
- Function"
"Functional relationships (patterns and structures)","Recognising patterns and structures","E","Match the pattern rule to the sequence: A) n+2, B) 2n, C) n² — Which one fits 1, 4, 9, 16...?","- sequence
- pattern rule
- variable
- function"
"Functional relationships (patterns and structures)","Recognising patterns and structures","E","A staircase has 1 block on the first step, 2 on the second, 4 on the third, then 7, then 11... Write a rule.","- sequence
- rule
- pattern
- relationship"
"Functional relationships (patterns and structures)","Recognising patterns and structures","F","Identify the next two rows of Pascal’s Triangle after row 1, 4, 6, 4, 1","- Coefficient
- Binomial expansion
- Symmetry"
"Functional relationships (patterns and structures)","Recognising patterns and structures","F","A sequence is defined by a₁ = 2, aₙ = aₙ₋₁ + 3n. Find a₄","- sequence
- term
- recursive definition
- function notation"
"Functional relationships (patterns and structures)","Recognising patterns and structures","F","Recognize the pattern: 1, 4, 9, 16, 25... What type of sequence is this?","- Sequence
- Pattern
- Square number"
"Functional relationships (patterns and structures)","Recognising patterns and structures","F","A sequence grows as follows: 1, 1, 2, 3, 5, 8... What is the 9th term?","- Sequence  
- Term  
- Pattern  
- Fibonacci"
"Functional relationships (patterns and structures)","Recognising patterns and structures","G","Determine whether 729 can be written as 3^n for some whole number n?","- Exponent
- Whole number
- Base"
"Functional relationships (patterns and structures)","Recognising patterns and structures","G","Find which term in the sequence 2, 5, 10, 17, 26 has the value 101","- Sequence
- Term
- Value
- Relationship
- Function"
"Functional relationships (patterns and structures)","Recognising patterns and structures","G","Determine if the sequence 2, 5, 10, 17, 26 fits a quadratic model and justify your answer","- Sequence
- Quadratic model
- Pattern
- Justify
- Differences"
"Functional relationships (patterns and structures)","Recognising patterns and structures","G","Use arithmetic structure to find the 20th term of a sequence that increases by 5 from a starting value of 7","- Sequence
- Term
- Arithmetic structure
- Increment"
"Functional relationships (patterns and structures)","Recognising patterns and structures","H","A recursive formula is given by f(n) = f(n−1) + f(n−2); find f(6) if f(1) = 1, f(2) = 1","- recursive formula
- sequence
- initial conditions"
"Functional relationships (patterns and structures)","Recognising patterns and structures","H","The sequence 81, 27, 9, 3,... is geometric; show step by step how to calculate the sum of terms 6 through 10 using the geometric series formula","- Geometric series
- Common ratio
- Summation formula"
"Functional relationships (patterns and structures)","Allocations and proportionality","B","Each child gets one pencil. How many pencils for 3 children? ______","[None]"
"Functional relationships (patterns and structures)","Allocations and proportionality","B","Is a car faster or slower than a bike? ______","- faster
- slower"
"Functional relationships (patterns and structures)","Allocations and proportionality","B","Is a backpack heavier or lighter than a pencil case? ______","- heavier
- lighter"
"Functional relationships (patterns and structures)","Allocations and proportionality","C","If 1 pencil costs 2 euros, how much do 4 pencils cost?","- cost
- euros
- proportionality"
"Functional relationships (patterns and structures)","Allocations and proportionality","C","Complete the ratio: 2:4 = 3:___","ratio, proportionality"
"Functional relationships (patterns and structures)","Allocations and proportionality","C","A recipe uses 3 cups of flour for 6 pancakes. How many cups for 12 pancakes?","- Proportionality 
- Allocation"
"Functional relationships (patterns and structures)","Allocations and proportionality","C","Fill in the blanks:
    Minutes: 10 | 20 | 30
    Steps: 100 | ___ | ___","- Proportionality"
"Functional relationships (patterns and structures)","Allocations and proportionality","D","A student scores 18 out of 20 on a quiz. What’s the score out of 100?","- proportionality
- allocation"
"Functional relationships (patterns and structures)","Allocations and proportionality","D","If 10 apples weigh 2 kg, how much do 25 apples weigh?","- proportionality
- allocation"
"Functional relationships (patterns and structures)","Allocations and proportionality","D","Is the relationship y = 3x proportional?","- relationship
- proportional"
"Functional relationships (patterns and structures)","Allocations and proportionality","D","The time taken to complete a job is inversely proportional to the number of workers. If 3 workers finish in 12 hours, how long for 6 workers?","- Inversely proportional
- Complete
- Workers"
"Functional relationships (patterns and structures)","Allocations and proportionality","D","A job pays €240 for 8 hours of work. How much is earned in 5 hours at the same rate?","- Proportionality
- Rate"
"Functional relationships (patterns and structures)","Allocations and proportionality","D","Is the relationship between speed and time (for fixed distance) direct or inverse proportion? Explain.","- proportion
- direct proportion
- inverse proportion
- relationship"
"Functional relationships (patterns and structures)","Allocations and proportionality","E","A worker earns €12 per hour. Write an equation in the form y = kx to represent total earnings","- equation
- total earnings
- proportionality 
- variable 
- coefficient"
"Functional relationships (patterns and structures)","Allocations and proportionality","E","Plot the values (1, 2), (2, 4), (3, 6), (4, 8). Is this a proportional relationship? What is the value of k?","- Proportional relationship
- Variable
- Coordinate pair
- Value of k"
"Functional relationships (patterns and structures)","Allocations and proportionality","E","Write an equation in the form y = kx if 7 notebooks cost €21","- Equation
- Proportionality
- Variable
- Constant"
"Functional relationships (patterns and structures)","Allocations and proportionality","E","Describe how the graph of y = 2x compares to y = 0.5x in terms of steepness and meaning","- steepness
- proportionality"
"Functional relationships (patterns and structures)","Allocations and proportionality","F","6 printers working 5 hours a day finish a job in 4 days. How many days would 10 printers need if they work 3 hours a day?","- Proportionality
- Rate
- Allocation"
"Functional relationships (patterns and structures)","Allocations and proportionality","F","In a lab, 3 chemical solutions are mixed in a ratio 2:3:5. If the total volume is 1 liter, how many mL of each solution are used?","- Ratio
- Proportionality
- Volume"
"Functional relationships (patterns and structures)","Allocations and proportionality","F","A water tank is filled in 12 minutes using 3 identical taps. How long would it take using 5 taps?","- Proportionality
- Allocation"
"Functional relationships (patterns and structures)","Allocations and proportionality","G","Two variables satisfy y = kx; if y = 12 and x = 3, find k and rewrite the equation","- variables
- proportionality
- constant of proportionality
- equation"
"Functional relationships (patterns and structures)","Allocations and proportionality","G","A graph passes through (0, 0) and (3, 6); determine if it shows proportionality","- Proportionality
- Linear relationship
- Coordinate plane
- Slope"
"Functional relationships (patterns and structures)","Allocations and proportionality","H","Quantity y varies jointly with x and z; if y = 24 when x = 2 and z = 3, find y when x = 4 and z = 5","- Varies jointly
- Proportionality"
"Functional relationships (patterns and structures)","Allocations and proportionality","H","The brightness of a bulb is inversely proportional to the square of distance; find brightness at 3 m if it’s 100 units at 1 m","- Inversely proportional
- Square"
"Functional relationships (patterns and structures)","Linear and other simple functions","B","Complete the table using the rule: add 3.
 Input: 1 2 3 4 → Output: ___ ___ ___ ___","- rule
- output"
"Functional relationships (patterns and structures)","Linear and other simple functions","B","If the rule is x + 5, what is the output for x = 7? ______","- rule
- output"
"Functional relationships (patterns and structures)","Linear and other simple functions","B","Draw a line through the points (1, 3), (2, 4), and (3, 5) on a grid","- points
- grid 
- line"
"Functional relationships (patterns and structures)","Linear and other simple functions","B","Circle the pair that does not follow the rule x + 3: A) (2, 5) B) (4, 7) C) (3, 6) D) (5, 10)","- pair
- rule"
"Functional relationships (patterns and structures)","Linear and other simple functions","C","Complete the table for the rule y = x + 3:
    x: 1 | 2 | 3 | 4
    y: ___ | ___ | ___ | ___","- rule
- table
- variable"
"Functional relationships (patterns and structures)","Linear and other simple functions","C","What is the input if the rule is y = x − 1 and the output is 6?","- input
- output
- rule"
"Functional relationships (patterns and structures)","Linear and other simple functions","C","Complete: If y = x × 3, then x = 4 → y = ___","- Variable
- Equation"
"Functional relationships (patterns and structures)","Linear and other simple functions","C","A function machine multiplies by 4, then adds 1. What does it output for input 2?","- function machine 
- output 
- input 
- multiply 
- add"
"Functional relationships (patterns and structures)","Linear and other simple functions","C","If y = x − 5, find y when x = 11","- Variable  
- Equation"
"Functional relationships (patterns and structures)","Linear and other simple functions","D","Find the slope of the line passing through the points (2, 3) and (6, 7)","- slope
- coordinates
- linear relationship"
"Functional relationships (patterns and structures)","Linear and other simple functions","D","Find the y-intercept of the line y = −2x + 7","- y-intercept
- linear function"
"Functional relationships (patterns and structures)","Linear and other simple functions","D","Two lines are given: y = 2x + 3 and y = 2x − 1. Are they parallel? Why?","- Linear function
- Slope
- Equation of a line
- Parallel lines"
"Functional relationships (patterns and structures)","Linear and other simple functions","D","Graph the line y = −x + 4 by identifying slope and intercept","- Slope
- Intercept"
"Functional relationships (patterns and structures)","Linear and other simple functions","D","Write the equation of a line with slope 3 and y-intercept 5 in the form y = mx + b","- equation
- slope
- y-intercept"
"Functional relationships (patterns and structures)","Linear and other simple functions","E","Table of values shows: (1, 5), (2, 10), (3, 15). Write the equation and interpret the slope.","- Equation
- Slope
- Interpret"
"Functional relationships (patterns and structures)","Linear and other simple functions","E","Graph the equation y = 2x − 1 for x = −2 to x = 3","- Equation
- Graph
- Coordinate system
- Linear function
- Slope
- Y-intercept"
"Functional relationships (patterns and structures)","Linear and other simple functions","E","A function is defined as f(x) = x/2 – 3. What is f(6)?","- Function
- Input
- Output"
"Functional relationships (patterns and structures)","Linear and other simple functions","E","A cyclist rides 15 km in 1 hour, 30 km in 2 hours, and 45 km in 3 hours. Is this a linear relationship? Write the rule","- linear relationship
- function
- rule"
"Functional relationships (patterns and structures)","Linear and other simple functions","E","Graph the function y = |x|. How does it compare to y = x² in shape and symmetry?","- Absolute value
- Shape
- Symmetry"
"Functional relationships (patterns and structures)","Linear and other simple functions","E","Which function grows faster: y = 3x or y = x²? Test using x = 1 to 5","- Function
- Grow/Faster 
- Linear
- Quadratic"
"Functional relationships (patterns and structures)","Linear and other simple functions","E","The function y = x² models the area of a square with side length x. Graph the equation then use the plot to find y when x = 1, 2, 3, 4","- Function
- Graph
- Coordinate
- Plot"
"Functional relationships (patterns and structures)","Linear and other simple functions","F","Translate y = x² three units left and two down. What’s the new equation?","- Translation
- Quadratic function"
"Functional relationships (patterns and structures)","Linear and other simple functions","F","Determine if the table represents a linear function: x: 1, 2, 3, 4 | y: 2, 4, 8, 16","- Linear function
- Function table
- Rate of change
- Input and output"
"Functional relationships (patterns and structures)","Linear and other simple functions","F","The graph of y = f(x) is shifted 3 units up to form y = f(x) + 3. If f(x) = 2x – 4, write the new equation","- Shift
- Function"
"Functional relationships (patterns and structures)","Linear and other simple functions","F","A population grows linearly from 200 to 500 in 10 years. Another grows exponentially, doubling every 5 years from 200. Which population is larger after 15 years?","- Linear growth
- Exponential growth
- Doubling
- Population size
- Time interval"
"Functional relationships (patterns and structures)","Linear and other simple functions","G","Write the equation of a line with slope 4 passing through (1, –2)","- Slope
- Equation of a line
- Coordinate plane
- Point-slope form"
"Functional relationships (patterns and structures)","Linear and other simple functions","G","Determine if the line y = 2x + 1 is parallel to y = 2x – 4","- Slope
- Parallel lines"
"Functional relationships (patterns and structures)","Linear and other simple functions","G","Sketch the piecewise function f(x) = x for x < 2, f(x) = 3 for x ≥ 2","- Piecewise function
- Domain
- Range"
"Functional relationships (patterns and structures)","Linear and other simple functions","H","The line y = 5x + b passes through (2, 11); find b","- Variable
- Coordinate
- Linear equation
- Slope
- Intercept"
"Functional relationships (patterns and structures)","Linear and other simple functions","H","Determine the domain and range of the rational function f(x) = (3x + 2)⁄(x − 1)","- Domain
- Range
- Rational function"
"Functional relationships (patterns and structures)","Linear and other simple functions","H","Sketch the graph of the exponential function f(x) = eˣ − 2 and describe its end behavior as x increases","- Exponential function
- End behavior"
"Functional relationships (patterns and structures)","Linear and other simple functions","H","Show all steps to compute the area under the curve f(x) = 2x from x = 1 to x = 4 using definite integration","- Definite integration
- Area under the curve
- Function notation"
"Functional relationships (patterns and structures)","Linear and other simple functions","H","Use the first derivative test to determine where the function f(x) = x⁴ − 8x² increases and decreases","- Derivative
- Critical points
- Increasing function
- Decreasing function"
"Functional relationships (patterns and structures)","Linear and other simple functions","H","Determine the x-intercepts and asymptotes of the logarithmic function f(x) = ln(x − 2)","- x-intercept
- asymptote
- logarithmic function
- natural logarithm"
"Functional relationships (patterns and structures)","Equations and algebra","B","Make both sides equal: 5 + 5 = ___ + 4","- equal
- equation"
"Functional relationships (patterns and structures)","Equations and algebra","B","Fill in the blank: 5 + ___ = 12","- Equation
- Blank
- Plus"
"Functional relationships (patterns and structures)","Equations and algebra","B","I had x apples. I got 3 more, now I have 7. What is x? ______","- apples
- more
- have"
"Functional relationships (patterns and structures)","Equations and algebra","B","Mia baked x cookies. She gave away 4 and had 6 left. What is x? ______","- cookies
- gave away 
- left"
"Functional relationships (patterns and structures)","Equations and algebra","B","If x = 7, what is x – 3? ______","- Equation
- Variable"
"Functional relationships (patterns and structures)","Equations and algebra","C","Solve for x: x + 5 = 12","- Equation
- Variable
- Balance"
"Functional relationships (patterns and structures)","Equations and algebra","C","Which value of x makes this true: x ÷ 3 = 4","- Value
- Equation"
"Functional relationships (patterns and structures)","Equations and algebra","C","If x = 2, solve: x + 4 = ___","[]"
"Functional relationships (patterns and structures)","Equations and algebra","C","Complete the equation: x + x = 16","- equation
- variable
- expression"
"Functional relationships (patterns and structures)","Equations and algebra","D","Solve: 2x + 3 = 11","- Equation
- Variable
- Coefficient"
"Functional relationships (patterns and structures)","Equations and algebra","D","Solve: 4(x − 2) = 12","- Equation
- Variable
- Distributive property"
"Functional relationships (patterns and structures)","Equations and algebra","D","Simplify 2x+3x=5x","- simplify
- variable
- coefficient"
"Functional relationships (patterns and structures)","Equations and algebra","D","Find the missing value: 2x = x + 6","- Equation
- Variable
- Coefficient"
"Functional relationships (patterns and structures)","Equations and algebra","E","Solve for x: 5(x – 1) = 3x + 7","- Distributive property
- Equation
- Variable
- Isolate"
"Functional relationships (patterns and structures)","Equations and algebra","E","Solve the system: x + y = 10 and x – y = 2","- System of equations
- Variable
- Expression"
"Functional relationships (patterns and structures)","Equations and algebra","E","A movie ticket costs €x for adults and €y for students. If 3 adults and 2 students pay €40, and 1 adult and 3 students pay €30, find x and y","- equation
- variable
- system of equations"
"Functional relationships (patterns and structures)","Equations and algebra","E","Two linear functions are given by: f(x) = 2x + 1 and g(x) = –x + 7. Find the x-value where f(x) = g(x) and interpret it graphically","- linear functions
- x-value
- interpret
- graphically"
"Functional relationships (patterns and structures)","Equations and algebra","F","Solve the following equation: 2x² + 5x + 3 = 0 by factoring","- Quadratic
- Coefficient
- Factorization"
"Functional relationships (patterns and structures)","Equations and algebra","F","Simplify: 3(x + 2) – 2(2x – 1)","- Distribute
- Like terms
- Algebraic expression"
"Functional relationships (patterns and structures)","Equations and algebra","F","Use the quadratic formula to solve: x² + 6x + 1 = 0","- Quadratic
- Formula
- Coefficient
- Discriminant"
"Functional relationships (patterns and structures)","Equations and algebra","G","Simplify: (3x² – 2x + 1) – (x² + 4x – 5)","- Polynomial
- Coefficient
- Like terms
- Distribute
- Combine"
"Functional relationships (patterns and structures)","Equations and algebra","G","Solve the inequality: 5 – 2x > 3","- Inequality
- Expression
- Variable
- Isolate
- Solution set"
"Functional relationships (patterns and structures)","Equations and algebra","H","Solve the following equation: x⁴ − 5x² + 4 = 0","- Polynomial
- Degree
- Roots
- Factoring"
"Functional relationships (patterns and structures)","Equations and algebra","H","Write x³ − 27 as a product of factors","- Factor
- Difference of cubes
- Polynomial"
"Functional relationships (patterns and structures)","Equations and algebra","H","Solve the equation with fractions: (x⁄2) + (1⁄3) = (5⁄6)","- Fraction  
- Equation  
- Variable  
- Common denominator"
"Functional relationships (patterns and structures)","Equations and algebra","H","Rewrite the fraction 3⁄(2 + √5) so that the denominator has no square root","- Rationalize
- Conjugate"
"Functional relationships (patterns and structures)","Other functional relationships","B","If you double 2, then double again, what number do you get?","- double"
"Functional relationships (patterns and structures)","Other functional relationships","C","Fill in the blanks: x: 1 | 2 | 3 | 4 | 5 → y: 2 | 4 | 8 | 16 | ___","- pattern
- relationship
- value"
"Functional relationships (patterns and structures)","Other functional relationships","C","Complete the pattern: 1, 4, 9, 16, ___, ___ (hint: square numbers)","- pattern
- square numbers"
"Functional relationships (patterns and structures)","Other functional relationships","D","Identify the pattern: y = 2^x","- exponent
- base
- power
- coordinate"
"Functional relationships (patterns and structures)","Other functional relationships","D","Which graph shows exponential growth: y = 2^x or y = x + 2?","- Exponential growth
- Graph
- Function"
"Functional relationships (patterns and structures)","Other functional relationships","D","What kind of function is y = 3^x — linear, quadratic, or exponential?","- function
- exponential"
"Functional relationships (patterns and structures)","Other functional relationships","D","Sketch or describe how the graph of y = x² is different from y = 2x.","- graph
- quadratic
- linear
- vertex
- axis of symmetry
- intercept"
"Functional relationships (patterns and structures)","Other functional relationships","E","A savings account offers 4% interest compounded annually. If you deposit €1,000, how much is in the account after 3 years? Use A = P(1 + r)ⁿ","- Interest
- Compounded
- Annual
- Deposit
- Equation"
"Functional relationships (patterns and structures)","Other functional relationships","E","A function is given as y = 100(0.85)ˣ. Is it exponential growth or decay? Justify","- Exponential function
- Growth
- Decay
- Justify"
"Functional relationships (patterns and structures)","Other functional relationships","E","Complete the table for y = √x, for x = 0, 1, 4, 9, 16","- Square root"
"Functional relationships (patterns and structures)","Other functional relationships","E","Identify whether the function y = 1/x² represents growth, decay, or neither as x → ∞. Justify your answer","- function
- growth
- decay
- justify"
"Functional relationships (patterns and structures)","Other functional relationships","F","Evaluate y = 1/x for x = 0.5, 1, 2, 4. What happens as x increases?","- evaluate
- functional relationship
- variable"
"Functional relationships (patterns and structures)","Other functional relationships","F","Use a calculator to approximate x if 3^x = 20","- exponent
- logarithm"
"Functional relationships (patterns and structures)","Other functional relationships","F","An isotope has a half-life of 6 hours. How much remains of 200 g after 18 hours?","- Isotope
- Half-life
- Exponential decay"
"Functional relationships (patterns and structures)","Other functional relationships","F","Graph y = –1/x and describe its symmetry","- asymptote
- origin
- reciprocal
- symmetry"
"Functional relationships (patterns and structures)","Other functional relationships","G","Identify whether the function f(x) = √(x – 1) is defined at x = 0","- function
- defined
- square root
- domain"
"Functional relationships (patterns and structures)","Other functional relationships","G","Solve the following equation: log₂(x) = 4","- logarithm
- base
- exponent"
"Functional relationships (patterns and structures)","Other functional relationships","G","Evaluate sin(30°), cos(60°), and tan(45°)","- radians
- unit circle
- trigonometric functions
- reference angles"
"Functional relationships (patterns and structures)","Other functional relationships","G","Solve the system: y = x² and y = 2x + 3","- System of equations
- Quadratic function
- Linear function
- Intersection"
"Functional relationships (patterns and structures)","Other functional relationships","G","Identify the intervals where f(x) = x² – 4x is increasing","- Interval
- Increasing function
- Quadratic function
- Critical point
- Vertex"
"Functional relationships (patterns and structures)","Other functional relationships","G","If f(x) = x² + 2 and g(x) = x – 1, find (f ∘ g)(3)","- Composition of functions
- Function notation"
"Functional relationships (patterns and structures)","Other functional relationships","H","Simplify: log₂(32) + log₂(4)","- logarithm
- base"
"Functional relationships (patterns and structures)","Other functional relationships","H","Determine the x-intercepts of f(x) = (x − 1)(x + 2)(x − 3)","- x-intercept
- factor
- root"
"Functional relationships (patterns and structures)","Other functional relationships","H","If g(x) = √x and h(x) = x + 2, find the composition g(h(x))","- Composition
- Radical function"
"Functional relationships (patterns and structures)","Other functional relationships","H","Find the value of y if y = x² + ln(x), and x = 2","- logarithm 
- exponential function 
- quadratic function"
"Functional relationships (patterns and structures)","Other functional relationships","H","Solve for x: log₃(x − 1) = 2","- logarithm
- base
- exponential equation"
