"Topic Area","Topic","Progress Level","Exercise","qwen-plus solution"
"Numbers and Operations","Understanding and representing numbers","B","Write the number that comes after 48","Sure! Let's break down the task **""Write the number that comes after 48""** step by step:

---

### Step 1: Understand the question  
You're being asked to find the number that **immediately follows** 48 in the counting sequence.

---

### Step 2: Know how numbers work  
In basic counting (whole numbers), each number increases by 1 as you move forward. So after any number *n*, the next number is always *n + 1*.

---

### Step 3: Apply it to 48  
Take 48 and add 1 to it:
$$
48 + 1 = 49
$$

---

### ✅ Final Answer: **49**

That’s all! It's a straightforward question about number sequencing.

Let me know if you'd like to practice more of these types of problems."
"Numbers and Operations","Understanding and representing numbers","B","Show 28 using tens and ones","Sure! Let's break down the number **28** using **tens and ones**. This is a great way to understand place value.

### Step 1: Understand Place Value
In the number **28**:
- The digit **2** is in the **tens** place.
- The digit **8** is in the **ones** place.

### Step 2: Break It Down
- **2 tens** means **2 groups of 10**, which equals **20**.
- **8 ones** means **8 individual units**, which equals **8**.

So,
> **28 = 20 (from the tens) + 8 (from the ones)**

### Step 3: Show It Visually (Optional)
You can show this with:
- **Base-ten blocks**: 2 long rods (each representing 10) and 8 small cubes (each representing 1).
- Or with drawings:
  - II (for the tens)
  - ✶✶✶✶✶✶✶✶ (for the ones)

### Final Answer:
> **28 is the same as 2 tens and 8 ones.**

Let me know if you'd like to see how to write this as an equation or use other representations!"
"Numbers and Operations","Understanding and representing numbers","B","Circle all even numbers: 12, 15, 18, 21","To solve the task **""Circle all even numbers: 12, 15, 18, 21""**, follow these steps:

---

### 🔢 Step 1: Understand what an even number is  
An **even number** is any whole number that can be divided by **2 without leaving a remainder**.  
In other words, if a number ends in **0, 2, 4, 6, or 8**, it is even.

---

### 📋 Step 2: Look at each number in the list  
You are given these numbers:  
**12, 15, 18, 21**

Now check each one:

- **12**: Ends in 2 → ✅ Even  
- **15**: Ends in 5 → ❌ Odd  
- **18**: Ends in 8 → ✅ Even  
- **21**: Ends in 1 → ❌ Odd  

---

### 🟢 Step 3: Circle (or select) the even numbers  
From the list, the even numbers are:  
👉 **12 and 18**

---

### ✅ Final Answer:  
**Circle: 12 and 18**

Let me know if you'd like to practice more!"
"Numbers and Operations","Understanding and representing numbers","B","What number has 5 tens and 2 ones?","Sure! Let's break down the task **""What number has 5 tens and 2 ones?""** step by step.

---

### Step 1: Understand Place Value

In our number system (base-10), each digit in a number has a **place value**. The rightmost digit is the **ones place**, and as you move left, each position increases by a factor of 10.

So:
- The **tens place** represents how many groups of 10.
- The **ones place** represents how many individual units (from 0 to 9).

---

### Step 2: Interpret the Question

The question says:

> ""What number has **5 tens** and **2 ones**?""

This means:
- There are **5 groups of 10**, which equals $ 5 \times 10 = 50 $
- There are **2 individual units**, which equals $ 2 \times 1 = 2 $

---

### Step 3: Add Them Together

Now add those values:

$$
50 + 2 = 52
$$

---

### ✅ Final Answer:

**52**

---

Let me know if you'd like more examples or visual ways to understand this!"
"Numbers and Operations","Understanding and representing numbers","B","Fill in the blank: 40, 50, ___, 70","Sure! Let's look at the sequence:

**40, 50, ___, 70**

### Step 1: Identify the pattern
We want to find out how the numbers are changing from one to the next.

- From **40 to 50**, the number increases by **10**.

If we assume the pattern continues in the same way (adding 10 each time), then:

- After **50**, adding 10 gives us **60**.
- Then, adding 10 to **60** gives us **70**, which matches the next number in the sequence.

### Step 2: Fill in the blank
So, the missing number is **60**.

### ✅ Final Answer:
**40, 50, 60, 70**

Let me know if you'd like help with more sequences!"
"Numbers and Operations","Understanding and representing numbers","B","Write the missing number: ___, 91, 92, 93","To solve the task **""Write the missing number: ___, 91, 92, 93""**, you need to identify the pattern in the sequence and determine what number comes before **91**.

### Step-by-step:

1. Look at the numbers given:
   - 91, 92, 93

2. Observe the pattern:
   - Each number increases by **1**.

3. So, before **91**, the number should be:
   - **91 - 1 = 90**

### ✅ Final Answer:
**90**, 91, 92, 93

Let me know if you'd like to explore more complex patterns!"
"Numbers and Operations","Understanding and representing numbers","B","Circle all the numbers that are greater than 25: 14, 26, 30, 19","To solve the task **""Circle all the numbers that are greater than 25""** from the list:

**14, 26, 30, 19**

### Step-by-step process:

1. **Understand the condition**: You're looking for numbers **greater than 25**. That means any number that is **more than 25**, but **not equal to 25**.

2. **Compare each number to 25**:
   - **14**: 14 is **less than 25** → do **not** circle it.
   - **26**: 26 is **greater than 25** → **circle it**.
   - **30**: 30 is **greater than 25** → **circle it**.
   - **19**: 19 is **less than 25** → do **not** circle it.

3. **Final result**: The numbers greater than 25 are **26 and 30**.

✅ **Answer: Circle 26 and 30**

Let me know if you'd like a visual example or more practice!"
"Numbers and Operations","Understanding and representing numbers","B","Write the number in expanded form: 46 = ___ + ___","Sure! Let's break down the task:

**Task: Write the number in expanded form: 46 = ___ + ___**

### What is Expanded Form?
Expanded form means writing a number as the sum of the **place values** of its digits.

### Step-by-step:
The number **46** has two digits:
- The **4** is in the **tens place**
- The **6** is in the **ones place**

So, you split 46 into:
- **40** (from the 4 in the tens place)
- **6** (from the 6 in the ones place)

### Final Answer:
**46 = 40 + 6**

Let me know if you want to learn how to do this with bigger numbers too!"
"Numbers and Operations","Understanding and representing numbers","C","What is the place value of the 6 in 6,524?","To solve the task **""What is the place value of the 6 in 6,524?""**, let's break it down step by step:

---

### 🔢 Step 1: Understand Place Value
In our number system (called the **base-ten** or **decimal system**), each digit in a number has a **place value** based on its position from right to left.

From right to left, the places are:
- Ones  
- Tens  
- Hundreds  
- Thousands  
- Ten thousands  
- and so on...

---

### 📍 Step 2: Identify the Digits and Their Positions
Let’s label each digit in the number **6,524** with its place:

| Digit | Place     |
|-------|-----------|
| 6     | Thousands |
| 5     | Hundreds  |
| 2     | Tens      |
| 4     | Ones      |

So:
- The **6** is in the **thousands place**

---

### ✅ Step 3: Answer the Question
The **place value** of the **6 in 6,524** is **thousands**.

If you're being asked for the **value** of the digit (not just the place), then:
- Since 6 is in the **thousands place**, its value is:
  $$
  6 \times 1{,}000 = 6{,}000
  $$

---

### 🧠 Final Answer:
- **Place value** of 6: **Thousands**
- **Value** of 6: **6,000**

Let me know if you want help practicing more numbers!"
"Numbers and Operations","Understanding and representing numbers","C","Round 8,649 to the nearest hundred","To round **8,649** to the **nearest hundred**, follow these steps:

---

### **Step 1: Identify the hundreds place**
In the number **8,649**, the digits are:

- **8** (thousands place)  
- **6** (hundreds place)  
- **4** (tens place)  
- **9** (ones place)

We focus on the **hundreds place** (which is **6**) and look at the digit that follows it — the **tens place** (which is **4**).

---

### **Step 2: Apply the rounding rule**

- If the **tens digit is 5 or more**, round **up** the hundreds digit.
- If the **tens digit is less than 5**, round **down** (keep the hundreds digit as it is).

Since the tens digit is **4** (less than 5), we **round down**.

---

### **Step 3: Replace lower digits with zero**

- Keep the hundreds digit (**6**) the same.
- Replace the tens and ones digits with zeros.

So, **8,649 rounded to the nearest hundred is:**

> ✅ **8,600**

---

Let me know if you'd like to try another example!"
"Numbers and Operations","Understanding and representing numbers","C","How many hundreds are there in 6,400?","To solve the task **""How many hundreds are there in 6,400?""**, you want to determine how many groups of **100** fit into **6,400**.

### Step-by-step:

1. **Understand what the question is asking**:  
   You're being asked: *If you divide 6,400 into groups of 100, how many groups will you have?*

2. **Perform the division**:  
   Divide 6,400 by 100:
   $$
   6,400 \div 100 = 64
   $$

3. **Interpret the result**:  
   There are **64 hundreds** in 6,400.

---

### Final Answer:
**64 hundreds** are in 6,400. ✅

Let me know if you'd like a visual explanation or a real-world example!"
"Numbers and Operations","Understanding and representing numbers","C","Fill in the blank: 7,000 + 600 + ___ + 5 = 7,685","Sure! Let's break down the problem step by step so you can fill in the blank:

### Given:
**7,000 + 600 + ___ + 5 = 7,685**

### Step 1: Add the numbers you already know on the left side:
**7,000 + 600 + 5 = 7,605**

Now the equation looks like:
**7,605 + ___ = 7,685**

### Step 2: Subtract to find the missing number:
**7,685 − 7,605 = 80**

### ✅ So, the missing number is **80**.

### Final Answer:
**7,000 + 600 + 80 + 5 = 7,685**

Let me know if you'd like help with anything similar!"
"Numbers and Operations","Understanding and representing numbers","C","Write the smallest 4-digit number you can make using 4, 1, 8, 0.","To solve the task **""Write the smallest 4-digit number you can make using 4, 1, 8, 0""**, follow these steps:

---

### 🔢 Step 1: Understand the goal
You need to **use all four digits** (4, 1, 8, 0) **exactly once** to create the **smallest possible 4-digit number**.

Also, keep in mind:
- A **4-digit number cannot start with 0**, because then it would not be a 4-digit number (e.g., 0148 is just 148, a 3-digit number).

---

### 🧠 Step 2: Choose the smallest digit for the thousands place (but not zero)

From the digits **4, 1, 8, 0**, the smallest non-zero digit is **1**.

So, the first digit of your number must be **1**.

Digits left to use: 4, 8, 0

---

### 📏 Step 3: Arrange the remaining digits in ascending order

Remaining digits: **4, 8, 0**

Sort them from smallest to largest: **0, 4, 8**

Now put them after the 1.

---

### ✅ Final Result:

**1048**

---

### ✔️ Answer: **1048** is the smallest 4-digit number you can make using the digits 4, 1, 8, and 0 exactly once.

Let me know if you'd like to explore variations or other rules!"
"Numbers and Operations","Understanding and representing numbers","C","Show the fraction (½) with a fraction bar","!!!!"
"Numbers and Operations","Understanding and representing numbers","C","Write 234 in expanded form","To write **234** in **expanded form**, you break the number down into the value of each digit based on its **place value**.

Here's how you can do it step by step:

---

### Step 1: Identify the digits and their place values
In the number **234**:
- The **2** is in the **hundreds** place → so it represents **200**
- The **3** is in the **tens** place → so it represents **30**
- The **4** is in the **ones** place → so it represents **4**

---

### Step 2: Write each digit as its place value
Now, express each part separately:
- 200
- + 30
- + 4

---

### Step 3: Combine them to show expanded form

So, the **expanded form** of **234** is:

> **200 + 30 + 4**

---

Let me know if you want to try this with another number!"
"Numbers and Operations","Understanding and representing numbers","D","Express 3.75 as a fraction","To express **3.75 as a fraction**, follow these steps:

---

### ✅ Step 1: Write the decimal as a fraction over 1

$$
3.75 = \frac{3.75}{1}
$$

---

### ✅ Step 2: Eliminate the decimal by multiplying numerator and denominator by 100  
(Since there are **2 decimal places**, multiply by $10^2 = 100$)

$$
\frac{3.75 \times 100}{1 \times 100} = \frac{375}{100}
$$

---

### ✅ Step 3: Simplify the fraction

Find the **greatest common divisor (GCD)** of 375 and 100.

- Factors of 375: 1, 3, 5, 15, 25, 75, 125, 375  
- Factors of 100: 1, 2, 4, 5, 10, 20, 25, 50, 100  
- GCD = **25**

Now divide both numerator and denominator by 25:

$$
\frac{375 \div 25}{100 \div 25} = \frac{15}{4}
$$

---

### ✅ Final Answer:

$$
\boxed{\frac{15}{4}}
$$

So, **3.75 as a fraction is** $\frac{15}{4}$.

---

### Optional: As a mixed number

$$
\frac{15}{4} = 3 \frac{3}{4}
$$

Let me know if you want to convert other decimals too!"
"Numbers and Operations","Understanding and representing numbers","D","Compare using <, >, or =: 3.25 ___ 3.205","To compare the numbers **3.25** and **3.205**, you want to determine whether:

- 3.25 **<** 3.205  
- 3.25 **>** 3.205  
- or 3.25 **=** 3.205

---

### Step-by-step Guide:

#### 🔹 Step 1: Line up the decimals
Write both numbers with the same number of decimal places by adding trailing zeros if needed.

- 3.25 = 3.250  
- 3.205 stays as 3.205

Now you're comparing:
```
3.250
3.205
```

#### 🔹 Step 2: Compare digit by digit
Start from the **left** and compare each digit:

- Whole number part:  
  `3 = 3` → continue

- Tenths place:  
  `2 = 2` → continue

- Hundredths place:  
  `5 > 0` → we can stop here

Since **5 hundredths** is more than **0 hundredths**, we know:

> ✅ **3.250 > 3.205**

So:

> 🟩 **3.25 > 3.205**

---

### ✅ Final Answer:
**3.25 > 3.205**

Let me know if you'd like a visual way to think about this!"
"Numbers and Operations","Understanding and representing numbers","D","Convert 27 (base 10) to base 2","To convert the decimal number **27 (base 10)** to **binary (base 2)**, you can use the **division-by-2 method**. Here's how it works step by step:

---

### 🔁 Step-by-step Process:

1. **Divide the number by 2.**
2. **Write down the remainder (either 0 or 1).**
3. **Use the quotient from the previous division and divide it by 2 again.**
4. **Repeat until the quotient becomes 0.**
5. **Read the remainders from bottom to top** to get the binary number.

---

Let's apply this to **27**:

| Division | Quotient | Remainder |
|---------|----------|-----------|
| 27 ÷ 2  | 13       | 1         |
| 13 ÷ 2  | 6        | 1         |
| 6 ÷ 2   | 3        | 0         |
| 3 ÷ 2   | 1        | 1         |
| 1 ÷ 2   | 0        | 1         |

---

### 🔚 Now read the remainders from bottom to top:

**11011**

---

### ✅ Final Answer:

**27 (base 10) = 11011 (base 2)**

Let me know if you'd like to see how this works with other numbers too!"
"Numbers and Operations","Understanding and representing numbers","D","Write 0.007 as a fraction in simplest form","To write **0.007** as a fraction in simplest form, follow these steps:

---

### ✅ Step 1: Write the decimal as a fraction

The decimal **0.007** means **7 thousandths**, so you can write it as:

$$
0.007 = \frac{7}{1000}
$$

---

### ✅ Step 2: Simplify the fraction (if possible)

Now check if the fraction $\frac{7}{1000}$ can be simplified.

- The numerator is **7**, which is a prime number.
- The denominator is **1000**.
- The only common factor between 7 and 1000 is **1**.

So, since the **greatest common divisor (GCD)** of 7 and 1000 is 1, the fraction is **already in its simplest form**.

---

### ✅ Final Answer:

$$
\boxed{\frac{7}{1000}}
$$

That's the simplest form of 0.007 as a fraction."
"Numbers and Operations","Understanding and representing numbers","D","Represent -5 on a number line","Sure! Let's walk through how to **represent -5 on a number line** step by step.

---

### 🔢 What is a Number Line?

A **number line** is a straight line with numbers placed at equal intervals. It helps visualize the order and distance between numbers. Typically:

- The **zero (0)** is in the center.
- **Positive numbers** go to the right of zero.
- **Negative numbers** go to the left of zero.

---

### ✏️ Steps to Represent -5 on a Number Line

1. **Draw a straight horizontal line.**
   - You can use paper or just imagine it.
2. **Mark zero (0) somewhere in the middle.**
3. **Make evenly spaced marks to the left and right of zero.**
   - These represent whole numbers.
4. **Label the marks.**
   - To the right of 0: 1, 2, 3, ...
   - To the left of 0: -1, -2, -3, ...
5. **Locate -5.**
   - It will be the **fifth mark to the left of zero**.
6. **Highlight or circle -5.**
   - This shows where -5 is located on the number line.

---

### 📈 Visual Representation (Text Version)

Here’s what your number line might look like in text form:

```
←───•───•───•───•───•───•───•───•───→
   -5  -4  -3  -2  -1   0   1   2   3
```

In this line:
- The arrow on the left means the line continues to smaller negative numbers.
- The arrow on the right means it continues to larger positive numbers.
- The dot above `-5` shows where -5 is located.

---

### 🧠 Summary

To represent **-5 on a number line**, you simply:
- Draw a line with numbers.
- Find the point **five units to the left of zero**.
- Mark that spot clearly.

Let me know if you'd like help drawing this digitally or practicing more points!"
"Numbers and Operations","Understanding and representing numbers","D","Convert 3/4 to a decimal","To convert the fraction **3/4** to a decimal, you can simply **divide the numerator (top number) by the denominator (bottom number)**.

### Step-by-step:

Divide 3 by 4:

$$
3 \div 4 = 0.75
$$

### ✅ Final Answer:
$$
\frac{3}{4} = 0.75
$$

Let me know if you'd like to see how this works using long division or another method!"
"Numbers and Operations","Understanding and representing numbers","D","Which is closer to zero: -3 or -0.7?","To determine which number is **closer to zero**, you want to compare the **absolute values** of the numbers, because distance from zero doesn't depend on whether the number is positive or negative — only on its size.

### Step-by-step:

1. You're comparing:  
   **-3** and **-0.7**

2. Take the **absolute value** of each:
   - $ |-3| = 3 $
   - $ |-0.7| = 0.7 $

3. Compare the two absolute values:
   - $ 0.7 < 3 $

4. Since **0.7 is smaller than 3**, that means **-0.7** is closer to zero than **-3** is.

---

### ✅ Final Answer:
**-0.7 is closer to zero than -3.**"
"Numbers and Operations","Understanding and representing numbers","E","Write 4.56 as a fraction in simplest form","To write **4.56** as a fraction in simplest form, follow these steps:

---

### ✅ Step 1: Write the decimal as a fraction
The number **4.56** has two digits after the decimal point, so you can write it as:

$$
4.56 = \frac{456}{100}
$$

(We multiply by 100 to remove the decimal: $4.56 = \frac{456}{100}$)

---

### ✅ Step 2: Simplify the fraction

Now simplify $\frac{456}{100}$ by finding the **greatest common divisor (GCD)** of 456 and 100.

- Prime factors of 456:  
  $456 = 2^3 × 3 × 19$

- Prime factors of 100:  
  $100 = 2^2 × 5^2$

- Common factor: $2^2 = 4$

So, divide numerator and denominator by **4**:

$$
\frac{456 ÷ 4}{100 ÷ 4} = \frac{114}{25}
$$

---

### ✅ Final Answer:
$$
\boxed{\frac{114}{25}}
$$

This is the simplest form because 114 and 25 have no common factors other than 1.

---

### 🔁 Optional: Convert to a mixed number
If you want a **mixed number**, divide 114 by 25:

- 25 × 4 = 100 → remainder 14

So,

$$
\frac{114}{25} = 4 \frac{14}{25}
$$

---

### ✅ Summary:
- **Decimal**: 4.56  
- **Improper fraction**: $\frac{114}{25}$  
- **Mixed number**: $4 \frac{14}{25}$

Let me know if you'd like this explained with visuals or examples!"
"Numbers and Operations","Understanding and representing numbers","E","Convert 125% to a decimal","Sure! Converting a percentage to a decimal is a straightforward process. Here's how you can do it step by step:

---

### **Step-by-Step Guide: Convert 125% to a Decimal**

#### **Step 1: Understand what percentage means**
A percentage is a way of expressing a number as parts per hundred. So, 125% means **125 per 100**.

#### **Step 2: Divide the percentage by 100**
To convert any percentage to a decimal, divide the number by 100.

$$
125\% = \frac{125}{100}
$$

#### **Step 3: Do the division**
$$
\frac{125}{100} = 1.25
$$

---

### ✅ Final Answer:
**125% as a decimal is 1.25**

---

Let me know if you'd like to see more examples!"
"Numbers and Operations","Understanding and representing numbers","E","What is the absolute value of -1309?","To solve the task of finding the **absolute value of -1309**, let's first understand what absolute value means.

---

### 🔍 Definition:
The **absolute value** of a number is its **distance from zero on the number line**, regardless of direction. It is always **non-negative** (either positive or zero).

It is written using vertical bars:  
$$
| x |
$$

---

### ✅ Step-by-step Solution:

You are asked to find:
$$
| -1309 |
$$

- The absolute value of a negative number is simply its **positive counterpart**.
- So, change the sign of -1309 from negative to positive.

$$
| -1309 | = 1309
$$

---

### 🧠 Extra Tip:
Here’s a simple rule to remember:
- If the number inside the absolute value is **negative**, make it **positive**.
- If it’s already **positive or zero**, leave it as is.

---

### ✅ Final Answer:
$$
\boxed{1309}
$$"
"Numbers and Operations","Understanding and representing numbers","E","Convert 2.125 to a mixed number","To convert **2.125** to a **mixed number**, follow these steps:

---

### ✅ Step 1: Separate the whole number and decimal parts

- The number **2.125** has:
  - Whole number part: **2**
  - Decimal part: **0.125**

---

### ✅ Step 2: Convert the decimal part (0.125) to a fraction

- **0.125** is read as ""125 thousandths"", so write it as:

  $$
  0.125 = \frac{125}{1000}
  $$

- Now simplify the fraction:

  $$
  \frac{125}{1000} = \frac{1}{8}
  $$

  (Divide both numerator and denominator by their greatest common divisor, which is 125.)

---

### ✅ Step 3: Combine the whole number and the fraction

- You now have:
  - Whole number: **2**
  - Fraction: **1/8**

So, the mixed number is:

$$
\boxed{2\frac{1}{8}}
$$

---

### 🧠 Final Answer:

**2.125 = 2 1/8** as a mixed number."
"Numbers and Operations","Understanding and representing numbers","E","What is the place value of 6 in 3.067?","To find the **place value of 6 in the number 3.067**, let's break it down step by step.

---

### Step 1: Understand the number

The number is:

**3.067**

This is a decimal number. Here's how we can label each digit with its place value:

| Digit | Place Value         |
|-------|---------------------|
| 3     | Ones place          |
| .     | Decimal point       |
| 0     | Tenths place        |
| 6     | Hundredths place    |
| 7     | Thousandths place   |

So, reading from left to right:
- The **3** is in the **ones** place.
- The **0** is in the **tenths** place.
- The **6** is in the **hundredths** place.
- The **7** is in the **thousandths** place.

---

### Step 2: Identify the digit and its place value

You're asking about the **place value of 6**.

From the breakdown above:
- **6** is in the **hundredths** place.

---

### ✅ Final Answer:

> The **place value of 6 in 3.067 is hundredths**.

Let me know if you'd like to explore what that means in terms of fraction or expanded form!"
"Numbers and Operations","Understanding and representing numbers","E","Express 7/8 as a decimal","To express **7/8 as a decimal**, you simply need to divide the numerator (7) by the denominator (8).

### Step-by-step:

1. Set up the division:  
   $$
   7 \div 8
   $$

2. Since 7 is less than 8, the result will be less than 1. Add a decimal point and zeros to 7 to continue dividing:
   $$
   7.000
   $$

3. Now divide:

   - 8 goes into 70 **8 times** (because 8 × 8 = 64)
   - Subtract 64 from 70 → remainder is 6
   - Bring down the next 0 → becomes 60
   - 8 goes into 60 **7 times** (because 8 × 7 = 56)
   - Subtract 56 from 60 → remainder is 4
   - Bring down the next 0 → becomes 40
   - 8 goes into 40 **exactly 5 times**

### Result:

$$
7 \div 8 = 0.875
$$

---

✅ **Final Answer:**  
$$
\frac{7}{8} = 0.875
$$

Let me know if you want to see how to do this using another method (like fractions or visual models)!"
"Numbers and Operations","Understanding and representing numbers","F","Write 3.2 × 10³ in standard form","To write **3.2 × 10³** in **standard form**, you just need to convert it from **scientific notation** to a regular number.

---

### Step-by-step:

**Scientific notation:**  
This is written as:  
> **a × 10ⁿ**

Where:
- `a` is a number between 1 and 10 (in this case, 3.2)
- `n` is an exponent that tells you how many places to move the decimal point (in this case, 3)

---

### Step 1: Start with the number in scientific notation  
You have:  
> **3.2 × 10³**

---

### Step 2: Move the decimal point  
Since the exponent is **3**, you move the decimal point **3 places to the right**.

Start with:
> **3.2**

Move decimal 3 places right:
- 1st move → 32
- 2nd move → 320
- 3rd move → 3200

---

### ✅ Final Answer in standard form:
> **3200**

---

Let me know if you want to go the other way (from standard form to scientific notation)!"
"Numbers and Operations","Understanding and representing numbers","F","Write √50 as a decimal to two decimal places","Sure! Let's break this down step by step so you can write √50 as a decimal to **two decimal places**.

---

### 🔍 Step 1: Understand the square root
The square root of a number is a value that, when multiplied by itself, gives the original number.

So, we want to find a number which, when squared, equals 50:

$$
\sqrt{50} = ?
$$

---

### 🧮 Step 2: Estimate the square root

We know:

- $ \sqrt{49} = 7 $
- $ \sqrt{64} = 8 $

So:
$$
\sqrt{50} \text{ is between } 7 \text{ and } 8
$$

Now let’s narrow it down with some trial and error or use a calculator.

---

### 📱 Step 3: Use a calculator (or approximation)

Using a calculator:

$$
\sqrt{50} \approx 7.071067811865476...
$$

---

### ✏️ Step 4: Round to two decimal places

Look at the third decimal place:
- The number is **7.071067...**
- The first two decimals are **7.07**
- The third one is **1**, which is less than 5 → so we **round down**

✅ Final answer:

$$
\sqrt{50} \approx \mathbf{7.07}
$$

---

### 📝 Summary:

To write √50 as a decimal to two decimal places:
1. Find the square root using estimation or a calculator.
2. Look at the third decimal place.
3. Round appropriately.

**Answer: 7.07**

Let me know if you'd like to try without a calculator using manual methods too!"
"Numbers and Operations","Understanding and representing numbers","F","Estimate the value of √65 without a calculator","To estimate the value of √65 without a calculator, you can use **approximation techniques** based on known square roots and simple arithmetic. Here's a step-by-step approach:

---

### 🔹 Step 1: Find perfect squares around 65

We know:
- √64 = 8 (since 8² = 64)
- √81 = 9 (since 9² = 81)

So,
> √65 must be between 8 and 9.

---

### 🔹 Step 2: Refine the estimate using linear approximation or trial and error

Since 65 is just **1 more than 64**, we expect √65 to be slightly more than 8.

Let’s try squaring numbers just above 8:

- 8.1² = 65.61 → too high
- 8.05² = (8 + 0.05)² = 8² + 2×8×0.05 + 0.05² = 64 + 0.8 + 0.0025 = **64.8025**
- 8.06² = ?
   - Break it down: (8 + 0.06)² = 64 + 2×8×0.06 + 0.06² = 64 + 0.96 + 0.0036 = **64.9636**
- 8.07² = (8 + 0.07)² = 64 + 2×8×0.07 + 0.0049 = 64 + 1.12 + 0.0049 = **65.1249**

So now we see:
- 8.06² ≈ 64.96 < 65
- 8.07² ≈ 65.12 > 65

That means:
> √65 is between **8.06 and 8.07**

---

### 🔹 Step 3: Interpolate for better estimate

We know:
- At 8.06 → square = 64.9636
- At 8.07 → square = 65.1249
- We want the value where the square is exactly 65

Let’s interpolate:

The difference between 65.1249 and 64.9636 is about **0.1613**

We are looking for how far from 8.06 we need to go to reach 65:

- 65 − 64.9636 = 0.0364

So the fraction is:
> 0.0364 / 0.1613 ≈ 0.226

Thus, our estimate becomes:
> 8.06 + 0.226 × 0.01 ≈ **8.06226**

---

### ✅ Final Estimate:
> √65 ≈ **8.06** (to two decimal places)

This is very close to the actual value (which is about **8.0623**) — all done without a calculator!

---

### 🧠 Tip:
You can also remember this rule:
> If you're estimating √(x) near a perfect square like √a, then:
>  
> √x ≈ √a + (x − a)/(2√a)

Using that:
- x = 65, a = 64, √a = 8
- So: √65 ≈ 8 + (65 − 64)/(2×8) = 8 + 1/16 = **8.0625**

Which is extremely close!

---

Let me know if you'd like to learn how to do even better approximations!"
"Numbers and Operations","Understanding and representing numbers","F","Write 0.00072 in scientific notation","To write **0.00072** in **scientific notation**, follow these steps:

---

### ✅ Step 1: Move the decimal point
You want to rewrite the number so that there's **only one non-zero digit to the left** of the decimal point.

For **0.00072**, move the decimal point **4 places to the right** to get **7.2**.

---

### ✅ Step 2: Count how many places you moved the decimal
You moved the decimal point **4 places to the right**, which means the exponent of 10 will be **-4** (because the original number is less than 1).

---

### ✅ Step 3: Write in scientific notation
Scientific notation looks like this:  
**a × 10ᵇ**

Where:
- **a** is a number between 1 and 10 (in this case, 7.2)
- **b** is the number of places you moved the decimal (here, -4)

---

### 🎉 Final Answer:
$$
0.00072 = 7.2 \times 10^{-4}
$$

Let me know if you'd like more examples!"
"Numbers and Operations","Understanding and representing numbers","F","Convert 125 to binary","To convert the decimal number **125** to binary, you can use the **division-by-2 method**. Here's how it works step by step:

---

### Step-by-step process:

1. **Divide the number by 2.**
2. **Write down the remainder (0 or 1).**
3. **Use the quotient for the next division.**
4. **Repeat until the quotient is 0.**
5. **Read the remainders from bottom to top.**

---

Let's apply this to **125**:

| Division        | Quotient | Remainder |
|-----------------|----------|-----------|
| 125 ÷ 2         | 62       | **1**     |
| 62 ÷ 2          | 31       | **0**     |
| 31 ÷ 2          | 15       | **1**     |
| 15 ÷ 2          | 7        | **1**     |
| 7 ÷ 2           | 3        | **1**     |
| 3 ÷ 2           | 1        | **1**     |
| 1 ÷ 2           | 0        | **1**     |

---

Now read the remainders from bottom to top:

### ✅ Final Answer:  
**125 in binary is `1111101`**

You can double-check by converting back:

```
1×2⁶ + 1×2⁵ + 1×2⁴ + 1×2³ + 1×2² + 0×2¹ + 1×2⁰
= 64 + 32 + 16 + 8 + 4 + 0 + 1
= 125
```

✅ Correct!"
"Numbers and Operations","Understanding and representing numbers","F","Is 4.333... (repeating) a rational or irrational number? Why?","To determine whether **4.333... (repeating)** is a **rational** or **irrational** number, let’s break it down.

---

### ✅ Step 1: Understand the Definitions

- **Rational Number**: A number that can be expressed as a **fraction** of two integers, like $\frac{a}{b}$, where $a$ and $b$ are integers and $b \neq 0$.
- **Irrational Number**: A number that **cannot** be written as a simple fraction. Its decimal form neither terminates nor repeats (e.g., π or √2).

---

### ✅ Step 2: Analyze the Number

You're given:

$$
4.333\ldots
$$

This means the **digit 3 repeats indefinitely**, so we can write it as:

$$
4.\overline{3}
$$

Repeating decimals **are always rational numbers** because they can be rewritten as fractions.

---

### ✅ Step 3: Convert to a Fraction (Optional but Helpful)

Let’s convert $4.333\ldots$ into a fraction to confirm.

Let:
$$
x = 4.333\ldots
$$

Multiply both sides by 10:
$$
10x = 43.333\ldots
$$

Now subtract the original $x$ from this equation:
$$
10x - x = 43.333\ldots - 4.333\ldots
$$
$$
9x = 39
$$
$$
x = \frac{39}{9} = \frac{13}{3}
$$

---

### ✅ Step 4: Conclusion

Since $4.333\ldots = \frac{13}{3}$, which is a **fraction of two integers**, it is a **rational number**.

---

### 🟩 Final Answer:

> **Yes, 4.333... (repeating) is a rational number** because it can be expressed as the fraction $\frac{13}{3}$, and repeating decimals are always rational."
"Numbers and Operations","Understanding and representing numbers","F","Which number is irrational: 3.14159, 22/7, π?","To determine **which number is irrational** among:

- 3.14159  
- 22/7  
- π (pi)

Let’s break down each one and understand what makes a number **rational** or **irrational**.

---

### 🔁 Definitions

- **Rational Number**: A number that can be expressed as a **fraction of two integers**, like $ \frac{a}{b} $, where $ b \neq 0 $. Rational numbers include:
  - Terminating decimals (like 0.5)
  - Repeating decimals (like 0.3333...)

- **Irrational Number**: A number that **cannot** be written as a fraction of two integers. Its decimal representation is:
  - Non-terminating
  - Non-repeating

---

### 📌 Let's examine each number:

#### 1. **3.14159**

This looks like a **finite decimal** — it stops after 5 decimal places.

✅ So, this is a **rational number**, because any finite decimal can be written as a fraction.

Example:  
$$
3.14159 = \frac{314159}{100000}
$$

#### 2. **22/7**

This is already given as a **fraction of two integers**.

✅ That makes it a **rational number** by definition.

Note: 22/7 is often used as an approximation for π, but it is **not equal to π**.

#### 3. **π (pi)**

Pi (π) represents the ratio of a circle’s circumference to its diameter.

❌ π is an **irrational number**. It cannot be exactly expressed as a simple fraction. Its decimal expansion goes on forever without repeating:

$$
\pi = 3.141592653589793\ldots
$$

There are **no repeating patterns**, and it never terminates.

✅ Therefore, **π is irrational**.

---

### ✅ Final Answer:

> The **irrational number** is **π**.

The other two — 3.14159 and 22/7 — are both rational."
"Numbers and Operations","Understanding and representing numbers","G","Change 5¼ to an improper fraction","To change **5¼** (which is a mixed number) into an **improper fraction**, follow these steps:

---

### Step 1: Understand the parts of the mixed number
The mixed number **5¼** has:
- A **whole number part**: **5**
- A **fractional part**: **¼**

---

### Step 2: Convert the whole number to a fraction
Multiply the whole number (**5**) by the denominator of the fraction (**4**):

$$
5 \times 4 = 20
$$

Now write this as a fraction with the same denominator:

$$
5 = \frac{20}{4}
$$

---

### Step 3: Add the fractions
Now add the two fractions:

$$
\frac{20}{4} + \frac{1}{4} = \frac{21}{4}
$$

---

### ✅ Final Answer:
$$
5\frac{1}{4} = \frac{21}{4}
$$

Let me know if you'd like more examples!"
"Numbers and Operations","Understanding and representing numbers","G","Plot the numbers 3/4, √2, and –1.5 on a number line","To **plot the numbers** $ \frac{3}{4} $, $ \sqrt{2} $, and $ -1.5 $ on a number line, follow these steps:

---

### 🔢 Step 1: Understand What Each Number Represents

Let’s convert each number to a decimal for easier plotting:

1. **$ \frac{3}{4} $**  
   This is equal to **0.75**

2. **$ \sqrt{2} $**  
   The square root of 2 is approximately **1.414**

3. **$ -1.5 $**  
   This is already in decimal form.

So now we have:
- $ \frac{3}{4} = 0.75 $
- $ \sqrt{2} \approx 1.414 $
- $ -1.5 $

---

### 📐 Step 2: Draw a Number Line

1. Use a ruler or draw a straight horizontal line.
2. Mark a point in the middle as **zero (0)**.
3. Make evenly spaced marks to the right of zero labeled with positive numbers (e.g., 0.5, 1, 1.5).
4. Do the same to the left of zero with negative numbers (e.g., -2, -1.5, -1).

Make sure your number line covers from at least **-2 to +2** so you can plot all three values.

---

### ✏️ Step 3: Plot Each Number

Now locate and mark each value on the number line:

- **–1.5**: Find the spot halfway between –2 and –1. Place a dot there.
- **0.75**: This is between 0 and 1, closer to 1. Place a dot about ¾ of the way from 0 to 1.
- **√2 ≈ 1.414**: This is between 1 and 1.5, closer to 1. Place a dot slightly right of 1.

---

### 🧩 Optional: Label the Points

You can label each dot with its original symbol or name:
- Label the –1.5 dot with ""–1.5""
- Label the 0.75 dot with ""$ \frac{3}{4} $""
- Label the 1.414 dot with ""$ \sqrt{2} $""

---

### ✅ Final Result

Your number line should show:
- A dot at –1.5
- A dot at 0.75
- A dot at approximately 1.414

And each should be clearly marked and labeled.

---

Would you like me to help you sketch this visually or guide you through drawing it on paper or digitally?"
"Numbers and Operations","Understanding and representing numbers","G","Estimate the position of √5 on a number line","To estimate the position of √5 (the square root of 5) on a number line, follow these simple steps:

---

### **Step 1: Understand what √5 means**
√5 is the number that, when multiplied by itself, equals 5.  
That is:  
**√5 × √5 = 5**

We know:
- √4 = 2
- √9 = 3

So, √5 must be somewhere between **2 and 3**, because 5 is between 4 and 9.

---

### **Step 2: Narrow it down**
Try squaring numbers between 2 and 3 to get closer to √5:

- $ 2.2^2 = 4.84 $
- $ 2.3^2 = 5.29 $

Now you can see:
- $ 2.2^2 = 4.84 < 5 $
- $ 2.3^2 = 5.29 > 5 $

So, √5 is between **2.2 and 2.3**

You can try more decimals:

- $ 2.23^2 = 4.9729 $
- $ 2.24^2 = 5.0176 $

Now we see:
- $ 2.23^2 < 5 $
- $ 2.24^2 > 5 $

So √5 is between **2.23 and 2.24**

---

### **Step 3: Final Estimate**
A good estimate for √5 is about **2.236**, since:
- $ 2.236^2 ≈ 5.000 $

This is very close to the actual value of √5 ≈ **2.236067977...**

---

### **Step 4: Mark √5 on a Number Line**
Here’s how to do it visually:

1. Draw a straight horizontal line and mark some whole numbers like 0, 1, 2, 3.
2. Focus on the segment between 2 and 3.
3. Divide that segment into smaller parts — maybe tenths or hundredths.
4. Place a dot slightly past 2.23 (around 2.236) to represent √5.

---

### ✅ Summary:
- √5 is between 2 and 3.
- A better approximation is between 2.23 and 2.24.
- A close estimate is **2.236**.
- On a number line, place it just a little past 2.23, but before 2.24.

Let me know if you'd like a visual method using geometry (like constructing √5 with a ruler and compass)!"
"Numbers and Operations","Understanding and representing numbers","G","Is 11/7 closer to 1 or 2? Show your reasoning","To determine whether **11/7** is closer to **1** or **2**, follow these steps:

---

### Step 1: Convert the fraction to a decimal

$$
\frac{11}{7} \approx 1.5714
$$

So, **11/7 ≈ 1.5714**

---

### Step 2: Compare it to 1 and 2

- Distance from **1**:  
  $$
  |1.5714 - 1| = 0.5714
  $$

- Distance from **2**:  
  $$
  |1.5714 - 2| = 0.4286
  $$

---

### Step 3: Compare the distances

- 0.5714 (**distance to 1**) is **greater than** 0.4286 (**distance to 2**)

---

### ✅ Final Answer:

**11/7 is closer to 2** because it is only **0.4286 away** from 2, compared to **0.5714 away** from 1.

Let me know if you'd like a visual explanation on a number line!"
"Numbers and Operations","Understanding and representing numbers","H","Convert the decimal number 156 to binary and hexadecimal","To convert the decimal number **156** to **binary** and **hexadecimal**, you can follow these steps:

---

### 🔹 Step 1: Convert Decimal to Binary

We use **repeated division by 2**, keeping track of the remainders.

#### Steps:
1. 156 ÷ 2 = 78, remainder **0**
2. 78 ÷ 2 = 39, remainder **0**
3. 39 ÷ 2 = 19, remainder **1**
4. 19 ÷ 2 = 9, remainder **1**
5. 9 ÷ 2 = 4, remainder **1**
6. 4 ÷ 2 = 2, remainder **0**
7. 2 ÷ 2 = 1, remainder **0**
8. 1 ÷ 2 = 0, remainder **1**

Now write the remainders **from bottom to top**:  
👉 **10011100**

✅ So, **156 in binary is `10011100`**

---

### 🔹 Step 2: Convert Decimal to Hexadecimal

We use **repeated division by 16**, keeping track of the remainders.

#### Steps:
1. 156 ÷ 16 = 9, remainder **12** (which is `C` in hexadecimal)
2. 9 ÷ 16 = 0, remainder **9**

Write the remainders **from bottom to top**:  
👉 **9C**

✅ So, **156 in hexadecimal is `9C`**

---

### ✅ Final Answer:

- **Decimal 156**
- **Binary: `10011100`**
- **Hexadecimal: `9C`**

Let me know if you'd like a Python code example or further explanation!"
"Numbers and Operations","Understanding and representing numbers","H","Represent the hexadecimal number 1A3 in binary","To solve the task of converting the **hexadecimal number 1A3** to **binary**, you can follow a straightforward step-by-step process. Here's how:

---

### 🔢 Step 1: Understand Hexadecimal and Binary

- **Hexadecimal (base-16)** uses digits from `0–9` and letters `A–F`, where:
  - A = 10  
  - B = 11  
  - C = 12  
  - D = 13  
  - E = 14  
  - F = 15  

- **Binary (base-2)** uses only two digits: `0` and `1`.

- Each **hexadecimal digit** corresponds to **4 binary digits (bits)**.

---

### 🧩 Step 2: Convert Each Hex Digit to 4-Bit Binary

Given hexadecimal number: `1A3`

Break it into individual digits:  
- `1`  
- `A` (which is 10 in decimal)  
- `3`

Now convert each to 4-bit binary:

| Hex | Decimal | Binary (4 bits) |
|-----|---------|-----------------|
| 1   | 1       | `0001`          |
| A   | 10      | `1010`          |
| 3   | 3       | `0011`          |

---

### ✅ Step 3: Combine Binary Groups

Put all binary groups together in order:

```
1    A    3
↓    ↓    ↓
0001 1010 0011
```

So, the **binary representation** of hexadecimal `1A3` is:

👉 **`000110100011`**

You can remove leading zeros if desired for simplicity:

👉 **`110100011`**

---

### 📌 Final Answer:

**Hexadecimal `1A3` = Binary `110100011`**

Let me know if you'd like to go the other way or convert to decimal as well!"
"Numbers and Operations","Understanding and representing numbers","H","Write the binary number 101101.11 as a decimal","To convert the binary number **101101.11** to a decimal number, you need to understand how binary works — each digit represents a power of 2, starting from the rightmost digit (which is $2^0$), and moving left.

Also, the digits after the decimal point represent negative powers of 2: $2^{-1}, 2^{-2}, \dots$

---

### Step-by-step breakdown:

Binary number:  
$$
\boxed{101101.11}
$$

We split this into two parts:
- Whole part: **101101**
- Fractional part: **.11**

---

### 1. Convert the whole part: **101101**

Write down the positions and their corresponding powers of 2:

| Binary Digit | Position (from right) | Power of 2 | Value |
|--------------|------------------------|-------------|--------|
| 1            | 5                      | $2^5 = 32$ | $1 \times 32 = 32$ |
| 0            | 4                      | $2^4 = 16$ | $0 \times 16 = 0$  |
| 1            | 3                      | $2^3 = 8$  | $1 \times 8 = 8$   |
| 1            | 2                      | $2^2 = 4$  | $1 \times 4 = 4$   |
| 0            | 1                      | $2^1 = 2$  | $0 \times 2 = 0$   |
| 1            | 0                      | $2^0 = 1$  | $1 \times 1 = 1$   |

Add them up:
$$
32 + 0 + 8 + 4 + 0 + 1 = \mathbf{45}
$$

---

### 2. Convert the fractional part: **.11**

Now we use negative powers of 2:

| Binary Digit | Position       | Power of 2     | Value |
|--------------|----------------|----------------|--------|
| 1            | -1             | $2^{-1} = 0.5$  | $1 \times 0.5 = 0.5$ |
| 1            | -2             | $2^{-2} = 0.25$ | $1 \times 0.25 = 0.25$ |

Add them up:
$$
0.5 + 0.25 = \mathbf{0.75}
$$

---

### 3. Combine both parts:

$$
\text{Final Decimal Value} = 45 + 0.75 = \boxed{45.75}
$$

---

✅ So, the binary number **101101.11** is equal to **45.75** in decimal."
"Numbers and Operations","Understanding and representing numbers","H","Determine which of these is irrational: π, 22⁄7, √2, √16","To solve the task — **""Determine which of these is irrational: π, 22⁄7, √2, √16""** — let's first understand what an **irrational number** is:

---

### 🔢 What is an Irrational Number?

An **irrational number** is a number that:
- **Cannot be expressed as a fraction** of two integers (like $ \frac{a}{b} $ where $ a $ and $ b $ are integers and $ b \neq 0 $)
- Has a **non-repeating, non-terminating decimal expansion**

In contrast, a **rational number**:
- Can be written as a **fraction**
- Has either a **terminating** or **repeating decimal**

---

Now let's examine each number in your list:

---

### 1. **π (Pi)**

- **Irrational**: Yes ✅  
- Pi (π) ≈ 3.1415926535... and goes on forever without repeating.
- It **cannot** be exactly written as a fraction of two integers.

---

### 2. **22⁄7**

- **Rational**: Yes ✅  
- This is a **fraction** of two integers (22 divided by 7).
- Although it's often used as an approximation for π, it is **not equal to π**.
- Its decimal is repeating:  
  $ \frac{22}{7} \approx 3.\overline{142857} $

---

### 3. **√2 (Square root of 2)**

- **Irrational**: Yes ✅  
- √2 ≈ 1.41421356...  
- It cannot be written as a fraction; its decimal never repeats and never terminates.

This was one of the first known examples of an irrational number!

---

### 4. **√16**

- **Rational**: Yes ✅  
- √16 = 4  
- 4 is a whole number and can be written as $ \frac{4}{1} $, so it's rational.

---

## ✅ Final Answer:

The **irrational numbers** in the list are:

- **π**
- **√2**

The others (**22⁄7**, **√16**) are rational.

---

Let me know if you want a deeper explanation of why √2 is irrational or why π isn't a fraction!"
"Numbers and Operations","Understanding and representing numbers","H","Compare 0x2F (hex) and 47 (decimal) – are they equal?","To determine whether **0x2F (hexadecimal)** and **47 (decimal)** are equal, you need to convert both values to the same number system and compare them.

---

### Step 1: Understand what 0x2F means
- The prefix `0x` indicates that the number is in **hexadecimal** (base 16).
- So `0x2F` means the hexadecimal number **2F**.

---

### Step 2: Convert 0x2F to decimal

To convert from hexadecimal to decimal:

Each digit represents a power of 16:

```
Hex:    2    F
Pos:   16^1 16^0
```

In decimal:
- 2 in hex = 2 in decimal
- F in hex = 15 in decimal

Now calculate:
```
(2 × 16¹) + (15 × 16⁰) = (2 × 16) + (15 × 1) = 32 + 15 = 47
```

So, **0x2F = 47 in decimal**

---

### Step 3: Compare the two numbers
- You're comparing:
  - 0x2F → 47 (as shown above)
  - 47 → already in decimal

✅ **They are equal.**

---

### ✅ Final Answer:
**Yes, 0x2F and 47 are equal.**"
"Numbers and Operations","Understanding and representing numbers","H","Express the repeating decimal 0.142857... as a fraction","To express the **repeating decimal** $ 0.\overline{142857} $ as a **fraction**, we can use algebra. Here's a step-by-step explanation:

---

### Step 1: Let the repeating decimal be a variable

Let:

$$
x = 0.\overline{142857}
$$

This means the digits **142857** repeat infinitely.

---

### Step 2: Multiply both sides by a power of 10 to shift the repeating part

Since the repeating block has **6 digits**, multiply both sides by $ 10^6 = 1,000,000 $:

$$
1,\!000,\!000x = 142857.\overline{142857}
$$

---

### Step 3: Subtract the original equation from this new one

$$
\begin{align*}
1,\!000,\!000x &= 142857.\overline{142857} \\
- x &= \quad\quad\quad 0.\overline{142857} \\
\hline
999,\!999x &= 142857
\end{align*}
$$

---

### Step 4: Solve for $ x $

$$
x = \frac{142857}{999999}
$$

---

### Step 5: Simplify the fraction

We want to simplify $ \frac{142857}{999999} $. To do that, find the **greatest common divisor (GCD)** of the numerator and denominator.

It turns out:

$$
\gcd(142857, 999999) = 142857
$$

So divide numerator and denominator by 142857:

$$
x = \frac{142857 \div 142857}{999999 \div 142857} = \frac{1}{7}
$$

---

### ✅ Final Answer:

$$
0.\overline{142857} = \frac{1}{7}
$$

That’s how you convert the repeating decimal into a fraction!"
"Numbers and Operations","Understanding and performing operations","B","What is 6 + 7? ______","Sure! Let's solve the problem **6 + 7** step by step.

### Step 1: Understand the question
You are being asked to add two numbers:  
**6** (which is six)  
**+ 7** (which is seven)

### Step 2: Use basic addition
You can add the numbers by counting up from 6 by 7 more:

- Start at 6.
- Count up 1: 7  
- Count up 2: 8  
- Count up 3: 9  
- Count up 4: 10  
- Count up 5: 11  
- Count up 6: 12  
- Count up 7: **13**

So, **6 + 7 = 13**

---

### Alternative way:
You might also remember that:

- **6 + 6 = 12**, and  
- So **6 + 7** is just **one more than 6 + 6**, which is **12 + 1 = 13**

---

✅ **Final Answer:**  
**6 + 7 = 13**

Let me know if you want to learn how to add larger numbers too!"
"Numbers and Operations","Understanding and performing operations","B","Fill in the blank: 9 + ___ = 14","To solve the task **""Fill in the blank: 9 + ___ = 14""**, you want to find out what number, when added to 9, equals 14.

### Step-by-step:
1. You start with the equation:  
   $$ 9 + \text{___} = 14 $$

2. To find the missing number, subtract 9 from both sides of the equation:  
   $$ \text{___} = 14 - 9 $$

3. Do the subtraction:  
   $$ 14 - 9 = 5 $$

### Final Answer:
$$ 9 + \boxed{5} = 14 $$

So, the blank should be filled with **5**."
"Numbers and Operations","Understanding and performing operations","B","Find the result of 25 + 10 = ______","Sure! Let's break down the task **step by step** so you can solve:

### Task:  
**Find the result of 25 + 10 = ______**

---

### Step-by-Step Explanation:

#### Step 1: Understand what the question is asking.
You are being asked to **add two numbers**:  
- The first number is **25**  
- The second number is **10**

So, you need to calculate:  
**25 plus 10**

---

#### Step 2: Perform the addition.

You can add the numbers in your head or on paper. Here's how:

- Start with **25**
- Add **10** to it

Think of it like this:
- 25 + 10 means increasing 25 by 10
- 25 + 10 = **35**

---

### ✅ Final Answer:
**25 + 10 = 35**

Let me know if you want help visualizing it with objects, a number line, or blocks!"
"Numbers and Operations","Understanding and performing operations","B","What is 6 + 6 + 6? ______","Sure! Let's solve the problem **6 + 6 + 6** step by step.

### Step 1: Add the first two numbers  
Start with:  
**6 + 6 = 12**

### Step 2: Add the result to the third number  
Now add the third 6:  
**12 + 6 = 18**

---

### ✅ Final Answer:  
**6 + 6 + 6 = 18**

Let me know if you'd like a visual explanation or different ways to think about it!"
"Numbers and Operations","Understanding and performing operations","B","A toy costs 12 dollars. You pay with a 20-dollar bill. How much change?","Sure! Let's break down the problem step by step.

### **Task:**
You want to buy a toy that costs **$12**, and you pay with a **$20** bill. You need to figure out how much **change** you will get back.

---

### **Step-by-step Solution:**

1. **You give the seller:** $20  
2. **The toy costs:** $12  
3. **To find the change**, subtract the cost of the toy from the amount you paid:

   $$
   \text{Change} = 20 - 12
   $$

4. Do the subtraction:

   $$
   20 - 12 = 8
   $$

---

### ✅ **Answer:**
You will get **$8** in change.

Let me know if you'd like help visualizing it or using coins/bills to make it clearer!"
"Numbers and Operations","Understanding and performing operations","B","Write a number sentence for this: 'Sam has 4 apples. He gets 3 more.'","To solve this task, you need to **translate the word problem into a number sentence**, which is a mathematical expression that shows the operation needed to find the answer.

### Step-by-step explanation:

1. **Understand the problem:**
   - Sam has **4 apples**.
   - He **gets 3 more apples**.

2. **Identify what operation to use:**
   - Since Sam **gets more** apples, we are **adding** to his total.
   - The key words ""gets more"" suggest **addition**.

3. **Write the number sentence:**
   - Start with the number Sam already has: **4**
   - Add the number he gets: **+ 3**
   - You can also add an equals sign to show the result: **=**

So the complete **number sentence** is:

> **4 + 3 = 7**

(You can include the final sum, **7**, if the question asks for the total. If not, just writing **4 + 3** may be enough depending on the instructions.)

### Final Answer:
> **4 + 3 = 7**

Let me know if you'd like help with similar problems!"
"Numbers and Operations","Understanding and performing operations","B","Choose the number sentence that equals 12: A) 8 + 4 B) 5 + 5 C) 6 + 3","!!!!"
"Numbers and Operations","Understanding and performing operations","B","Which is more: 4 + 3 or 9 – 2? ______","To solve this task and figure out **which is more: 4 + 3 or 9 – 2**, follow these simple steps:

---

### Step 1: Calculate each expression

**First expression:**  
👉 `4 + 3 = 7`

**Second expression:**  
👉 `9 – 2 = 7`

---

### Step 2: Compare the results

You now have:
- 4 + 3 = 7  
- 9 – 2 = 7  

So, **both expressions are equal**.

---

### Final Answer:
**They are the same.** Both 4 + 3 and 9 – 2 equal **7**.

✅ **Answer: They are the same / Equal**

Let me know if you'd like to visualize it with objects or a number line!"
"Numbers and Operations","Understanding and performing operations","C","Find the result of 324 + 178 = ___","Sure! Let's walk through how to solve the addition problem:

**324 + 178**

We'll do this step by step using **column addition** (also called vertical addition).

### Step 1: Line up the numbers vertically by place value
```
  324
+ 178
-----
```

### Step 2: Add the digits in the **ones place**
```
4 + 8 = 12
```
- Write down the **2** in the ones place.
- Carry over the **1** to the tens place.

```
   1
  324
+ 178
-----
   2
```

### Step 3: Add the digits in the **tens place**, including the carried 1
```
1 (carried) + 2 + 7 = 10
```
- Write down **0** in the tens place.
- Carry over the **1** to the hundreds place.

```
  1
  324
+ 178
-----
  02
```

### Step 4: Add the digits in the **hundreds place**, including the carried 1
```
1 (carried) + 3 + 1 = 5
```
- Write down **5** in the hundreds place.

```
  324
+ 178
-----
  502
```

### ✅ Final Answer:
**502**

Let me know if you'd like a visual breakdown or tips for doing this mentally too!"
"Numbers and Operations","Understanding and performing operations","C","Find the result of 5,000 − 1,237 = ___","Sure! Let's walk through how to solve **5,000 − 1,237** step by step. This is a subtraction problem, and you can solve it using **standard subtraction with regrouping (borrowing)**.

---

### Step-by-step Subtraction:

We are solving:

```
  5,000
− 1,237
________
```

Let’s line the numbers up by place value:

```
  5,000
− 1,237
________
```

Start subtracting from the **ones place**, moving left.

---

### Step 1: Subtract in the **ones** place  
0 − 7 → You can't subtract 7 from 0, so you need to **borrow** from the tens place.

But wait — the **tens** place is also 0, and so is the **hundreds** place! So we need to borrow from the **thousands** place.

---

### Step 2: Borrowing

We're going to turn **5,000** into something we can subtract easily:

- Borrow **1 thousand** from the 5 thousands:
  - That becomes **4 thousands**
- That gives us **10 hundreds**
- Now borrow from the hundreds to help the tens:
  - 10 hundreds → 9 hundreds and 10 tens
- Then borrow from the tens to help the ones:
  - 10 tens → 9 tens and 10 ones

So now, our number looks like this during subtraction:

```
   4  9  9 10
   5  0  0  0
−  1  2  3  7
_____________
```

Now subtract each column:

---

### Step 3: Do the subtraction column by column

- **Ones**: 10 − 7 = **3**
- **Tens**: 9 − 3 = **6**
- **Hundreds**: 9 − 2 = **7**
- **Thousands**: 4 − 1 = **3**

---

### Final Answer:

```
  5,000
− 1,237
________
  3,763
```

✅ So, **5,000 − 1,237 = 3,763**

---

### Tip:
You can also use a calculator or check your answer by doing the reverse:  
**3,763 + 1,237 = 5,000** ✅

Let me know if you'd like to try another method, like counting up or breaking it into parts!"
"Numbers and Operations","Understanding and performing operations","C","Find the result of 36 × 4 = ___","Sure! Let's break down how to solve **36 × 4** step by step so it's easy to understand.

---

### Step-by-step method:

We can split **36** into **30 + 6**, then multiply each part by **4**, and add the results together.

#### Step 1: Multiply the tens
- 30 × 4 = 120

#### Step 2: Multiply the ones
- 6 × 4 = 24

#### Step 3: Add the two results
- 120 + 24 = **144**

---

### Final Answer:
**36 × 4 = 144**

Let me know if you'd like to learn how to do this using another method (like vertical multiplication or visual models)!"
"Numbers and Operations","Understanding and performing operations","C","Find the result of 48 ÷ 6 = ___","Sure! Let's break down the problem **48 ÷ 6 = ___** step by step so you can understand how to solve it.

---

### Step 1: Understand What the Problem Is Asking

The expression **48 ÷ 6** means:

> ""How many times does 6 go into 48?""  
> Or  
> ""If you divide 48 into groups of 6, how many groups will you have?""

---

### Step 2: Use Multiplication to Help

Division is the opposite of multiplication. So ask yourself:

> **What number multiplied by 6 gives 48?**

Think of your multiplication facts for 6:

- 6 × 1 = 6  
- 6 × 2 = 12  
- 6 × 3 = 18  
- 6 × 4 = 24  
- 6 × 5 = 30  
- 6 × 6 = 36  
- 6 × 7 = 42  
- 6 × 8 = 48 ✅

So, **6 × 8 = 48**, which means **48 ÷ 6 = 8**

---

### Final Answer:

**48 ÷ 6 = 8**

---

Let me know if you want to try more problems like this!"
"Numbers and Operations","Understanding and performing operations","C","What is the remainder when 25 is divided by 4?","To solve the task: **""What is the remainder when 25 is divided by 4?""**, you can follow these simple steps:

---

### Step-by-step:

1. **Divide 25 by 4**:
   - Ask yourself: *How many times does 4 go into 25 without going over?*

   $$
   4 \times 6 = 24 \quad \text{(This is less than 25)}
   $$
   $$
   4 \times 7 = 28 \quad \text{(This is more than 25, so we use 6)}
   $$

   So, **4 goes into 25 six times**.

2. **Multiply the divisor (4) by the quotient (6)**:
   $$
   4 \times 6 = 24
   $$

3. **Subtract that result from 25**:
   $$
   25 - 24 = 1
   $$

   This difference (**1**) is the **remainder**.

---

### Final Answer:
$$
\boxed{1}
$$

So, the **remainder when 25 is divided by 4 is 1**.

Let me know if you'd like to see this in long division format!"
"Numbers and Operations","Understanding and performing operations","D","Use standard algorithm for 234×12","To solve **234 × 12** using the **standard multiplication algorithm**, follow these steps:

---

### Step 1: Write the numbers vertically
Align the numbers by place value, with the larger number on top (not required, but helpful for clarity):

```
   234
×  12
-------
```

---

### Step 2: Multiply the top number by the digit in the ones place of the bottom number

Multiply **234 × 2** (since 2 is in the **ones** place):

```
   234  
×    2  
-------
   468  
```

Write this result below the line.

---

### Step 3: Multiply the top number by the digit in the tens place of the bottom number

Multiply **234 × 1** (but since the 1 is in the **tens** place, it's really 10, so we shift one place to the left and multiply 234 × 10):

First, multiply:
```
   234  
×    1  
-------
   234  
```

Now, because it's the **tens** place, add a **zero** at the end (or shift one position left):

```
  2340
```

---

### Step 4: Add the two results together

```
   234
×  12
-------
   468   ← result of 234 × 2
+2340   ← result of 234 × 10 (shifted)
-------
  2808
```

---

### ✅ Final Answer:
**234 × 12 = 2,808**

Let me know if you'd like to see this done visually or explained another way!"
"Numbers and Operations","Understanding and performing operations","D","Use long division to divide: 75.6 ÷ 3.2","To divide **75.6 ÷ 3.2** using **long division**, it's helpful to eliminate the decimal in the **divisor** (the number you're dividing by) first. Here's a step-by-step explanation:

---

### ✅ Step 1: Eliminate the decimal in the divisor

You want to make **3.2** into a whole number.

- Multiply both the **dividend** (75.6) and the **divisor** (3.2) by **10** to move the decimal one place to the right:
  
  $$
  \frac{75.6 \times 10}{3.2 \times 10} = \frac{756}{32}
  $$

Now you are solving:  
👉 **756 ÷ 32**

---

### ✅ Step 2: Do long division — 756 ÷ 32

Set up your long division:

```
       __________
32 ) 756.000...
```

#### Step 2.1: How many times does 32 go into 75?

- 32 × 2 = 64
- 32 × 3 = 96 → too big

So, **2** times.

```
      2
    ________
32 ) 756
     -64
     ----
      116
```

Bring down the next digit (6), making it **116**.

#### Step 2.2: How many times does 32 go into 116?

- 32 × 3 = 96
- 32 × 4 = 128 → too big

So, **3** times.

```
      23
    ________
32 ) 756
     -64
     ----
      116
     - 96
     ----
       20
```

Bring down a zero, making it **200**

#### Step 2.3: How many times does 32 go into 200?

- 32 × 6 = 192
- 32 × 7 = 224 → too big

So, **6** times.

```
      23.6
    ________
32 ) 756.0
     -64
     ----
      116
     - 96
     ----
       200
      -192
      ----
         8
```

Bring down another zero, making it **80**

#### Step 2.4: How many times does 32 go into 80?

- 32 × 2 = 64
- 32 × 3 = 96 → too big

So, **2** times.

```
      23.62
    ________
32 ) 756.00
     -64
     ----
      116
     - 96
     ----
       200
      -192
      ----
         80
        -64
        ---
         16
```

Bring down another zero, making it **160**

#### Step 2.5: How many times does 32 go into 160?

- 32 × 5 = 160 exactly!

So, **5**

```
      23.625
    ________
32 ) 756.000
     -64
     ----
      116
     - 96
     ----
       200
      -192
      ----
         80
        -64
        ---
         160
        -160
        ----
           0
```

✅ The remainder is now **0**, so we’re done.

---

### ✅ Final Answer:

$$
\boxed{23.625}
$$

So, **75.6 ÷ 3.2 = 23.625**

Let me know if you'd like a visual layout or more examples!"
"Numbers and Operations","Understanding and performing operations","D","Multiply: ¾ × ⅖","Sure! Let's go through how to multiply the fractions **¾ × ⅖** step by step.

---

### Step 1: Multiply the numerators  
The numerators are the top numbers of the fractions.

- Numerators: **3** (from ¾) and **2** (from ⅖)
- Multiply them:  
  $$
  3 \times 2 = 6
  $$

---

### Step 2: Multiply the denominators  
The denominators are the bottom numbers of the fractions.

- Denominators: **4** (from ¾) and **5** (from ⅖)
- Multiply them:  
  $$
  4 \times 5 = 20
  $$

---

### Step 3: Write the new fraction  
Now put your results together:
$$
\frac{6}{20}
$$

---

### Step 4: Simplify the fraction  
Find the greatest common divisor (GCD) of 6 and 20, which is **2**, and divide both numerator and denominator by it:

$$
\frac{6 \div 2}{20 \div 2} = \frac{3}{10}
$$

---

### ✅ Final Answer:
$$
\frac{3}{4} \times \frac{2}{5} = \frac{3}{10}
$$

Let me know if you'd like a visual explanation or a word problem example!"
"Numbers and Operations","Understanding and performing operations","D","Find the quotient: 9 ½ ÷ 3","You are asked to **find the quotient** of:

$$
9 \frac{1}{2} \div 3
$$

---

### Step 1: Convert the mixed number to an improper fraction

A mixed number like $9 \frac{1}{2}$ can be converted to an improper fraction:

$$
9 \frac{1}{2} = \frac{9 \times 2 + 1}{2} = \frac{18 + 1}{2} = \frac{19}{2}
$$

---

### Step 2: Divide the improper fraction by 3

Dividing by a number is the same as multiplying by its reciprocal.

So:

$$
\frac{19}{2} \div 3 = \frac{19}{2} \times \frac{1}{3} = \frac{19}{6}
$$

---

### Step 3: Convert the result back to a mixed number (if needed)

$$
\frac{19}{6} = 3 \frac{1}{6}
$$

(Because 6 goes into 19 three times with a remainder of 1.)

---

### ✅ Final Answer:

$$
\boxed{3 \frac{1}{6}}
$$"
"Numbers and Operations","Understanding and performing operations","D","Add: 2 1/3 + 4 2/3","To solve the addition problem:

**2 1/3 + 4 2/3**

You can follow these steps:

---

### **Step 1: Add the whole numbers**
Add the whole number parts together:

**2 + 4 = 6**

---

### **Step 2: Add the fractions**
Add the fractional parts together:

**1/3 + 2/3 = 3/3**

Now, simplify **3/3**:

**3/3 = 1**

---

### **Step 3: Combine the results**
Add the result from Step 1 and Step 2:

**6 + 1 = 7**

---

### ✅ Final Answer:
**7**

Let me know if you'd like to see how to do this by converting the mixed numbers to improper fractions first — that's another great method!"
"Numbers and Operations","Understanding and performing operations","E","Use the associative property to simplify: (x + 5) + 7","To simplify the expression $(x + 5) + 7$ using the **associative property**, here's what you do:

---

### 🔍 Step 1: Understand the Associative Property

The **associative property of addition** says that:

> $$(a + b) + c = a + (b + c)$$

This means you can **regroup** the numbers or variables without changing the result.

---

### 🧠 Step 2: Apply the Associative Property

We are given:

$$(x + 5) + 7$$

Using the associative property, we can **re-group** the terms:

$$(x + 5) + 7 = x + (5 + 7)$$

---

### 🧮 Step 3: Simplify Inside the Parentheses

Now calculate $5 + 7$:

$$
x + (5 + 7) = x + 12
$$

---

### ✅ Final Answer:

$$
\boxed{x + 12}
$$

---

Let me know if you want to see more examples!"
"Numbers and Operations","Understanding and performing operations","E","A shirt costing €40 is on sale for 25% off. How much is the discount?","To solve the task: **""A shirt costing €40 is on sale for 25% off. How much is the discount?""**, follow these steps:

---

### ✅ Step 1: Understand what the question is asking  
You are being asked **how much money you save** on the shirt due to the 25% discount. This is the **discount amount**, not the final price after the discount.

---

### ✅ Step 2: Use the formula for calculating a percentage of a number  
To find a percentage of a number, use this formula:

$$
\text{Discount Amount} = \text{Original Price} \times \left(\frac{\text{Discount Percentage}}{100}\right)
$$

---

### ✅ Step 3: Plug in the values  
- Original price = €40  
- Discount percentage = 25%

$$
\text{Discount Amount} = 40 \times \left(\frac{25}{100}\right) = 40 \times 0.25 = 10
$$

---

### ✅ Final Answer:  
The **discount is €10**.

That means you save €10 on the shirt with the 25% off sale.

---

Let me know if you also want to calculate the **final price after the discount**!"
"Numbers and Operations","Understanding and performing operations","E","A restaurant bill is €72. What is a 10% tip?","To calculate a **10% tip** on a **€72** restaurant bill, follow these steps:

---

### Step 1: Understand what percentage means  
**10%** means **10 per 100**, or **10/100**, which is the same as **0.10** in decimal form.

---

### Step 2: Multiply the bill by 0.10

$$
72 \times 0.10 = 7.2
$$

---

### ✅ Final Answer:
A **10% tip** on a **€72** bill is **€7.20**

---

So, you would leave **€7.20** as a tip, making your total payment:

$$
€72 + €7.20 = €79.20
$$

Let me know if you want to calculate other percentages too! 😊"
"Numbers and Operations","Understanding and performing operations","F","Add: (–3/4) + (2/5)","To solve the problem:

$$
\left(-\frac{3}{4}\right) + \left(\frac{2}{5}\right)
$$

### Step 1: Find a common denominator  
The denominators are 4 and 5. The **least common denominator (LCD)** of 4 and 5 is **20**.

### Step 2: Convert both fractions to have the same denominator  
- Convert $-\frac{3}{4}$ to a fraction with denominator 20:
  $$
  -\frac{3}{4} = -\frac{3 \times 5}{4 \times 5} = -\frac{15}{20}
  $$

- Convert $\frac{2}{5}$ to a fraction with denominator 20:
  $$
  \frac{2}{5} = \frac{2 \times 4}{5 \times 4} = \frac{8}{20}
  $$

### Step 3: Add the two fractions  
Now that both fractions have the same denominator, add the numerators:

$$
-\frac{15}{20} + \frac{8}{20} = \frac{-15 + 8}{20} = \frac{-7}{20}
$$

### Final Answer:
$$
\boxed{-\frac{7}{20}}
$$

Let me know if you'd like a visual explanation or help with similar problems!"
"Numbers and Operations","Understanding and performing operations","F","Perform: 3(2 + 5) – 4(1 – 2)","Sure! Let's break down the expression step by step:

You are asked to evaluate:

$$
3(2 + 5) - 4(1 - 2)
$$

### Step 1: Simplify inside the parentheses first.

- $2 + 5 = 7$
- $1 - 2 = -1$

Now substitute those results back into the expression:

$$
3(7) - 4(-1)
$$

### Step 2: Perform the multiplication.

- $3 \times 7 = 21$
- $4 \times (-1) = -4$

So now the expression becomes:

$$
21 - (-4)
$$

### Step 3: Subtracting a negative is the same as adding a positive.

$$
21 + 4 = 25
$$

---

### ✅ Final Answer:
$$
\boxed{25}
$$

Let me know if you'd like to go through another example!"
"Numbers and Operations","Understanding and performing operations","F","Simplify: (–4)² + 3³ – 5²","Sure! Let's break down the expression step by step:

We are asked to simplify:  
$$
(–4)^2 + 3^3 – 5^2
$$

### Step 1: Evaluate each exponent

- $(–4)^2 = (-4) \times (-4) = 16$
- $3^3 = 3 \times 3 \times 3 = 27$
- $5^2 = 5 \times 5 = 25$

Now substitute these values back into the expression:

$$
16 + 27 - 25
$$

### Step 2: Perform addition and subtraction from left to right

- $16 + 27 = 43$
- $43 - 25 = 18$

### ✅ Final Answer:
$$
\boxed{18}
$$"
"Numbers and Operations","Understanding and performing operations","F","Simplify: [(4/5) + (1/2)] ÷ (3/10)","To simplify the expression:

$$
\left(\frac{4}{5} + \frac{1}{2}\right) \div \frac{3}{10}
$$

We'll break it into steps.

---

### **Step 1: Add the fractions inside the parentheses**

You need to add:
$$
\frac{4}{5} + \frac{1}{2}
$$

To do this, find a common denominator. The least common denominator (LCD) of 5 and 2 is **10**.

Convert both fractions:

- $\frac{4}{5} = \frac{8}{10}$
- $\frac{1}{2} = \frac{5}{10}$

Now add:
$$
\frac{8}{10} + \frac{5}{10} = \frac{13}{10}
$$

---

### **Step 2: Now divide by $\frac{3}{10}$**

We now have:
$$
\frac{13}{10} \div \frac{3}{10}
$$

To divide by a fraction, **multiply by its reciprocal**:

$$
\frac{13}{10} \div \frac{3}{10} = \frac{13}{10} \times \frac{10}{3}
$$

---

### **Step 3: Multiply the fractions**

Multiply numerators and denominators:

$$
\frac{13 \times 10}{10 \times 3} = \frac{130}{30}
$$

Now simplify:

$$
\frac{130}{30} = \frac{13}{3}
$$

(Both numerator and denominator are divisible by 10.)

---

### ✅ Final Answer:

$$
\boxed{\frac{13}{3}}
$$

Or as a mixed number:
$$
\boxed{4 \frac{1}{3}}
$$"
"Numbers and Operations","Understanding and performing operations","F","What is the value of –√36?","To solve the task **""What is the value of –√36?""**, let's break it down step by step:

---

### Step 1: Understand what √36 means  
The symbol **√** refers to the **square root**.  
So, **√36** means:  
> ""What number, when multiplied by itself, equals 36?""

Since  
$$
6 \times 6 = 36
$$  
we know that  
$$
\sqrt{36} = 6
$$

This is the **principal (positive) square root**.

---

### Step 2: Apply the negative sign  
Now look at the full expression:  
$$
–\sqrt{36}
$$

This means:  
Take the square root of 36 (which we found is 6), and then apply the negative sign in front.

So:
$$
–\sqrt{36} = -6
$$

---

### ✅ Final Answer:
$$
\boxed{-6}
$$"
"Numbers and Operations","Understanding and performing operations","F","Multiply: (–0.6) × (–2.5)","To solve the multiplication problem:

$$(–0.6) × (–2.5)$$

### Step 1: Understand the rule for multiplying negative numbers
- When you multiply **two negative numbers**, the result is **positive**.
So:

$$
(–0.6) × (–2.5) = 0.6 × 2.5
$$

### Step 2: Multiply the numbers
Now multiply **0.6 × 2.5**.

You can think of this as:

$$
0.6 × 2.5 = (6 × 2.5) ÷ 10
$$

First, calculate:

$$
6 × 2.5 = 15
$$

Then divide by 10:

$$
15 ÷ 10 = 1.5
$$

### ✅ Final Answer:
$$
(–0.6) × (–2.5) = \mathbf{1.5}
$$"
"Numbers and Operations","Understanding and performing operations","G","Simplify 3² × 3⁴ using exponent rules","To simplify **3² × 3⁴** using exponent rules, you can apply the **Product of Powers Property**, which says:

> **aᵐ × aⁿ = aᵐ⁺ⁿ**

This rule works **when the bases are the same**, and you're multiplying powers — just **add the exponents**.

---

### Step-by-step:

Given:  
**3² × 3⁴**

- The base in both terms is **3**
- So, apply the rule:  
  **3² × 3⁴ = 3^(2+4) = 3⁶**

---

### Final Answer:
**3² × 3⁴ = 3⁶**

If you want to compute the actual value:  
**3⁶ = 3 × 3 × 3 × 3 × 3 × 3 = 729**

---

Let me know if you'd like to see more examples!"
"Numbers and Operations","Understanding and performing operations","G","Simplify (2x⁵)³","To simplify the expression $(2x^5)^3$, you can use the **laws of exponents**. Here's a step-by-step breakdown:

---

### Step 1: Understand the structure  
You have a product inside parentheses — a constant and a variable term raised to a power:
$$
(2x^5)^3
$$

This means you're raising **both** the 2 **and** the $x^5$ to the power of 3.

---

### Step 2: Apply the exponent rule  
Use this rule of exponents:
$$
(ab)^n = a^n \cdot b^n
$$
So,
$$
(2x^5)^3 = 2^3 \cdot (x^5)^3
$$

---

### Step 3: Simplify each part  

- $2^3 = 8$
- For $(x^5)^3$, use the rule: $(x^a)^b = x^{a \cdot b}$, so:
  $$
  (x^5)^3 = x^{5 \cdot 3} = x^{15}
  $$

---

### Step 4: Combine the results  
$$
(2x^5)^3 = 8x^{15}
$$

---

### ✅ Final Answer:
$$
\boxed{8x^{15}}
$$"
"Numbers and Operations","Understanding and performing operations","G","Multiply and simplify: (3x²/2y)(4y²/9x)","Sure! Let's go through the problem step by step:

### Problem:
Multiply and simplify:  
$$
\left(\frac{3x^2}{2y}\right)\left(\frac{4y^2}{9x}\right)
$$

---

### Step 1: Multiply the numerators together and the denominators together.

Numerators:
$$
3x^2 \cdot 4y^2 = 12x^2y^2
$$

Denominators:
$$
2y \cdot 9x = 18xy
$$

So the product is:
$$
\frac{12x^2y^2}{18xy}
$$

---

### Step 2: Simplify the fraction

Start by simplifying the numerical part:
$$
\frac{12}{18} = \frac{2}{3}
$$

Now simplify the variables:

- $ x^2 $ divided by $ x $ = $ x^{2-1} = x $
- $ y^2 $ divided by $ y $ = $ y^{2-1} = y $

So putting it all together:
$$
\frac{2xy}{3}
$$

---

### ✅ Final Answer:
$$
\boxed{\frac{2xy}{3}}
$$

Let me know if you want to see this done step-by-step with factoring or cancellation first!"
"Numbers and Operations","Understanding and performing operations","G","Rationalize the denominator: 3 / √5","To **rationalize the denominator** means to eliminate any square roots (or other irrational numbers) from the **denominator** of a fraction.

---

### Given:
$$
\frac{3}{\sqrt{5}}
$$

---

### Step-by-step process:

#### **Step 1: Multiply numerator and denominator by the square root in the denominator.**

We multiply both the top (numerator) and bottom (denominator) of the fraction by √5, because:

$$
\sqrt{5} \cdot \sqrt{5} = 5
$$

This removes the square root from the denominator.

---

So we do:

$$
\frac{3}{\sqrt{5}} \cdot \frac{\sqrt{5}}{\sqrt{5}} = \frac{3\sqrt{5}}{\sqrt{5} \cdot \sqrt{5}} = \frac{3\sqrt{5}}{5}
$$

---

### Final Answer:
$$
\boxed{\frac{3\sqrt{5}}{5}}
$$

Now the denominator is a rational number (5), so the expression is rationalized ✅

Let me know if you want more examples or practice problems!"
"Numbers and Operations","Understanding and performing operations","H","Simplify: (2x² − 8)⁄(x² − 4)","Sure! Let's simplify the expression:

$$
\frac{2x^2 - 8}{x^2 - 4}
$$

---

### Step 1: **Factor both numerator and denominator**

#### Numerator:
$$
2x^2 - 8 = 2(x^2 - 4)
$$

We factor out the common factor of 2.

#### Denominator:
$$
x^2 - 4
$$

This is a **difference of squares**, so we factor it as:
$$
x^2 - 4 = (x - 2)(x + 2)
$$

So now the expression becomes:
$$
\frac{2(x^2 - 4)}{(x - 2)(x + 2)}
$$

But notice that $x^2 - 4$ in the numerator can also be factored (again, it's a difference of squares):
$$
x^2 - 4 = (x - 2)(x + 2)
$$

So the full factorization of the numerator is:
$$
2(x - 2)(x + 2)
$$

And the denominator is already factored:
$$
(x - 2)(x + 2)
$$

Now our expression looks like this:
$$
\frac{2(x - 2)(x + 2)}{(x - 2)(x + 2)}
$$

---

### Step 2: **Cancel common factors**

We can cancel the matching factors $(x - 2)(x + 2)$ from numerator and denominator:

$$
\frac{2\cancel{(x - 2)(x + 2)}}{\cancel{(x - 2)(x + 2)}} = 2
$$

---

### Final Answer:
$$
\boxed{2}
$$

**Note:** This simplification is valid for all $ x $ such that $ x \neq \pm 2 $, because those values would make the original denominator zero, which is undefined."
"Numbers and Operations","Understanding and performing operations","H","Simplify: (5√12 + 3√27)⁄√3","We are asked to simplify the expression:

$$
\frac{5\sqrt{12} + 3\sqrt{27}}{\sqrt{3}}
$$

---

### **Step 1: Simplify the square roots in the numerator**

Let's break down each square root into simpler terms.

#### Simplify √12:
$$
\sqrt{12} = \sqrt{4 \cdot 3} = \sqrt{4} \cdot \sqrt{3} = 2\sqrt{3}
$$

So:
$$
5\sqrt{12} = 5 \cdot 2\sqrt{3} = 10\sqrt{3}
$$

#### Simplify √27:
$$
\sqrt{27} = \sqrt{9 \cdot 3} = \sqrt{9} \cdot \sqrt{3} = 3\sqrt{3}
$$

So:
$$
3\sqrt{27} = 3 \cdot 3\sqrt{3} = 9\sqrt{3}
$$

---

### **Step 2: Add like terms in the numerator**

Now substitute back into the original expression:

$$
\frac{10\sqrt{3} + 9\sqrt{3}}{\sqrt{3}} = \frac{(10 + 9)\sqrt{3}}{\sqrt{3}} = \frac{19\sqrt{3}}{\sqrt{3}}
$$

---

### **Step 3: Simplify the fraction**

$$
\frac{19\sqrt{3}}{\sqrt{3}} = 19
$$

(The √3 cancels out.)

---

### ✅ Final Answer:
$$
\boxed{19}
$$"
"Numbers and Operations","Understanding and performing operations","H","Expand and simplify (a + b + c)²","Sure! Let's walk through how to **expand and simplify** the expression $(a + b + c)^2$ step by step.

---

### Step 1: Understand what squaring means

Squaring a binomial (or in this case, a **trinomial**) means multiplying the expression by itself:

$$
(a + b + c)^2 = (a + b + c)(a + b + c)
$$

---

### Step 2: Use distributive property (FOIL for trinomials)

We need to multiply each term in the first parenthesis by each term in the second parenthesis.

This is like using the distributive property repeatedly:

$$
(a + b + c)(a + b + c) = a(a + b + c) + b(a + b + c) + c(a + b + c)
$$

Now expand each part:

- $a(a + b + c) = a^2 + ab + ac$
- $b(a + b + c) = ab + b^2 + bc$
- $c(a + b + c) = ac + bc + c^2$

---

### Step 3: Add all the parts together

Now combine everything:

$$
a^2 + ab + ac + ab + b^2 + bc + ac + bc + c^2
$$

---

### Step 4: Combine like terms

Group similar terms:

- $a^2$ appears once.
- $b^2$ appears once.
- $c^2$ appears once.
- $ab + ab = 2ab$
- $ac + ac = 2ac$
- $bc + bc = 2bc$

So the simplified result is:

$$
\boxed{a^2 + b^2 + c^2 + 2ab + 2ac + 2bc}
$$

---

### Final Answer:

$$
(a + b + c)^2 = a^2 + b^2 + c^2 + 2ab + 2ac + 2bc
$$

Let me know if you want to see an example with actual numbers plugged in!"
"Numbers and Operations","Understanding and performing operations","H","Evaluate 2⁵ mod 7","To solve the task **evaluate $ 2^5 \mod 7 $**, you're being asked to compute what **$ 2^5 $** is, and then find the **remainder when that number is divided by 7**.

---

### Step-by-step:

#### Step 1: Compute $ 2^5 $
$$
2^5 = 2 \times 2 \times 2 \times 2 \times 2 = 32
$$

#### Step 2: Find $ 32 \mod 7 $
This means divide 32 by 7 and find the remainder:
$$
32 \div 7 = 4 \text{ remainder } 4
$$

So,
$$
32 \mod 7 = 4
$$

Therefore,
$$
2^5 \mod 7 = 4
$$

---

### Final Answer:
$$
\boxed{4}
$$

Let me know if you want a faster way using modular arithmetic properties!"
"Numbers and Operations","Ordering numbers","B","Write these numbers in order from smallest to largest: 42, 15, 37","To solve the task of writing the numbers **42, 15, and 37** in order from **smallest to largest**, follow these steps:

---

### 🔍 Step 1: Look at the numbers
You are given three numbers:
- 42  
- 15  
- 37  

---

### 🧠 Step 2: Compare them
Start by comparing each number to figure out which is the smallest, middle, and largest.

- **15** is less than both **37** and **42**
- **37** is more than **15**, but less than **42**
- **42** is the largest

---

### ✅ Step 3: Put them in order
Now that you know the size relationship between the numbers, list them from smallest to largest:

**15, 37, 42**

---

Let me know if you want to learn how to do this with more numbers or different types of numbers!"
"Numbers and Operations","Ordering numbers","B","Circle the largest number: 63, 56, 61","To solve the task **""Circle the largest number: 63, 56, 61""**, follow these steps:

---

### Step 1: Look at all the numbers  
You are given three numbers:  
- 63  
- 56  
- 61

---

### Step 2: Compare the numbers  
Start comparing them to see which one is the biggest.

- Compare **63** and **56**:  
  63 is larger than 56.

- Compare **63** and **61**:  
  63 is also larger than 61.

So, **63 is larger than both 56 and 61**.

---

### Step 3: Circle the largest number  
Now that you know **63 is the largest**, just **circle it** as instructed.

---

✅ Final Answer: **Circle 63**

Let me know if you'd like help with more tasks like this!"
"Numbers and Operations","Ordering numbers","B","Put these in order: 100, 10, 50","Sure! To solve the task of putting the numbers **100, 10, and 50** in order, you need to arrange them either from **smallest to largest** (ascending order) or **largest to smallest** (descending order). Since the task doesn't specify, we'll assume ascending order is wanted.

### Step-by-step:

1. **Identify the numbers:** 100, 10, 50  
2. **Compare their values:**
   - The smallest number is **10**
   - The next one is **50**
   - The largest is **100**
3. **Put them in order (from smallest to largest):**  
   ✅ **10, 50, 100**

If you were asked for descending order instead, it would be:  
✅ **100, 50, 10**

Let me know if you want to sort more numbers or use a different rule!"
"Numbers and Operations","Ordering numbers","B","Which number does not belong? 41, 43, 46, 45","Let's look at the numbers:

**41, 43, 46, 45**

We are trying to find **which number does not belong** — meaning one of these stands out from the others based on a pattern.

---

### Step 1: Look for patterns

#### A. Check if they are in sequence or near a sequence:
- These numbers are close together: 41, 43, 45, 46 (if we sort them).
- So sorted: **41, 43, 45, 46**

Now ask: Is there a consistent difference between the numbers?

- 43 − 41 = 2  
- 45 − 43 = 2  
- 46 − 45 = 1  

So the differences are: **+2, +2, +1**

This suggests that **46 breaks the pattern of adding 2**, since it only adds **+1** instead of +2 like the others.

---

### ✅ Answer: **46 does not belong**

Because:
- The other numbers (41, 43, 45) follow a **pattern of increasing by 2**.
- **46 breaks this pattern** after 45.

---

### Alternative approach: Are any of these special types of numbers?

- **41** – prime
- **43** – prime
- **45** – not prime (divisible by 3, 5, 9…)
- **46** – not prime (divisible by 2 and 23)

So both 45 and 46 are not prime — so you can't eliminate just one of them that way.

So **""not prime"" doesn't isolate one unique number**.

Thus, the **best reasoning is the pattern of increments**.

---

### Final Answer: **46 does not belong**, because it breaks the pattern of adding 2."
"Numbers and Operations","Ordering numbers","B","Circle the numbers that are in the correct order: A) 34, 36, 35 B) 22, 24, 26","Sure! Let's break down the task and figure out how to solve it.

---

### **Task:**  
**Circle the numbers that are in the correct order.**  
You’re given two sets of numbers:  
- **A) 34, 36, 35**  
- **B) 22, 24, 26**

---

### **Step-by-step Explanation:**

We need to check if the numbers in each option are in **correct numerical order**, which usually means **from smallest to largest (ascending order)** unless otherwise stated.

---

### **Check Option A: 34, 36, 35**

Let’s go through them one by one:

- 34 comes first — that’s the smallest.
- Then 36 — bigger than 34 ✅
- Then 35 — but this is **less than 36**, so it should come **before** 36 ❌

So the correct order would be: **34, 35, 36**

👉 Therefore, **Option A is NOT in the correct order.**

---

### **Check Option B: 22, 24, 26**

Now let's look at this set:

- 22 comes first — smallest ✅  
- 24 comes next — larger than 22 ✅  
- 26 comes last — larger than 24 ✅  

Each number is increasing properly.

👉 So, **Option B IS in the correct order.**

---

### ✅ **Final Answer:**
**Circle B (22, 24, 26)** because those numbers are in the correct increasing order.

Let me know if you want to try more examples!"
"Numbers and Operations","Ordering numbers","C","Put these numbers in order from least to greatest: 4,209; 3,892; 4,102","Sure! Let's walk through the process of ordering these numbers from **least to greatest**:

### Numbers:
- 4,209  
- 3,892  
- 4,102  

---

### Step 1: Understand Place Value
To compare numbers, look at the digits starting from the **leftmost digit** (the highest place value), and move right until you find a difference.

---

### Step 2: Compare the Thousands Place

Look at each number’s **thousands digit**:
- 4,209 → **4**
- 3,892 → **3**
- 4,102 → **4**

The number **3,892** has the smallest thousands digit (**3**), so it is the **smallest number**.

Now compare the other two: **4,209 vs. 4,102**

---

### Step 3: Compare Hundreds Place (since Thousands are equal)

Both have **4** in the thousands place, so check the **hundreds** digit:
- 4,209 → **2**
- 4,102 → **1**

Since **1 < 2**, the number **4,102** is smaller than **4,209**.

---

### Step 4: Final Order

From **least to greatest**:
1. **3,892**
2. **4,102**
3. **4,209**

✅ **Answer: 3,892; 4,102; 4,209**

Let me know if you'd like to practice more examples!"
"Numbers and Operations","Ordering numbers","C","Write these in descending order: 5,000; 5,300; 4,900; 5,100","To solve the task of writing these numbers in **descending order**, you need to arrange them from the **largest** to the **smallest**.

Here are the numbers:
- 5,000
- 5,300
- 4,900
- 5,100

### Step-by-step process:

1. **Compare the numbers**:
   - Start by identifying the largest number → **5,300**
   - Then find the next largest → **5,100**
   - Then the next one → **5,000**
   - The smallest is → **4,900**

2. **Arrange them in descending order**:
   - From largest to smallest:  
     **5,300; 5,100; 5,000; 4,900**

### ✅ Final Answer:
**5,300; 5,100; 5,000; 4,900**

Let me know if you want to learn how to do this with more numbers or different formats!"
"Numbers and Operations","Ordering numbers","C","Fill in the blank: 2,345 < ___ < 2,789","To solve the task:

**Fill in the blank: 2,345 < ___ < 2,789**

You need to find a number that is **greater than 2,345** and **less than 2,789**.

---

### Step-by-step explanation:

1. **Understand the inequality**:  
   You're looking for a number that lies **between 2,345 and 2,789** on the number line.

2. **Any number in that range works**, as long as it's not equal to either end value.

3. **Examples of valid answers**:
   - 2,400
   - 2,500
   - 2,678
   - 2,700

4. **Pick one such number** to fill in the blank. For example:

   → **2,345 < 2,600 < 2,789**

---

### Tips:
- If you want a simple number to choose, you can pick the **midpoint** between the two:
  $$
  \text{Midpoint} = \frac{2,345 + 2,789}{2} = \frac{5,134}{2} = 2,567
  $$
  So:  
  **2,345 < 2,567 < 2,789**

- But again, any number strictly between those two values is correct!

---

Let me know if you want to use whole numbers only or include decimals!"
"Numbers and Operations","Ordering numbers","D","Round 345.67 to nearest whole/tenth","To solve the task of rounding **345.67** to the **nearest whole number** and to the **nearest tenth**, follow these steps:

---

### 🔹 Part 1: Round to the Nearest Whole Number

**Goal:** Round **345.67** to the nearest whole number.

- The whole number part is **345**, and the decimal part is **.67**.
- Look at the **tenths place**, which is **6** (the first digit after the decimal).
- Rule: If the tenths digit is **5 or more**, round **up**. If it's **less than 5**, round **down**.

✅ Since **6 ≥ 5**, we round **up**.

👉 Final Answer: **346**

---

### 🔹 Part 2: Round to the Nearest Tenth

**Goal:** Round **345.67** to the nearest tenth.

- The tenths place is **6** (first decimal digit), and the hundredths place is **7** (second decimal digit).
- Rule: Look at the **hundredths place**. If it’s **5 or more**, round the tenths digit **up**.

✅ Since **7 ≥ 5**, we round the tenths digit up from **6 to 7**.

👉 Final Answer: **345.7**

---

### ✅ Final Answers:

- **Nearest whole number:** **346**
- **Nearest tenth:** **345.7**

Let me know if you want a visual breakdown or more examples!"
"Numbers and Operations","Ordering numbers","D","Place these numbers on a number line: -1, ½, 0.25, -0.75","To solve the task of placing the numbers **-1, ½, 0.25, and -0.75** on a number line, follow these steps:

---

### 🔢 Step 1: Understand the Numbers

First, convert all the numbers to the same format — either decimals or fractions — so it's easier to compare them.

Here are the numbers in **decimal form**:
- **-1** → already a decimal
- **½** = **0.5**
- **0.25** = already a decimal
- **-0.75** = already a decimal

So now you have:
- **-1.0**
- **-0.75**
- **0.25**
- **0.5**

---

### 📐 Step 2: Draw a Number Line

Draw a straight horizontal line with arrows on both ends (to show it continues infinitely).

Mark a point in the middle as **0**.

Then mark equal intervals to the right (positive numbers) and left (negative numbers). For this example, use intervals like:
```
-1.0   -0.5    0    0.5    1.0
```

You can add more marks between if needed.

---

### ✅ Step 3: Place Each Number

Now place each number at the correct position on the line:

1. **-1.0**: This is one full unit to the **left** of 0.
2. **-0.75**: This is **between -1.0 and 0**, closer to -1.
3. **0.25**: This is **between 0 and 0.5**, closer to 0.
4. **0.5 (or ½)**: This is halfway between 0 and 1.

---

### 🧠 Tip for Remembering Order

Order from **smallest to largest**:
- **-1.0**
- **-0.75**
- **0.25**
- **0.5**

This will help you place them correctly from left to right on the number line.

---

### 🖊️ Final Visual (Text-Based Example)

Here's how they would look on a simple text-based number line:

```
<---|-----|-----|-----|-----|-----|-----|-----|-----|--->
 -1  -0.75 -0.5 -0.25  0   0.25  0.5   0.75   1
  *     *                        *     *
 -1   -0.75                    0.25   0.5
```

---

Let me know if you'd like help drawing it visually or converting numbers differently!"
"Numbers and Operations","Ordering numbers","D","Arrange from greatest to least: -5, 7, -2, -8, 0","To solve the task of arranging the numbers **-5, 7, -2, -8, 0** from **greatest to least**, follow these steps:

---

### ✅ Step 1: Understand what ""greatest to least"" means  
You want to order the numbers starting with the **largest (highest)** number and end with the **smallest (lowest)**.

---

### ✅ Step 2: Recall how numbers compare  
On a number line:
- Positive numbers are always **greater than zero**.
- Negative numbers are always **less than zero**.
- Among negative numbers, the one closer to zero is **greater**.

For example:
- -2 > -5 because -2 is closer to 0 than -5.
- -8 < -5 because -8 is farther from 0 in the negative direction.

---

### ✅ Step 3: List the numbers  
Given numbers:  
**-5, 7, -2, -8, 0**

Now identify each type:
- Positive: **7**
- Zero: **0**
- Negatives: **-5, -2, -8**

---

### ✅ Step 4: Sort them from greatest to least  
Start with the largest:
1. **7** (positive number — biggest)
2. **0**
3. **-2** (least negative)
4. **-5**
5. **-8** (most negative — smallest)

---

### ✅ Final Answer:
**7, 0, -2, -5, -8**

Let me know if you'd like a visual explanation or number line diagram!"
"Numbers and Operations","Ordering numbers","D","Fill in the blank: ___ < 0.5 < ¾","You're given the inequality:

> ___ < 0.5 < ¾

And you're asked to **fill in the blank** with a number that makes the whole statement true.

---

### Step-by-step breakdown:

We are looking for a number that is **less than 0.5**, because it must go in the blank like this:

> (number) < 0.5 < ¾

So we need a number that is **smaller than 0.5**, but also **reasonable** and simple enough to make sense in context.

Let’s convert everything to decimals for easier comparison:

- 0.5 is already in decimal form.
- ¾ = 0.75

So now we have:

> ___ < 0.5 < 0.75

That means the missing number should be **between negative infinity and 0.5**, but typically, we look for a **simple number** less than 0.5 — maybe a fraction or decimal.

---

### Possible answers:

Some numbers less than 0.5:
- 0.25
- 0.1
- 0.49
- 0.0
- -1

Any of these could work, but often the question expects a **reasonable and clean** number. A common choice might be a **fraction** like:

- ¼ = 0.25

So one good answer is:

> **¼ < 0.5 < ¾**

✅ This works because:  
0.25 < 0.5 < 0.75

---

### Final Answer:
> **¼ < 0.5 < ¾**

Let me know if you'd like other possible values that could fill the blank!"
"Numbers and Operations","Ordering numbers","D","Order the fractions: 5/6, 2/3, 3/4","To **order the fractions** $ \frac{5}{6}, \frac{2}{3}, \frac{3}{4} $ from **smallest to largest**, you can follow these steps:

---

### 🔢 Step 1: Find a Common Denominator

To compare fractions easily, find a **common denominator** so that all fractions have the same bottom number.

The denominators are:
- 6
- 3
- 4

Find the **Least Common Denominator (LCD)** of 6, 3, and 4.

**Multiples of 6:** 6, 12, 18, 24...  
**Multiples of 3:** 3, 6, 9, 12...  
**Multiples of 4:** 4, 8, 12, 16...

✅ The least common denominator is **12**

---

### 🔄 Step 2: Convert All Fractions to Have Denominator 12

Now convert each fraction to an equivalent one with denominator 12:

- $ \frac{5}{6} = \frac{5 \times 2}{6 \times 2} = \frac{10}{12} $
- $ \frac{2}{3} = \frac{2 \times 4}{3 \times 4} = \frac{8}{12} $
- $ \frac{3}{4} = \frac{3 \times 3}{4 \times 3} = \frac{9}{12} $

Now we have:
- $ \frac{10}{12}, \frac{8}{12}, \frac{9}{12} $

---

### ✅ Step 3: Compare Numerators and Order

Now just compare the top numbers (numerators):

- $ \frac{8}{12} $ (which was $ \frac{2}{3} $)
- $ \frac{9}{12} $ (which was $ \frac{3}{4} $)
- $ \frac{10}{12} $ (which was $ \frac{5}{6} $)

So in order from **smallest to largest**:

$$
\boxed{\frac{2}{3},\ \frac{3}{4},\ \frac{5}{6}}
$$

---

### 🧠 Optional Tip: You Can Also Use Decimal Conversion

If finding a common denominator is hard, you can convert each fraction to a decimal:

- $ \frac{5}{6} \approx 0.833 $
- $ \frac{2}{3} \approx 0.667 $
- $ \frac{3}{4} = 0.75 $

Again, ordering decimals:
- 0.667 → $ \frac{2}{3} $
- 0.75 → $ \frac{3}{4} $
- 0.833 → $ \frac{5}{6} $

Same result! ✅

---

### ✨ Final Answer:

$$
\boxed{\frac{2}{3},\ \frac{3}{4},\ \frac{5}{6}}
$$"
"Numbers and Operations","Ordering numbers","E","Arrange in descending order: ¾, 0.66, 2/3","To solve the task of arranging **¾, 0.66, and 2/3** in **descending order**, follow these steps:

---

### 🔢 Step 1: Convert all numbers to the same format (decimals)

It's easiest to compare fractions and decimals by converting everything to **decimal form**.

1. **¾ (three-fourths)**  
   Divide 3 by 4:  
   $ \frac{3}{4} = 0.75 $

2. **0.66**  
   This is already a decimal, so leave it as is.

3. **2/3 (two-thirds)**  
   Divide 2 by 3:  
   $ \frac{2}{3} ≈ 0.6667 $ (rounded to 4 decimal places)

---

### ✅ Step 2: List all values in decimal form

Now we have:
- ¾ = **0.75**
- 0.66 = **0.66**
- 2/3 ≈ **0.6667**

---

### 🔽 Step 3: Arrange in descending order (from largest to smallest)

Compare the decimals:
- **0.75** (largest)
- **0.6667** (middle)
- **0.66** (smallest)

So in descending order:
> **¾ , 2/3 , 0.66**

---

### 🧾 Final Answer:
**¾ > 2/3 > 0.66**

Let me know if you want to visualize this on a number line or convert them back to fractions for comparison!"
"Numbers and Operations","Ordering numbers","E","Round €13.78, €13.21, and €13.50 to the nearest whole euro, then order them","Sure! Let's go through the task step by step.

### Task:  
**Round €13.78, €13.21, and €13.50 to the nearest whole euro, then order them.**

---

## 🔹 Step 1: Rounding to the Nearest Whole Euro

To round to the nearest whole euro:
- Look at the **decimal part (cents)**.
- If it is **0.50 or more**, round **up**.
- If it is **less than 0.50**, round **down**.

Let’s round each amount:

1. **€13.78**
   - Decimal part = 0.78 → This is more than 0.50
   - Rounded to: **€14**

2. **€13.21**
   - Decimal part = 0.21 → Less than 0.50
   - Rounded to: **€13**

3. **€13.50**
   - Decimal part = 0.50 → Exactly half
   - Rounded to: **€14**

---

## 🔹 Step 2: Ordering the Rounded Amounts

Now that we’ve rounded:
- €13.21 → €13
- €13.50 → €14
- €13.78 → €14

Let’s order them from **smallest to largest**:

👉 **€13, €14, €14**

---

## ✅ Final Answer:
**€13, €14, €14**

Or with the original numbers labeled for clarity:
- €13.21 → **€13**
- €13.50 → **€14**
- €13.78 → **€14**

So the ordered rounded values are: **€13, €14, €14**

Let me know if you'd like a visual explanation or further examples!"
"Numbers and Operations","Ordering numbers","E","Sort: 3/4, 0.79, 76%","To **sort** the numbers:  
$$ \frac{3}{4},\ 0.79,\ 76\% $$  
you need to **convert all of them into the same format**, like decimals, so they can be easily compared.

---

### Step 1: Convert each number to a decimal

1. **3/4 (fraction):**

$$
\frac{3}{4} = 0.75
$$

2. **0.79 (already a decimal):**

$$
0.79
$$

3. **76% (percent):**

$$
76\% = \frac{76}{100} = 0.76
$$

---

### Step 2: List all in decimal form:

- 0.75 (from 3/4)
- 0.79
- 0.76 (from 76%)

---

### Step 3: Sort from smallest to largest:

$$
0.75 < 0.76 < 0.79
$$

---

### Final Answer (sorted):

$$
\frac{3}{4} < 76\% < 0.79
$$

Let me know if you want help visualizing this on a number line or converting back to other forms!"
"Numbers and Operations","Ordering numbers","F","Compare: 3² ___ 2³","You're being asked to **compare** the values of $ 3^2 $ and $ 2^3 $. This means you need to evaluate each expression and then determine whether one is greater than, less than, or equal to the other.

---

### Step-by-step:

#### Step 1: Evaluate $ 3^2 $
- $ 3^2 = 3 \times 3 = 9 $

#### Step 2: Evaluate $ 2^3 $
- $ 2^3 = 2 \times 2 \times 2 = 8 $

---

### Step 3: Compare the two results:
- $ 9 $ (from $ 3^2 $) vs. $ 8 $ (from $ 2^3 $)

So:

$$
3^2 > 2^3
$$

---

### Final Answer:
$$
3^2 > 2^3
$$

Let me know if you'd like to explore more exponent comparisons!"
"Numbers and Operations","Ordering numbers","F","Place on number line: π, 3.14, √10","Sure! Let's break down the task **""Place on number line: π, 3.14, √10""** step by step.

---

### 🎯 **Goal**:  
You are asked to **locate and label three numbers — π (pi), 3.14, and √10 (square root of 10)** — on a number line.

This means you'll need to:
1. Understand how big each number is.
2. Estimate or calculate their decimal values.
3. Plot them in the correct order on a number line.

---

## 🔢 Step 1: Know What Each Number Is

Let’s find approximate decimal values for each:

### ✅ π (Pi)
- π ≈ **3.1415926535...**
- It's an irrational number that never ends or repeats.
- Commonly approximated as **3.14**, but it's actually slightly larger than that.

### ✅ 3.14
- This is just a **finite decimal**, so:
  - 3.14 = **exactly 3.14**
- It is often used as an approximation for π, but it's **slightly less** than π.

### ✅ √10 (Square Root of 10)
- √10 ≈ **3.16227766017...**
- It's irrational too.
- Since √9 = 3 and √16 = 4, √10 lies between 3 and 4.
- It’s **greater than both π and 3.14**.

---

## 📊 Step 2: Put Them in Order

Now let’s arrange them from smallest to largest:

| Number | Approximate Value |
|--------|-------------------|
| 3.14   | 3.14              |
| π      | 3.14159...        |
| √10    | 3.16227...        |

✅ So the order is:

**3.14 < π < √10**

---

## 📐 Step 3: Draw the Number Line

Here’s how to draw the number line:

1. Draw a straight horizontal line.
2. Mark some evenly spaced tick marks with numbers like:
   ```
   3.10 --- 3.12 --- 3.14 --- 3.16 --- 3.18 --- 3.20
   ```
3. Now place dots or arrows at the positions corresponding to:
   - **3.14** exactly on the 3.14 mark.
   - **π ≈ 3.1416**, just a little bit to the right of 3.14.
   - **√10 ≈ 3.1623**, a bit more to the right of π.

---

## ✅ Final Result

Your number line should look something like this (text version):

```
<---|------|------|------|------|------|----->
   3.10   3.12   3.14   3.16   3.18   3.20

         3.14     π     √10
          ●       ↑      ↑
```

- 3.14 is exactly at the 3.14 mark.
- π is very close to it, just a tiny bit to the right.
- √10 is clearly further right.

---

## 🧠 Tip:

If you're doing this on paper, use a ruler to space the numbers evenly. If you're using graph paper, even better!

---

Let me know if you want help drawing it visually or making a printable version!"
"Numbers and Operations","Ordering numbers","F","True or False: √3 > 1.7","To determine whether the statement **""√3 > 1.7""** is **true or false**, you can follow these steps:

---

### 🔍 Step 1: Understand what √3 means
- √3 (square root of 3) is the positive number that, when multiplied by itself, gives 3.
- It is an irrational number, meaning it cannot be expressed as a simple fraction and has a non-repeating, non-terminating decimal expansion.

---

### 📐 Step 2: Approximate √3
We know:
- √1 = 1  
- √4 = 2  
So √3 must be between 1 and 2.

Let’s narrow it down:
- Try 1.7² = 1.7 × 1.7 = **2.89**
- Try 1.73² = ~2.9929
- Try 1.732² ≈ **3.0002**

So:
- √3 ≈ **1.732**

---

### ✅ Step 3: Compare √3 to 1.7

We now have:
- √3 ≈ 1.732
- 1.7 is exactly 1.700

Clearly:
- **1.732 > 1.700**

---

### ✔️ Final Answer:
**True** – √3 is greater than 1.7.

---

Would you like to see how to solve this without a calculator?"
"Numbers and Operations","Ordering numbers","F","Order from greatest to least: √11, 3.3, 10/3","!!!!"
"Numbers and Operations","Ordering numbers","G","Determine if x < y < z holds for x = 0.66, y = 2/3, z = 67%","To determine if the inequality **x < y < z** holds for:

- $ x = 0.66 $
- $ y = \frac{2}{3} $
- $ z = 67\% $

You need to **compare all three values in the same format**, such as decimals, and then check whether the inequality is true.

---

### ✅ Step-by-step process:

#### Step 1: Convert all numbers to **decimal form**

- $ x = 0.66 $ (already in decimal)
- $ y = \frac{2}{3} $

  $$
  \frac{2}{3} = 0.\overline{6} \approx 0.6667
  $$

- $ z = 67\% $

  $$
  67\% = \frac{67}{100} = 0.67
  $$

So now we have:

- $ x = 0.66 $
- $ y \approx 0.6667 $
- $ z = 0.67 $

---

#### Step 2: Compare the values

Now check if:

$$
x < y < z
$$

Substitute the decimal values:

$$
0.66 < 0.6667 < 0.67
$$

This is **true**.

---

### ✅ Final Answer:

**Yes, the inequality $ x < y < z $ holds.**  
Because:
$$
0.66 < 0.6667 < 0.67
$$

Let me know if you'd like a visual number line or more help with comparisons!"
"Numbers and Operations","Ordering numbers","G","Write an inequality statement comparing x = –3, y = 1, z = 4","To solve the task of **writing an inequality statement comparing** $ x = -3 $, $ y = 1 $, and $ z = 4 $, you're being asked to show how these three values relate to each other in terms of size — specifically using **inequality symbols** like `<` (less than) or `>` (greater than).

---

### Step-by-step:

You are given:

- $ x = -3 $
- $ y = 1 $
- $ z = 4 $

Now compare their numerical values:

- $ -3 < 1 < 4 $

So this means:
- $ x < y $ because $ -3 < 1 $
- $ y < z $ because $ 1 < 4 $
- Therefore, $ x < y < z $

---

### Final Answer:

You can write a **single inequality statement** that compares all three values:

$$
x < y < z
$$

Substituting the values in:

$$
-3 < 1 < 4
$$

This shows the order from smallest to largest.

---

Let me know if you want to graph this on a number line or explore more comparisons!"
"Numbers and Operations","Ordering numbers","G","Order the following from greatest to least: 4², 2⁴, and 16","Sure! Let's break down the task step by step.

You're asked to **order the following from greatest to least**:  
- $ 4^2 $  
- $ 2^4 $  
- $ 16 $

---

### Step 1: Evaluate each expression

1. **$ 4^2 $** means $ 4 \times 4 = 16 $
2. **$ 2^4 $** means $ 2 \times 2 \times 2 \times 2 = 16 $
3. **16** is just the number sixteen.

So now we have:

- $ 4^2 = 16 $
- $ 2^4 = 16 $
- $ 16 = 16 $

---

### Step 2: Compare the values

All three expressions evaluate to **16**, so they are all **equal**.

---

### Step 3: Final Answer (Ordering)

Since all the numbers are the same, ordering them from **greatest to least** would look like:

> **$ 4^2 = 2^4 = 16 $** (all equal)

You can list them in any order since they are all equal.

Let me know if you'd like to explore similar problems with different exponents!"
"Numbers and Operations","Ordering numbers","H","Arrange 2i, 3 + 2i, 3 − i by magnitude","To **arrange the complex numbers $ 2i $, $ 3 + 2i $, and $ 3 - i $ by magnitude**, you need to:

---

### 🔹 Step 1: Understand what ""magnitude"" means for a complex number.

For any complex number $ z = a + bi $, its **magnitude** is given by:

$$
|z| = \sqrt{a^2 + b^2}
$$

Where:
- $ a $ is the real part,
- $ b $ is the imaginary part.

---

### 🔹 Step 2: Find the magnitude of each complex number.

#### ✅ 1. $ 2i $

This can be written as $ 0 + 2i $, so:

$$
|2i| = \sqrt{0^2 + 2^2} = \sqrt{4} = 2
$$

#### ✅ 2. $ 3 + 2i $

Real part = 3, Imaginary part = 2:

$$
|3 + 2i| = \sqrt{3^2 + 2^2} = \sqrt{9 + 4} = \sqrt{13} \approx 3.605
$$

#### ✅ 3. $ 3 - i $

Real part = 3, Imaginary part = -1:

$$
|3 - i| = \sqrt{3^2 + (-1)^2} = \sqrt{9 + 1} = \sqrt{10} \approx 3.162
$$

---

### 🔹 Step 3: Compare the magnitudes

Now that we have:

- $ |2i| = 2 $
- $ |3 - i| \approx 3.162 $
- $ |3 + 2i| \approx 3.605 $

We can arrange them **from smallest to largest magnitude**:

$$
\boxed{2i \quad < \quad 3 - i \quad < \quad 3 + 2i}
$$

---

### ✅ Final Answer:

$$
\boxed{2i,\quad 3 - i,\quad 3 + 2i}
$$

(sorted in increasing order of magnitude)

Let me know if you'd like to visualize this on the complex plane!"
"Numbers and Operations","Ordering numbers","H","Order the complex numbers i, −1 + i, 2i based on modulus","To **order complex numbers based on modulus**, you need to:

### Step 1: Understand what the **modulus** of a complex number is.

A complex number is written in the form:

$$
z = a + bi
$$

where:
- $ a $ is the **real part**
- $ b $ is the **imaginary part**

The **modulus** (or absolute value) of a complex number is defined as:

$$
|z| = \sqrt{a^2 + b^2}
$$

This represents the distance from the origin (0, 0) in the complex plane.

---

### Step 2: Compute the modulus for each complex number

Let’s compute the modulus for each of your numbers:

#### 1. $ i $

This can be written as $ 0 + 1i $

$$
|i| = \sqrt{0^2 + 1^2} = \sqrt{1} = 1
$$

#### 2. $ -1 + i $

This is $ -1 + 1i $

$$
|-1 + i| = \sqrt{(-1)^2 + 1^2} = \sqrt{1 + 1} = \sqrt{2} \approx 1.414
$$

#### 3. $ 2i $

This is $ 0 + 2i $

$$
|2i| = \sqrt{0^2 + 2^2} = \sqrt{4} = 2
$$

---

### Step 3: Order them by increasing modulus

Now that we have the moduli:

- $ |i| = 1 $
- $ |-1 + i| \approx 1.414 $
- $ |2i| = 2 $

So in **increasing order of modulus**, the complex numbers are:

$$
\boxed{i,\quad -1 + i,\quad 2i}
$$

---

### Final Answer:

**Ordered by modulus (smallest to largest):**  
$$
\boxed{i,\ -1 + i,\ 2i}
$$"
"Numbers and Operations","Ordering numbers","H","Order the following: log₂ 3, log₃ 2, log₅ 5","We are asked to **order the following logarithms**:

- $ \log_2 3 $
- $ \log_3 2 $
- $ \log_5 5 $

---

### Step 1: Understand what each logarithm represents

Let’s evaluate or estimate each one:

#### 1. $ \log_5 5 $

This is the easiest one:

$$
\log_5 5 = 1
$$

Because any log of a number to its own base equals 1.

---

#### 2. $ \log_2 3 $

This asks: ""To what power must we raise 2 to get 3?""

We know:

- $ 2^1 = 2 $
- $ 2^{1.5} \approx 2.828 $
- $ 2^{1.6} \approx 3.03 $

So:

$$
\log_2 3 \approx 1.58496
$$

So it's **greater than 1**.

---

#### 3. $ \log_3 2 $

This asks: ""To what power must we raise 3 to get 2?""

We know:

- $ 3^0 = 1 $
- $ 3^{0.5} \approx \sqrt{3} \approx 1.732 $
- $ 3^{0.6} \approx 2.05 $

So:

$$
\log_3 2 \approx 0.6309
$$

So it's **less than 1**.

---

### Step 2: Put them in order from smallest to largest

Now we compare the values:

- $ \log_3 2 \approx 0.6309 $
- $ \log_5 5 = 1 $
- $ \log_2 3 \approx 1.58496 $

---

### ✅ Final Answer:

$$
\boxed{\log_3 2 < \log_5 5 < \log_2 3}
$$"
"Numbers and Operations","Ordering numbers","H","Place ∛5, ∛6, 2 on a number line","To place the numbers ∛5, ∛6, and 2 on a number line, let's break this down step by step.

---

### 🔍 Step 1: Understand what each number represents

- **∛5** means the **cube root of 5**, or the number which, when multiplied by itself three times, gives 5.
- **∛6** is the cube root of 6.
- **2** is just the whole number two.

So we are comparing:
- ∛5 ≈ ?
- ∛6 ≈ ?
- 2 = exactly 2

---

### 🔢 Step 2: Estimate the cube roots

We know:

- $ \sqrt[3]{1} = 1 $
- $ \sqrt[3]{8} = 2 $

So all cube roots between 1 and 8 will be between 1 and 2.

Let’s estimate:

#### Estimate ∛5:

Try values between 1.7 and 1.8:

- $ 1.7^3 = 4.913 $
- $ 1.71^3 ≈ 5.000 $
✅ So, ∛5 ≈ **1.71**

#### Estimate ∛6:

- $ 1.8^3 = 5.832 $
- $ 1.82^3 ≈ 6.058 $
✅ So, ∛6 ≈ **1.82**

---

### 📐 Step 3: Place them on a number line

You can now plot these approximate values:

- ∛5 ≈ **1.71**
- ∛6 ≈ **1.82**
- 2 = **exactly 2**

So from left to right on the number line:

```
1.71 (∛5) ----> 1.82 (∛6) ----> 2
```

---

### ✅ Final Answer (Order on Number Line):

**∛5 < ∛6 < 2**

That’s how they should appear from left to right on a number line.

---

Would you like me to show how to sketch this visually or help with more cube root comparisons?"
"Numbers and Operations","Ordering numbers","H","Order the following numbers: 0b1010, 0xF, 13 (binary, hex, decimal)","Sure! Let's walk through the task step by step.

---

### 🔢 **Task: Order the following numbers:**
- `0b1010`  
- `0xF`  
- `13`

These numbers are given in different **number bases**:
- `0b1010` is **binary** (base 2)
- `0xF` is **hexadecimal** (base 16)
- `13` is **decimal** (base 10)

To compare and order them, we need to convert all of them to the **same base**, usually **decimal** (base 10), since that's what we're most familiar with.

---

## ✅ Step-by-step Conversion

### 1. `0b1010` — Binary (base 2)

This means:
```
1×2³ + 0×2² + 1×2¹ + 0×2⁰
= 8 + 0 + 2 + 0
= 10
```

✅ So, `0b1010` = **10** in decimal

---

### 2. `0xF` — Hexadecimal (base 16)

In hexadecimal:
- `F` stands for **15**

✅ So, `0xF` = **15** in decimal

---

### 3. `13` — Already in Decimal

✅ So, `13` = **13**

---

## 📊 Now Compare the Decimal Values:

| Original | Converted | Decimal |
|----------|-----------|---------|
| `0b1010` | →         | **10**  |
| `13`     | →         | **13**  |
| `0xF`    | →         | **15**  |

---

## 📌 Final Answer: Ordered from smallest to largest

**0b1010 (10) < 13 < 0xF (15)**

---

Let me know if you want to do this without converting to decimal or visualize it in another way!"
"Numbers and Operations","Applying Calculation Strategies","B","Use a number line to Find the result of 9 + 6 = ______","Sure! Let's use a **number line** to solve the addition problem:

### **9 + 6 = ?**

---

### **Step-by-step Instructions:**

1. **Draw a number line** (you can just imagine or sketch it on paper). Mark numbers starting from 0, going up to at least 15.

   ```
   0   1   2   3   4   5   6   7   8   9   10  11  12  13  14  15
   ```

2. **Start at the first number**, which is **9**.

3. **Move forward** (to the right) by the second number, which is **6**.

   - From 9 → 10 (1 step)
   - 10 → 11 (2nd)
   - 11 → 12 (3rd)
   - 12 → 13 (4th)
   - 13 → 14 (5th)
   - 14 → 15 (6th)

4. You end up at **15**.

---

### ✅ **Answer: 9 + 6 = 15**

Using a number line helps you **visualize addition** as moving forward along the line. This method is especially helpful for beginners learning how addition works!

Would you like me to show this with a visual diagram too?"
"Numbers and Operations","Applying Calculation Strategies","B","Solve the following by adding tens and ones: 27 + 35","To solve **27 + 35** by **adding tens and ones**, you break both numbers into their **tens** and **ones**, then add those parts separately. Here's how you can do it step-by-step:

---

### Step 1: Break each number into tens and ones

- **27** = **20 (tens)** + **7 (ones)**
- **35** = **30 (tens)** + **5 (ones)**

---

### Step 2: Add the tens together

- **20 + 30 = 50**

---

### Step 3: Add the ones together

- **7 + 5 = 12**

---

### Step 4: Add the results from Step 2 and Step 3

- **50 + 12 = 62**

---

### ✅ Final Answer: **27 + 35 = 62**

---

### Summary:
You made the addition easier by splitting the numbers into tens and ones first:
- Tens: 20 + 30 = 50  
- Ones: 7 + 5 = 12  
- Total: 50 + 12 = **62**

Let me know if you'd like to try this with other numbers too!"
"Numbers and Operations","Applying Calculation Strategies","B","Show the sum of the following by making the nearest ten: 46 + 9","To solve the problem **46 + 9** by making the **nearest ten**, you can use a strategy called **compensation** or **making tens**, which helps simplify addition by rounding one of the numbers to the nearest ten and then adjusting.

---

### Step-by-step Explanation:

We want to add:  
**46 + 9**

#### Step 1: Round one number to the nearest ten
Look at **46** — it's close to **50**. So, we can think:
> How much do we need to add to 46 to make it 50?

**50 - 46 = 4**

So, if we **add 4 to 46**, we get **50** (a nice round number that's easier to work with).

#### Step 2: Take that 4 from the 9
Since we ""borrowed"" 4 from the 9 to make 46 into 50, we now subtract 4 from 9:

**9 - 4 = 5**

Now we have:
**50 + 5 = 55**

---

### Final Answer:
✅ **46 + 9 = 55**

This method makes mental math easier by using the nearest ten.

---

### Summary:
- **46 becomes 50** (by adding 4)
- **9 becomes 5** (after subtracting 4)
- Add: **50 + 5 = 55**

Let me know if you'd like to see more examples!"
"Numbers and Operations","Applying Calculation Strategies","C","What strategy would you use to solve 400 − 198 quickly?","To solve **400 − 198** quickly, you can use a **mental math strategy** called **compensation**, which makes subtraction easier by adjusting the numbers to something friendlier (like round numbers). Here's how:

---

### Step-by-step Strategy: Compensation

You're solving:  
**400 − 198**

Notice that **198 is very close to 200**, and subtracting 200 is easy!

So here's what you do:

1. **Subtract 200 instead of 198:**  
   $ 400 - 200 = 200 $

2. **Adjust your answer:**  
   Since 198 is **2 less than 200**, you subtracted **2 too many**, so now you **add back 2**:  
   $ 200 + 2 = 202 $

---

### Final Answer:
**400 − 198 = 202**

---

### Why This Works:
This strategy uses rounding to simplify the subtraction and then compensates for the change. It’s fast and avoids messy borrowing steps.

Let me know if you'd like to see other strategies too!"
"Numbers and Operations","Applying Calculation Strategies","C","What is a good estimate for 612 ÷ 9?","To estimate **612 ÷ 9**, you want to make the numbers simpler so you can do the division more easily, while still getting a result that's close to the actual answer.

---

### Step-by-step Estimation:

1. **Round the numbers** to make the division easier:
   - 612 is close to 600.
   - 9 stays the same (or you could think of it as 10 for an even rougher estimate).

2. **Estimate using 600 ÷ 9:**
   - 600 ÷ 9 ≈ 66.67

3. **Or, use 600 ÷ 10 = 60** (even simpler but less accurate estimate)

4. **Check how close we are:**
   - Actual value: 612 ÷ 9 = 68
   - So, **67** or **66.67** is a very good estimate.

---

### Tip:
You can also think in terms of multiplication:
- What number times 9 is close to 612?
- 9 × 70 = 630 → too high
- 9 × 65 = 585
- 9 × 68 = 612 ← exact!

---

### ✅ Final Answer:
A **good estimate** for 612 ÷ 9 is **about 67 or 68**.

Let me know if you want help with mental math strategies for this!"
"Numbers and Operations","Applying Calculation Strategies","C","Use repeated addition to Find the result of 7 × 6 = ___","Sure! Let's solve **7 × 6** using **repeated addition**.

### What is repeated addition?
Repeated addition means adding the same number over and over again. Multiplication is just a shortcut for repeated addition.

---

### Step-by-step: Use repeated addition to find **7 × 6**

This means:  
> Add the number **6**, a total of **7 times**.

So we do:

**6 + 6 + 6 + 6 + 6 + 6 + 6**

Let’s add them step by step:

1. 6 + 6 = 12  
2. 12 + 6 = 18  
3. 18 + 6 = 24  
4. 24 + 6 = 30  
5. 30 + 6 = 36  
6. 36 + 6 = **42**

---

### ✅ Final Answer:
**7 × 6 = 42**

You can also think of it the other way:  
Add **7**, six times → 7 + 7 + 7 + 7 + 7 + 7 = 42  
Either way, you get the same result!

Let me know if you want to try another multiplication with repeated addition."
"Numbers and Operations","Applying Calculation Strategies","C","Use doubling and halving: 25 × 8 = ___","Sure! Let's solve **25 × 8** using the **doubling and halving strategy**. This is a great mental math trick that makes multiplication easier by simplifying the numbers.

---

### 🔁 Doubling and Halving Strategy:

The idea is:
> **If you halve one number and double the other, the product stays the same.**

So instead of multiplying big or awkward numbers, we can simplify!

---

### Step-by-step:

We are solving:  
**25 × 8**

1. **Halve one number**, let's choose **25**.  
   - Half of 25 is **12.5**
2. **Double the other number**, which is **8**.  
   - Double of 8 is **16**

Now we have:  
**12.5 × 16**

Still not super easy? Let's do it again!

3. **Halve 12.5** → **6.25**  
4. **Double 16** → **32**

Now we have:  
**6.25 × 32**

Still not perfect? Try again:

5. **Halve 6.25** → **3.125**  
6. **Double 32** → **64**

Now we have:  
**3.125 × 64**

This still might be tricky for some, but here’s another way to think about it:

---

### 🧠 Alternate Way (Using whole numbers from the start):

Let’s try starting with **halving 8** and **doubling 25** instead:

1. Halve **8** = **4**  
2. Double **25** = **50**

Now:  
**25 × 8 = 50 × 4**

That’s much simpler!

3. Now do **50 × 4**  
   - 50 × 4 = **200**

✅ **Answer: 25 × 8 = 200**

---

### ✅ Final Answer:
**25 × 8 = 200**

Using doubling and halving made it easier:  
**25 × 8 = 50 × 4 = 200**

Let me know if you'd like more examples!"
"Numbers and Operations","Applying Calculation Strategies","C","What two steps would you use to solve 75 × 12?","To solve **75 × 12**, here are **two steps** you can use:

---

### ✅ **Step 1: Break down the numbers using multiplication properties**

You can make the multiplication easier by breaking one of the numbers into smaller, more manageable parts. A good way is to break **12** into **10 + 2**.

So:

$$
75 \times 12 = 75 \times (10 + 2) = (75 \times 10) + (75 \times 2)
$$

---

### ✅ **Step 2: Multiply and add the results**

Now calculate each part:

- $ 75 \times 10 = 750 $
- $ 75 \times 2 = 150 $

Then add them together:

$$
750 + 150 = 900
$$

---

### ✅ Final Answer:
$$
75 \times 12 = 900
$$

Let me know if you'd like to see other methods too!"
"Numbers and Operations","Applying Calculation Strategies","C","Use rounding to estimate: 51 × 19, then verify","Sure! Let's break this down step by step.

---

### **Task: Use rounding to estimate 51 × 19, then verify**

#### **Step 1: Estimate using rounding**

We use **rounding** to make the numbers easier to work with mentally.

- Round **51** to the nearest **ten**:  
  51 → **50**

- Round **19** to the nearest **ten**:  
  19 → **20**

Now multiply the rounded numbers:

$$
50 \times 20 = 1000
$$

✅ So, the **estimated product is 1000**.

---

#### **Step 2: Verify (Calculate the actual product)**

Now let's find the **exact value** of 51 × 19 to see how close our estimate is.

You can calculate it using standard multiplication:

$$
\begin{align*}
\quad\quad 51 \\
\times\ \ 19 \\
\hline
\quad 459 \quad \text{(51 × 9)} \\
+ 510\ \ \quad \text{(51 × 10, shifted one place left)} \\
\hline
\quad 969 \\
\end{align*}
$$

✅ The **actual product is 969**.

---

#### **Step 3: Compare estimate and actual result**

- Estimated: **1000**
- Actual: **969**

Difference:
$$
1000 - 969 = 31
$$

So, the estimate was **31 more** than the actual value — that’s pretty close!

---

### ✅ Final Answer:
- **Estimate (using rounding): 1000**
- **Actual value: 969**
- **Conclusion:** Our estimate was reasonable and close to the real answer."
"Numbers and Operations","Applying Calculation Strategies","C","Break apart to multiply: 23 × 4 = ___","Sure! Let's break down the multiplication problem **23 × 4** using the **break apart (or distributive property) method**. This is a helpful strategy to multiply larger numbers by breaking them into smaller, easier-to-multiply parts.

---

### Step-by-Step: Break Apart Method

We want to solve:

$$
23 \times 4
$$

### Step 1: Break apart the number 23
Break 23 into two easier numbers to work with — like **20 + 3**.

So now we rewrite the problem as:

$$
(20 + 3) \times 4
$$

### Step 2: Use the Distributive Property
Multiply each part separately by 4:

$$
20 \times 4 = 80  
$$
$$
3 \times 4 = 12  
$$

### Step 3: Add the results together
$$
80 + 12 = 92
$$

---

### ✅ Final Answer:
$$
23 \times 4 = 92
$$

Let me know if you'd like to see more examples or try this with bigger numbers!"
"Numbers and Operations","Applying Calculation Strategies","D","Estimate the product of 398 × 52 by rounding both numbers, then calculate the exact answer to verify","Sure! Let's break this task into two parts:

---

### **Part 1: Estimate the product by rounding both numbers**

We are given the multiplication:

$$
398 \times 52
$$

#### Step 1: Round each number to make the multiplication easier

- **Round 398** to the nearest **hundred**:  
  $$
  398 \approx 400
  $$

- **Round 52** to the nearest **ten**:  
  $$
  52 \approx 50
  $$

#### Step 2: Multiply the rounded numbers

$$
400 \times 50 = 20,000
$$

✅ So, the **estimated product is 20,000**.

---

### **Part 2: Calculate the exact answer**

Now let’s compute the actual product of:

$$
398 \times 52
$$

You can do it step-by-step using the standard multiplication method:

```
     398
   ×  52
 -------
     796   ← 398 × 2
  19900    ← 398 × 50 (shift one position to the left)
 -------
   20,696
```

✅ The **exact product is 20,696**

---

### ✅ Final Answer Summary:

- **Estimated product (rounded numbers):** 20,000  
- **Exact product:** 20,696  

The estimate is close and gives you a good idea of the size of the actual result.

Let me know if you'd like help with visualizing the multiplication steps or other estimation strategies!"
"Numbers and Operations","Applying Calculation Strategies","D","Subtract: −15 − (−8)","To solve the expression:

$$
-15 - (-8)
$$

### Step 1: Understand subtracting a negative number
Subtracting a negative number is the **same as adding the positive version** of that number. So:

$$
-15 - (-8) = -15 + 8
$$

### Step 2: Now add −15 and 8
You're adding a positive 8 to a negative 15. Think of it as starting at -15 on the number line and moving 8 steps to the right:

$$
-15 + 8 = -7
$$

### ✅ Final Answer:
$$
\boxed{-7}
$$"
"Numbers and Operations","Applying Calculation Strategies","D","Apply the order of operations: 6 + 3 × (8 − 5)²","To solve the expression **6 + 3 × (8 − 5)²**, you need to follow the **order of operations**, often remembered using the acronym **PEMDAS**:

### PEMDAS stands for:
1. **P**arentheses  
2. **E**xponents  
3. **M**ultiplication and **D**ivision (from left to right)  
4. **A**ddition and **S**ubtraction (from left to right)

---

### Step-by-step solution:

#### Original expression:
```
6 + 3 × (8 − 5)²
```

#### 1. **Parentheses first:**
```
(8 − 5) = 3
```
Now the expression becomes:
```
6 + 3 × 3²
```

#### 2. **Exponents next:**
```
3² = 9
```
Now it becomes:
```
6 + 3 × 9
```

#### 3. **Multiplication:**
```
3 × 9 = 27
```
Now it becomes:
```
6 + 27
```

#### 4. **Addition:**
```
6 + 27 = 33
```

---

### ✅ Final Answer:
**33**

Let me know if you want more examples!"
"Numbers and Operations","Applying Calculation Strategies","D","Use long division to solve: 3,672 ÷ 16","Sure! Let's walk through solving **3,672 ÷ 16** using **long division** step by step.

---

### Step 1: Set up the problem

We're dividing **3,672** by **16**, so set it up like this:

```
      __________
16 | 3672
```

---

### Step 2: Start dividing

#### 1. How many times does **16 go into 3**?
- It doesn't. So move to the next digit.

#### 2. How many times does **16 go into 36**? (Look at the first two digits: 36)
- 16 × 2 = 32
- 16 × 3 = 48 → too big

So, **16 goes into 36 two times**.

Write **2** above the 6 in 36:

```
       2_______
16 | 3672
     -32
     ----
       4
```

Bring down the next digit (**7**) to make **47**.

---

#### 3. How many times does **16 go into 47**?

- 16 × 2 = 32
- 16 × 3 = 48 → too big

So, **16 goes into 47 two times**.

Write **2** above the 7:

```
       22______
16 | 3672
     -32
     ----
       47
      -32
      ----
       15
```

Bring down the next digit (**2**) to make **152**.

---

#### 4. How many times does **16 go into 152**?

Let’s try some multiples:
- 16 × 9 = 144
- 16 × 10 = 160 → too big

So, **16 goes into 152 nine times**.

Write **9** above the 2:

```
       229_____
16 | 3672
     -32
     ----
       47
      -32
      ----
       152
      -144
      -----
         8
```

---

### Final Step: Check for remainder

We’re out of digits to bring down, and we have a remainder of **8**.

---

### ✅ Final Answer:

$$
\boxed{229 \text{ R } 8}
$$

Or, as a decimal:

$$
\frac{8}{16} = 0.5 \quad ⇒ \boxed{229.5}
$$

---

Let me know if you'd like a visual version or more examples!"
"Numbers and Operations","Applying Calculation Strategies","E","A jacket costs €80 and is discounted by 25%, then taxed at 10%. What’s the final price?","Sure! Let's break down the problem **step by step** to find the **final price** of the jacket after applying the discount and then adding tax.

---

### 🧾 Given:
- **Original price** of the jacket = €80  
- **Discount** = 25%  
- **Tax** = 10%

---

### ✅ Step 1: Apply the 25% discount

To calculate the amount of discount:

$$
\text{Discount amount} = 25\% \text{ of } 80 = \frac{25}{100} \times 80 = 0.25 \times 80 = €20
$$

Now subtract that from the original price:

$$
\text{Price after discount} = 80 - 20 = €60
$$

---

### ✅ Step 2: Apply the 10% tax on the discounted price

Now we apply tax **on the new price**, which is €60:

$$
\text{Tax amount} = 10\% \text{ of } 60 = \frac{10}{100} \times 60 = 0.10 \times 60 = €6
$$

Add this tax to the discounted price:

$$
\text{Final price} = 60 + 6 = €66
$$

---

### ✅ Final Answer:
> **The final price of the jacket is €66.**

Let me know if you want a formula-based approach too!"
"Numbers and Operations","Applying Calculation Strategies","E","Estimate the total cost of €7.85, €12.49, and €4.30 by rounding to the nearest euro","To **estimate the total cost** of €7.85, €12.49, and €4.30 by **rounding to the nearest euro**, follow these steps:

---

### ✅ Step 1: Round each amount to the nearest euro

- **€7.85**: The decimal part is .85, which is more than 0.5  
  → So, round **up** to **€8**

- **€12.49**: The decimal part is .49, which is less than 0.5  
  → So, round **down** to **€12**

- **€4.30**: The decimal part is .30, which is less than 0.5  
  → So, round **down** to **€4**

---

### ✅ Step 2: Add the rounded amounts

$$
€8 + €12 + €4 = €24
$$

---

### 🧾 Final Answer:
**The estimated total cost is €24**

This is an approximation — the actual total is slightly higher (€24.64), but rounding makes mental math easier."
"Numbers and Operations","Applying Calculation Strategies","E","A laptop originally costs €850 and goes on sale for 20% off. Then, a €50 coupon is applied. What is the final price?","Sure! Let's break the problem into steps to find the **final price** of the laptop after applying both the **20% discount** and then the **€50 coupon**.

---

### Step 1: Apply the 20% discount

The original price of the laptop is **€850**.  
The discount is **20% off**, so we calculate 20% of €850:

$$
20\% \text{ of } 850 = 0.20 \times 850 = 170
$$

Now subtract that from the original price:

$$
850 - 170 = 680
$$

So, **after the 20% discount**, the price is **€680**.

---

### Step 2: Apply the €50 coupon

Now subtract the €50 coupon from the discounted price:

$$
680 - 50 = 630
$$

---

### ✅ Final Answer:
The **final price** of the laptop is **€630**.

Let me know if you'd like to see how this works with different discounts or coupons!"
"Numbers and Operations","Applying Calculation Strategies","E","Use compensation to quickly solve: 199 + 68","Sure! Let's break down how to **use compensation to quickly solve 199 + 68**.

---

### 🔍 What is Compensation?

**Compensation** is a mental math strategy where you adjust one number to make the calculation easier, then ""compensate"" by changing the other number in the opposite way. It’s especially useful for doing quick addition or subtraction in your head.

---

### 🧠 Step-by-Step: Solve 199 + 68 Using Compensation

#### Step 1: Round one number to a ""friendlier"" number
Look at **199** — it’s very close to **200**, which is much easier to work with.

So, let's **add 1 to 199** to make it **200**.

#### Step 2: Compensate by subtracting that amount from the other number
Since we added **1** to 199, we should subtract **1** from **68** to keep the equation balanced.

- 199 + 1 = **200**
- 68 – 1 = **67**

Now the problem becomes:

> **200 + 67**

#### Step 3: Do the new (easier) addition
This is now simple:

> **200 + 67 = 267**

---

### ✅ Final Answer:
**199 + 68 = 267**

---

Let me know if you want to try another example using this method!"
"Numbers and Operations","Applying Calculation Strategies","F","Use prime factorization to find the GCD of 36 and 60","To solve the task **""Use prime factorization to find the GCD of 36 and 60,""** follow these steps:

---

### ✅ Step 1: Understand What GCD Means

The **GCD (Greatest Common Divisor)** is the largest number that divides both numbers **without leaving a remainder**.

---

### ✅ Step 2: Prime Factorization

**Prime factorization** means expressing a number as a product of its prime factors.

#### 🔢 Prime Factorization of 36:
Start dividing by the smallest prime number:

- 36 ÷ 2 = 18  
- 18 ÷ 2 = 9  
- 9 ÷ 3 = 3  
- 3 ÷ 3 = 1  

So,  
**36 = 2 × 2 × 3 × 3 = $2^2 \times 3^2$**

---

#### 🔢 Prime Factorization of 60:
- 60 ÷ 2 = 30  
- 30 ÷ 2 = 15  
- 15 ÷ 3 = 5  
- 5 ÷ 5 = 1  

So,  
**60 = 2 × 2 × 3 × 5 = $2^2 \times 3 \times 5$**

---

### ✅ Step 3: Find the Common Prime Factors

Compare the prime factorizations:

- 36 = $2^2 \times 3^2$  
- 60 = $2^2 \times 3 \times 5$

Take the **lowest powers of all common prime factors**:

- Common prime factors: **2 and 3**
- Lowest power of 2: $2^2$
- Lowest power of 3: $3^1$

---

### ✅ Step 4: Multiply the Common Factors

$$
\text{GCD} = 2^2 \times 3 = 4 \times 3 = \mathbf{12}
$$

---

### ✅ Final Answer:
**The GCD of 36 and 60 is 12.**

Let me know if you want to try another example!"
"Numbers and Operations","Applying Calculation Strategies","F","Find the LCM of 18 and 24 using prime factors","To find the **Least Common Multiple (LCM)** of **18 and 24** using **prime factors**, follow these steps:

---

### ✅ Step 1: Find the Prime Factorization of Each Number

Break each number into its prime factors.

#### Prime factorization of 18:
$$
18 = 2 \times 3^2
$$

#### Prime factorization of 24:
$$
24 = 2^3 \times 3
$$

---

### ✅ Step 2: Identify All the Prime Numbers from Both Factorizations

List all the prime numbers that appear in either factorization. In this case, they are:
- 2
- 3

---

### ✅ Step 3: For Each Prime Number, Take the **Highest Exponent** That Appears

- For **2**: highest exponent is $3$ (from 24: $2^3$)
- For **3**: highest exponent is $2$ (from 18: $3^2$)

---

### ✅ Step 4: Multiply These Together to Get the LCM

$$
\text{LCM} = 2^3 \times 3^2 = 8 \times 9 = 72
$$

---

### ✅ Final Answer:
$$
\text{LCM of 18 and 24 is } \mathbf{72}
$$

Let me know if you want a visual breakdown or another example!"
"Numbers and Operations","Applying Calculation Strategies","F","Evaluate: (2² × 3³) ÷ (2 × 3²)","To solve the expression:

$$
(2^2 \times 3^3) \div (2 \times 3^2)
$$

We can simplify it step by step using **laws of exponents**.

---

### Step 1: Write out the expression clearly:
$$
\frac{2^2 \times 3^3}{2^1 \times 3^2}
$$

---

### Step 2: Use the quotient rule for exponents  
The rule is:  
$$
\frac{a^m}{a^n} = a^{m - n}
$$

Apply this **separately** for each base:

- For base **2**:  
$$
2^{2 - 1} = 2^1
$$

- For base **3**:  
$$
3^{3 - 2} = 3^1
$$

So now we have:
$$
2^1 \times 3^1
$$

---

### Step 3: Simplify:
$$
2 \times 3 = 6
$$

---

### ✅ Final Answer:
$$
\boxed{6}
$$"
"Numbers and Operations","Applying Calculation Strategies","F","Use powers of 10: What is 3.26 × 1000?","Sure! Let me explain how to solve **3.26 × 1000** using powers of 10.

---

### Step 1: Understand what 1000 is as a power of 10

You may know that:

$$
1000 = 10^3
$$

So the problem becomes:

$$
3.26 \times 10^3
$$

This means you move the decimal point in **3.26** three places to the **right**, because multiplying by $10^3$ increases the number's size.

---

### Step 2: Move the decimal point

Start with:

$$
3.26
$$

Move the decimal point 3 places to the right:

1. First move → 32.6  
2. Second move → 326  
3. Third move → 3260

(If there's no digit to fill a place, add zeros.)

---

### ✅ Final Answer:

$$
3.26 \times 1000 = 3260
$$

Let me know if you want to try more examples like this!"
"Numbers and Operations","Applying Calculation Strategies","G","Use exponent rules to simplify ((3x⁻²)/(x³))²","Sure! Let's walk through how to simplify the expression:

$$
\left(\frac{3x^{-2}}{x^3}\right)^2
$$

### Step 1: Simplify inside the parentheses first.

We have:

$$
\frac{3x^{-2}}{x^3}
$$

This can be broken into two parts:
- The coefficient: `3`
- The variable part with exponents: $\frac{x^{-2}}{x^3}$

Use the **quotient rule** for exponents:  
$$
\frac{x^a}{x^b} = x^{a-b}
$$

So:

$$
\frac{x^{-2}}{x^3} = x^{-2 - 3} = x^{-5}
$$

Now put it all together:

$$
\frac{3x^{-2}}{x^3} = 3x^{-5}
$$

### Step 2: Apply the exponent outside the parentheses.

Now we square the simplified expression:

$$
(3x^{-5})^2
$$

Use the **power of a product rule**: $(ab)^n = a^n b^n$  
And the **power rule** for exponents: $(x^a)^n = x^{a \cdot n}$

So:

$$
(3x^{-5})^2 = 3^2 \cdot (x^{-5})^2 = 9x^{-10}
$$

### Step 3: Write the answer in a clean format.

You can write this as:

$$
9x^{-10}
$$

Or, if you prefer not to use negative exponents, rewrite it using the rule:

$$
x^{-a} = \frac{1}{x^a}
$$

So:

$$
9x^{-10} = \frac{9}{x^{10}}
$$

---

### ✅ Final Answers:
- With negative exponent: $ \mathbf{9x^{-10}} $
- Without negative exponent: $ \mathbf{\frac{9}{x^{10}}} $

Let me know which form your teacher prefers!"
"Numbers and Operations","Applying Calculation Strategies","G","Determine whether multiplying by reciprocal or long division is better for 5/6 ÷ 2/3","!!!!"
"Numbers and Operations","Applying Calculation Strategies","G","Approximate √17 by using nearby perfect squares","Sure! To **approximate √17** using **nearby perfect squares**, you can use the fact that √17 lies between two perfect squares whose square roots are easy to calculate.

---

### 🔍 Step-by-step Process:

#### 1. **Find perfect squares around 17**
We know:
- $ \sqrt{16} = 4 $
- $ \sqrt{25} = 5 $

But 17 is very close to 16, so we’ll focus more on that.

So:
$$
\sqrt{16} < \sqrt{17} < \sqrt{25} \Rightarrow 4 < \sqrt{17} < 5
$$

This tells us that √17 is somewhere between **4 and 5**.

---

#### 2. **Use linear approximation (optional but helpful)**

Since 17 is just **1 unit greater than 16**, we can estimate √17 by approximating how much more it has grown from √16.

Let’s define a function:
$$
f(x) = \sqrt{x}
$$

We approximate near $ x = 16 $, where we know:
- $ f(16) = \sqrt{16} = 4 $
- $ f'(x) = \frac{1}{2\sqrt{x}} $, so $ f'(16) = \frac{1}{2 \cdot 4} = \frac{1}{8} $

Now apply linear approximation:
$$
f(x + h) \approx f(x) + f'(x) \cdot h
$$

Here, $ x = 16 $, $ h = 1 $, so:
$$
\sqrt{17} \approx \sqrt{16} + \frac{1}{8} \cdot 1 = 4 + 0.125 = 4.125
$$

---

#### 3. **Check with actual value**

Using a calculator:
$$
\sqrt{17} \approx 4.1231
$$

So our approximation of **4.125** is pretty good!

---

### ✅ Final Answer:
$$
\sqrt{17} \approx 4.125
$$

This method uses nearby perfect squares and linear approximation to get a reasonable estimate without a calculator.

Let me know if you'd like to try this with other numbers too!"
"Numbers and Operations","Applying Calculation Strategies","G","Use the difference of squares to simplify 100² – 99²","You're being asked to simplify the expression:

$$
100^2 - 99^2
$$

This is a **difference of squares**, which follows a special algebraic identity:

$$
a^2 - b^2 = (a - b)(a + b)
$$

### Step-by-step:

Let’s assign:
- $ a = 100 $
- $ b = 99 $

Now apply the difference of squares formula:

$$
100^2 - 99^2 = (100 - 99)(100 + 99)
$$

### Simplify inside the parentheses:
- $ 100 - 99 = 1 $
- $ 100 + 99 = 199 $

So:

$$
100^2 - 99^2 = (1)(199) = 199
$$

---

### ✅ Final Answer:
$$
\boxed{199}
$$"
"Numbers and Operations","Applying Calculation Strategies","H","Use a² − b² to compute 102² − 98²","You're asked to compute:

$$
102^2 - 98^2
$$

This expression fits the **difference of squares** formula:

$$
a^2 - b^2 = (a - b)(a + b)
$$

### Step-by-step:

Let’s identify $ a $ and $ b $:

- Let $ a = 102 $
- Let $ b = 98 $

Now apply the formula:

$$
102^2 - 98^2 = (102 - 98)(102 + 98)
$$

Compute the values inside the parentheses:

- $ 102 - 98 = 4 $
- $ 102 + 98 = 200 $

Now multiply:

$$
4 \times 200 = 800
$$

### ✅ Final Answer:
$$
\boxed{800}
$$

So, using the difference of squares formula makes this calculation much easier!"
"Numbers and Operations","Applying Calculation Strategies","H","Apply modular arithmetic to determine the day of the week 100 days from Wednesday","Sure! Let's break down how to solve the task: **""Determine the day of the week 100 days from Wednesday""** using **modular arithmetic**.

---

### 🧠 Step-by-step Explanation:

There are **7 days in a week**, so when working with days, we use **modulo 7**.

We assign numbers to days starting from **Wednesday**, since that’s our starting point:

| Day       | Number |
|-----------|--------|
| Wednesday | 0      |
| Thursday  | 1      |
| Friday    | 2      |
| Saturday  | 3      |
| Sunday    | 4      |
| Monday    | 5      |
| Tuesday   | 6      |

> You can think of this as ""resetting"" the counter every 7 days.

---

### 🔢 Step 1: Use Modular Arithmetic

We want to find what day it will be **100 days after Wednesday**.

We calculate:
$$
100 \mod 7
$$

This gives us the **remainder** when 100 is divided by 7.

Let's compute it:

$$
100 \div 7 = 14 \text{ remainder } 2
$$

So,
$$
100 \mod 7 = 2
$$

---

### ✅ Step 2: Add to Starting Day

Since Wednesday = 0, we add the result (2) to it:

$$
0 + 2 = 2
$$

Now look back at the table above. The number **2 corresponds to Friday**.

---

### 📌 Final Answer:

**100 days from Wednesday is a Friday.**

---

### 🎯 Summary:

- There are 7 days in a week → use **mod 7**
- Assign numbers to days starting from Wednesday = 0
- Compute: $100 \mod 7 = 2$
- Add 2 days to Wednesday → **Friday**

Let me know if you'd like to see how this works for a different starting day or time span!"
"Numbers and Operations","Applying Calculation Strategies","H","Use binomial expansion to estimate (1.01)²","To estimate $ (1.01)^2 $ using **binomial expansion**, we can treat this as a binomial expression raised to a power.

---

### Step 1: Recognize the binomial form

We are given:

$$
(1.01)^2 = (1 + 0.01)^2
$$

This is in the form of $ (a + b)^n $, where:
- $ a = 1 $
- $ b = 0.01 $
- $ n = 2 $

---

### Step 2: Recall the binomial expansion formula

For any positive integer $ n $, the binomial expansion is:

$$
(a + b)^n = \sum_{k=0}^{n} \binom{n}{k} a^{n-k} b^k
$$

So for $ (1 + 0.01)^2 $, we expand:

$$
(1 + 0.01)^2 = \binom{2}{0}(1)^2(0.01)^0 + \binom{2}{1}(1)^1(0.01)^1 + \binom{2}{2}(1)^0(0.01)^2
$$

---

### Step 3: Compute each term

- First term: $ \binom{2}{0} \cdot 1^2 \cdot 0.01^0 = 1 \cdot 1 \cdot 1 = 1 $
- Second term: $ \binom{2}{1} \cdot 1^1 \cdot 0.01^1 = 2 \cdot 1 \cdot 0.01 = 0.02 $
- Third term: $ \binom{2}{2} \cdot 1^0 \cdot 0.01^2 = 1 \cdot 1 \cdot 0.0001 = 0.0001 $

---

### Step 4: Add the terms together

$$
(1 + 0.01)^2 = 1 + 0.02 + 0.0001 = 1.0201
$$

---

### Final Answer:

$$
(1.01)^2 = 1.0201
$$

This is an exact result here because the exponent is small and the expansion is complete. However, in more complex cases, binomial expansion lets you **approximate** values by truncating higher-order terms (like the $ 0.0001 $ part if needed).

---

### Optional Approximation (if asked):

If you were estimating instead of calculating exactly, you could say:

$$
(1.01)^2 \approx 1 + 2(0.01) = 1.02
$$

And ignore the small term $ 0.0001 $ if high precision isn't needed.

Let me know if you'd like to see how this works for higher powers or more complex estimates!"
"Geometry","spatial orientation and positional relationships","B","Identify left/right in classroom","To help you **identify left and right in a classroom**, let’s break the task into steps. This could be useful for various applications like organizing students, assigning seats, or helping someone navigate the room.

---

### 🔍 **Understanding the Task: ""Identify left/right in classroom""**

There are different interpretations of this task depending on your goal. Here are common scenarios:

---

## ✅ Scenario 1: **Identifying which side of the classroom is left or right (from a reference point)**

### 🎯 Goal:
Determine which side of the classroom is considered “left” and “right” based on a specific viewpoint (e.g., from the teacher’s perspective at the front).

### 🧭 Steps:

1. **Establish a Reference Point**  
   - Decide who's perspective you're using (e.g., teacher standing at the front facing the class).
   - Face the same direction as that person.

2. **Use Your Hands to Identify Left/Right**
   - Hold out both hands.
   - The hand pointing toward the direction of your body's left side is **left**.
   - The other side is **right**.

3. **Label the Classroom**
   - From the reference point, label one wall/side as **Left** and the other as **Right**.
   - You can place signs or labels if needed.

4. **Use Landmarks (Optional)**
   - Use fixed objects like windows, whiteboards, or doors to help remember which side is left or right.

---

## ✅ Scenario 2: **Helping Students Identify Their Own Left and Right**

### 🎯 Goal:
Teach students how to distinguish their own left from right (especially younger children).

### 👶 Techniques:

1. **Hand Trick**
   - Have students hold both hands out with palms down.
   - The hand that forms an ""L"" shape with the thumb and index finger is the **Left** hand.

2. **Wristband Method**
   - Put a wristband on the student’s left hand as a visual reminder.

3. **Games & Activities**
   - Play games like “Simon Says”: “Touch your left ear,” “Raise your right hand.”
   - Use songs or rhymes about left and right.

4. **Mirror Practice**
   - Stand in front of a mirror and practice identifying left/right hands, feet, etc.

---

## ✅ Scenario 3: **Using Technology (e.g., AI Vision or Robotics)**

### 🎯 Goal:
Program a robot or app to identify left and right sides of a classroom using image recognition.

### 🤖 Steps:

1. **Input Image or Live Feed**
   - Capture the classroom layout.

2. **Define Orientation**
   - Set a reference point (e.g., camera position or front of the room).

3. **Object Detection**
   - Use AI models to detect people, desks, or landmarks.
   - Segment the image into left and right halves.

4. **Output**
   - Label each side as “Left” or “Right” based on the defined orientation.

---

## ✅ Scenario 4: **Navigating Through the Classroom**

### 🎯 Goal:
Move through a classroom while identifying left and right directions.

### 🧭 Tips:

- Always reorient yourself relative to a known point (like the door or whiteboard).
- Use directional language: “Turn left at the bookshelf,” “Go right past the teacher’s desk.”

---

## 📌 Summary Table

| Goal | Method |
|------|--------|
| Identify physical left/right side of the classroom | Establish a reference point; use hand trick or landmarks |
| Teach students to know their left/right | Hand trick, wristbands, games, and repetition |
| Program tech to identify sides | Define orientation, use computer vision, segment image |
| Navigate through the classroom | Reorient often, use landmarks and clear directions |

---

If you can clarify what exactly you're trying to accomplish (e.g., for a student, a teacher, a robot, or an app), I can give you more tailored advice!"
"Geometry","spatial orientation and positional relationships","B","Draw a triangle inside the rectangle","To solve the task **""Draw a triangle inside the rectangle""**, let's break it down step by step:

---

### 🎯 **Goal:**
Draw a triangle that lies completely **inside** a given rectangle.

---

## ✅ Step-by-Step Instructions:

### 🔹 Step 1: Understand the Shapes
- A **rectangle** is a four-sided shape with opposite sides equal and all angles at 90°.
- A **triangle** is a three-sided shape.

You are to draw a triangle so that:
- All **three vertices (corners)** of the triangle lie **within or on the edges** of the rectangle.
- The entire triangle must be **contained within the area** of the rectangle.

---

### 🔹 Step 2: Choose a Method

Here are a few simple ways to do this:

#### ✳️ Method 1: Use Three Points Inside the Rectangle
1. Pick **any three points** inside the rectangle.
2. Make sure they don't all lie in a straight line (you want a real triangle, not a degenerate one).
3. Connect these three points to form a triangle.

> ✅ Example: If your rectangle has corners at (0,0), (4,0), (4,3), (0,3), pick points like (1,1), (3,1), and (2,2). Connect them.

#### ✳️ Method 2: Use Two Corners and One Inside Point
1. Choose **two adjacent corners** of the rectangle.
2. Pick a third point somewhere **inside** the rectangle.
3. Connect the three points.

> ✅ Example: Rectangle corners at A(0,0), B(4,0), C(4,3), D(0,3).  
> Choose A(0,0), B(4,0), and E(2,2) → triangle ABE.

#### ✳️ Method 3: Draw a Triangle Using Midpoints of Sides
1. Find the midpoints of three sides of the rectangle.
2. Connect them to form a triangle.

> ✅ Example: Midpoint of top side, midpoint of right side, and midpoint of bottom side.

---

### 🔹 Step 3: Tools You Can Use (Depending on Context)

- **On paper:** Use a ruler and pencil. Draw the rectangle first, then mark and connect the three points.
- **In a drawing app:** Use the shape tools to create a rectangle, then use the polygon tool to draw a triangle inside.
- **In programming (e.g., Python with Turtle or Pygame):**
   - Define the rectangle coordinates.
   - Plot three points inside those bounds.
   - Draw lines connecting them.

---

### 📌 Tips:
- Ensure the triangle doesn’t go outside the rectangle.
- Any type of triangle works: equilateral, isosceles, scalene — as long as it fits inside.
- If you're coding, make sure your coordinate system aligns with the rectangle’s boundaries.

---

Would you like an example in code or a visual explanation?"
"Geometry","spatial orientation and positional relationships","B","Color the third shape from the right","Sure! To help you **""Color the third shape from the right,""** let’s break down the task step by step:

---

### 🔍 Step-by-Step Instructions:

1. **Look at the Row of Shapes:**
   - Find the line or row of shapes provided in your worksheet, activity, or screen.

2. **Identify the Right Side:**
   - Start by locating the **rightmost** (last) shape in the row.

3. **Count Shapes from Right to Left:**
   - Begin counting from the **right**, moving left:
     - 1st shape from the right
     - 2nd shape from the right
     - **3rd shape from the right ← this is the one you want**

4. **Color That Shape:**
   - Once you've identified the correct shape, color it using the tool or method instructed (e.g., crayon, marker, digital coloring).

---

### ✅ Example:

Let's say you have these shapes in a row:

```
🔵 🟢 ▲ ⬛ ★ 🟡
```

From the **right**, the order is:

1. 🟡  
2. ★  
3. ⬛ ← Color this one  
4. ▲  
5. 🟢  
6. 🔵

So, you would color the **black square (⬛)**.

---

If you're working with a picture or worksheet and aren't sure which one is the third from the right, feel free to describe the shapes or send an image (if possible), and I can help identify the correct one for you!"
"Geometry","spatial orientation and positional relationships","B","Put an X on the bottom left corder of the paper","Sure! Let's break down the task **""Put an X on the bottom left corner of the paper""** step by step so you can complete it easily.

---

### ✅ Step-by-Step Instructions:

#### 1. **Identify the Paper Orientation**
- Make sure you know which side is **up** and which is **down**.
- The **bottom** of the paper is the edge that’s closest to you if you're holding the paper in front of you like you normally would when writing or drawing.

#### 2. **Locate the Bottom Left Corner**
- Look at the **bottom edge** of the paper.
- Now move your eyes to the **left end** of that bottom edge.
- That spot where the **left and bottom edges meet** is the **bottom left corner**.

#### 3. **Mark an X**
- Take a pen, pencil, or marker.
- At the bottom left corner, draw a small **X** with two diagonal lines crossing each other.
  - Like this: `X`
- It doesn’t have to be perfect — just clearly an X in the correct corner.

---

### 🧠 Tips:
- If you're unsure about the corners, imagine the paper has four corners:
  - Top Left
  - Top Right
  - Bottom Left (this is the one you want)
  - Bottom Right

- You can also label the corners mentally or with small dots first if that helps.

---

Let me know if you're doing this digitally (like on a computer or tablet), and I can guide you through that version too!"
"Geometry","spatial orientation and positional relationships","C","If the robot faces north and turns 90° right, which way is it facing?","Sure! Let's break this down step by step.

### Task:  
**If the robot faces north and turns 90° right, which way is it facing?**

---

### Step-by-Step Explanation:

1. **Understand the starting direction:**  
   The robot starts **facing north**.

2. **Understand what ""turning right"" means:**  
   A **right turn** means the robot rotates **clockwise** (like the hands of a clock move).

3. **Determine how much it turns:**  
   The robot turns **90 degrees to the right**, which is a quarter of a full circle.

4. **Visualize or imagine the compass directions:**  
   Think of a compass with four main directions:
   ```
       North
         ↑
     West ← → East
         ↓
       South
   ```

5. **Apply the turn:**  
   - Starting at **North**, turning **90° clockwise** (to the right) will point the robot toward **East**.

---

### ✅ Final Answer:
**East**

Let me know if you'd like to explore left turns, multiple rotations, or other angles — I'm happy to help!"
"Geometry","spatial orientation and positional relationships","C","If you rotate the arrow 180°, where does it point?","Sure! Let's break down the task:

> **""If you rotate the arrow 180°, where does it point?""**

To solve this, you need to understand what a **180° rotation** means and apply it to an arrow. Here's how you can think through the problem step by step:

---

### 🔁 Step 1: Understand What a 180° Rotation Means
- A **180-degree rotation** is like turning something halfway around a full circle.
- It doesn't matter whether you rotate **clockwise** or **counterclockwise** — both will end up in the same position after 180°.

---

### 🧭 Step 2: Consider the Original Direction of the Arrow
You’ll need to know which way the arrow originally points. Common directions include:
- Up (↑)
- Down (↓)
- Left (←)
- Right (→)
- Or diagonals (e.g., ↗, ↖, etc.)

Let’s look at some examples:

| Original Direction | After 180° Rotation |
|--------------------|----------------------|
| ↑ (Up)             | ↓ (Down)             |
| ↓ (Down)           | ↑ (Up)               |
| → (Right)          | ← (Left)             |
| ← (Left)           | → (Right)            |
| ↗ (Up-Right)       | ↙ (Down-Left)        |
| ↘ (Down-Right)     | ↖ (Up-Left)          |

So, the arrow ends up pointing **in the exact opposite direction** after a 180° rotation.

---

### ✅ Step 3: Apply This to Your Specific Case

If you're given a specific arrow or image:
1. Identify its original direction.
2. Flip it in the opposite direction.
3. That’s where it points after a 180° rotation.

---

### 🎯 Example Problem

**Question:** If an arrow points to the right (→), where will it point after a 180° rotation?

**Answer:** It will point to the left (←).

---

If you can describe or show the arrow you’re working with (e.g., ""the arrow points up-left""), I can help you determine exactly where it points after rotating it 180 degrees."
"Geometry","spatial orientation and positional relationships","D","Which direction is a 90° clockwise turn from north?","To solve the task **""Which direction is a 90° clockwise turn from north?""**, let's break it down step by step:

---

### Step 1: Understand the Compass Directions
The four main cardinal directions are:

- **North (N)**
- **East (E)**
- **South (S)**
- **West (W)**

They are arranged **clockwise** like this:

```
      North
        ↑
West ←  +  → East
        ↓
      South
```

---

### Step 2: Start at North
You begin facing **north**.

---

### Step 3: Turn 90° Clockwise
A **clockwise** turn means you turn **to your right**, like the hands of a clock move.

So, if you're facing **north** and turn **90° to the right**, you will now be facing **east**.

---

### ✅ Final Answer:
**East**

--- 

Let me know if you'd like to explore other turns or directions!"
"Geometry","spatial orientation and positional relationships","D","What quadrant is the point (−3, 4) in?","To determine which **quadrant** the point $( -3, 4 )$ lies in, you can follow these simple steps:

---

### 🧭 Step 1: Understand the Coordinate Plane

The coordinate plane is divided into **four quadrants**, based on the signs of the $x$-coordinate and $y$-coordinate:

| Quadrant | $x$ (positive/negative) | $y$ (positive/negative) |
|----------|--------------------------|--------------------------|
| I        | Positive                 | Positive                 |
| II       | Negative                 | Positive                 |
| III      | Negative                 | Negative                 |
| IV       | Positive                 | Negative                 |

---

### 🔍 Step 2: Look at the Coordinates

Given point:  
$$
(x, y) = (-3, 4)
$$

- The **x-coordinate** is **negative**
- The **y-coordinate** is **positive**

---

### ✅ Step 3: Match with the Correct Quadrant

From the table above:
- If $x < 0$ and $y > 0$, the point lies in **Quadrant II**

---

### 🎉 Final Answer:

$$
\boxed{\text{Quadrant II}}
$$"
"Geometry","spatial orientation and positional relationships","D","If point B is at (2, 3), what are its new coordinates after moving 4 units down?","To solve this task, let’s break it down step by step:

### Given:
- Point **B** is at **(2, 3)**.
- You are asked to move **4 units down**.

---

### Understanding the Coordinate Plane:
- In the coordinate plane, the **first number** in a point (x, y) is the **x-coordinate**, which tells you how far left or right the point is from the origin.
- The **second number** is the **y-coordinate**, which tells you how far up or down the point is from the origin.

---

### Moving Down:
- Moving **down** affects the **y-coordinate** only.
- Each unit **down** **decreases** the y-value by 1.

So if you move **4 units down**, subtract 4 from the y-coordinate:

$$
\text{New y-coordinate} = 3 - 4 = -1
$$

The x-coordinate stays the same because we didn’t move left or right.

---

### Final Answer:
$$
\text{New coordinates of point B} = (2, -1)
$$

Let me know if you'd like a visual explanation too!"
"Geometry","spatial orientation and positional relationships","D","A city is 3 cm east of the airport on the map. How far is that in kilometers if the scale is 1 cm = 10 km?","To solve this task, you need to use the **map scale** to convert a distance on the map into a real-world distance.

### Given:
- The city is **3 cm east** of the airport **on the map**.
- The scale is **1 cm = 10 km**.

---

### Step-by-step solution:

1. **Measure the distance on the map**:  
   You're told the distance is **3 cm** on the map.

2. **Use the scale to convert to real distance**:  
   Since **1 cm = 10 km**, then:  
   $$
   3 \text{ cm} \times 10 \text{ km/cm} = 30 \text{ km}
   $$

---

### ✅ Final Answer:
The city is **30 kilometers east** of the airport in real life."
"Geometry","spatial orientation and positional relationships","D","On a map, the school is located at the center. The library is northeast of the school. Which two directions describe that movement?","To solve this task, let's break it down step by step:

### Task:
**""On a map, the school is located at the center. The library is northeast of the school. Which two directions describe that movement?""**

---

### Step 1: Understand the Compass Directions

Maps typically use the four **cardinal directions**:

- **North (N)** — up on most maps  
- **South (S)** — down  
- **East (E)** — right  
- **West (W)** — left  

There are also **intermediate directions**, such as:

- **Northeast (NE)**
- **Southeast (SE)**
- **Southwest (SW)**
- **Northwest (NW)**

Each intermediate direction is a combination of two cardinal directions.

---

### Step 2: What Does ""Northeast"" Mean?

**Northeast (NE)** lies between **north** and **east** — so to move from one point to another in a northeasterly direction, you go:

- **North** (up)
- **East** (right)

So, moving **northeast** combines both **north** and **east** directions.

---

### ✅ Final Answer:
The two directions that describe moving **northeast** are:

> **North and East**

These two cardinal directions together result in a northeasterly movement on the map.

Let me know if you'd like a visual explanation or help with other similar questions!"
"Geometry","spatial orientation and positional relationships","D","You travel 20 km south, then 15 km east. Which direction have you moved overall?","To solve this task and determine the **overall direction** you've moved, let's break it down step by step.

---

### 🧭 Step 1: Understand the movement
You move:
- **20 km south**
- Then **15 km east**

This forms a **right triangle**, where:
- The **southward leg** is one side (20 km)
- The **eastward leg** is the other side (15 km)
- The **resultant displacement** is the hypotenuse from your starting point to your final position

We are looking for the **direction of that resultant displacement** — i.e., the angle from the starting point to the end point relative to south or north.

---

### 📐 Step 2: Use trigonometry

Let’s find the angle **θ** east of south using the tangent function:

$$
\tan(\theta) = \frac{\text{opposite}}{\text{adjacent}} = \frac{15}{20} = 0.75
$$

Now take the arctangent:

$$
\theta = \tan^{-1}(0.75) \approx 36.9^\circ
$$

---

### 🧭 Step 3: Interpret the result

You started at a point, went south and then east — so the final position is **southeast** of the starting point.

More precisely, the direction is:

> **S 36.9° E**  
Meaning: You are heading **south**, but with an **eastward component** of about **36.9 degrees**.

Alternatively, you can describe it as:

> **Approximately southeast, slightly more south than east**

---

### ✅ Final Answer:

After traveling 20 km south and 15 km east, your overall direction from the starting point is approximately **S 36.9° E**, or in general terms, **southeast (slightly more south than east)**.

Let me know if you want to calculate the actual distance from the start!"
"Geometry","spatial orientation and positional relationships","E","Describe the effect of a translation (x, y) → (x + 2, y − 3)","Sure! Let's break down the task and explain how to describe the effect of the translation:

---

### **Translation Rule Given:**
$$
(x, y) \rightarrow (x + 2, y - 3)
$$

This means that every point $(x, y)$ on a shape or graph is moved to a new location $(x + 2, y - 3)$.

---

### **Step-by-Step Explanation:**

1. **Understand what a translation is:**
   A **translation** is a type of transformation that moves every point of a figure or graph the same distance in the same direction without rotating, resizing, or flipping it.

2. **Interpret the rule:**
   - The **x-coordinate** increases by 2 → move **2 units to the right**.
   - The **y-coordinate** decreases by 3 → move **3 units downward**.

3. **Visualize the movement:**
   If you have a point like $(1, 5)$, applying the translation:
   $$
   (1 + 2, 5 - 3) = (3, 2)
   $$
   So the point $(1, 5)$ moves to $(3, 2)$, which is 2 units right and 3 units down.

4. **General Effect:**
   Every point in the plane shifts:
   - **Horizontally:** 2 units to the **right**
   - **Vertically:** 3 units **downward**

---

### ✅ Final Description:

> The translation $(x, y) \rightarrow (x + 2, y - 3)$ shifts every point **2 units to the right** and **3 units downward**.

---

Let me know if you'd like to apply this translation to a specific shape or set of points!"
"Geometry","spatial orientation and positional relationships","E","A delivery robot moves from (0, 0) to (4, 0), then up to (4, 3). What are the coordinates after both moves?","Let's break down the robot's movement step by step to find the final coordinates.

---

### Step 1: Starting Point  
The robot starts at:  
**(0, 0)**

---

### Step 2: Move from (0, 0) to (4, 0)  
This is a **horizontal move** to the right along the x-axis.  
- The y-coordinate stays the same (0).  
- The x-coordinate increases from 0 to 4.

So after this move, the robot is at:  
👉 **(4, 0)**

---

### Step 3: Move up to (4, 3)  
Now the robot moves **vertically upward**, keeping the x-coordinate the same.  
- The x-coordinate remains 4.
- The y-coordinate increases from 0 to 3.

So after this move, the robot is at:  
👉 **(4, 3)**

---

### ✅ Final Answer:
**The coordinates after both moves are: (4, 3)**

Let me know if you'd like a visual explanation or how this could be programmed!"
"Geometry","spatial orientation and positional relationships","E","On a city grid, a taxi starts at (3, 3) and follows this route: left 2 blocks, up 1, right 5, down 4. Where does it end?","To solve this task, you need to track the taxi's movements on a coordinate grid. Each movement changes the taxi's position based on directions: **left**, **right**, **up**, and **down**.

---

### Step 1: Understand the starting point

The taxi starts at the coordinate **(3, 3)**.

- The first number in a coordinate is the **x-coordinate (horizontal)**.
  - Moving **right** increases the x-value.
  - Moving **left** decreases the x-value.
- The second number is the **y-coordinate (vertical)**.
  - Moving **up** increases the y-value.
  - Moving **down** decreases the y-value.

---

### Step 2: Apply each move in order

Let’s go through each move:

1. **Left 2 blocks**
   - x decreases by 2 → 3 − 2 = **1**
   - New position: **(1, 3)**

2. **Up 1 block**
   - y increases by 1 → 3 + 1 = **4**
   - New position: **(1, 4)**

3. **Right 5 blocks**
   - x increases by 5 → 1 + 5 = **6**
   - New position: **(6, 4)**

4. **Down 4 blocks**
   - y decreases by 4 → 4 − 4 = **0**
   - Final position: **(6, 0)**

---

### ✅ Final Answer:
The taxi ends at the coordinate **(6, 0)**."
"Geometry","spatial orientation and positional relationships","E","Describe the transformation: (x, y) → (–x, y)","To solve the task **""Describe the transformation: (x, y) → (–x, y)""**, let's break it down step by step.

---

### 🔍 Step 1: Understand the Rule

You're given a transformation rule:

$$
(x, y) \rightarrow (-x, y)
$$

This means that for every point $(x, y)$, the transformation changes its **x-coordinate** to its opposite (negative), while keeping the **y-coordinate** the same.

---

### 🔄 Step 2: What Does This Look Like?

Let’s look at an example:

- Original point: $(3, 5)$  
  After transformation: $(-3, 5)$

- Original point: $(-2, 4)$  
  After transformation: $(2, 4)$

You can see that each point is reflected across the **y-axis**.

---

### 🧭 Step 3: Identify the Type of Transformation

This type of transformation is called a **reflection over the y-axis**.

- The **x-values change sign**, which flips the figure left-to-right.
- The **y-values stay the same**, so there's no vertical movement.

---

### ✅ Final Answer (Clear and Concise):

> The transformation $(x, y) \rightarrow (-x, y)$ is a **reflection over the y-axis**. It reflects each point across the y-axis by changing the sign of the x-coordinate while keeping the y-coordinate unchanged.

---

Let me know if you'd like a visual explanation or how this works with shapes or graphs!"
"Geometry","spatial orientation and positional relationships","F","A point moves from A(2, 3) to B(7, –2). Express this movement as a vector","To express the movement from point **A(2, 3)** to point **B(7, –2)** as a **vector**, you calculate the change in the x-coordinate and the change in the y-coordinate.

---

### Step-by-step:

Let’s call the vector **$\vec{v}$** which represents the movement from A to B.

$$
\vec{v} = \overrightarrow{AB} = (x_2 - x_1, y_2 - y_1)
$$

Where:  
- $x_1 = 2$, $y_1 = 3$ → coordinates of point A  
- $x_2 = 7$, $y_2 = -2$ → coordinates of point B

---

### Plug in the values:

$$
\vec{v} = (7 - 2,\ -2 - 3) = (5,\ -5)
$$

---

### Final Answer:
The movement from A to B is represented by the vector:

$$
\boxed{(5,\ -5)}
$$

This means the point moves **5 units to the right** and **5 units downward**."
"Geometry","spatial orientation and positional relationships","F","Find the midpoint of the segment connecting (4, –1) and (–2, 5)","To find the **midpoint** of a line segment connecting two points, you can use the **midpoint formula**:

$$
\text{Midpoint} = \left( \frac{x_1 + x_2}{2}, \frac{y_1 + y_2}{2} \right)
$$

### Given Points:
- Point 1: $ (x_1, y_1) = (4, -1) $
- Point 2: $ (x_2, y_2) = (-2, 5) $

### Step-by-step Calculation:

1. Plug the values into the formula:
   $$
   \left( \frac{4 + (-2)}{2}, \frac{-1 + 5}{2} \right)
   $$

2. Simplify:
   $$
   \left( \frac{2}{2}, \frac{4}{2} \right) = (1, 2)
   $$

### ✅ Final Answer:
The midpoint is **(1, 2)**.

Let me know if you'd like to visualize this or see more examples!"
"Geometry","spatial orientation and positional relationships","F","If a robot follows the vector ⟨3, –4⟩ from (1, 2), where does it end up?","To solve this task, you're essentially being asked to **add a vector** to a **point** in 2D space.

---

### Given:
- A **starting point**: $(1, 2)$
- A **vector** the robot follows: $\langle 3, -4 \rangle$

This vector tells us how much the robot moves **horizontally (x)** and **vertically (y)** from the starting point.

---

### Step-by-step:

Start at point:  
$$
(x, y) = (1, 2)
$$

Apply the vector $\langle 3, -4 \rangle$, which means:
- Move **+3** in the x-direction
- Move **–4** in the y-direction

So the new position is:
$$
(1 + 3, 2 + (-4)) = (4, -2)
$$

---

### ✅ Final Answer:
The robot ends up at the point:
$$
\boxed{(4, -2)}
$$

Let me know if you'd like a visual explanation or how to represent this with diagrams!"
"Geometry","spatial orientation and positional relationships","F","A drone flies 4 units north, then 3 units west. What is its displacement vector?","To find the **displacement vector** of the drone, we need to describe its **change in position** from the starting point to the ending point — both **magnitude** and **direction**.

---

### 🧭 Step-by-step breakdown:

1. **Initial Position**: Let’s assume the drone starts at the origin:  
   $$
   (0, 0)
   $$

2. **First Movement**: The drone flies **4 units north**.  
   - On a coordinate plane, north means increasing the **y-coordinate**.
   - New position:  
     $$
     (0, 4)
     $$

3. **Second Movement**: The drone flies **3 units west**.  
   - West means decreasing the **x-coordinate**.
   - New position:  
     $$
     (-3, 4)
     $$

---

### ✅ Displacement Vector:

The displacement vector is the straight-line vector from the **starting point** to the **final point**.

$$
\text{Displacement vector} = \text{Final position} - \text{Initial position}
$$

$$
= (-3, 4) - (0, 0) = (-3, 4)
$$

---

### 📌 Final Answer:

$$
\boxed{\vec{d} = (-3, 4)}
$$

This means the drone's displacement is:
- **3 units west** (hence the negative x-component),
- and **4 units north** (positive y-component).

---

If you'd like to find the **magnitude** or **direction** of this displacement vector, I can show that too!"
"Geometry","spatial orientation and positional relationships","F","Rotate the vector ⟨2, 1⟩ by 90° counterclockwise. What is the new vector?","To rotate the vector ⟨2, 1⟩ by **90° counterclockwise**, you can use a **rotation matrix**. Here's how it works:

---

### 🔁 Rotation Matrix for 90° Counterclockwise
The general rotation matrix for rotating a vector by an angle θ counterclockwise is:

$$
R(\theta) = 
\begin{bmatrix}
\cos\theta & -\sin\theta \\
\sin\theta & \cos\theta
\end{bmatrix}
$$

For a **90° counterclockwise** rotation:
- $\cos(90^\circ) = 0$
- $\sin(90^\circ) = 1$

So the rotation matrix becomes:

$$
R(90^\circ) = 
\begin{bmatrix}
0 & -1 \\
1 & 0
\end{bmatrix}
$$

---

### 📦 Apply the Rotation to the Vector
You're rotating the vector ⟨2, 1⟩. In matrix form, this is:

$$
\mathbf{v} =
\begin{bmatrix}
2 \\
1
\end{bmatrix}
$$

Now multiply the rotation matrix by the vector:

$$
R(90^\circ) \cdot \mathbf{v} =
\begin{bmatrix}
0 & -1 \\
1 & 0
\end{bmatrix}
\cdot
\begin{bmatrix}
2 \\
1
\end{bmatrix}
=
\begin{bmatrix}
(0)(2) + (-1)(1) \\
(1)(2) + (0)(1)
\end{bmatrix}
=
\begin{bmatrix}
-1 \\
2
\end{bmatrix}
$$

---

### ✅ Final Answer:
The new vector after rotating ⟨2, 1⟩ by **90° counterclockwise** is:

$$
\boxed{\langle -1,\ 2 \rangle}
$$

Let me know if you'd like a visual explanation or want to try rotating by other angles!"
"Geometry","spatial orientation and positional relationships","G","Identify the coordinates of point B after rotating point A(2, 3) 90° clockwise about the origin","To solve the task of finding the coordinates of **point B**, which is the result of rotating **point A(2, 3)** **90° clockwise about the origin**, follow these steps:

---

### 🔁 Step-by-Step: Rotation of a Point About the Origin

#### 📌 General Rule for 90° Clockwise Rotation:
When you rotate a point $(x, y)$ **90° clockwise** around the origin (0, 0), the new coordinates become:

$$
(x, y) \rightarrow (y, -x)
$$

---

### 🧮 Apply the Rule to Point A(2, 3):

Given:
- $x = 2$
- $y = 3$

Apply the rotation formula:

$$
(x, y) \rightarrow (y, -x) = (3, -2)
$$

---

### ✅ Final Answer:
The coordinates of **point B** after the rotation are:

$$
\boxed{(3, -2)}
$$

---

### 📝 Optional Visual Explanation:
- Original point: in Quadrant I.
- After 90° clockwise rotation, it moves toward Quadrant IV.
- The x-coordinate becomes the original y.
- The y-coordinate becomes the **negative** of the original x.

Let me know if you'd like to see how this works visually or with other types of rotations!"
"Geometry","spatial orientation and positional relationships","G","Explain how to move from point A(0,0,0) to point B(3,2,5) in 3D space","To move from point **A(0,0,0)** to point **B(3,2,5)** in 3D space, you're essentially moving along a straight line or path through three-dimensional coordinates. Here's how you can understand and solve this task:

---

### 🔹 Step 1: Understand the Coordinates

Each point in 3D space is defined by three coordinates:
- **x**: Left/right
- **y**: Forward/backward
- **z**: Up/down

So:
- Point A is at (0, 0, 0): the origin.
- Point B is at (3, 2, 5): which means:
  - Move **3 units** in the positive x-direction,
  - **2 units** in the positive y-direction,
  - **5 units** in the positive z-direction.

---

### 🔹 Step 2: Find the Displacement Vector

The displacement vector from A to B tells us the direction and distance of the movement.

$$
\vec{v} = B - A = (3 - 0, 2 - 0, 5 - 0) = (3, 2, 5)
$$

This vector shows how far to move in each axis direction.

---

### 🔹 Step 3: Parametrize the Path (Optional)

If you want to describe the motion **step-by-step** from A to B, you can use a **parametric equation** of the line segment connecting A to B.

Let **t** be a parameter that varies from 0 to 1:

$$
x(t) = 3t \\
y(t) = 2t \\
z(t) = 5t
$$

When:
- t = 0 → (0, 0, 0) = A
- t = 1 → (3, 2, 5) = B

For any value of t between 0 and 1, you get a point on the straight-line path from A to B.

---

### 🔹 Step 4: Calculate Distance (Magnitude of Movement)

You can compute the **straight-line distance** from A to B using the distance formula in 3D:

$$
d = \sqrt{(x_2 - x_1)^2 + (y_2 - y_1)^2 + (z_2 - z_1)^2}
$$

$$
d = \sqrt{(3 - 0)^2 + (2 - 0)^2 + (5 - 0)^2} = \sqrt{9 + 4 + 25} = \sqrt{38} ≈ 6.16 \text{ units}
$$

---

### ✅ Summary

To move from point A(0,0,0) to B(3,2,5):

- Move **3 units along the x-axis**
- Move **2 units along the y-axis**
- Move **5 units along the z-axis**

Or, more precisely:
- Follow the straight-line path described by the vector **⟨3, 2, 5⟩**
- Or use parametric equations with a variable **t ∈ [0,1]**

And the total distance traveled along that straight line is **√38 ≈ 6.16 units**.

---

Let me know if you want to simulate this movement step by step, animate it, or apply it in code!"
"Geometry","spatial orientation and positional relationships","G","Determine whether triangle ABC with A(1,1), B(3,4), C(5,7) is right-angled","To determine whether triangle **ABC** with vertices:

- $ A(1, 1) $
- $ B(3, 4) $
- $ C(5, 7) $

is a **right-angled triangle**, you can use the **Pythagorean Theorem**. In a right-angled triangle, the square of the longest side (hypotenuse) equals the sum of the squares of the other two sides.

---

### Step-by-step approach:

#### **Step 1: Calculate the lengths of all three sides**

Use the distance formula between two points:

$$
\text{Distance} = \sqrt{(x_2 - x_1)^2 + (y_2 - y_1)^2}
$$

Let’s find the lengths of:

- $ AB $: between A(1,1) and B(3,4)
$$
AB = \sqrt{(3 - 1)^2 + (4 - 1)^2} = \sqrt{4 + 9} = \sqrt{13}
$$

- $ BC $: between B(3,4) and C(5,7)
$$
BC = \sqrt{(5 - 3)^2 + (7 - 4)^2} = \sqrt{4 + 9} = \sqrt{13}
$$

- $ AC $: between A(1,1) and C(5,7)
$$
AC = \sqrt{(5 - 1)^2 + (7 - 1)^2} = \sqrt{16 + 36} = \sqrt{52}
$$

---

#### **Step 2: Check if Pythagoras' theorem holds**

We now have:
- $ AB = \sqrt{13} $
- $ BC = \sqrt{13} $
- $ AC = \sqrt{52} $

Check if:
$$
AB^2 + BC^2 = AC^2
$$

Substitute values:

$$
(\sqrt{13})^2 + (\sqrt{13})^2 = 13 + 13 = 26 \\
(\sqrt{52})^2 = 52
$$

Since $ 26 \neq 52 $, this does **not** satisfy the Pythagorean condition.

---

#### **Step 3: Try other combinations**

Maybe the right angle is at a different vertex. So try checking **all three combinations**:

1. $ AB^2 + BC^2 = AC^2 $ → already checked → ❌  
2. $ AB^2 + AC^2 = BC^2 $:  
   $$
   13 + 52 = 65 \neq 13 \quad \text{❌}
   $$

3. $ BC^2 + AC^2 = AB^2 $:  
   $$
   13 + 52 = 65 \neq 13 \quad \text{❌}
   $$

None of the combinations satisfy the Pythagorean theorem.

---

### ✅ Final Answer:

**Triangle ABC is NOT a right-angled triangle.**

Let me know if you'd like to explore using vectors or slopes instead!"
"Geometry","spatial orientation and positional relationships","G","A point is 2 units from both A(2,3) and B(6,3). Describe its possible locations","To solve the task:  
> *""A point is 2 units from both A(2,3) and B(6,3). Describe its possible locations,""*  

we need to find **all points that are exactly 2 units away from both A(2, 3) and B(6, 3)**.

---

### Step-by-step:

#### 🔹 Step 1: Understand what it means for a point to be ""2 units away"" from another
The set of all points that are **a fixed distance** (in this case, 2 units) from a given point form a **circle** centered at that point with radius equal to that distance.

So:
- The points that are **2 units from A(2,3)** lie on a circle centered at (2,3) with radius 2.
- Similarly, the points that are **2 units from B(6,3)** lie on a circle centered at (6,3) with radius 2.

We're looking for **points that are 2 units from both A and B**, so we want the **intersection** of these two circles.

---

#### 🔹 Step 2: Write equations for the two circles

Circle around A(2,3), radius 2:
$$
(x - 2)^2 + (y - 3)^2 = 4 \tag{1}
$$

Circle around B(6,3), radius 2:
$$
(x - 6)^2 + (y - 3)^2 = 4 \tag{2}
$$

---

#### 🔹 Step 3: Solve the system of equations

Subtract equation (1) from equation (2):

$$
[(x - 6)^2 + (y - 3)^2] - [(x - 2)^2 + (y - 3)^2] = 4 - 4
$$

Simplify:
$$
(x - 6)^2 - (x - 2)^2 = 0
$$

Now expand both squares:
- $(x - 6)^2 = x^2 - 12x + 36$
- $(x - 2)^2 = x^2 - 4x + 4$

Subtract:
$$
x^2 - 12x + 36 - (x^2 - 4x + 4) = 0
\Rightarrow -8x + 32 = 0
\Rightarrow x = 4
$$

So any point that satisfies both circle equations must have $x = 4$.

---

#### 🔹 Step 4: Plug back into one of the original equations

Use equation (1):
$$
(x - 2)^2 + (y - 3)^2 = 4
\Rightarrow (4 - 2)^2 + (y - 3)^2 = 4
\Rightarrow 4 + (y - 3)^2 = 4
\Rightarrow (y - 3)^2 = 0
\Rightarrow y = 3
$$

---

### ✅ Final Answer:

There is **only one point** that is exactly 2 units from both A(2,3) and B(6,3):  
$$
\boxed{(4,\ 3)}
$$

This is the **midpoint** of segment AB. Since the distance between A and B is:
$$
\sqrt{(6 - 2)^2 + (3 - 3)^2} = \sqrt{16} = 4,
$$
and each circle has radius 2, the circles touch at only one point — their midpoint.

---

### 📝 Summary:

- The point(s) that are 2 units from both A(2,3) and B(6,3) lie at the intersection of two circles.
- These circles intersect at only one point: **(4, 3)**.
- So, the **only possible location** is the point **(4, 3)**."
"Geometry","spatial orientation and positional relationships","H","Represent a cube's diagonal as a vector in 3D given vertices at (0,0,0) and (1,1,1)","Sure! Let's break this down step by step so you can understand how to **represent a cube's diagonal as a vector in 3D**, given the vertices at points $(0, 0, 0)$ and $(1, 1, 1)$.

---

### 🔷 Step 1: Understand the Geometry

You are given two opposite corners (vertices) of a **cube**:
- Starting point: $(0, 0, 0)$
- Ending point: $(1, 1, 1)$

These two points form a **space diagonal** of the cube — that is, a line connecting two opposite corners passing through the interior of the cube.

---

### 🔷 Step 2: What Is a Vector?

A **vector** represents both magnitude and direction. In 3D space, a vector from point $ A = (x_1, y_1, z_1) $ to point $ B = (x_2, y_2, z_2) $ is found by subtracting coordinates:

$$
\vec{v} = B - A = (x_2 - x_1, y_2 - y_1, z_2 - z_1)
$$

---

### 🔷 Step 3: Apply the Formula

Here, we go from point $ A = (0, 0, 0) $ to point $ B = (1, 1, 1) $, so:

$$
\vec{v} = (1 - 0, 1 - 0, 1 - 0) = (1, 1, 1)
$$

---

### ✅ Final Answer:

The vector representing the cube’s diagonal is:

$$
\boxed{\vec{v} = \langle 1, 1, 1 \rangle}
$$

This vector points from the origin $(0, 0, 0)$ to the opposite corner of the cube $(1, 1, 1)$, and fully describes the direction and length of the space diagonal.

---

### 📝 Optional: Magnitude of the Diagonal

If you're curious about the **length** of the diagonal, use the formula for the magnitude of a vector:

$$
|\vec{v}| = \sqrt{1^2 + 1^2 + 1^2} = \sqrt{3}
$$

So the diagonal has length $\sqrt{3}$ units.

---

Let me know if you'd like help visualizing it or computing other diagonals of the cube!"
"Geometry","spatial orientation and positional relationships","H","Determine the angle between two 3D vectors: v₁ = (1,2,3) and v₂ = (4,−1,0)","To determine the **angle between two 3D vectors**, you can use the **dot product formula**. The angle $ \theta $ between two vectors $ \vec{v_1} $ and $ \vec{v_2} $ is given by:

$$
\cos(\theta) = \frac{\vec{v_1} \cdot \vec{v_2}}{|\vec{v_1}| |\vec{v_2}|}
$$

Where:
- $ \vec{v_1} \cdot \vec{v_2} $ is the **dot product** of the two vectors,
- $ |\vec{v_1}| $ and $ |\vec{v_2}| $ are the **magnitudes (lengths)** of the vectors.

---

### Step-by-step Solution

Given:
- $ \vec{v_1} = (1, 2, 3) $
- $ \vec{v_2} = (4, -1, 0) $

---

### Step 1: Compute the dot product

$$
\vec{v_1} \cdot \vec{v_2} = (1)(4) + (2)(-1) + (3)(0) = 4 - 2 + 0 = 2
$$

---

### Step 2: Compute the magnitudes of both vectors

$$
|\vec{v_1}| = \sqrt{1^2 + 2^2 + 3^2} = \sqrt{1 + 4 + 9} = \sqrt{14}
$$

$$
|\vec{v_2}| = \sqrt{4^2 + (-1)^2 + 0^2} = \sqrt{16 + 1 + 0} = \sqrt{17}
$$

---

### Step 3: Plug into the formula

$$
\cos(\theta) = \frac{2}{\sqrt{14} \cdot \sqrt{17}} = \frac{2}{\sqrt{238}}
$$

Now compute the angle:

$$
\theta = \cos^{-1}\left( \frac{2}{\sqrt{238}} \right)
$$

Use a calculator to evaluate:

$$
\theta \approx \cos^{-1}(0.1296) \approx 82.6^\circ
$$

---

### ✅ Final Answer:

The angle between the vectors $ \vec{v_1} = (1, 2, 3) $ and $ \vec{v_2} = (4, -1, 0) $ is approximately **82.6 degrees**.

Let me know if you'd like the answer in radians!"
"Geometry","spatial orientation and positional relationships","H","Find the coordinates of a point after rotating it 90° around the z-axis in 3D space","Sure! Let's go through how to **find the coordinates of a point after rotating it 90° around the z-axis in 3D space**.

---

### 🔷 Step-by-Step Explanation

We are working in **3D space**, and we want to rotate a point **around the z-axis** by **90 degrees (π/2 radians)**.

Let’s assume:

- The original point is $ P = (x, y, z) $
- We want to rotate this point **90° counterclockwise** when looking **down the positive z-axis** (i.e., from above, looking toward the xy-plane).

---

### 🧮 Rotation Around the Z-Axis

Rotation around the z-axis **does not change the z-coordinate**. Only the x and y values change.

The general rotation matrix for rotating a point **counterclockwise** by an angle $ \theta $ around the **z-axis** is:

$$
R_z(\theta) =
\begin{bmatrix}
\cos\theta & -\sin\theta & 0 \\
\sin\theta & \cos\theta & 0 \\
0 & 0 & 1
\end{bmatrix}
$$

For a **90° rotation**, we use:
- $ \cos(90^\circ) = 0 $
- $ \sin(90^\circ) = 1 $

So the rotation matrix becomes:

$$
R_z(90^\circ) =
\begin{bmatrix}
0 & -1 & 0 \\
1 & 0 & 0 \\
0 & 0 & 1
\end{bmatrix}
$$

---

### 📌 Applying the Matrix

To apply the rotation, multiply the rotation matrix with the point as a column vector:

$$
\begin{bmatrix}
x' \\
y' \\
z'
\end{bmatrix}
=
\begin{bmatrix}
0 & -1 & 0 \\
1 & 0 & 0 \\
0 & 0 & 1
\end{bmatrix}
\cdot
\begin{bmatrix}
x \\
y \\
z
\end{bmatrix}
$$

Performing the multiplication:

$$
x' = 0 \cdot x + (-1) \cdot y + 0 \cdot z = -y \\
y' = 1 \cdot x + 0 \cdot y + 0 \cdot z = x \\
z' = z
$$

---

### ✅ Final Answer

After a **90° counterclockwise rotation around the z-axis**, the new coordinates of the point are:

$$
(x', y', z') = (-y, x, z)
$$

---

### 🔄 If You Want a Clockwise Rotation?

If you're rotating **clockwise**, then the direction flips:

$$
(x', y', z') = (y, -x, z)
$$

---

### 🧪 Example

Suppose you have the point $ (2, 3, 5) $. Rotating it **90° counterclockwise** around the z-axis gives:

$$
(-3, 2, 5)
$$

---

Let me know if you'd like to visualize this or do multiple rotations!"
"Geometry","spatial orientation and positional relationships","H","Describe the line of intersection between the planes x + y + z = 3 and x − y = 1","To find the **line of intersection** between two planes, you're essentially determining a line that lies on both planes. Here's how to approach this step by step for the planes:

### Given Planes:
1. $ x + y + z = 3 $
2. $ x - y = 1 $

---

## 🔍 Step 1: Understand the Problem

The intersection of two planes in 3D space is typically a **line**, provided the planes are not parallel or coincident.

We need to find:
- A **point** on the line (a specific point that lies on both planes)
- A **direction vector** for the line (the direction along which the line extends)

With these two pieces of information, we can write the **parametric equations** or the **vector equation** of the line.

---

## 🧮 Step 2: Find the Direction Vector of the Line

The direction vector of the line of intersection is **perpendicular to the normal vectors** of both planes.

### Normal Vectors:
- Plane 1: $ \vec{n_1} = \langle 1, 1, 1 \rangle $
- Plane 2: $ \vec{n_2} = \langle 1, -1, 0 \rangle $

The direction vector $ \vec{v} $ of the line is given by the **cross product** of the two normal vectors:

$$
\vec{v} = \vec{n_1} \times \vec{n_2}
= 
\begin{vmatrix}
\mathbf{i} & \mathbf{j} & \mathbf{k} \\
1 & 1 & 1 \\
1 & -1 & 0 \\
\end{vmatrix}
= \mathbf{i}(1 \cdot 0 - (-1) \cdot 1) - \mathbf{j}(1 \cdot 0 - 1 \cdot 1) + \mathbf{k}(1 \cdot (-1) - 1 \cdot 1)
$$

$$
= \mathbf{i}(0 + 1) - \mathbf{j}(0 - 1) + \mathbf{k}(-1 - 1)
= \langle 1, 1, -2 \rangle
$$

✅ So the direction vector of the line is $ \vec{v} = \langle 1, 1, -2 \rangle $

---

## 🔢 Step 3: Find a Point on the Line

We now need any point that satisfies both plane equations.

Let’s solve the system of equations:

1. $ x + y + z = 3 $
2. $ x - y = 1 $

From equation (2):  
$$
x = y + 1
$$

Substitute into equation (1):

$$
(y + 1) + y + z = 3 \Rightarrow 2y + 1 + z = 3 \Rightarrow 2y + z = 2
$$

Now solve for $ z $:

$$
z = 2 - 2y
$$

So, with $ y = t $ as a parameter, we get:

- $ x = t + 1 $
- $ y = t $
- $ z = 2 - 2t $

---

## ✅ Final Answer: Parametric Equations of the Line

$$
\boxed{
\begin{aligned}
x &= t + 1 \\
y &= t \\
z &= 2 - 2t
\end{aligned}
}
$$

This is the parametric form of the line of intersection between the two planes.

Alternatively, in **vector form**:

$$
\vec{r}(t) = \langle 1, 0, 2 \rangle + t \langle 1, 1, -2 \rangle
$$

---

## 📌 Summary

- The direction vector of the line is found using the cross product of the normals.
- A point on the line is found by solving the system of equations formed by the two planes.
- Combine the point and direction vector to write the line in parametric or vector form.

Let me know if you'd like to see a graphical interpretation or convert this into symmetric form!"
"Geometry","spatial orientation and positional relationships","H","Find the projection of vector v = (3,4,0) onto u = (1,0,0)","To find the **projection of vector $ \mathbf{v} = (3, 4, 0) $ onto vector $ \mathbf{u} = (1, 0, 0) $**, you can use the **vector projection formula**:

$$
\text{proj}_{\mathbf{u}} \mathbf{v} = \left( \frac{\mathbf{v} \cdot \mathbf{u}}{\|\mathbf{u}\|^2} \right) \mathbf{u}
$$

---

### Step-by-step breakdown:

#### 1. Compute the dot product $ \mathbf{v} \cdot \mathbf{u} $

$$
\mathbf{v} \cdot \mathbf{u} = (3)(1) + (4)(0) + (0)(0) = 3
$$

#### 2. Compute the magnitude squared of $ \mathbf{u} $: $ \|\mathbf{u}\|^2 $

$$
\|\mathbf{u}\|^2 = 1^2 + 0^2 + 0^2 = 1
$$

#### 3. Plug into the projection formula:

$$
\text{proj}_{\mathbf{u}} \mathbf{v} = \left( \frac{3}{1} \right) \cdot (1, 0, 0) = 3 \cdot (1, 0, 0) = (3, 0, 0)
$$

---

### ✅ Final Answer:
The projection of $ \mathbf{v} = (3, 4, 0) $ onto $ \mathbf{u} = (1, 0, 0) $ is:

$$
\boxed{(3, 0, 0)}
$$

This means that only the x-component of $ \mathbf{v} $ contributes to its projection along $ \mathbf{u} $, since $ \mathbf{u} $ lies along the x-axis."
"Geometry","spatial orientation and positional relationships","H","Find a vector perpendicular to both (1,2,3) and (4,5,6)","To find a vector that is **perpendicular to both** $(1, 2, 3)$ and $(4, 5, 6)$, you can use the **cross product**. The cross product of two vectors in 3D space gives a third vector that is perpendicular to both of them.

---

### Step-by-step: Cross Product

Let:
$$
\vec{a} = (1, 2, 3) \quad \text{and} \quad \vec{b} = (4, 5, 6)
$$

The cross product $\vec{a} \times \vec{b}$ is calculated using the determinant of a 3x3 matrix:

$$
\vec{a} \times \vec{b} = 
\begin{vmatrix}
\mathbf{i} & \mathbf{j} & \mathbf{k} \\
1 & 2 & 3 \\
4 & 5 & 6 \\
\end{vmatrix}
$$

Now compute the determinant:

$$
\vec{a} \times \vec{b} = \mathbf{i}(2 \cdot 6 - 3 \cdot 5) - \mathbf{j}(1 \cdot 6 - 3 \cdot 4) + \mathbf{k}(1 \cdot 5 - 2 \cdot 4)
$$

$$
= \mathbf{i}(12 - 15) - \mathbf{j}(6 - 12) + \mathbf{k}(5 - 8)
$$

$$
= \mathbf{i}(-3) - \mathbf{j}(-6) + \mathbf{k}(-3)
$$

$$
= (-3, 6, -3)
$$

---

### ✅ Final Answer:
A vector perpendicular to both $(1, 2, 3)$ and $(4, 5, 6)$ is:
$$
\boxed{(-3, 6, -3)}
$$

You can also scale this vector or multiply it by any nonzero scalar and still get a valid perpendicular vector."
"Geometry","properties and relationships of figures and solids","B","How many corners does a triangle have?","Sure! Let's break down the task **""How many corners does a triangle have?""** step by step.

---

### 🔍 Step 1: Understand the Question
The question is asking about the number of **corners** in a **triangle**.

- A **corner**, in geometry, is also known as a **vertex** (plural: **vertices**).
- A **triangle** is a polygon with three straight sides and three angles.

---

### 🧠 Step 2: Recall Basic Geometry
From basic geometry:
- A **triangle** is defined as a three-sided polygon.
- Every polygon has the same number of **vertices (corners)** as it has **sides**.

So, since a triangle has **three sides**, it must also have **three vertices or corners**.

---

### ✅ Final Answer:
> A triangle has **3 corners** (or vertices).

---

Let me know if you'd like to explore more about triangles or other shapes!"
"Geometry","properties and relationships of figures and solids","B","Which shape has no straight sides?","To solve the task **""Which shape has no straight sides?""**, you’ll want to identify shapes based on whether they have **straight edges (sides)** or not.

### Step-by-step approach:

#### 1. **Understand what ""straight sides"" means:**
- Straight sides are **flat** or **linear** edges that connect two corners (vertices).
- Shapes like **triangles, squares, pentagons**, etc., all have straight sides.

#### 2. **Look for a shape with only curved sides:**
- A shape with **no straight sides** will be made **entirely of curves**, not lines.
- The most common example is a **circle**, but there are others too.

#### 3. **Examples of shapes with no straight sides:**
- **Circle** – completely round, no sides at all, just one continuous curve.
- **Oval** – similar to a circle, stretched out, also only curved.
- **Ellipse** – like a flattened circle.
- **Crescent**, **teardrop** (if drawn with smooth curves), etc.

---

### ✅ Final Answer:
The shape that has **no straight sides** is typically the **circle**.

But if you're given a list or an image with multiple shapes, look for the one that has **only curves and no flat edges**.

If you can provide the list of shapes or see an image, I can help you identify it directly!"
"Geometry","properties and relationships of figures and solids","B","What’s the difference between a square and a rectangle?","Great question! Let's break down the **difference between a square and a rectangle** step by step so you can clearly understand and explain it yourself.

---

### 🔷 Step 1: Understand What Each Shape Is

#### ✅ Square:
- A **square** is a four-sided polygon (quadrilateral).
- **All four sides are equal in length.**
- All four angles are right angles (90°).

#### ✅ Rectangle:
- A **rectangle** is also a four-sided polygon.
- **Opposite sides are equal in length.**
- All four angles are right angles (90°).

---

### 🔷 Step 2: Compare Them

| Feature               | Square                         | Rectangle                      |
|-----------------------|--------------------------------|--------------------------------|
| Sides                 | All 4 sides are equal          | Only opposite sides are equal  |
| Angles                | All 90°                        | All 90°                        |
| Diagonals             | Equal and bisect each other    | Equal and bisect each other    |
| Relationship          | A special type of rectangle    | Not all rectangles are squares |

---

### 🔷 Step 3: Key Takeaway

- **Every square is a rectangle**, but **not every rectangle is a square**.
- The difference comes down to side lengths:
  - If all sides are equal → it’s a **square**.
  - If only opposite sides are equal → it’s a **rectangle**.

---

### 🧠 Tip for Remembering:
Think of a **square** as a ""perfect"" rectangle — one where all sides match, not just the opposite ones.

---

Would you like to draw them or give examples with measurements to make it even clearer?"
"Geometry","properties and relationships of figures and solids","B","Draw a shape with 3 corners and 3 sides.","Sure! Let's break down the task and explain how to solve it step by step.

### Task:  
**""Draw a shape with 3 corners and 3 sides.""**

This is asking you to draw a **triangle**, which is a basic geometric shape.

---

### Step-by-Step Explanation:

#### 1. **Understand the requirements**
- **Corners (also called vertices):** The shape must have **3 points** where lines meet.
- **Sides:** The shape must have **3 straight lines** connecting those points.

A triangle fits this perfectly:
- It has **3 corners**.
- It has **3 sides**.

#### 2. **How to Draw It**
Here’s how you can physically draw the shape:

##### Option A: Freehand Drawing
1. Put your pencil on the paper and draw a straight line.
2. From the end of that line, draw another straight line in a different direction — this will be the second side.
3. From the end of the second line, draw a third straight line back to the starting point.
4. You now have a closed shape with 3 corners and 3 sides — a triangle!

##### Option B: Using a Ruler (for accuracy)
1. Use a ruler to draw a horizontal line (this will be the base).
2. Pick a point above the base and mark it.
3. Use the ruler to connect each end of the base to this top point.
4. Now you’ve drawn a triangle with 3 clear sides and 3 corners.

---

### Variations of Triangles:
You can draw any of these types:
- **Equilateral Triangle:** All sides and angles are equal.
- **Isosceles Triangle:** Two sides are equal.
- **Scalene Triangle:** All sides are different lengths.
- **Right Triangle:** One angle is 90 degrees.

Any of these would satisfy the requirement of ""3 corners and 3 sides.""

---

### Summary:
✅ To complete the task, simply draw a **triangle** — a closed shape with 3 straight sides and 3 corners.

Let me know if you'd like help drawing one digitally or writing instructions for someone else to do it!"
"Geometry","properties and relationships of figures and solids","B","Name two shapes that have only straight sides.","To solve the task **""Name two shapes that have only straight sides,""** you need to identify two **polygons**, which are 2D shapes made up entirely of straight line segments (no curves).

### Step-by-step explanation:

1. **Understand the key words:**
   - ""Only straight sides"" means the shape cannot have any curved edges.
   - So, valid examples would be **polygons** — shapes like triangles, squares, rectangles, pentagons, etc.

2. **Pick two examples from polygons:**
   - A **triangle** has 3 straight sides.
   - A **square** has 4 equal straight sides.
   - A **rectangle** also has 4 straight sides (but opposite sides are equal).
   - A **pentagon** has 5 straight sides.
   - And so on.

### ✅ Final Answer:
**Triangle and square** are two shapes that have only straight sides.

You could also answer with other combinations such as:
- Rectangle and pentagon
- Square and hexagon
- Triangle and rectangle

Any two polygons will work!"
"Geometry","properties and relationships of figures and solids","C","How many sides does a hexagon have?","Sure! Let's break down the task **""How many sides does a hexagon have?""** and solve it step by step:

---

### 🔍 Step 1: Understand the Question
You're being asked to identify how many **sides** a **hexagon** has.

- A **side** is a straight line segment that forms part of the boundary of a shape.
- A **hexagon** is a type of polygon (a closed, flat shape with straight sides).

---

### 🧠 Step 2: Use What You Know About Polygon Names
Polygon names often come from Greek prefixes that tell you how many sides they have:

| Prefix | Number of Sides |
|--------|------------------|
| Tri-   | 3 (triangle)     |
| Quad-  | 4 (quadrilateral)|
| Penta- | 5 (pentagon)     |
| Hexa-  | 6 (hexagon)      |
| Hepta- | 7 (heptagon)     |

So, the prefix **""hexa-""** means **6**.

---

### ✅ Step 3: Answer the Question
A **hexagon** has **6 sides**.

---

### 📌 Final Answer:
> A hexagon has **6 sides**.

Let me know if you want to explore more about hexagons or other polygons!"
"Geometry","properties and relationships of figures and solids","C","How many edges does a cube have?","Sure! Let's walk through **how to solve the task: ""How many edges does a cube have?""**

---

### 🔍 Step 1: Understand what a cube is
A **cube** is a 3-dimensional (3D) shape. It has:

- **6 square faces**
- All edges are equal in length
- All angles are right angles (90 degrees)

---

### 🧠 Step 2: Visualize or draw a cube
If you imagine a cube (like a box), it has:

- A **top square**
- A **bottom square**
- And **vertical edges** connecting the corners of the top and bottom squares

---

### 📝 Step 3: Count the edges systematically

Let’s count the edges by parts:

#### ✅ Top face:
- The top face is a square → it has **4 edges**

#### ✅ Bottom face:
- The bottom face is also a square → it has **4 edges**

#### ✅ Vertical edges:
- Each corner of the top square connects to the corresponding corner on the bottom square → that’s **4 vertical edges**

Now add them up:

$$
4 \text{ (top)} + 4 \text{ (bottom)} + 4 \text{ (vertical)} = \boxed{12} \text{ edges}
$$

---

### ✅ Final Answer:
**A cube has 12 edges.**

Let me know if you want to learn how to find this using formulas or graph theory!"
"Geometry","properties and relationships of figures and solids","C","True or false: A rectangle is always a parallelogram.","To determine whether the statement **""A rectangle is always a parallelogram""** is **true or false**, let's break it down step by step:

---

### Step 1: Understand the definitions

- **Parallelogram**:  
  A quadrilateral (four-sided figure) in which **both pairs of opposite sides are parallel**.

- **Rectangle**:  
  A quadrilateral with **four right angles (90°)** and **opposite sides that are parallel and equal in length**.

---

### Step 2: Compare the properties

Let’s check if **every rectangle satisfies the definition of a parallelogram**:

| Property | Rectangle | Parallelogram |
|---------|-----------|----------------|
| Opposite sides parallel | ✅ Yes | ✅ Yes |
| Opposite sides equal | ✅ Yes | ✅ Yes |
| Both pairs of opposite sides parallel | ✅ Yes | ✅ Yes |
| Four right angles | ✅ Yes | ❌ Not necessarily |

So, a **rectangle has all the properties of a parallelogram**, plus the additional feature that **all interior angles are 90°**.

---

### Step 3: Conclusion

Since a rectangle **always** has both pairs of opposite sides parallel (which is the defining property of a parallelogram), we can conclude:

> ✅ **True**: A rectangle is always a parallelogram.

---

### Final Answer:
**True — A rectangle is always a parallelogram.**

Let me know if you'd like to explore related concepts (like why the reverse isn't true)!"
"Geometry","properties and relationships of figures and solids","C","Circle the figure that is not a polygon: triangle, square, circle","To solve the task **""Circle the figure that is not a polygon: triangle, square, circle""**, let's break it down step by step:

---

### Step 1: Understand what a **polygon** is.

A **polygon** is a **closed shape** made up of **straight line segments** (called sides), with no curves and no gaps.

Key characteristics of a polygon:
- It must be **2-dimensional** (flat).
- It has **straight sides**, not curved.
- It is **closed** (no open ends).

Examples of polygons:
- Triangle (3 straight sides)
- Square (4 straight sides)
- Pentagon (5 straight sides), etc.

---

### Step 2: Examine each option

Let’s look at each of the given shapes:

1. **Triangle**
   - Has 3 **straight sides**
   - Closed shape
   ✅ **It is a polygon**

2. **Square**
   - Has 4 **straight sides**
   - Closed shape
   ✅ **It is a polygon**

3. **Circle**
   - Has a **curved edge**, no straight sides
   ❌ **It is NOT a polygon**

---

### Step 3: Choose the correct answer

You're asked to **circle the figure that is NOT a polygon**.

So from the list — **triangle, square, circle** — the one that is **not** a polygon is:

> ✅ **Circle**

---

### Final Answer:
> **Circle** the word **""circle""** because it is **not a polygon**.

Let me know if you'd like a visual explanation or more examples!"
"Geometry","properties and relationships of figures and solids","C","Which figure has opposite sides that are equal and parallel?","To solve the task **""Which figure has opposite sides that are equal and parallel?""**, you're likely being asked to identify a geometric shape based on its properties — specifically, one where:

- Opposite sides are **equal in length**
- Opposite sides are **parallel**

Let’s break it down step by step:

---

### 🔍 Step 1: Understand the Properties

**Equal and Parallel Opposite Sides** means:
- The top and bottom sides are the same length and never meet (i.e., they're parallel)
- The left and right sides are also the same length and never meet (also parallel)

This is a key property of certain **quadrilaterals** (4-sided shapes).

---

### 📐 Step 2: Consider Common Quadrilaterals

Here are some common four-sided figures and their properties:

| Shape         | Opposite Sides Equal? | Opposite Sides Parallel? | All Angles 90°? | All Sides Equal? |
|---------------|------------------------|---------------------------|------------------|-------------------|
| **Parallelogram** | ✅ Yes                  | ✅ Yes                     | ❌ No             | ❌ No               |
| **Rectangle**     | ✅ Yes                  | ✅ Yes                     | ✅ Yes            | ❌ No               |
| **Rhombus**       | ✅ Yes                  | ✅ Yes                     | ❌ No             | ✅ Yes              |
| **Square**        | ✅ Yes                  | ✅ Yes                     | ✅ Yes            | ✅ Yes              |
| **Trapezoid**     | ❌ Only sometimes      | ❌ Only sometimes         | ❌ No             | ❌ No               |

---

### ✅ Step 3: Identify the Correct Figure(s)

From the chart above, any **parallelogram**, **rectangle**, **rhombus**, or **square** satisfies the condition:

> ""Opposite sides are equal and parallel""

But if you're being asked for **a** figure (singular), then the most general answer is:

> **A parallelogram**

Because:
- It's the basic quadrilateral with these properties
- A rectangle, rhombus, and square are all special types of parallelograms

---

### 🧠 Final Answer:

> The figure with opposite sides that are equal and parallel is a **parallelogram**.

If you're given specific options (like in a multiple-choice question), choose whichever matches this definition. For example:
- If ""parallelogram"" is an option → pick that.
- If only ""rectangle"" or ""rhombus"" are options → those are still correct!
- If ""square"" is an option → also correct, since a square is both a rectangle and a rhombus.

---

Let me know if you want to go through specific examples or diagrams!"
"Geometry","properties and relationships of figures and solids","C","Draw a quadrilateral that is not a square.","Sure! Let's break down the task **""Draw a quadrilateral that is not a square""** and explain how to approach it step by step.

---

### 🔍 Step 1: Understand What a Quadrilateral Is
A **quadrilateral** is any **four-sided polygon**. That means:
- It has **4 straight sides**
- It has **4 angles**
- The **sum of its interior angles** is always **360 degrees**

Examples of quadrilaterals include:
- Squares
- Rectangles
- Parallelograms
- Rhombuses
- Trapezoids
- Kites
- Irregular quadrilaterals (no special properties)

So, your goal is to draw **any four-sided shape that does *not* have all the properties of a square**.

---

### 🧠 Step 2: Know the Properties of a Square
To make sure your shape is **not a square**, recall that a square must have:
- **4 equal sides**
- **4 right angles (90°)**
- Opposite sides are **parallel**
- Diagonals are **equal in length** and **intersect at 90°**

Any shape that **lacks even one** of these properties is **not a square**.

---

### ✏️ Step 3: Choose a Type of Quadrilateral That Is Not a Square
Here are some options you can choose from:

| Shape | Description | Example |
|-------|-------------|---------|
| **Rectangle** | All angles 90°, opposite sides equal but not all sides equal | Like a door or window |
| **Rhombus** | All sides equal, but angles not necessarily 90° | Diamond shape |
| **Parallelogram** | Opposite sides equal and parallel, angles not 90° | Slanted rectangle |
| **Trapezoid** | Only one pair of opposite sides parallel | Table top shape |
| **Kite** | Two pairs of adjacent equal sides, diagonals intersect at 90° | Classic kite shape |
| **Irregular quadrilateral** | No sides equal, no right angles | Random 4-sided shape |

---

### ✍️ Step 4: How to Draw One (Example)
Let’s pick an **irregular quadrilateral** as an example.

**Instructions:**
1. Take a blank sheet of paper or use graph paper.
2. Mark **four points** that do **not** form a square.
   - Make sure **not all sides are equal**
   - Make sure **not all angles are 90°**
3. Connect the points in order with straight lines.
4. Check:
   - Are all sides the same? ❌
   - Are all angles 90°? ❌
   → Then it's **not a square** ✅

---

### 🎨 Final Tip:
You can also try drawing:
- A **rectangle**: 4 right angles, but two long sides and two short sides
- A **rhombus**: 4 equal sides, but slanted so angles aren’t 90°
- A **trapezoid**: only one pair of parallel sides

All of these are valid answers to the question: ""Draw a quadrilateral that is not a square.""

---

### ✅ Summary
To complete the task:
- Understand what a quadrilateral is (4-sided polygon)
- Avoid making all sides equal and all angles 90°
- Choose another type of quadrilateral like a rectangle, rhombus, trapezoid, or irregular shape
- Draw and verify that it doesn't match the definition of a square

Let me know if you'd like me to describe how to draw a specific type!"
"Geometry","properties and relationships of figures and solids","D","Can a triangle have two obtuse angles? Why or why not?","Great question! Let's explore whether a triangle can have **two obtuse angles** and why or why not.

---

### 🔺 First, let's define what an **obtuse angle** is:

- An **obtuse angle** is an angle that measures **more than 90° but less than 180°**.

---

### 🧠 Key Fact about Triangles:

- The **sum of the interior angles** in **any triangle** is always **180°**.

---

### 🤔 Now, can a triangle have two obtuse angles?

Let’s try to assume it **can**, and see if that leads to a contradiction.

#### Step-by-step reasoning:

1. Suppose we have a triangle with **two obtuse angles**, say:
   - Angle A = 100° (obtuse)
   - Angle B = 100° (also obtuse)

2. Then the sum of just these two angles is:
   - 100° + 100° = **200°**

3. But we know the total sum of all **three** angles must be **only 180°**.

4. That means there’s no room left for a third angle — or the third angle would have to be:
   - 180° − 200° = **−20°**, which is impossible.

---

### ✅ Conclusion:

No, a triangle **cannot** have two obtuse angles because the sum of the angles in a triangle must equal exactly **180°**. Two angles each greater than 90° would already exceed that total.

---

### 💡 Extra Insight:

- A triangle can have **at most one obtuse angle**.
- If a triangle has one obtuse angle, then the other two must be **acute** (less than 90°).
- If all three angles are acute, it's called an **acute triangle**.
- If one angle is right (exactly 90°), the other two must be acute — this is a **right triangle**.

---

Let me know if you'd like a visual explanation or diagram!"
"Geometry","properties and relationships of figures and solids","D","How many vertices does a triangular pyramid have?","To solve the task **""How many vertices does a triangular pyramid have?""**, let's break it down step by step:

---

### Step 1: Understand what a **triangular pyramid** is.

A **triangular pyramid** (also known as a **tetrahedron**) is a 3-dimensional shape made up of **four triangular faces**. It has:

- A **base** that is a triangle.
- Three **side faces** that connect the base to a single point (the apex or top vertex).

---

### Step 2: Understand what a **vertex** is.

A **vertex** (plural: **vertices**) is a **corner point** where edges meet in a geometric shape.

---

### Step 3: Visualize or draw the shape.

Imagine or draw a triangular pyramid:

- The **base** is a triangle → it has **3 vertices**.
- There is **1 more vertex** at the **top (apex)** connecting all three sides.

---

### Step 4: Count the total number of vertices.

- Base: 3 vertices
- Apex: 1 vertex  
👉 **Total = 3 + 1 = 4**

---

### ✅ Final Answer:
**A triangular pyramid has 4 vertices.**

Let me know if you'd like to learn about edges or faces too!"
"Geometry","properties and relationships of figures and solids","D","Find the sum of interior angles in a pentagon.","To find the **sum of the interior angles in a pentagon**, you can use a simple formula that works for **any polygon**:

### 📐 Formula:
$$
\text{Sum of interior angles} = (n - 2) \times 180^\circ
$$
Where:
- $ n $ is the number of sides in the polygon.

---

### 🔍 Step-by-step for a Pentagon:
A **pentagon** has **5 sides**, so:

$$
(n - 2) \times 180^\circ = (5 - 2) \times 180^\circ = 3 \times 180^\circ = 540^\circ
$$

---

### ✅ Final Answer:
The sum of the interior angles in a pentagon is **540 degrees**.

Let me know if you want to find the measure of each angle in a **regular pentagon** too!"
"Geometry","properties and relationships of figures and solids","D","Calculate the missing angle: A triangle has two angles of 45° and 70°.","To find the **missing angle** in a triangle when you know two of the angles, you can use the fact that:

> 🔺 **The sum of the interior angles in any triangle is always 180°.**

---

### Given:
- One angle = **45°**
- Another angle = **70°**

---

### Step-by-step solution:

1. **Add the two known angles:**
   $$
   45^\circ + 70^\circ = 115^\circ
   $$

2. **Subtract from 180° to find the missing angle:**
   $$
   180^\circ - 115^\circ = 65^\circ
   $$

---

### ✅ Final Answer:
The missing angle is **65°**.

Let me know if you'd like help visualizing this or working with triangle types (like isosceles, right triangles, etc.)!"
"Geometry","properties and relationships of figures and solids","E","A triangle has angles 40° and 65°. What is the third angle?","To find the third angle of a triangle when you know two of the angles, you can use the **angle sum property of triangles**.

### 🔷 Angle Sum Property:
> The sum of all interior angles in a triangle is always **180°**.

---

### ✏️ Given:
- First angle = 40°
- Second angle = 65°

Let the third angle be **x**.

So,
$$
40^\circ + 65^\circ + x = 180^\circ
$$

$$
105^\circ + x = 180^\circ
$$

$$
x = 180^\circ - 105^\circ = 75^\circ
$$

---

### ✅ Answer:
The third angle is **75°**."
"Geometry","properties and relationships of figures and solids","E","A triangle has side lengths 6 cm, 6 cm, and 4 cm. Classify the triangle by its sides.","To classify a triangle by its **sides**, you look at the number of sides that are equal in length. There are three main classifications:

1. **Equilateral Triangle**: All **three sides** are equal.
2. **Isosceles Triangle**: **Two sides** are equal.
3. **Scalene Triangle**: **No sides** are equal.

---

### Given:
- Side 1 = 6 cm  
- Side 2 = 6 cm  
- Side 3 = 4 cm

---

### Step-by-step:

- Compare the side lengths:  
  Two sides are 6 cm (equal to each other), and one side is 4 cm (different).

- Since **two sides are equal**, this triangle is an **isosceles triangle**.

---

### ✅ Final Answer:
**The triangle is an isosceles triangle.**

Let me know if you'd also like to classify it by its angles!"
"Geometry","properties and relationships of figures and solids","E","A quadrilateral has three angles measuring 90°, 85°, and 95°. What is the fourth angle?","To find the measure of the **fourth angle** in a quadrilateral when three angles are given, you can use the fact that:

> ✅ **The sum of the interior angles of any quadrilateral is always 360°.**

### Given:
- Three angles:  
  - 90°  
  - 85°  
  - 95°

### Step 1: Add the given angles
$$
90^\circ + 85^\circ + 95^\circ = 270^\circ
$$

### Step 2: Subtract from 360° to find the fourth angle
$$
360^\circ - 270^\circ = 90^\circ
$$

### ✅ Final Answer:
**The measure of the fourth angle is 90°.**

Let me know if you'd like a visual explanation or how this might change for different types of quadrilaterals (like rectangles or parallelograms)."
"Geometry","properties and relationships of figures and solids","E","Find the sum of the interior angles in a hexagon.","To find the **sum of the interior angles in a hexagon**, you can use a simple formula that works for any polygon:

### Formula:
$$
\text{Sum of interior angles} = (n - 2) \times 180^\circ
$$

Where $ n $ is the number of sides in the polygon.

---

### Step-by-step:

1. **Identify the number of sides ($ n $)**:  
   A hexagon has **6 sides**, so $ n = 6 $.

2. **Plug into the formula**:
   $$
   (6 - 2) \times 180^\circ = 4 \times 180^\circ = 720^\circ
   $$

---

### ✅ Final Answer:
The sum of the interior angles in a **hexagon** is **720 degrees**.

---

### Bonus Tip:
If the hexagon is **regular** (all sides and angles are equal), then each interior angle is:
$$
\frac{720^\circ}{6} = 120^\circ
$$"
"Geometry","properties and relationships of figures and solids","F","Explain why a square is both a rectangle and a rhombus","To solve the task **""Explain why a square is both a rectangle and a rhombus,""** you need to understand the definitions of a **square**, a **rectangle**, and a **rhombus**, and then show how a square satisfies both sets of properties.

---

### Step-by-step Explanation:

#### 1. **Understand the Definitions**

- **Square**:  
  A quadrilateral with:
  - Four equal sides
  - Four right angles (90°)
  - Opposite sides parallel
  - Diagonals that are equal in length and bisect each other at 90°

- **Rectangle**:  
  A quadrilateral with:
  - Four right angles (90°)
  - Opposite sides equal and parallel
  - Diagonals that are equal in length and bisect each other

- **Rhombus**:  
  A quadrilateral with:
  - Four equal sides
  - Opposite sides parallel
  - Opposite angles equal
  - Diagonals that bisect each other at 90°

---

#### 2. **Compare Properties**

Now, compare the properties of a **square** to those of a **rectangle** and a **rhombus**:

| Property                    | Square ✅       | Rectangle ✅   | Rhombus ✅     |
|----------------------------|----------------|----------------|----------------|
| Four right angles          | Yes            | Yes            | No             |
| Four equal sides           | Yes            | No             | Yes            |
| Opposite sides equal/parallel | Yes         | Yes            | Yes            |
| Diagonals equal            | Yes            | Yes            | No             |
| Diagonals intersect at 90° | Yes            | No             | Yes            |

---

#### 3. **Conclusion**

Since a **square has all the properties of both a rectangle and a rhombus**, it can be classified as **both**:

- It is a **rectangle** because it has four right angles and opposite sides equal and parallel.
- It is a **rhombus** because it has four equal sides and its diagonals intersect at 90°.

---

### Final Answer (Clear and Concise):

> A square is both a rectangle and a rhombus because it meets the defining properties of both shapes: it has four right angles like a rectangle and four equal sides like a rhombus. Therefore, a square is a special case that belongs to both categories.

Let me know if you'd like a visual explanation or diagram!"
"Geometry","properties and relationships of figures and solids","F","Determine whether a triangle with sides 5 cm, 7 cm, and 11 cm is acute, right, or obtuse","To determine whether a triangle with sides 5 cm, 7 cm, and 11 cm is **acute**, **right**, or **obtuse**, you can use the **Law of Cosines** and a key property related to the type of triangle based on its side lengths.

---

### 🔍 Step-by-step Approach:

Let’s label the sides:
- Let $ a = 5 $
- Let $ b = 7 $
- Let $ c = 11 $

The longest side is **11 cm**, so it must be opposite the largest angle. In a triangle:
- If $ c^2 < a^2 + b^2 $: the triangle is **acute**
- If $ c^2 = a^2 + b^2 $: the triangle is **right**
- If $ c^2 > a^2 + b^2 $: the triangle is **obtuse**

This rule comes from the **Pythagorean Theorem** and its extensions.

---

### 🧮 Step 1: Compute the squares

- $ a^2 = 5^2 = 25 $
- $ b^2 = 7^2 = 49 $
- $ c^2 = 11^2 = 121 $

---

### 📐 Step 2: Compare $ c^2 $ with $ a^2 + b^2 $

$$
a^2 + b^2 = 25 + 49 = 74
$$
$$
c^2 = 121
$$

Now compare:
$$
121 > 74
\Rightarrow c^2 > a^2 + b^2
$$

---

### ✅ Conclusion:

Since $ c^2 > a^2 + b^2 $, the triangle is **obtuse**.

---

### 📝 Final Answer:

> The triangle with sides 5 cm, 7 cm, and 11 cm is an **obtuse triangle**.

Let me know if you want to find the actual angles too!"
"Geometry","properties and relationships of figures and solids","F","Compare the volume of a cube of edge 4 to a cuboid of dimensions 4×4×2","To compare the **volume of a cube** with edge length 4 to the **volume of a cuboid** with dimensions 4×4×2, you need to:

### Step 1: Understand what volume means
- **Volume** is the amount of space an object occupies in three dimensions.
- For both **cubes** and **cuboids**, volume is calculated as:
  $$
  \text{Volume} = \text{length} \times \text{width} \times \text{height}
  $$

---

### Step 2: Calculate the volume of the cube
A cube has all sides equal.

- Edge length = 4
- Volume of the cube:
  $$
  V_{\text{cube}} = 4 \times 4 \times 4 = 64 \text{ cubic units}
  $$

---

### Step 3: Calculate the volume of the cuboid
A cuboid has different or possibly equal sides (but not all the same).

- Dimensions = 4 × 4 × 2
- Volume of the cuboid:
  $$
  V_{\text{cuboid}} = 4 \times 4 \times 2 = 32 \text{ cubic units}
  $$

---

### Step 4: Compare the two volumes

- Volume of cube = **64**
- Volume of cuboid = **32**

So,
$$
\frac{V_{\text{cube}}}{V_{\text{cuboid}}} = \frac{64}{32} = 2
$$

---

### ✅ Final Answer:
The **volume of the cube is twice** the **volume of the cuboid**.

Let me know if you'd like to visualize it or explore surface area too!"
"Geometry","properties and relationships of figures and solids","F","Compare the surface area of a cube and a sphere of equal volume","To compare the **surface area** of a **cube** and a **sphere** that have the **same volume**, we'll go through a step-by-step process using formulas from geometry.

---

### Step 1: Understand the goal

We want to:

- Find expressions for the surface area of a cube and a sphere.
- Impose the condition that their **volumes are equal**.
- Compare their **surface areas** under this constraint.

---

### Step 2: Volume and Surface Area Formulas

Let’s define:

- Let $ V $ be the common volume of both shapes.
- Let $ r $ be the radius of the sphere.
- Let $ s $ be the side length of the cube.

#### Cube:
- Volume:  
  $$
  V = s^3
  $$
- Surface Area:  
  $$
  A_{\text{cube}} = 6s^2
  $$

#### Sphere:
- Volume:  
  $$
  V = \frac{4}{3} \pi r^3
  $$
- Surface Area:  
  $$
  A_{\text{sphere}} = 4\pi r^2
  $$

---

### Step 3: Express dimensions in terms of volume

Since both shapes have the same volume, we can express $ s $ and $ r $ in terms of $ V $.

#### For the cube:
$$
V = s^3 \Rightarrow s = V^{1/3}
$$
Then,
$$
A_{\text{cube}} = 6s^2 = 6(V^{1/3})^2 = 6V^{2/3}
$$

#### For the sphere:
$$
V = \frac{4}{3}\pi r^3 \Rightarrow r^3 = \frac{3V}{4\pi} \Rightarrow r = \left(\frac{3V}{4\pi}\right)^{1/3}
$$
Then,
$$
A_{\text{sphere}} = 4\pi r^2 = 4\pi \left( \left(\frac{3V}{4\pi}\right)^{1/3} \right)^2 = 4\pi \left(\frac{3V}{4\pi}\right)^{2/3}
$$

Simplify the expression:
$$
A_{\text{sphere}} = 4\pi \cdot \left(\frac{3}{4\pi}\right)^{2/3} \cdot V^{2/3}
$$

So now both surface areas are expressed in terms of $ V^{2/3} $.

---

### Step 4: Compare the constants

Let’s compare the numerical factors multiplying $ V^{2/3} $:

- Cube:  
  $$
  A_{\text{cube}} = 6V^{2/3}
  $$
- Sphere:  
  $$
  A_{\text{sphere}} = 4\pi \left(\frac{3}{4\pi}\right)^{2/3} V^{2/3}
  $$

Let’s compute the constant for the sphere numerically:

First, compute:
$$
\left(\frac{3}{4\pi}\right)^{2/3}
$$
Use $ \pi \approx 3.1416 $:
$$
\frac{3}{4\pi} \approx \frac{3}{12.5664} \approx 0.2387
$$
$$
(0.2387)^{2/3} \approx 0.298
$$
Now multiply by $ 4\pi \approx 12.5664 $:
$$
A_{\text{sphere factor}} \approx 12.5664 \times 0.298 \approx 3.747
$$

So:

- Cube: ~$ 6 $
- Sphere: ~$ 3.747 $

---

### ✅ Final Result

For a given **volume**, the **sphere has less surface area** than the **cube**.

In fact:

$$
\frac{\text{Surface Area of Cube}}{\text{Surface Area of Sphere}} \approx \frac{6}{3.747} \approx 1.6
$$

So the **cube's surface area is about 1.6 times greater** than the sphere's when they have the same volume.

---

### 🧠 Intuition

The sphere is the most efficient shape in terms of minimizing surface area for a given volume — this is why soap bubbles are round, and planets are roughly spherical.

---

### Summary

| Shape | Surface Area (in terms of $ V $) |
|-------|-----------------------------------|
| Cube  | $ 6V^{2/3} $                     |
| Sphere| $ \approx 3.747 V^{2/3} $        |

➡️ **Conclusion**: The **sphere has smaller surface area** than the cube when both have the same volume.

Let me know if you'd like to see this with actual numbers or visualized!"
"Geometry","properties and relationships of figures and solids","G","Describe the cross-section formed by slicing a cylinder vertically","To solve the task **""Describe the cross-section formed by slicing a cylinder vertically,""** let's break it down step-by-step:

---

### 🔍 Step 1: Understand What a Cross-Section Is
A **cross-section** is the two-dimensional (flat) shape you get when you **slice through** a three-dimensional object with a plane.

---

### 📐 Step 2: Visualize the Cylinder and the Slice
- A **cylinder** has two circular bases connected by a curved surface.
- A **vertical slice** means cutting from **top to bottom**, going straight through the cylinder, typically **perpendicular to the base**.

Think of slicing a soup can from top to bottom with a knife — straight through the center or off to the side, but not at an angle.

---

### 🧠 Step 3: Analyze the Shape of the Cross-Section

Depending on **where** and **how** you slice the cylinder vertically, you can get different cross-sections:

#### ✅ Most Common Case: Slice Through the Central Axis (Like Cutting a Can in Half Lengthwise)
- The cross-section will be a **rectangle**.
- Why?
  - The height of the rectangle matches the height of the cylinder.
  - The width of the rectangle matches the **diameter** of the circular base.

#### ❗ Other Vertical Slices:
- If you slice **off-center** but still vertically, and your slice doesn’t pass through the central axis:
  - You’ll still get a **rectangle**, as long as the slice is straight and goes from top to bottom.
- If you slice at an angle, it’s no longer vertical — that would give a different shape like an oval or ellipse.

---

### ✍️ Final Description (Answer)
> When a cylinder is sliced **vertically** through its central axis, the resulting cross-section is a **rectangle**. This rectangle has a height equal to the height of the cylinder and a width equal to the diameter of the cylinder’s circular base.

If you're slicing off-center but still vertically:
> The cross-section remains a **rectangle**, though the position within the cylinder may vary.

---

### 🎨 Optional: Drawing It Helps!
Try drawing a vertical slice through a cylinder to visualize how the rectangle appears inside.

Let me know if you want to explore other types of slices too!"
"Geometry","properties and relationships of figures and solids","G","Apply Euler’s formula to a prism with 9 faces","To solve the task **""Apply Euler’s formula to a prism with 9 faces""**, let's break it down step by step.

---

### 🔷 Step 1: Understand Euler’s Formula

Euler's formula relates the number of **vertices (V)**, **edges (E)**, and **faces (F)** of a convex polyhedron:

$$
V - E + F = 2
$$

This is known as **Euler's Polyhedron Formula**.

---

### 🔷 Step 2: Understand the Shape – Prism with 9 Faces

A **prism** has two congruent polygonal bases connected by rectangular lateral faces.

- The number of **faces (F)** in a prism is:
  $$
  F = 2 \text{ (bases)} + n \text{ (lateral faces)}
  $$
  where $ n $ is the number of sides on each base polygon.

Given that the prism has **9 faces**, we can find $ n $:

$$
F = 2 + n = 9 \Rightarrow n = 7
$$

So this is a **heptagonal prism**: a prism whose bases are heptagons (7-sided polygons).

---

### 🔷 Step 3: Determine Number of Vertices (V)

Each heptagonal base has 7 vertices, and there are 2 such bases:

$$
V = 7 \times 2 = 14
$$

---

### 🔷 Step 4: Determine Number of Edges (E)

Each heptagon has 7 edges. There are 2 heptagons (top and bottom), so:

- Base edges: $ 7 \times 2 = 14 $

Additionally, each vertex of one base is connected to the corresponding vertex of the other base via a vertical edge (forming the lateral faces). So there are:

- Vertical edges: 7

Total edges:

$$
E = 14 + 7 = 21
$$

---

### 🔷 Step 5: Apply Euler’s Formula

Now plug into Euler’s formula:

$$
V - E + F = 14 - 21 + 9 = 2
$$

✅ It satisfies Euler's formula!

---

### ✅ Final Answer Summary:

For a **prism with 9 faces** (a heptagonal prism):

- Faces (F) = 9  
- Vertices (V) = 14  
- Edges (E) = 21  
- Applying Euler’s formula:  
  $$
  V - E + F = 14 - 21 + 9 = 2
  $$

Which confirms that **Euler’s formula holds true** for this prism.

Let me know if you want to visualize or draw it!"
"Geometry","properties and relationships of figures and solids","G","Identify the type of quadrilateral where diagonals bisect each other at right angles","To solve the task **""Identify the type of quadrilateral where diagonals bisect each other at right angles,""** let's break it down step by step.

---

### 🔍 Step 1: Understand the given condition

We are told that:
- The **diagonals bisect each other**, and
- They intersect at **right angles** (i.e., 90°).

These two properties together will help us identify the type of quadrilateral.

---

### 📐 Step 2: Recall properties of quadrilaterals

Here’s a quick review of some common quadrilaterals and the behavior of their diagonals:

| Quadrilateral | Diagonals Bisect Each Other? | Diagonals Intersect at Right Angles? |
|---------------|-------------------------------|--------------------------------------|
| Parallelogram | ✅ Yes                         | ❌ No                                |
| Rectangle     | ✅ Yes                         | ❌ No (they're congruent)            |
| Rhombus       | ✅ Yes                         | ✅ Yes                               |
| Square        | ✅ Yes                         | ✅ Yes                               |
| Kite          | ❌ Only one diagonal is bisected| ✅ Yes                               |
| Trapezoid     | ❌ No                          | ❌ No                                |

---

### ✅ Step 3: Use logic to narrow down options

From the table above, we see:

- **Parallelogram**: Diagonals bisect each other, but not necessarily at right angles.
- **Rectangle**: Same as parallelogram, just with right angles between sides.
- **Rhombus**: Diagonals bisect each other **and** intersect at right angles.
- **Square**: A special case of both a rhombus and a rectangle — so diagonals also bisect each other at right angles.
- **Kite**: Diagonals intersect at right angles, but **only one diagonal is bisected**, so it doesn’t fully satisfy the condition.

---

### 🧠 Conclusion

The only quadrilaterals whose diagonals **both bisect each other** **and** intersect at **right angles** are:

- **Rhombus**
- **Square**

Since a square is a special type of rhombus (with all angles equal to 90°), the most general answer is:

> ✅ **Rhombus**

If you're asked for *all* possible types, then:
> ✅ **Rhombus or Square**

---

### 📝 Final Answer:

> The quadrilateral where diagonals bisect each other at right angles is a **rhombus** (or a **square**, which is a special case of a rhombus)."
"Geometry","properties and relationships of figures and solids","G","A triangle has sides 5 cm, 12 cm, and angle between them is 60°; use Law of Cosines to find area","To find the **area of a triangle** when you're given **two sides and the included angle**, there's actually a **direct formula** that uses the sine of the angle. However, since your task specifically asks to **use the Law of Cosines**, we'll approach it in two steps:

---

### 🔹 Step 1: Use the **Law of Cosines** to find the third side

You are given:
- Side $ a = 5 \text{ cm} $
- Side $ b = 12 \text{ cm} $
- Included angle $ C = 60^\circ $

The **Law of Cosines** is:

$$
c^2 = a^2 + b^2 - 2ab\cos(C)
$$

Plug in the values:

$$
c^2 = 5^2 + 12^2 - 2(5)(12)\cos(60^\circ)
$$

$$
c^2 = 25 + 144 - 120 \cdot \frac{1}{2}
$$

$$
c^2 = 169 - 60 = 109
$$

$$
c = \sqrt{109} \approx 10.44 \text{ cm}
$$

So now all three sides are known:  
- $ a = 5 $ cm  
- $ b = 12 $ cm  
- $ c \approx 10.44 $ cm

---

### 🔹 Step 2: Use **Heron’s Formula** to compute the area

Now that we have all three sides, we can use **Heron’s formula**:

$$
\text{Area} = \sqrt{s(s-a)(s-b)(s-c)}
$$

Where $ s $ is the semi-perimeter:

$$
s = \frac{a + b + c}{2} = \frac{5 + 12 + \sqrt{109}}{2} = \frac{17 + \sqrt{109}}{2}
$$

Let’s approximate this:

$$
s \approx \frac{17 + 10.44}{2} = \frac{27.44}{2} = 13.72
$$

Now plug into Heron’s formula:

$$
\text{Area} \approx \sqrt{13.72(13.72 - 5)(13.72 - 12)(13.72 - 10.44)}
$$

$$
\text{Area} \approx \sqrt{13.72 \cdot 8.72 \cdot 1.72 \cdot 3.28}
$$

Use a calculator:

$$
\text{Area} \approx \sqrt{674.57} \approx 25.97 \text{ cm}^2
$$

---

### ✅ Final Answer (Approximate):

$$
\boxed{\text{Area} \approx 25.97 \text{ cm}^2}
$$

---

### 🔄 Optional Shortcut (Using Sine Instead)

Since you were given **two sides and the included angle**, the **easier way** to find area is:

$$
\text{Area} = \frac{1}{2} ab \sin(C)
$$

$$
= \frac{1}{2}(5)(12)\sin(60^\circ) = 30 \cdot \frac{\sqrt{3}}{2} = 15\sqrt{3} \approx 25.98 \text{ cm}^2
$$

This matches our earlier result!

---

Let me know if you want to see the derivation or proof of any part!"
"Geometry","properties and relationships of figures and solids","H","Prove that the opposite angles in a cyclic quadrilateral are supplementary","To prove that the **opposite angles in a cyclic quadrilateral are supplementary**, let's first understand what a **cyclic quadrilateral** is:

---

### 🔷 Definition:
A **cyclic quadrilateral** is a four-sided polygon where **all four vertices lie on a single circle**. In other words, it can be inscribed in a circle.

---

## 🧠 Goal:
Prove that **the opposite angles of a cyclic quadrilateral add up to 180°** (i.e., they are **supplementary**).

---

## ✅ Proof:

Let’s label the cyclic quadrilateral as $ABCD$, inscribed in a circle.

- Let angle $\angle A = \alpha$
- Then its opposite angle is $\angle C = ?$
- Similarly, $\angle B = \beta$, and its opposite angle is $\angle D = ?$

We want to show:  
$$
\angle A + \angle C = 180^\circ \quad \text{and} \quad \angle B + \angle D = 180^\circ
$$

---

### 📌 Step-by-step:

#### 1. Use the **Inscribed Angle Theorem**:

> The measure of an inscribed angle is half the measure of the arc it subtends.

So, each angle in the quadrilateral corresponds to an arc on the circle.

Let’s look at the arcs:

- $\angle A$ subtends arc $BCD$
- $\angle C$ subtends arc $DAB$

Together, these two arcs make up the entire circle → $360^\circ$

So:
$$
\text{Arc subtended by } \angle A + \text{Arc subtended by } \angle C = 360^\circ
$$

Since each angle is **half** the measure of its subtended arc:

$$
\angle A = \frac{1}{2} \cdot (\text{arc } BCD), \quad \angle C = \frac{1}{2} \cdot (\text{arc } DAB)
$$

Add them:
$$
\angle A + \angle C = \frac{1}{2} \cdot (\text{arc } BCD + \text{arc } DAB) = \frac{1}{2} \cdot 360^\circ = 180^\circ
$$

✅ So, $\angle A + \angle C = 180^\circ$

Similarly, you can show that:
$$
\angle B + \angle D = 180^\circ
$$

---

## 🧾 Conclusion:

> In a **cyclic quadrilateral**, the sum of each pair of **opposite angles** is **180°**, meaning they are **supplementary**.

---

## 💡 Visual Tip:
If you're drawing this, imagine a quadrilateral inside a circle with all four corners touching the circle. Opposite angles ""look"" across the circle — their arcs together complete the full circle.

Let me know if you'd like a diagram or want to explore the converse of this theorem!"
"Geometry","properties and relationships of figures and solids","H","Given four points in 3D space, determine if they lie on the same plane","To determine whether **four points in 3D space lie on the same plane**, you can use vector mathematics, specifically the **scalar triple product**. Here's a step-by-step explanation of how to do this:

---

### ✅ Problem:
Given four points:  
- $ A(x_1, y_1, z_1) $  
- $ B(x_2, y_2, z_2) $  
- $ C(x_3, y_3, z_3) $  
- $ D(x_4, y_4, z_4) $

We want to know if these four points are **coplanar**, meaning they all lie on the same plane.

---

### 🔍 Key Concept:
Four points are coplanar **if and only if** the volume of the parallelepiped formed by three vectors from one point to the other three is zero.

This is equivalent to checking if the **scalar triple product** of those vectors is zero.

---

### 🧮 Steps:

#### Step 1: Choose one point as a reference
Let’s choose point $ A $ as the common point.

#### Step 2: Form three vectors from point A to the other points
$$
\vec{AB} = B - A = (x_2 - x_1, y_2 - y_1, z_2 - z_1)
$$
$$
\vec{AC} = C - A = (x_3 - x_1, y_3 - y_1, z_3 - z_1)
$$
$$
\vec{AD} = D - A = (x_4 - x_1, y_4 - y_1, z_4 - z_1)
$$

#### Step 3: Compute the scalar triple product
The scalar triple product is defined as:
$$
\vec{AB} \cdot (\vec{AC} \times \vec{AD})
$$

This gives a scalar value that represents the signed volume of the parallelepiped spanned by the three vectors.

- If this value is **zero**, then the four points are **coplanar**.
- If it's **non-zero**, then the four points are **not coplanar**.

---

### 📌 Example:

Suppose we have points:
- $ A = (0, 0, 0) $
- $ B = (1, 0, 0) $
- $ C = (0, 1, 0) $
- $ D = (0, 0, 1) $

Vectors:
- $ \vec{AB} = (1, 0, 0) $
- $ \vec{AC} = (0, 1, 0) $
- $ \vec{AD} = (0, 0, 1) $

Compute cross product:
$$
\vec{AC} \times \vec{AD} = 
\begin{vmatrix}
\mathbf{i} & \mathbf{j} & \mathbf{k} \\
0 & 1 & 0 \\
0 & 0 & 1
\end{vmatrix}
= (1)(1)\mathbf{i} - (0)(1)\mathbf{j} + (0)(0)\mathbf{k} = (1, 0, 0)
$$

Now dot product:
$$
\vec{AB} \cdot (\vec{AC} \times \vec{AD}) = (1, 0, 0) \cdot (1, 0, 0) = 1
$$

Since the result is **not zero**, the four points are **not coplanar**.

---

### ✅ Summary:

To check if four points $ A, B, C, D $ lie on the same plane:

1. Compute vectors:  
   $$
   \vec{AB} = B - A,\quad \vec{AC} = C - A,\quad \vec{AD} = D - A
   $$

2. Compute the scalar triple product:  
   $$
   \vec{AB} \cdot (\vec{AC} \times \vec{AD})
   $$

3. If the result is **zero**, the points are **coplanar**; otherwise, they are not.

---

Let me know if you'd like help implementing this in code (e.g., Python or another language)!"
"Geometry","properties and relationships of figures and solids","H","Prove that the centroid of a triangle divides each median in a 2:1 ratio using coordinates","Sure! Proving that the **centroid of a triangle divides each median in a 2:1 ratio** using **coordinate geometry** is a great way to understand both geometry and algebra.

---

### 🧠 Step-by-step Explanation

Let’s define what we mean first:

- A **median** of a triangle is a line segment from a vertex to the **midpoint of the opposite side**.
- The **centroid** is the point where all three medians intersect.
- We want to prove that the centroid divides each median so that the part **from the vertex to the centroid** is **twice as long** as the part **from the centroid to the midpoint** — i.e., the ratio is **2:1**.

---

### ✏️ Step 1: Assign Coordinates

Let’s place triangle $ \triangle ABC $ on the coordinate plane with coordinates:

- Let $ A = (x_1, y_1) $
- Let $ B = (x_2, y_2) $
- Let $ C = (x_3, y_3) $

This works for **any triangle**, since we’re using general coordinates.

---

### ✏️ Step 2: Find Midpoints of Sides

We’ll find the midpoints of the sides opposite each vertex:

- Let $ D $ be the midpoint of side $ BC $.  
  Then:
  $$
  D = \left( \frac{x_2 + x_3}{2}, \frac{y_2 + y_3}{2} \right)
  $$

So, the **median from vertex A** goes from $ A(x_1, y_1) $ to $ D $

---

### ✏️ Step 3: Find the Centroid

The formula for the **centroid G** of triangle $ ABC $ is the average of the coordinates of the vertices:

$$
G = \left( \frac{x_1 + x_2 + x_3}{3}, \frac{y_1 + y_2 + y_3}{3} \right)
$$

This is the intersection point of all the medians.

---

### ✏️ Step 4: Show That G Divides Median AD in Ratio 2:1

We now want to show that point $ G $ lies along the median $ AD $, and divides it in a **2:1 ratio**.

Let’s use the **section formula** from coordinate geometry.

#### 🔹 Section Formula Reminder:

If a point divides a line segment joining points $ P(x_1, y_1) $ and $ Q(x_2, y_2) $ in the ratio $ m:n $, then the coordinates of the point are:

$$
\left( \frac{m x_2 + n x_1}{m+n}, \frac{m y_2 + n y_1}{m+n} \right)
$$

---

Now, suppose point $ G $ divides $ AD $ in the ratio **2:1**. Then its coordinates should be:

$$
G' = \left( \frac{2 \cdot x_D + 1 \cdot x_A}{2+1}, \frac{2 \cdot y_D + 1 \cdot y_A}{2+1} \right)
$$

Substitute $ x_A = x_1 $, $ y_A = y_1 $, and the coordinates of $ D $:

$$
G' = \left( \frac{2 \cdot \frac{x_2 + x_3}{2} + x_1}{3}, \frac{2 \cdot \frac{y_2 + y_3}{2} + y_1}{3} \right)
$$

Simplify:

$$
G' = \left( \frac{(x_2 + x_3) + x_1}{3}, \frac{(y_2 + y_3) + y_1}{3} \right)
= \left( \frac{x_1 + x_2 + x_3}{3}, \frac{y_1 + y_2 + y_3}{3} \right)
$$

Which matches the formula for the centroid!

---

### ✅ Conclusion

Since the point dividing median $ AD $ in a **2:1 ratio** gives exactly the coordinates of the **centroid**, we have shown that:

> **The centroid divides each median in the ratio 2:1**

You can repeat this process for the other two medians and get the same result.

---

### 📝 Summary

| Step | Description |
|------|-------------|
| 1    | Assign coordinates to triangle vertices |
| 2    | Find midpoint of one side (to define a median) |
| 3    | Use known formula to compute centroid |
| 4    | Use section formula to see if centroid divides median in 2:1 ratio |
| 5    | Confirm both methods give the same point |

Let me know if you'd like to go through a numerical example too!"
"Geometry","Designs and Drawings","B","Draw a square and divide it into 4 equal parts","Sure! Let's go through the task **step by step**: *Draw a square and divide it into 4 equal parts*.

---

### 🟦 Step 1: Draw a Square

A square is a four-sided shape where:
- All sides are of **equal length**
- All angles are **90 degrees**

**How to draw a square:**
1. Use a ruler or straightedge.
2. Draw a horizontal line (this will be the bottom side).
3. At each end of that line, draw vertical lines upward of the same length.
4. Connect the tops of those vertical lines with another horizontal line.

Now you have a square!

---

### ➗ Step 2: Divide the Square into 4 Equal Parts

There are **several ways** to divide a square into 4 equal parts. Here are three common methods:

---

#### ✅ Method 1: Divide Into 4 Smaller Squares
1. Draw a **vertical line** through the center of the square — this splits it into two equal rectangles.
2. Then draw a **horizontal line** through the center — now you have 4 equal smaller squares.

🧠 Each small square has **1/4 of the area** of the big square.

---

#### ✅ Method 2: Divide Into 4 Equal Rectangles
1. Divide the top and bottom sides into **two equal halves**.
2. Do the same for the left and right sides.
3. Connect opposite midpoints:
   - One **vertical line** through the center.
   - One **horizontal line** through the center.

This also creates 4 equal rectangles (which are squares if done correctly).

---

#### ✅ Method 3: Divide Into 4 Equal Triangles
1. Find the center of the square.
2. Draw both **diagonals** — from corner to opposite corner.
3. The diagonals intersect in the center and divide the square into **4 equal triangles**.

Each triangle is a **right-angled isosceles triangle**, and all 4 have the same area.

---

### 📝 Summary

| Method | Shape of Parts | How to Do It |
|-------|----------------|--------------|
| 1 | 4 smaller squares | Draw one vertical and one horizontal line through the center |
| 2 | 4 rectangles | Same as above (can be squares too) |
| 3 | 4 triangles | Draw both diagonals from corner to corner |

---

Would you like me to help you visualize this with a sketch or give you instructions for drawing on graph paper?"
"Geometry","Designs and Drawings","B","Use a ruler to draw a triangle with 3 straight sides","Sure! Here's a simple step-by-step explanation on **how to draw a triangle with 3 straight sides using a ruler**:

---

### ✅ What You Need:
- A **ruler**
- A **pencil**
- A **piece of paper**

---

### ✏️ Steps to Draw the Triangle:

1. **Draw the first side:**
   - Place your ruler flat on the paper.
   - Use the ruler to draw a straight line of any length you like. This will be the base of your triangle.

2. **Draw the second side:**
   - Starting at one end of the first line, move the ruler to form a new angle (doesn’t have to be exact at this point), and draw another straight line of any length.
   - Make sure this line starts exactly where the first line ended.

3. **Draw the third side:**
   - Now connect the end of the second line back to the other end of your first line.
   - Align your ruler between those two points and draw a straight line to complete the triangle.

---

### 📐 Tips:
- To make it more accurate:
  - Measure each side with the ruler so they are straight and clear.
  - You can make an **equilateral triangle** by making all three sides the same length.
  - Or just create a random triangle — as long as it has **three straight sides** and is a closed shape, it works!

---

### ✅ Final Check:
- Does your shape have **3 straight sides**?
- Are the lines connected end-to-end, forming a closed figure?
- If yes → You've drawn a triangle successfully!

---

Let me know if you'd like to learn how to draw a specific type of triangle (like equilateral, right-angled, etc.)!"
"Geometry","Designs and Drawings","B","Draw a square and divide it into 4 equal parts","Sure! Let's walk through the task **""Draw a square and divide it into 4 equal parts.""**

---

### 🟦 Step-by-Step Instructions:

#### ✅ Step 1: Draw a Square
- Use a ruler to draw a **square**. A square has four equal sides and four right angles (90°).
- Make sure all sides are the same length (e.g., 4 cm on each side).

#### ✅ Step 2: Divide It Into 4 Equal Parts

There are several ways to divide a square into 4 **equal** parts. Here are three simple methods:

---

### 🔷 Method 1: Using Two Lines (Cross Division)
1. Draw a **vertical line** from the midpoint of the top side to the midpoint of the bottom side.
2. Draw a **horizontal line** from the midpoint of the left side to the midpoint of the right side.
3. These two lines will cross in the center, dividing the square into **4 smaller rectangles** of equal size.

🟰 Result: 4 equal rectangles.

---

### 🔷 Method 2: Diagonal Lines (Triangle Division)
1. Draw one diagonal line from the **top-left corner** to the **bottom-right corner**.
2. Draw another diagonal line from the **top-right corner** to the **bottom-left corner**.
3. The two diagonals intersect at the center, dividing the square into **4 equal triangles**.

🟰 Result: 4 equal right-angled triangles.

---

### 🔷 Method 3: Smaller Squares
1. Find the midpoint of each side of the square.
2. Connect these midpoints to form a **smaller square inside the original square**, rotated like a diamond.
3. This creates **4 equal smaller squares** in each corner.

🟰 Result: 4 equal smaller squares.

---

### 🧠 Tip:
No matter which method you use, always make sure the shapes created are **exactly the same size and shape** — that’s what makes them ""equal.""

---

Would you like me to guide you through drawing this visually or explain how to do this digitally?"
"Geometry","Designs and Drawings","B","Use a ruler to draw a triangle with 3 straight sides","Sure! Here's a simple explanation of how you can draw a triangle with **three straight sides** using just a **ruler** and a pencil:

---

### ✅ What You Need:
- A ruler (with straight edge)
- A pencil
- A piece of paper

---

### 📝 Step-by-Step Instructions:

#### 1. **Draw the First Side**
- Place your ruler flat on the paper.
- Use your pencil to draw a straight line along one edge of the ruler.
- This will be the **first side** of your triangle. Let's say, for example, you draw a 5 cm line.

#### 2. **Draw the Second Side**
- Now move the ruler so that it starts at **one end** of your first line.
- Draw another straight line at an angle — this will be the **second side** of the triangle.
- It doesn’t need to be any specific length, but try not to make it too long or too short compared to the first side.

#### 3. **Draw the Third Side**
- Move the ruler so that it connects the **free end of the second line** back to the **other end of the first line**.
- Draw a straight line to complete the shape.

---

### 🔁 Check That It’s a Triangle:
You should now have a three-sided shape — that’s your triangle! Make sure:
- All sides are straight (use the ruler to double-check).
- The shape is closed — meaning all three sides connect to form a single figure with three corners (called vertices).

---

### 🧠 Tips:
- If you want an **equilateral triangle** (all sides equal), measure each side carefully with the ruler.
- For a **right triangle**, make sure two sides meet at a right angle (like the corner of a square) by aligning the ruler with grid lines if you're using graph paper.

---

Let me know if you'd like help drawing a triangle with exact measurements or specific types of triangles (like equilateral, isosceles, etc.)!"
"Geometry","Designs and Drawings","B","Use a ruler to draw a straight line 6 cm long","Sure! Here's a simple step-by-step guide to help you complete the task:

### **Task: Use a ruler to draw a straight line 6 cm long**

#### **What You Need:**
- A ruler (with centimeter markings)
- A pencil
- A piece of paper

---

### **Steps:**

1. **Place the Paper on a Flat Surface**  
   Make sure your paper is lying flat and smooth so your line will be straight.

2. **Position the Ruler**  
   Put the ruler on the paper. Align it in the direction you want your line to go. Usually, people draw horizontal lines, but you can choose any direction unless specified otherwise.

3. **Find the Starting Point (0 cm)**  
   Look at the ruler and find the **0 cm** mark. This is usually at the very edge or a marked point at one end of the ruler.

4. **Mark the Starting Point**  
   Lightly make a small dot on the paper at the **0 cm** mark of the ruler. This is where your line will begin.

5. **Locate the Ending Point (6 cm)**  
   Find the **6 cm** mark on the ruler. It should be clearly labeled.

6. **Mark the Ending Point**  
   Lightly make another small dot at the **6 cm** mark. This is where your line will end.

7. **Draw the Line**  
   Keeping the ruler steady, use your pencil to draw a straight line from the first dot to the second dot. Stay close to the edge of the ruler to keep the line straight.

8. **Double-Check the Length**  
   If needed, you can measure your line again with the ruler to ensure it’s exactly 6 cm long.

---

### **Tips:**
- Hold the ruler firmly so it doesn’t move while drawing.
- Don’t press too hard with the pencil — a light line can be erased or darkened later if needed.
- Practice makes perfect! If your first try isn't perfect, try again.

---

Let me know if you'd like instructions for drawing the line at a specific angle or from a particular point!"
"Geometry","Designs and Drawings","B","Which of these shapes can you make using only straight lines?","!!!!"
"Geometry","Designs and Drawings","C","Draw a triangle with one right angle","Sure! Drawing a **right-angled triangle** is a simple geometry task. A **right-angled triangle** is a triangle that has one angle measuring **90 degrees** (a right angle). Here's how you can draw one step by step:

---

### ✅ Step-by-Step Instructions to Draw a Right-Angled Triangle

#### 📏 Tools You'll Need:
- Ruler or straightedge
- Pencil
- (Optional) Protractor or set square for accuracy

---

### 🔹 Step 1: Draw the First Side (Horizontal Line)
- Use your ruler to draw a **horizontal line segment** on paper.
- Let’s say its length is **5 cm** (you can choose any length).
- Label the endpoints of this line as **A** and **B**.

```
A ________ B
```

---

### 🔹 Step 2: Draw the Second Side (Vertical Line)
- At point **B**, draw a **vertical line upward**, making a **90-degree angle** with AB.
- This is the second side, perpendicular to AB.
- Make it, for example, **3 cm long**.
- Label the top endpoint as **C**.

```
      C
      |
      |
      |
A _____ B
```

---

### 🔹 Step 3: Connect Points A and C
- Now use your ruler to connect **point A** to **point C**, completing the triangle.
- This forms the third side of the triangle — called the **hypotenuse** in a right-angled triangle.

Now you have triangle **ABC**, where:
- Angle at **B** is the **right angle (90°)**.
- AB and BC are the **legs**.
- AC is the **hypotenuse** (the longest side).

---

### 🧠 Optional: Check the Right Angle
If you want to confirm the angle is exactly 90°:
- Use a **protractor** to measure the angle between AB and BC at point B.
- It should read **90 degrees**.

---

### 🖼️ Visual Summary

```
      C
     /|
    / |
   /  |
A /___| B
```

Angle at **B** = 90° → Right-Angled Triangle!

---

Let me know if you'd like to draw it using coordinates, graph paper, or even digitally!"
"Geometry","Designs and Drawings","C","Use a protractor to draw an angle of 45°.","Sure! Here's a step-by-step guide on how to **use a protractor to draw a 45° angle**:

---

### ✅ What You'll Need:
- A **ruler or straightedge**
- A **protractor**
- A **pencil**

---

### 📝 Steps to Draw a 45° Angle:

#### **Step 1: Draw a Straight Line (Base Ray)**
- Use your ruler to draw a straight horizontal line on a piece of paper.
- Label one end of the line as the **vertex** of the angle. Let's call it **Point A**.

#### **Step 2: Place the Protractor**
- Place the **center of the protractor** (usually marked with a small hole or crosshair) over **Point A**.
- Align the **baseline of the protractor** (the straight edge at the bottom) with the line you just drew.

#### **Step 3: Locate 45° Mark**
- Look for the **45° mark** on the protractor. There are usually two scales — one going left from the right side, and one going right from the left side.
- Make sure you're using the scale that starts from 0° along your base line.
- Put a small dot or mark at the **45° point** above the protractor.

#### **Step 4: Draw the Second Ray**
- Remove the protractor carefully.
- Use your ruler to connect **Point A** (the vertex) to the dot you made at the 45° mark.
- This creates the second arm of your angle.

#### **Step 5: Label the Angle**
- You can label the angle as **∠BAC = 45°**, where **A** is the vertex, and **B** and **C** are points on each ray.

---

### 🔁 Tips:
- Double-check the direction of the scale on your protractor so you don't measure the wrong angle.
- If you're drawing the angle in a specific direction (e.g., opening to the left or right), make sure the 45° mark matches that direction.

---

Let me know if you want a visual explanation or instructions for drawing the angle without a protractor!"
"Geometry","Designs and Drawings","C","Sketch a cube using dashed lines for hidden edges.","To **sketch a cube using dashed lines for hidden edges**, follow these step-by-step instructions:

---

### ✅ Step 1: Understand What You're Drawing

A **cube** has:
- **6 square faces**
- **8 corners (vertices)**
- **12 edges**

When drawing a cube in **3D perspective**, some edges will be visible from the viewer’s angle, and others will be **hidden behind**. To show this clearly:
- Use **solid lines** for **visible edges**
- Use **dashed lines** for **edges that are hidden from view**

---

### ✅ Step 2: Draw the Front Face

1. On your paper or drawing tool, draw a **square**.
   - This represents the **front face** of the cube.

---

### ✅ Step 3: Draw the Back Face (Offset)

2. Draw a **second square slightly offset diagonally up and to the right** of the first one.
   - This is the **back face** of the cube.
   - Make it the same size as the front square.

---

### ✅ Step 4: Connect the Corners

3. Connect the corresponding corners of the front and back squares with lines.
   - These represent the **depth** of the cube.

---

### ✅ Step 5: Decide Which Edges Are Hidden

4. Now determine which edges are **not directly visible** from the current viewpoint.
   - Usually, the **back square** and the **connecting edges behind the front square** are considered hidden.

---

### ✅ Step 6: Redraw with Dashed Lines for Hidden Parts

5. Go over your sketch:
   - Keep the **front square** (visible face) in **solid lines**
   - Change the **back square** and any **edges that go behind** to **dashed lines**

---

### 🧭 Optional: Choose a Viewpoint

You can choose different perspectives (like top-down, side-view), but the most common is an **isometric view**, where the cube appears tilted and all three visible faces are partially seen.

In an **isometric sketch**:
- The angles between the axes are usually **120°**
- All edges are drawn to scale
- Hidden edges still get dashed lines

---

### 📝 Summary

| Part | Line Style |
|------|------------|
| Visible edges (front face and parts of sides you can see) | Solid |
| Hidden edges (back face and parts behind the front) | Dashed |

---

### 🖼️ Tip: Practice with Graph Paper

Using graph paper helps keep your lines straight and aligned, especially if you're drawing by hand.

---

Would you like me to describe how to do this on a computer using tools like PowerPoint, Illustrator, or CAD software?"
"Geometry","Designs and Drawings","C","Draw a triangle and label its vertices A, B, and C","Sure! Here's a step-by-step explanation of how to **draw a triangle and label its vertices A, B, and C**:

---

### 🧠 **Understanding the Task**
You are asked to:
1. **Draw a triangle** — a shape with three straight sides and three corners (vertices).
2. **Label its vertices** — name each corner using the letters **A**, **B**, and **C**.

---

### ✏️ Step-by-Step Instructions

#### **Step 1: Draw the Triangle**
1. Get a piece of paper and a pencil (or use a drawing tool on a computer/tablet).
2. Draw **three straight lines** that connect to form a closed shape with three sides.
   - Start at one point, draw a line to a second point, then to a third point, and back to the first point.
   - Make sure the lines don’t curve — they should be straight.

> 🔍 Tip: You can make it any type of triangle — equilateral (all sides equal), isosceles (two sides equal), or scalene (no sides equal).

---

#### **Step 2: Label the Vertices**
1. Identify the **three corners (points)** where the sides meet. These are called **vertices** (singular: vertex).
2. Put a dot at each corner if it helps you see them clearly.
3. Choose one corner and label it **A**.
4. Label the other two corners **B** and **C** in either clockwise or counter-clockwise order.

> 🔁 Convention: Usually, triangles are labeled in **clockwise order**, but it’s fine as long as each vertex has a unique label.

---

### 📐 Optional (for Accuracy)
If you want your triangle to be precise:
- Use a **ruler** to draw straight sides.
- Use a **protractor** if you want specific angles.
- Or use graph paper for better alignment.

---

### 🖼️ Example Description
Here’s how you might describe the final result:
> ""I drew a triangle with vertices labeled A, B, and C. Point A is at the bottom left, point B is at the bottom right, and point C is at the top.""

---

### ✅ Summary
To complete the task:
1. Draw a triangle using three straight lines.
2. Mark and label the corners as **A**, **B**, and **C**.

Let me know if you'd like help drawing this digitally or writing instructions for a younger student!"
"Geometry","Designs and Drawings","D","Draw a triangle with angles measuring 40°, 60°, and 80°, using a protractor","To draw a triangle with angles measuring **40°, 60°, and 80°** using a **protractor**, follow these simple steps:

---

### ✅ Step 1: Check the Triangle Angle Sum

First, confirm that the given angles can form a triangle.

- The sum of the interior angles in any triangle must be **180°**.
- $ 40° + 60° + 80° = 180° $

✅ This is valid. You can proceed to draw the triangle.

---

### ✅ Step 2: Draw a Base Line

1. Use a **ruler** to draw a straight line segment (this will be one side of your triangle).
2. Label one end of the line as **point A**.
3. Choose a reasonable length for this base — say **6 cm** — and label the other end as **point B**.

So now you have segment **AB**.

---

### ✅ Step 3: Use the Protractor to Measure and Mark the First Angle (at Point A)

1. Place the **center of the protractor** on point **A**.
2. Align the **baseline of the protractor** along segment **AB**.
3. Since we are building angle **at A**, and the angle is **40°**, find the 40° mark on the protractor and make a small dot.
4. Remove the protractor and use a ruler to draw a line from **A** through the dot. This is the direction of the second side of the triangle.

---

### ✅ Step 4: Use the Protractor Again (at Point B)

1. Place the center of the protractor at **point B**.
2. Align it so the baseline lies along segment **AB**.
3. We want an angle of **60°** at point B.
4. On the opposite side of AB (the other side from A), locate the 60° mark and make a dot.
5. Remove the protractor and draw a line from **B** through the dot.

---

### ✅ Step 5: Find the Third Vertex (Point C)

1. Extend both lines drawn from points A and B if necessary.
2. The two lines should intersect at a point — label this point **C**.

Now you have triangle **ABC** with:
- ∠A = 40°
- ∠B = 60°
- ∠C = 80°

---

### ✅ Step 6: Double-check with Protractor (Optional)

Use your protractor to verify that each angle matches the required measure:
- ∠A ≈ 40°
- ∠B ≈ 60°
- ∠C ≈ 80°

---

### 📌 Summary

You just drew a triangle with angles 40°, 60°, and 80° by:
- Drawing a base,
- Measuring and drawing angles at both ends,
- Finding where those angled lines intersect — that’s your third vertex.

Let me know if you'd like a visual description or how to do this without a ruler!"
"Geometry","Designs and Drawings","D","Use a ruler and compass to bisect the given angle","To **bisect an angle** using only a **ruler (straightedge)** and **compass**, follow these step-by-step instructions. This is a classic geometric construction.

---

### 🔧 Tools Needed:
- A **compass**
- A **straightedge or ruler** (used only to draw straight lines, not to measure)

---

### ✅ Steps to Bisect an Angle:

Let’s assume you are given an angle ∠ABC, with vertex at point **B**.

#### 📌 Step 1: Place the compass at the vertex
- Put the **point of the compass** at **point B** (the vertex of the angle).
- Draw an **arc** that intersects both sides of the angle.
- Label the points where the arc intersects the sides as **D** and **E** (D on one side, E on the other).

#### 📌 Step 2: Draw arcs from D and E
- Without changing the compass width, place the compass at **point D** and draw an arc **inside the angle**.
- Then, place the compass at **point E** and draw another arc using the same width.
- These two arcs should intersect somewhere inside the angle. Label this intersection point **F**.

#### 📌 Step 3: Draw the bisector
- Use your straightedge to draw a line from **point B** to **point F**.
- This line **BF** is the **angle bisector** — it divides ∠ABC into two equal angles.

---

### ✅ Final Result:
You now have a line **BF** that splits the original angle (∠ABC) exactly in half.

---

### 🧠 Why It Works:
The construction works because points **D** and **E** are equidistant from the vertex **B**, and the arcs ensure that point **F** is equidistant from **D** and **E**, making **BF** lie exactly halfway between the two sides of the angle.

---

Let me know if you'd like a visual explanation or how to construct this digitally!"
"Geometry","Designs and Drawings","D","Construct a regular hexagon using only a compass and straightedge","Constructing a **regular hexagon** using only a **compass and straightedge** is a classic geometric construction. It's based on the fact that in a regular hexagon, all sides are equal and each internal angle is 120°. The key idea is to use the radius of a circle to create six equally spaced points around the circle — these will be the vertices of the hexagon.

---

### ✅ Tools Needed:
- A **compass**
- A **straightedge** (not a ruler with markings)

---

## 🔧 Step-by-Step Instructions:

### **Step 1: Draw a Circle**
1. Place the compass point at any point on your paper (call this point **O**) — this will be the center of your circle.
2. Adjust the compass to a comfortable radius (say, about 3–5 cm).
3. Draw a full circle around point **O**.

---

### **Step 2: Mark the First Point**
1. Choose any point on the circumference of the circle. Let's call it **A**.
   - This will be one vertex of the hexagon.

---

### **Step 3: Use the Compass to Mark Equal Arcs**
1. Without changing the compass width (which is the same as the radius of the circle), place the compass point at **A**.
2. Draw an arc that intersects the circle. Label this intersection **B**.
3. Move the compass point to **B**, and draw another arc intersecting the circle. Label it **C**.
4. Repeat this process until you have six points (**A**, **B**, **C**, **D**, **E**, **F**) evenly spaced around the circle.

> 🔄 Because the distance between each arc equals the radius, you’ll end up back at the starting point if done correctly.

---

### **Step 4: Connect the Points**
1. Using the straightedge, connect the adjacent points in order:
   - **A → B → C → D → E → F → A**
2. You now have a **regular hexagon** inscribed in the circle!

---

## 🧠 Why Does This Work?

In a **regular hexagon inscribed in a circle**, the length of each side is exactly equal to the **radius** of the circle. So by stepping off the radius around the circle, you divide the circle into six equal arcs — each corresponding to a central angle of **60°** (since 360° ÷ 6 = 60°).

---

## 📐 Optional: Erase Construction Lines
Once the hexagon is drawn, you can erase the circle and extra marks to leave just the clean hexagon shape.

---

Let me know if you’d like a visual description or how to construct a hexagon with a given side length!"
"Geometry","Designs and Drawings","D","Draw a triangle with sides 4 cm, 4 cm, and 6 cm — what type of triangle is it?","To solve the task **""Draw a triangle with sides 4 cm, 4 cm, and 6 cm — what type of triangle is it?""**, follow these steps:

---

### ✅ Step 1: Understand the Task

You are asked to:
- **Draw** a triangle with side lengths **4 cm**, **4 cm**, and **6 cm**
- **Identify** what **type of triangle** it is

---

### ✅ Step 2: Check if the Triangle is Possible (Triangle Inequality Theorem)

Before drawing, ensure that a triangle with these side lengths can exist. Use the **Triangle Inequality Theorem**, which states:

> The sum of any two sides of a triangle must be **greater than the third side**.

Check all combinations:

- 4 + 4 = 8 > 6 ✅  
- 4 + 6 = 10 > 4 ✅  
- 4 + 6 = 10 > 4 ✅  

✅ So, a triangle with these sides **can be drawn**.

---

### ✅ Step 3: Draw the Triangle

Here’s how to draw it:

#### Materials Needed:
- Ruler
- Compass
- Pencil
- Paper

#### Steps:

1. **Draw the base**: Use the ruler to draw a line segment of **6 cm** (this will be the unequal side).
2. **Set compass**: Set the compass to **4 cm**.
3. Place the compass point on one end of the 6 cm line and draw an arc above the line.
4. Without changing the compass width, place the point on the other end of the 6 cm line and draw another arc intersecting the first.
5. Mark the intersection point.
6. Connect both ends of the 6 cm line to the intersection point using the ruler. These two new sides will each be 4 cm.

✅ You now have a triangle with two equal sides and one unequal side.

---

### ✅ Step 4: Identify the Type of Triangle

This triangle has:
- Two sides equal (**4 cm** and **4 cm**)  
- One side different (**6 cm**)

👉 This makes it an **isosceles triangle**.

---

### 📝 Definition Reminder:

- **Isosceles Triangle**: A triangle with **at least two equal sides** and two equal angles opposite those sides.

In your case:
- Equal sides = 4 cm and 4 cm
- Base = 6 cm
- Angles opposite the equal sides will also be equal

---

### ✅ Final Answer:

> You can draw this triangle by constructing a base of 6 cm and two equal sides of 4 cm each. The triangle formed is an **isosceles triangle**.

Let me know if you'd like a visual description or help labeling the triangle!"
"Geometry","Designs and Drawings","E","Construct an angle of 90° using only a compass and straightedge","To construct a **90° angle** using only a **compass and straightedge**, you can follow these geometric construction steps. This method creates a perpendicular line, which naturally forms a 90° angle.

---

### 🔧 Tools Needed:
- Straightedge (not marked, just for drawing lines)
- Compass

---

## ✅ Step-by-Step Instructions:

### **Step 1: Draw a Ray or Line Segment**
- Start with a point **A** on your paper.
- Use the straightedge to draw a ray starting at **A**, going through a point **B**. So you have ray **AB**.

---

### **Step 2: Place Compass at Point A**
- Place the compass needle at point **A**.
- Open the compass to any comfortable width (more than halfway along AB if you're working with a segment).

---

### **Step 3: Draw Two Arcs Intersecting the Ray**
- Without changing the compass width, draw an arc that intersects the ray **AB** at some point (let's call this intersection point **C**).
- Keeping the same compass width, place the compass at point **C** and draw another arc **above** the ray.
- Then place the compass at the new arc intersection (call it **D**) and draw another arc intersecting the previous one — this helps create equal spacing.

> ⚠️ These arcs are used to find an equidistant point above AB.

---

### **Step 4: Bisect the Angle Between the Two Arcs**
- Now, keeping the same compass width, place the compass at each of the two arc intersections made in step 3.
- From each, draw arcs **above** the ray so they intersect each other (call this intersection **E**).
- Use the straightedge to connect point **A** to point **E**.

---

### ✅ Result:
- The angle ∠**EAB** is now a **90° angle**.

---

## 🧭 Alternative Method (Using Perpendicular from a Point on a Line)

If you already have a line segment **AB**, you can construct a perpendicular at point **A** like this:

1. Place compass at **A**, draw an arc intersecting the line at points **C** and **D** (on both sides of A).
2. Without changing compass width, place the compass at **C**, draw an arc above the line.
3. Do the same from point **D**, so the two arcs intersect above the line at point **E**.
4. Connect point **A** to point **E** using the straightedge.

→ ∠**EAB = 90°**

---

Let me know if you'd like a visual description or animation reference!"
"Geometry","Designs and Drawings","E","Construct a line parallel to a given line through a point not on the line","Sure! Constructing a line parallel to a given line through a point **not on the line** is a classic geometry task. You can do this using only a **straightedge (ruler)** and a **compass**. Here's a step-by-step guide:

---

### 🎯 Goal:
Construct a line parallel to a given line **ℓ** through a point **P**, where **P is not on ℓ**.

---

## ✅ Method: Using the ""Angle Copy"" Technique

### 🔧 Tools Needed:
- Straightedge (like a ruler)
- Compass

---

### 📐 Steps:

1. **Draw the given line ℓ** and mark the **point P** not on that line.

2. **Use your straightedge** to draw a line segment from **point P** to any point **Q** on line ℓ.  
   - This new line segment PQ is called a **transversal**.

3. **Copy the angle at P** formed by PQ and ℓ. Here's how:

   a. Place the compass point at **Q** and draw an arc intersecting both line ℓ and segment PQ. Label these intersection points as **A** (on ℓ) and **B** (on PQ).

   b. Without changing the compass width, place the compass point at **P** and draw a similar arc. It should intersect line PQ at some point; label this intersection **C**.

   c. Measure the distance between **A** and B with the compass.

   d. Keeping that measurement, place the compass point at **C** and draw an arc intersecting the arc drawn in step 3b. Label this new intersection **D**.

4. Use the straightedge to draw a line through **points P and D**.

5. ✅ The line PD is now **parallel to line ℓ**.

---

## 🧠 Why Does This Work?

This method works because you're essentially **copying the angle** formed between the transversal (PQ) and the original line (ℓ) to point P. When corresponding angles are equal, the lines are **parallel** — that’s a rule from Euclidean geometry!

---

## 📌 Summary:

| Step | Action |
|------|--------|
| 1    | Draw line ℓ and point P not on it |
| 2    | Draw a transversal PQ connecting P to any point Q on ℓ |
| 3    | Use compass to copy the angle at Q to point P |
| 4    | Draw a line through P and the new arc intersection |
| 5    | That line is parallel to ℓ |

---

Let me know if you'd like a visual explanation or how to do this digitally!"
"Geometry","Designs and Drawings","E","Using a grid, draw a triangle and reflect it over the x-axis","Sure! Let's walk through the steps of how to **draw a triangle on a grid** and then **reflect it over the x-axis**. This is a common geometry task that helps you understand transformations in the coordinate plane.

---

### 🧩 Step 1: Understand the Coordinate Grid

You’ll need a coordinate plane (also called a Cartesian plane), which has:

- A horizontal axis called the **x-axis**
- A vertical axis called the **y-axis**

Points are written as ordered pairs: **(x, y)**

---

### ✏️ Step 2: Draw (Plot) a Triangle

Choose three points to form a triangle. For example, let’s pick:

- Point A: (1, 2)
- Point B: (3, 4)
- Point C: (5, 1)

Now, plot these points on your grid:

1. Start at the origin (0, 0).
2. Move right/left along the x-axis by the x-value.
3. Move up/down by the y-value.
4. Mark each point.
5. Connect the points to form a triangle.

---

### 🔁 Step 3: Reflect the Triangle Over the X-Axis

To reflect a point over the **x-axis**, you **change the sign of the y-coordinate**, but keep the x-coordinate the same.

So for any point **(x, y)**, its reflection over the x-axis is:
> **(x, -y)**

Using our original points:

| Original Point | Reflected Over x-axis |
|----------------|------------------------|
| A: (1, 2)      | A': (1, -2)            |
| B: (3, 4)      | B': (3, -4)            |
| C: (5, 1)      | C': (5, -1)            |

Now, plot these reflected points on the same grid and connect them to form the reflected triangle.

---

### 📌 Summary

Here's what you do step-by-step:

1. **Draw a coordinate grid.**
2. **Pick 3 points to form a triangle.**
3. **Plot those points and connect them.**
4. **Reflect each point over the x-axis using the rule:**  
   > (x, y) → (x, -y)
5. **Plot the reflected points and connect them.**

The new triangle will be a mirror image of the original one across the x-axis.

---

Would you like an example with a visual description or even graph paper-style plotting?"
"Geometry","Designs and Drawings","E","Use compass and straightedge to inscribe a circle inside a triangle","To inscribe a circle inside a triangle using only a **compass and straightedge**, you are essentially constructing the **incircle** of the triangle. The incircle is tangent to all three sides of the triangle and lies completely inside it.

Here’s how you can do it step-by-step:

---

### 🔧 Tools Needed:
- **Straightedge** (for drawing lines, not measuring)
- **Compass** (for drawing arcs and circles)

---

## ✅ Step-by-Step Instructions:

### 1. **Draw the Triangle**
Start with any triangle — let's call it triangle **ABC**.

---

### 2. **Construct Angle Bisectors**

You need to find the **incenter** of the triangle. The incenter is the point where the **angle bisectors** of the triangle meet, and it is equidistant from all three sides.

#### To construct an angle bisector for angle A:
- Place the compass at vertex **A**.
- Draw an arc that intersects both sides **AB** and **AC**.
- From each intersection point on AB and AC, draw arcs inside the triangle so they intersect.
- Use your straightedge to connect point **A** to this new intersection point. This line is the angle bisector of ∠A.

Repeat this process for another angle (say ∠B).

> 🎯 You only need two angle bisectors to find the incenter — their intersection is the center of the incircle.

---

### 3. **Find the Incenter**
Mark the point where the two angle bisectors intersect. Call this point **I** — this is the **incenter** of the triangle.

---

### 4. **Draw a Perpendicular from the Incenter to a Side**

Now you need to find the radius of the incircle. Since the incenter is equidistant from all sides, drop a perpendicular from **I** to one of the triangle’s sides (e.g., side **BC**):

- Place the compass at **I**.
- Draw an arc intersecting side **BC**.
- From that point, draw another arc below the side and align a compass to make a perpendicular line.
- Or more simply: use the classic ""drop a perpendicular"" construction from a point to a line using compass and straightedge.

Let the foot of the perpendicular be point **P**.

---

### 5. **Draw the Incircle**
Now that you have:
- Center: **I**
- Radius: **IP** (distance from incenter to side BC)

Use your compass to draw a circle centered at **I** with radius **IP**.

This circle will be tangent to all three sides of the triangle — you've constructed the **incircle**!

---

## 🧠 Summary

| Step | Description |
|------|-------------|
| 1    | Draw triangle ABC |
| 2    | Construct angle bisectors of two angles |
| 3    | Mark their intersection as the incenter (I) |
| 4    | Drop a perpendicular from I to a side to get the radius |
| 5    | Draw the incircle with center I and radius IP |

---

Let me know if you want a visual description or animation suggestions!"
"Geometry","Designs and Drawings","E","Using ruler and compass: construct a parallelogram with side AB = 6 cm, side AD = 4 cm, and angle ∠DAB = 60°.","To construct a **parallelogram** with the given information using only a **ruler and compass**, follow these step-by-step instructions:

---

### 🧩 Given:
- Side **AB = 6 cm**
- Side **AD = 4 cm**
- Angle **∠DAB = 60°**

We are to construct parallelogram **ABCD**, where:
- AB = CD = 6 cm
- AD = BC = 4 cm
- ∠DAB = 60°

---

## ✅ Step-by-Step Construction:

### **Step 1: Draw base segment AB**
- Use your ruler to draw a line segment **AB = 6 cm**.

---

### **Step 2: Construct angle ∠DAB = 60° at point A**
- Place the compass at point **A** and draw an arc that intersects **AB**.
- Keeping the same radius, place the compass at the intersection point on AB and draw another arc to create a **60° angle**.
- This will give you a direction for side **AD** making a 60° angle with AB.

> Tip: You can construct a 60° angle by drawing an equilateral triangle. Just mark two arcs of equal radius from point A and where they intersect, connect back to A.

---

### **Step 3: Mark point D such that AD = 4 cm**
- With compass set to 4 cm (use ruler), place the compass at point **A** and draw an arc along the 60° arm you just constructed.
- Label the intersection as **D**.
- Now you have segment **AD = 4 cm** and ∠DAB = 60°.

---

### **Step 4: Construct DC parallel to AB**
- To do this without measuring angles directly, use compass to copy segment **AB** from point **D**:
    - Set compass to length **AB = 6 cm**.
    - From point **D**, draw an arc in the direction where point C should be.
- Similarly, set compass to **AD = 4 cm** and draw an arc from point **B**.
- The intersection of these two arcs gives you point **C**.

---

### **Step 5: Join points to complete the parallelogram**
- Use your ruler to draw segments:
  - **DC** connecting D to C
  - **BC** connecting B to C

---

### ✅ Final Result:
You now have **parallelogram ABCD**, with:
- AB = DC = 6 cm
- AD = BC = 4 cm
- ∠DAB = 60°

This method uses basic geometric constructions:
- Copying lengths with a compass
- Creating 60° angles (using equilateral triangle properties)
- Finding intersections of arcs to locate unknown vertices

---

Let me know if you'd like a diagram or further clarification!"
"Geometry","Designs and Drawings","E","Sketch a circle and mark its center, radius, diameter, and a chord","Sure! Let's break down the task **""Sketch a circle and mark its center, radius, diameter, and a chord""** step by step so you can complete it easily.

---

### ✅ Step-by-Step Instructions:

#### 1. **Draw a Circle**
   - Use a compass or trace around a round object (like a coin or cup) to sketch a **circle**.
   - Make sure it’s clearly visible and not too small.

#### 2. **Mark the Center**
   - The **center** is the exact middle point of the circle.
   - Label it with a letter like **O** or **C**.
   - If you used a compass, the center is where the compass point was when you drew the circle.

#### 3. **Draw and Label the Radius**
   - A **radius** is a line segment from the **center** of the circle to any point **on the edge** of the circle.
   - Draw one such line — from the center to the edge.
   - Label it as ""radius"".

#### 4. **Draw and Label the Diameter**
   - A **diameter** is a straight line that goes from one edge of the circle to the other **passing through the center**.
   - It is **twice the length** of the radius.
   - Draw this line across the circle, making sure it passes through the center.
   - Label the line as ""diameter"".

#### 5. **Draw and Label a Chord**
   - A **chord** is a straight line connecting **any two points on the edge** of the circle.
   - It does **not** have to go through the center (unlike the diameter).
   - Choose two points on the circle that are **not opposite each other**, and draw a line between them.
   - Label it as ""chord"".

---

### 📌 Visual Summary:
```
        (Circle)
         · · ·
      ·       ·
     ·    O    ·     ← O = center
    ·     |     ·
   ·  radius|    ·
   ·-------·-----·     ← diameter (passes through center)
    ·     /     ·
     ·  chord  ·
      ·       ·
         · · ·
```

---

### ✏️ Tips:
- Use different colors or labels to clearly distinguish each part.
- Keep your drawing neat and well-labeled.
- You can use a ruler for straight lines (radius, diameter, chord).

---

Let me know if you'd like me to guide you through drawing this digitally or describe how to do it using software like GeoGebra or Desmos!"
"Geometry","Designs and Drawings","F","On a grid, draw a parallelogram given three vertices: A(1,1), B(4,1), C(5,3)","To **draw a parallelogram on a grid** given **three vertices** A(1,1), B(4,1), and C(5,3), you need to find the **fourth vertex**, which we'll call **D**, so that the four points form a parallelogram.

---

### 🔍 Step-by-step Explanation:

A **parallelogram** has two pairs of opposite sides that are equal and parallel. This means if you know three vertices, you can **find the fourth** using vector math or coordinate geometry.

We will assume the points A, B, and C are in order such that AB and BC are adjacent sides of the parallelogram (i.e., the shape is A → B → C → D).

---

### 🧮 Step 1: Understand the coordinates

- A = (1, 1)
- B = (4, 1)
- C = (5, 3)

Let’s compute the vector from B to C:
- Vector **BC** = C - B = (5 - 4, 3 - 1) = **(1, 2)**

Now apply this same vector to point A to find D:
- So, D = A + Vector BC = (1 + 1, 1 + 2) = **(2, 3)**

✅ Therefore, the fourth vertex **D** is at **(2, 3)**

---

### ✅ Step 2: Confirm it's a parallelogram

Let’s verify that opposite sides are equal and parallel:

- **AB** = (4 - 1, 1 - 1) = (3, 0)
- **CD** = (2 - 5, 3 - 3) = (-3, 0) → same length, opposite direction ⇒ parallel

- **BC** = (1, 2) [already calculated]
- **AD** = (2 - 1, 3 - 1) = (1, 2) ⇒ same as BC ⇒ parallel

✔️ Opposite sides are equal and parallel ⇒ It's a parallelogram.

---

### 📐 Step 3: How to draw it on a grid

1. Plot the points:
   - A(1,1)
   - B(4,1)
   - C(5,3)
   - D(2,3)

2. Connect them in order:
   - A → B
   - B → C
   - C → D
   - D → A

This forms a parallelogram.

---

### 🧠 Tip: Alternate interpretations

Depending on how the three points are arranged (which side is which), there might be **other valid positions for D**. But assuming the order A-B-C-D (going around the shape), D = (2, 3) is the correct one.

---

### 📌 Final Answer:
The fourth vertex is **D(2, 3)**  
So the complete parallelogram has vertices:
- A(1,1)
- B(4,1)
- C(5,3)
- D(2,3)

You can now plot these points and connect them to draw the parallelogram."
"Geometry","Designs and Drawings","F","Draw a triangle with sides 5 cm, 7 cm, and 8 cm using only a compass and ruler","To draw a triangle with sides **5 cm**, **7 cm**, and **8 cm** using only a **compass** and **ruler**, follow these step-by-step instructions:

---

### ✅ Step 1: Draw the base
Use your ruler to draw a straight line segment of one of the given lengths. It's easiest to use the longest side as the base, so choose **8 cm**.

- Mark point **A** at one end.
- Measure 8 cm using the ruler.
- Mark point **B** at the other end.

Now you have a line segment **AB = 8 cm**.

---

### ✅ Step 2: Set compass for second side (7 cm)
- Place the compass needle on point **A**.
- Adjust the compass so that the pencil tip is exactly **7 cm** away from the needle (use your ruler to measure this).
- Draw an arc above the line AB.

This arc represents all possible locations for the third vertex (**C**) such that **AC = 7 cm**.

---

### ✅ Step 3: Set compass for third side (5 cm)
- Now place the compass needle on point **B**.
- Adjust the compass so that the pencil tip is exactly **5 cm** away from the needle.
- Draw another arc above the line AB, intersecting the first arc.

This arc represents all possible locations for the third vertex (**C**) such that **BC = 5 cm**.

---

### ✅ Step 4: Find the intersection point
- The two arcs will intersect at one point above the line AB. This is point **C**.
- Mark this point clearly.

---

### ✅ Step 5: Connect the points
- Use your ruler to draw line segments:
  - From **A** to **C** (should be 7 cm)
  - From **B** to **C** (should be 5 cm)

---

### ✅ Final Triangle
You now have triangle **ABC** with:
- **AB = 8 cm**
- **AC = 7 cm**
- **BC = 5 cm**

✅ Done! You've constructed the triangle using only a **ruler** and **compass**.

---

### 🔍 Tip:
After drawing, double-check the lengths with your ruler to ensure accuracy. If needed, practice a few times to get the hang of compass control."
"Geometry","Designs and Drawings","F","Create a scaled drawing of a triangle with sides in the ratio 3:4:5","To create a **scaled drawing of a triangle with sides in the ratio 3:4:5**, you're essentially being asked to draw a **right-angled triangle** (since 3:4:5 is a well-known Pythagorean triple). Here's a step-by-step guide on how to do it:

---

### ✅ Step 1: Understand the Ratio
The triangle has side lengths in the ratio:
- Shortest side = 3 units  
- Middle side = 4 units  
- Longest side (hypotenuse) = 5 units

This triangle is a **right triangle**, because $3^2 + 4^2 = 9 + 16 = 25 = 5^2$, satisfying the Pythagorean theorem.

---

### ✅ Step 2: Choose a Scale
Since ""units"" can be anything, you need to decide on a **scale** to make the triangle a practical size for drawing.

For example:
- Let **1 unit = 1 cm** → then the sides are 3 cm, 4 cm, and 5 cm.
- Or if you want a bigger triangle, use **1 unit = 2 cm** → sides become 6 cm, 8 cm, and 10 cm.

Choose a scale that fits your paper or drawing space.

---

### ✅ Step 3: Draw the Triangle
Let’s assume a scale of **1 unit = 1 cm**, so we’ll draw a triangle with sides **3 cm**, **4 cm**, and **5 cm**.

#### Option A: Using a Ruler and Protractor (Easier)
1. **Draw the base**: Use a ruler to draw a line segment of 4 cm (this will be the horizontal side).
2. **Mark a right angle**: At one end of the 4 cm line, use a protractor to draw a 90° angle.
3. **Draw the vertical side**: From that corner, measure and draw a 3 cm line upward at the 90° angle.
4. **Connect the ends**: Now connect the open ends of the two lines (top of the 3 cm line and far end of the 4 cm line) — this should measure 5 cm.

✅ You now have a scaled 3:4:5 triangle!

#### Option B: Using a Compass and Ruler (Geometric Construction)
1. Draw the 4 cm base.
2. Set your compass to 3 cm and draw an arc from one endpoint.
3. Set the compass to 5 cm and draw another arc from the other endpoint.
4. The intersection of the arcs marks the third vertex.
5. Connect all three points.

---

### ✅ Step 4: Label the Triangle
Label each side with its length according to your scale (e.g., 3 cm, 4 cm, 5 cm), and optionally mark the right angle.

---

### 📌 Example Summary
If you choose a scale where:
- 1 unit = 1 cm → Triangle sides = 3 cm, 4 cm, 5 cm  
- 1 unit = 2 cm → Triangle sides = 6 cm, 8 cm, 10 cm

Use either method above to construct the triangle.

---

Would you like me to help you with exact measurements for a specific scale?"
"Geometry","Designs and Drawings","G","Draw the circumcircle of the given triangle","Sure! Drawing the **circumcircle** of a given triangle involves finding a circle that passes through all three vertices of the triangle. This circle is called the **circumcircle**, and its center is known as the **circumcenter**.

---

### ✅ What You Need:
- A triangle (with vertices labeled, say **A**, **B**, and **C**).
- A ruler or straightedge.
- A compass.
- A pencil.

---

### 🧠 Step-by-Step Instructions to Draw the Circumcircle:

#### 🔹 Step 1: Understand the Concept
The **circumcenter** is the point equidistant from all three vertices of the triangle. It is found at the intersection of the **perpendicular bisectors** of any two sides of the triangle.

---

#### 🔹 Step 2: Draw the Triangle
If you haven’t already been given a triangle, draw one — it can be scalene, isosceles, or equilateral. Label the vertices **A**, **B**, and **C**.

---

#### 🔹 Step 3: Construct Perpendicular Bisectors

You only need to construct **two perpendicular bisectors** to find the circumcenter.

##### How to construct a perpendicular bisector of a side (e.g., side AB):
1. Open your compass to more than half the length of AB.
2. Place the compass point at **A**, and draw an arc above and below the line segment AB.
3. Without changing the compass width, place the compass point at **B**, and draw another arc above and below AB.
4. Use your ruler to draw a line connecting the points where the arcs intersect. This line is the **perpendicular bisector** of AB.

Repeat this process for another side (e.g., BC).

---

#### 🔹 Step 4: Find the Circumcenter
The point where the two perpendicular bisectors intersect is the **circumcenter** (usually labeled as **O**). This is the center of the circumcircle.

---

#### 🔹 Step 5: Draw the Circumcircle
1. Place the compass point at the circumcenter (**O**).
2. Extend the compass so the pencil touches any of the triangle’s vertices (say **A**).
3. Keeping that radius, draw a full circle. It should pass through all three vertices: **A**, **B**, and **C**.

---

### 📝 Notes:
- In **acute triangles**, the circumcenter lies **inside** the triangle.
- In **right triangles**, the circumcenter is at the **midpoint of the hypotenuse**.
- In **obtuse triangles**, the circumcenter lies **outside** the triangle.

---

### 🧩 Example Summary:
Given triangle ABC:
1. Draw perpendicular bisectors of AB and BC.
2. Mark their intersection as O (circumcenter).
3. Set compass at O, radius = OA.
4. Draw the circle — it will also pass through B and C.

---

Let me know if you want a visual explanation or how to do this digitally!"
"Geometry","Designs and Drawings","G","Draw a triangle with angles ∠A = 40°, ∠B = 65°, and included side AB = 7 cm","To draw a triangle with given angles and an included side, you can use the **ASA (Angle-Side-Angle)** method of construction. Here's how to do it step-by-step:

---

### 🔺 Given:
- ∠A = 40°  
- ∠B = 65°  
- Side **AB = 7 cm** (this is the side between angles A and B)

We are to construct triangle **△ABC** with these specifications.

---

## ✅ Step-by-Step Construction:

### 📏 Step 1: Draw side AB
- Use a ruler to draw a line segment **AB = 7 cm**.
- Mark point A on the left and point B on the right.

---

### 🧭 Step 2: Construct angle at point A (∠A = 40°)
- Place the center of the protractor at point A.
- Align the base line of the protractor along segment AB.
- Mark a point at **40°** above AB.
- Remove the protractor and draw a ray from A through this mark.

---

### 🧭 Step 3: Construct angle at point B (∠B = 65°)
- Place the center of the protractor at point B.
- Align the base line of the protractor along segment BA (from B toward A).
- Mark a point at **65°** above BA.
- Remove the protractor and draw a ray from B through this mark.

---

### 📍 Step 4: Find point C
- Extend the two rays drawn from points A and B if necessary.
- The point where the two rays intersect is point **C**.

---

### ✅ Step 5: Label the triangle
- You now have triangle **△ABC**, with:
  - ∠A = 40°
  - ∠B = 65°
  - AB = 7 cm

You're done!

---

## 📌 Extra Tip:
You can verify your triangle by measuring the third angle:
- Since the sum of angles in any triangle is **180°**, then:
  $$
  ∠C = 180° - ∠A - ∠B = 180° - 40° - 65° = 75°
  $$
So ∠C should measure **75°** if you check it with a protractor.

---

Let me know if you'd like a visual explanation or help drawing this digitally!"
"Geometry","Designs and Drawings","G","Use geometric loci to construct the region that is equidistant from the points A(2, 3) and B(8, 3).","To solve the task **""Use geometric loci to construct the region that is equidistant from the points A(2, 3) and B(8, 3)""**, you are being asked to find the **set of all points** that are **equidistant from two given points** in the coordinate plane — this is a classic application of **geometric loci**.

---

### 🔍 Step-by-Step Explanation

#### 📌 Step 1: Understand the Concept of a Locus
A **locus** is a set of points that satisfy a certain condition. In this case:

> The locus of points equidistant from two fixed points is the **perpendicular bisector** of the segment joining those two points.

So, we're looking for the perpendicular bisector of segment **AB**, where:
- Point A = (2, 3)
- Point B = (8, 3)

---

#### 📌 Step 2: Plot or Visualize Points A and B
Both points have the same y-coordinate (3), so they lie on a horizontal line.  
This means the segment AB is **horizontal**.

---

#### 📌 Step 3: Find the Midpoint of AB
The midpoint formula is:
$$
M = \left( \frac{x_1 + x_2}{2}, \frac{y_1 + y_2}{2} \right)
$$

Substitute:
$$
M = \left( \frac{2 + 8}{2}, \frac{3 + 3}{2} \right) = (5, 3)
$$

✅ So, the midpoint is at **(5, 3)**.

---

#### 📌 Step 4: Determine the Perpendicular Bisector
Since AB is horizontal (slope = 0), its **perpendicular bisector** must be a **vertical line** through the midpoint.

So the equation of the perpendicular bisector is:
$$
x = 5
$$

✅ This line contains **all points equidistant from A and B**.

---

### ✅ Final Answer:
> The region of all points equidistant from A(2, 3) and B(8, 3) is the **vertical line** with equation **x = 5**.

This is the **perpendicular bisector** of segment AB.

---

### 🧭 Bonus Tip – How to Construct It Geometrically:
If you were using compass and straightedge:
1. Draw segment AB.
2. Place compass at A and draw a circle with radius > half of AB.
3. Repeat at point B with the same radius.
4. Connect the two intersection points of the circles — this line is the perpendicular bisector.

You'd end up drawing the line **x = 5**.

Let me know if you want to visualize this graphically or explore more about loci!"
"Geometry","Designs and Drawings","H","Use a compass to divide a circle into 6 equal arcs","To divide a circle into **6 equal arcs** using only a **compass**, you're essentially creating 6 points equally spaced around the circle — like the numbers on a clock face (12, 2, 4, 6, 8, 10). Each arc will represent a **60° angle** at the center of the circle because 360° ÷ 6 = 60°.

Here’s how to do it **step by step** using just a compass:

---

### 🛠️ Tools Needed:
- A compass
- A pencil
- Paper (with a pre-drawn circle or space to draw one)

---

## 🔁 Step-by-Step Instructions:

### 1. **Start with a Circle**
If you don't already have a circle drawn:
- Place the compass point at the center and draw a circle of any convenient radius.

Let's call the **center point ""O""**.

---

### 2. **Mark a Starting Point on the Circumference**
- Choose any point on the edge of the circle. Let's call this point **A**.

This is your first division point.

---

### 3. **Set Compass to Radius of the Circle**
- Without changing the compass width (it should still be set to the radius of the circle), place the compass point on point **A**.

---

### 4. **Draw an Arc Across the Circle**
- Draw a small arc that intersects the original circle.
- This intersection is your second point, let's call it **B**.

---

### 5. **Move the Compass to the New Point**
- Now move the compass point to **B**, keeping the same width.
- Draw another arc intersecting the circle. Call this new point **C**.

---

### 6. **Repeat Around the Circle**
- Continue this process: from **C** to **D**, then **E**, then **F**, always using the compass to step around the circle.
- After 6 steps, you’ll return to your starting point **A**.

---

### ✅ Result:
You now have **6 equally spaced points (A–F)** around the circle, dividing it into **6 equal arcs**.

Each arc corresponds to a central angle of **60 degrees**.

---

## 🧭 Why This Works:
Because the radius of the circle equals the length of each side in a regular hexagon inscribed in the circle. By stepping the compass around the circle without changing the width, you're effectively constructing a regular **hexagon**, whose vertices divide the circle evenly into six parts.

---

## 📌 Tips:
- Make sure not to change the compass width during the process.
- Accuracy matters — small errors can compound after a few steps.
- You can double-check by measuring the angles between adjacent points from the center — they should all be 60°.

---

Let me know if you want to go further and construct other divisions (like 12 or 24 equal parts) using similar techniques!"
"Geometry","Designs and Drawings","H","Draw the angle bisector of ∠ABC and mark its intersection with a side","To solve the task **""Draw the angle bisector of ∠ABC and mark its intersection with a side,""** you need to follow a geometric construction process using basic tools like a **compass** and a **straightedge (ruler)**. Here's a step-by-step explanation:

---

### 🎯 Objective:
- Construct the **angle bisector** of angle **∠ABC**, which is the line that divides ∠ABC into two equal angles.
- Find where this bisector intersects the opposite side (usually AC in triangle ABC).

---

## ✅ Step-by-Step Instructions:

Let’s assume you have a triangle labeled **△ABC**, with vertex **B** as the angle you want to bisect.

---

### 🛠️ Tools Needed:
- Ruler or straightedge
- Compass
- Pencil

---

### 🔧 Steps to Draw the Angle Bisector of ∠ABC:

#### 1. **Place the compass at point B**
   - Open the compass to any convenient width.
   - Draw an arc that intersects both rays **BA** and **BC**.
     - Mark the points where the arc intersects BA and BC as **D** and **E**, respectively.

#### 2. **Set the compass at D**
   - Adjust the compass to a width greater than half the distance between D and E.
   - Draw an arc inside the angle.

#### 3. **Without changing the compass width, move it to E**
   - Draw another arc intersecting the previous one.
   - Label the point of intersection of these two arcs as **F**.

#### 4. **Use a straightedge to draw a line from B through F**
   - This line **BF** is the **angle bisector** of ∠ABC.

---

### 📌 Mark Its Intersection with a Side:

Now, if you're asked to **mark where the angle bisector intersects another side**, then:

#### 5. **Extend the bisector BF until it meets the opposite side AC**
   - The point where **BF** intersects **AC** is called the **point of intersection**.
   - Label this point as **P** (or any other letter).

---

### 🧠 Summary:

| Step | Action |
|------|--------|
| 1    | Draw arcs from B to cut BA and BC at D and E |
| 2    | From D and E, draw intersecting arcs inside the angle |
| 3    | Connect B to the intersection point to form the bisector |
| 4    | Extend the bisector to meet the opposite side |
| 5    | Mark and label the intersection point |

---

### 📝 Example:
If you're working on paper:
- Start with triangle ABC.
- Use your compass to carefully draw arcs and find the bisector.
- Then extend the bisector until it hits side AC.
- Mark that point clearly.

---

Let me know if you'd like a visual explanation or how to do this digitally!"
"Geometry","Designs and Drawings","H","Construct a triangle with base 8 cm, height 5 cm, and vertex angle 40°","To construct a triangle with **base 8 cm**, **height 5 cm**, and **vertex angle 40°**, we need to understand what the ""vertex angle"" refers to. In this context, it likely means the angle at the top of the triangle (opposite the base), which is formed by the two equal sides or unequal sides meeting at the vertex.

Here’s how you can approach solving and constructing this triangle:

---

### 🔍 Step-by-Step Explanation

We are given:
- Base = 8 cm
- Height = 5 cm (perpendicular from the vertex to the base)
- Vertex angle = 40°

This suggests that we're dealing with an **isosceles triangle** (or at least a triangle where the vertex is above the base and the height drops perpendicularly onto the base).

Let’s label the triangle:
- Let **A** be the top vertex.
- Let **BC** be the base of length 8 cm.
- The perpendicular from **A** to base **BC** meets at point **D**, so **AD = 5 cm**.
- ∠BAC = 40° (the vertex angle)

So we want to construct triangle **ABC**, where:
- Base **BC = 8 cm**
- Height **AD = 5 cm**
- Angle at A (∠BAC) = 40°

---

### ✅ Construction Steps (Geometrically):

#### 📏 Step 1: Draw the base
- Draw a line segment **BC = 8 cm**

#### 📐 Step 2: Find midpoint D of BC
- Since the height is perpendicular to the base and passes through the vertex angle, it must drop to the midpoint of BC if the triangle is isosceles.
- Mark the midpoint **D** of **BC**.

#### ⬆️ Step 3: Draw the height
- At point **D**, draw a perpendicular line upward (90°).
- Measure **5 cm** along this perpendicular line from **D**, and mark point **A**.

Now you have:
- **AD = 5 cm**
- **D** is the midpoint of **BC**
- So triangle **ABC** is isosceles with **AB = AC**

#### 🔁 Step 4: Connect points
- Join **A** to **B** and **A** to **C** to complete triangle **ABC**

---

### 🔢 Verification Using Trigonometry (Optional but Useful)

You can now verify the vertex angle ∠BAC using trigonometry:

In triangle **ABD**:
- BD = 4 cm (half of base)
- AD = 5 cm (height)
- ∠ADB = 90°

Use tan to find angle ∠BAD:

$$
\tan(\angle BAD) = \frac{BD}{AD} = \frac{4}{5}
\Rightarrow \angle BAD = \tan^{-1}\left(\frac{4}{5}\right) ≈ 38.66^\circ
$$

Since triangle is symmetric, ∠CAD = ∠BAD ≈ 38.66°

So total vertex angle:
$$
∠BAC ≈ 38.66^\circ + 38.66^\circ ≈ 77.32^\circ
$$

Wait — this is not 40°! That means our assumption that the triangle is isosceles might not hold.

---

## ❗ Important Clarification:

If the **vertex angle is exactly 40°**, then the triangle **cannot** be isosceles with base 8 cm and height 5 cm. Because as shown above, the vertex angle ends up being about 77.32°, not 40°.

So there's a contradiction unless we change our assumptions.

---

### ✅ Correct Interpretation & Approach:

Let’s assume:
- We are given:
  - Base **BC = 8 cm**
  - Height from vertex **A** to base **BC = 5 cm**
  - The angle at vertex **A**, ∠BAC = 40°

We are to **construct triangle ABC** satisfying all three conditions.

---

### 💡 Strategy: Use Coordinate Geometry

Let’s place the triangle on the coordinate plane for precision.

#### 📍 Step 1: Place base BC horizontally
- Let **B = (-4, 0)** and **C = (4, 0)** → makes BC = 8 cm
- Midpoint **D = (0, 0)**

#### 📍 Step 2: Place vertex A at height 5 cm vertically above D
- Then **A = (0, 5)**

Now compute ∠BAC using coordinates:

Vectors:
- Vector AB = B − A = (-4, -5)
- Vector AC = C − A = (4, -5)

Use dot product formula to find angle between vectors:

$$
\cos(\theta) = \frac{\vec{AB} \cdot \vec{AC}}{|\vec{AB}| |\vec{AC}|}
$$

Compute:
- $\vec{AB} \cdot \vec{AC} = (-4)(4) + (-5)(-5) = -16 + 25 = 9$
- $|\vec{AB}| = \sqrt{(-4)^2 + (-5)^2} = \sqrt{16 + 25} = \sqrt{41}$
- $|\vec{AC}| = \sqrt{4^2 + (-5)^2} = \sqrt{16 + 25} = \sqrt{41}$

So:
$$
\cos(\angle BAC) = \frac{9}{\sqrt{41} \cdot \sqrt{41}} = \frac{9}{41}
\Rightarrow \angle BAC = \cos^{-1}\left(\frac{9}{41}\right) ≈ 77.32^\circ
$$

Again, not 40°!

---

## 🚫 Conclusion:

There is **no triangle** with:
- Base = 8 cm
- Height = 5 cm
- Vertex angle = 40°  
that satisfies all three simultaneously **if the height is perpendicular to the base and the vertex lies directly above the midpoint**.

---

## ✅ Final Answer:

You **cannot** construct such a triangle **with all three conditions** satisfied if the height is perpendicular to the base and falls on its midpoint. There is a geometric inconsistency.

However, if you relax one condition — say, allow the height not to fall at the midpoint — then it becomes possible. You would need to use more advanced geometry or trigonometry to find the correct position of the vertex to satisfy all three constraints.

Would you like me to show how to do that?"
"Geometry","symmetries and mappings","B","Circle the shapes that are symmetrical.","Sure! Let's break down the task **""Circle the shapes that are symmetrical""** so you know exactly what to do.

---

### 🔍 **What Does ""Symmetrical"" Mean?**

A shape is **symmetrical** if it can be divided into two parts that are **mirror images** of each other. The most common type of symmetry here is **line symmetry** (also called reflection symmetry).

---

### ✅ **Steps to Solve the Task:**

1. **Look at Each Shape Individually:**
   - Take one shape at a time.

2. **Try to Find a Line of Symmetry:**
   - Imagine drawing a line through the shape (it could be vertical, horizontal, or diagonal).
   - If both sides of the line look like mirror images, then the shape is **symmetrical**.

3. **How to Check:**
   - You can fold the paper in your mind: If both halves match up perfectly when folded along a line, it has symmetry.
   - Or, just visually compare both sides of a central line.

4. **Circle the Symmetrical Shapes:**
   - Once you decide a shape is symmetrical, simply draw a circle around it (or use whatever marking your teacher asks for).

---

### 📌 Example:

- A **square** has 4 lines of symmetry — vertical, horizontal, and two diagonals → **symmetrical**
- A **rectangle** has 2 lines of symmetry — vertical and horizontal → **symmetrical**
- A **scalene triangle** (all sides different) usually has **no symmetry** → **not symmetrical**
- A **circle** has infinite lines of symmetry → **symmetrical**
- A **heart shape** (like a Valentine heart) often has **vertical symmetry** → **symmetrical**

---

### ❗ Tips:
- Some shapes might have more than one line of symmetry.
- Not all shapes are symmetrical — that’s okay!
- If you're unsure, try sketching a center line and compare both sides.

---

Would you like me to help you practice with some example shapes or a worksheet?"
"Geometry","symmetries and mappings","B","Color the matching halves the same color","Sure! The task **""Color the matching halves the same color""** typically refers to an activity where:

- You have a set of shapes, figures, or objects that are split into two halves.
- Each half has a pair somewhere else in the image or worksheet.
- Your job is to **find the matching halves** and then **color both (or all) matching parts with the same color**.

---

### 🎯 Goal:
To show which halves go together by coloring each pair (or group) the same color.

---

### ✅ Steps to Solve the Task:

1. **Look at All the Halves:**
   - Take a good look at all the pieces shown.
   - Try to visualize or rotate them mentally to see if they match another piece.

2. **Find Matching Pairs:**
   - Two halves match if, when put together, they form a complete shape (like a circle, square, heart, etc.), or if they are identical in style, pattern, or part of the same picture.
   - Sometimes, the halves might be mirror images or rotations of each other.

3. **Use Color Strategically:**
   - Once you find a pair (or group), pick a color and use it to color both halves.
   - Use a different color for each new pair or matching group.

4. **Double Check:**
   - Make sure every half has a match and is colored appropriately.
   - If one half doesn’t seem to have a match, double-check — there may be a trick or rotation involved.

---

### 🧠 Example:

Imagine you have 4 half-circles scattered on the page:

- Two right-facing half-circles
- Two left-facing half-circles

You would color:
- Both right-facing halves the same color (e.g., blue)
- Both left-facing halves another color (e.g., green)

When matched together, they’d make full circles!

---

### 💡 Tips:
- Work step-by-step and don’t rush.
- Use light-colored markers or crayons so you can still see details after coloring.
- If you're unsure about a match, try drawing lines connecting halves first before coloring.

---

If you can share what the actual image or worksheet looks like (or describe it), I can help guide you through it specifically!"
"Geometry","symmetries and mappings","B","Which letters are symmetrical? A, B, C, D, E","To determine which **letters are symmetrical**, you need to check if they have **line symmetry** (also called reflectional symmetry). A shape or letter is **symmetrical** if you can draw a line through it so that both sides are mirror images of each other.

There are two main types of symmetry relevant to letters:

- **Vertical line symmetry**: A vertical line down the middle divides the letter into two matching halves.
- **Horizontal line symmetry**: A horizontal line across the center divides the letter into two matching halves.

Let’s analyze each letter in your list: **A, B, C, D, E**

---

### 🔹 A
- **Vertical symmetry**: ✅ Yes  
  The left and right sides mirror each other.
- **Horizontal symmetry**: ❌ No

### 🔹 B
- **Vertical symmetry**: ✅ Yes  
  Both sides mirror each other.
- **Horizontal symmetry**: ❌ No

### 🔹 C
- **Vertical symmetry**: ✅ Yes  
  It looks the same on both sides of a vertical line.
- **Horizontal symmetry**: ❌ No

### 🔹 D
- **Vertical symmetry**: ✅ Yes  
  Left and right sides mirror each other.
- **Horizontal symmetry**: ❌ No

### 🔹 E
- **Vertical symmetry**: ❌ No  
  The left and right sides don’t match.
- **Horizontal symmetry**: ✅ Yes (sometimes)  
  If you draw a horizontal line through the center, the top and bottom parts may mirror — but this depends on how it's styled. In most standard fonts, though, **E is not perfectly horizontally symmetrical**.

---

### ✅ Final Answer:
The letters with at least **one type of line symmetry** are:
- **A** – Vertical symmetry  
- **B** – Vertical symmetry  
- **C** – Vertical symmetry  
- **D** – Vertical symmetry  
- **E** – Usually no clear symmetry (depends on font)

👉 So, the **symmetrical letters** from your list are: **A, B, C, D**

---

If you're working with young learners or visualizing this, drawing lines of symmetry or using mirrors can help them see which letters reflect evenly."
"Geometry","symmetries and mappings","B","Draw the shape you get when the square is flipped over a line.","Sure! Let me help you understand how to solve this task: **""Draw the shape you get when the square is flipped over a line.""**

This is a **reflection** problem in geometry. When we say ""flipped over a line,"" that means we're reflecting the square across a given line (called the **line of reflection** or **mirror line**).

---

### ✅ Step-by-step Guide:

#### 1. **Understand What a Reflection Is**
A reflection is like creating a mirror image of a shape across a line. Every point on the original shape has a corresponding point on the reflected image, and both are equidistant from the mirror line.

---

#### 2. **Identify the Line of Reflection**
You need to know **which line** the square is being flipped over. It could be:

- A vertical line
- A horizontal line
- A diagonal line
- Or any arbitrary straight line

If the line isn't specified, ask yourself:  
👉 *Is the line shown in the diagram?*  
👉 *Is it mentioned in words, like “flip over the vertical line through the center”?*

---

#### 3. **Plot Key Points of the Square**
To reflect the square:

- Find the coordinates of its **four corners**.
- Reflect each corner **across the line**.

You can use formulas for reflection depending on the type of line:

| Type of Line | Reflection Rule |
|--------------|------------------|
| Over x-axis | (x, y) → (x, -y) |
| Over y-axis | (x, y) → (-x, y) |
| Over line y = x | (x, y) → (y, x) |
| Over line y = -x | (x, y) → (-y, -x) |

For other lines, like a vertical or horizontal line not on an axis, you can do it visually or mathematically using distance from the line.

---

#### 4. **Draw the Reflected Square**
Once you’ve found the new positions of all four corners:

- Connect them in the same order as the original square.
- You now have the reflected image.

---

### 📐 Example:
Let’s say you have a square with corners at:
- A(1,1), B(3,1), C(3,3), D(1,3)

And you’re told to flip it over the **vertical line x = 2**.

Each point will reflect horizontally across x = 2:

- A(1,1) → A'(3,1)
- B(3,1) → B'(1,1)
- C(3,3) → C'(1,3)
- D(1,3) → D'(3,3)

Now draw these new points and connect them — you’ll see the square has been flipped horizontally around the center line x = 2.

---

### 🎨 Tips for Drawing:
- Use graph paper if possible.
- Mark the original square and the line clearly.
- Reflect one point at a time.
- Double-check distances from the line of reflection.

---

Would you like me to walk through a specific example with a drawing or coordinates?"
"Geometry","symmetries and mappings","C","Which shape has more than one line of symmetry: square, rectangle, or triangle?","To solve this task — **""Which shape has more than one line of symmetry: square, rectangle, or triangle?""** — you need to understand what a **line of symmetry** is and then analyze each shape.

---

### 🔍 What is a Line of Symmetry?

A **line of symmetry** is a line that divides a shape into two identical halves. If you fold the shape along the line of symmetry, both sides will match perfectly.

---

### 🧩 Step-by-Step Analysis of Each Shape:

#### 1. **Square**
- A **square** has **4 lines of symmetry**:
  - 2 diagonals (corner to corner)
  - 1 vertical line (top to bottom through the center)
  - 1 horizontal line (left to right through the center)

✅ So, **yes**, a square has **more than one** line of symmetry.

---

#### 2. **Rectangle (that's not a square)**
- A **rectangle** has **2 lines of symmetry**:
  - 1 vertical line (through the middle)
  - 1 horizontal line (through the middle)
- But it **does NOT** have diagonal symmetry — the diagonals don't divide it into matching halves.

✅ So, a rectangle also has **more than one** line of symmetry.

---

#### 3. **Triangle**
This depends on the type of triangle:

- **Equilateral triangle**: Has **3 lines of symmetry** (one from each vertex to the midpoint of the opposite side).
  ✅ So, yes — more than one line of symmetry.

- **Isosceles triangle**: Has **1 line of symmetry**.
  ❌ Only one line of symmetry.

- **Scalene triangle**: Has **no lines of symmetry**.
  ❌ No line of symmetry.

⚠️ Since the question just says ""triangle"" without specifying, we usually assume the most common or general case in math problems — which might be **equilateral** (since it's the only symmetric triangle), but since it's not clear, we should clarify.

---

### ✅ Final Answer:

From the given options:

- **Square**: ✔️ More than one line of symmetry
- **Rectangle**: ✔️ More than one line of symmetry
- **Triangle**: It depends — equilateral has more than one, others do not

So, the shapes that **have more than one line of symmetry** are:

> ✅ **Square** and **Rectangle**

If the question asks for **which one** (singular), the best answer would be:

> ✅ **Square**, because it has the most lines of symmetry (4).

---

Let me know if you want to explore how to draw these lines of symmetry!"
"Geometry","symmetries and mappings","C","True or false: A circle has infinite lines of symmetry.","**True or False: A circle has infinite lines of symmetry?**

The correct answer is: **True**

---

### ✅ Explanation:

A **line of symmetry** is a line that divides a shape into two identical halves, such that one half is the mirror image of the other.

#### 🔵 For a Circle:
- A **circle has an infinite number of lines of symmetry**.
- Why?
  - You can draw a line through **any diameter** of the circle (i.e., any straight line passing through the center), and it will divide the circle into two perfectly matching halves.
  - Since there are **infinitely many diameters** you can draw through the center (at any angle), there are **infinitely many lines of symmetry**.

---

### 📌 Visual Example:
- Draw a circle.
- Draw a vertical line through its center — this is a line of symmetry.
- Now draw a horizontal line — also a line of symmetry.
- Then try diagonal lines at different angles — all of them will still split the circle symmetrically.

---

### 🧠 Think of It This Way:
- A square has only **4 lines of symmetry** (2 diagonals, vertical, and horizontal).
- An equilateral triangle has **3 lines of symmetry**.
- But a **circle**, due to its perfect rotational symmetry, has so many lines of symmetry that we say they are **infinite**.

---

### ✅ Final Answer:
**True** – A circle has infinite lines of symmetry."
"Geometry","symmetries and mappings","C","If a shape has only one line of symmetry, name one example.","To solve the task **""If a shape has only one line of symmetry, name one example,""** you need to understand what **line symmetry** means and then think of a shape that has **exactly one** such line.

---

### Step-by-step Explanation:

#### 1. **Understand Line of Symmetry:**
A **line of symmetry** is a line that divides a shape into two equal halves that are mirror images of each other. If you fold the shape along this line, both sides will match perfectly.

#### 2. **Focus on ""Only One"" Line of Symmetry:**
Some shapes have multiple lines of symmetry (like a square with 4 lines), some have none (like a scalene triangle), and some have just **one**.

#### 3. **Find an Example:**
An example of a shape that has **only one line of symmetry** is:

> ✅ **An Isosceles Triangle**

- It has two equal sides and one unequal side.
- It has exactly **one** line of symmetry — the line that runs from the vertex between the equal sides down to the midpoint of the base (the unequal side).

---

### Other Examples:
Here are a few more shapes with exactly one line of symmetry:
- **An isosceles trapezoid**
- **A semi-circle**
- **The letter 'A' (in most fonts)**

But for simplicity, the best and most common answer is:

> 🔹 **Isosceles Triangle**

---

### Final Answer:
**An isosceles triangle is an example of a shape that has only one line of symmetry.**"
"Geometry","symmetries and mappings","C","Which figure is symmetrical: kite, parallelogram, trapezoid?","To solve the task **""Which figure is symmetrical: kite, parallelogram, trapezoid?""**, you need to understand what **symmetry** means in geometry — specifically **line symmetry (also called reflectional symmetry)**.

---

### 🔍 Step-by-Step Explanation:

#### 1. **Understand What Symmetry Means**
A shape is **symmetrical** if it can be divided into two identical halves by at least one **line of symmetry**. When folded along this line, the two halves should perfectly overlap.

---

#### 2. **Analyze Each Shape One by One**

Let’s examine each shape for **line symmetry**:

---

### ✅ A. **Kite**

- A **kite** has **one line of symmetry**.
- It is a quadrilateral with two pairs of adjacent sides that are equal.
- The line of symmetry runs from one corner (vertex) to the opposite corner, splitting the kite into two mirror-image halves.
  
🟰 **Conclusion**: ✅ **Symmetrical**

---

### ❌ B. **Parallelogram**

- In general, a **parallelogram** (like a slanted rectangle) **does not have any lines of symmetry**.
- Even though opposite sides are equal and parallel, there's no line you can draw to split it into two mirror images.
- However, it **does have rotational symmetry of order 2** (if rotated 180°, it looks the same), but that's **not reflectional symmetry**.

🟰 **Conclusion**: ❌ **Not symmetrical** (unless it's a special case like a rhombus or rectangle — see note below)

> 📝 **Note**: Special types of parallelograms like **rhombuses** and **rectangles** *do* have lines of symmetry, but the general parallelogram does not.

---

### ❌ C. **Trapezoid**

- A **general trapezoid** (with only one pair of parallel sides) **has no line of symmetry**.
- However, an **isosceles trapezoid** (where the non-parallel sides are equal) **does have one line of symmetry**, straight down the middle vertically.

🟰 **Conclusion**: ❌ Usually **not symmetrical**, unless it's an **isosceles trapezoid**.

---

### ✅ Final Answer:
> **The kite is symmetrical.**

Unless specified otherwise, assume ""trapezoid"" refers to a **non-isosceles** one, and ""parallelogram"" is a **generic** one (not a rectangle or rhombus).

---

### 🧠 Tip:
When solving similar problems, always ask:
- Can I draw a line through the shape so that both sides are mirror images?
- How many such lines exist?

Let me know if you want a visual explanation or how to identify lines of symmetry!"
"Geometry","symmetries and mappings","D","Rotate the point (1, 4) 90° clockwise around the origin","To rotate the point $(1, 4)$ **90° clockwise around the origin**, you can use a standard rotation rule from coordinate geometry.

---

### 🔄 **Rotation Rule: 90° Clockwise Around the Origin**

For any point $(x, y)$, rotating it **90° clockwise** around the origin gives the new point:

$$
(x, y) \rightarrow (y, -x)
$$

---

### 🔁 Apply the Rule to Your Point

You're given the point:
$$
(1, 4)
$$

Apply the formula:
$$
(x, y) = (1, 4) \rightarrow (4, -1)
$$

---

### ✅ Final Answer:

$$
\boxed{(4, -1)}
$$

So, after rotating $(1, 4)$ 90° clockwise around the origin, the new coordinates are **$(4, -1)$**.

Let me know if you'd like to visualize this or do multiple rotations!"
"Geometry","symmetries and mappings","D","Map the point (2, 3) after reflecting it across the x-axis","To reflect the point $(2, 3)$ across the **x-axis**, follow these steps:

---

### 🔹 Step 1: Understand what reflecting over the x-axis does
- When a point is reflected across the **x-axis**, its **x-coordinate stays the same**, but the **y-coordinate changes sign**.
- In other words, the reflection of a point $(x, y)$ over the x-axis is:

$$
(x, -y)
$$

---

### 🔹 Step 2: Apply the rule to your point
Given point:  
$$
(2, 3)
$$

Reflect over x-axis:
- Keep $x = 2$
- Flip the sign of $y = 3$ → becomes $-3$

So, the reflected point is:
$$
(2, -3)
$$

---

### ✅ Final Answer:
The image of the point $(2, 3)$ after reflecting it across the x-axis is:
$$
\boxed{(2, -3)}
$$

Let me know if you'd like to visualize this or reflect across another line!"
"Geometry","symmetries and mappings","D","Translate point A(2, 3) 4 units right and 2 units down","To translate **point A(2, 3)** **4 units right** and **2 units down**, you are essentially **shifting the point on the coordinate plane**. Here's how you can do it step by step:

---

### 🔹 Step 1: Understand what translation means
Translation in math means **moving a point without rotating or resizing it**. In this case, we're moving the point:
- **Right** → increases the **x-coordinate**
- **Left** → decreases the **x-coordinate**
- **Up** → increases the **y-coordinate**
- **Down** → decreases the **y-coordinate**

---

### 🔹 Step 2: Apply the translation

Original point:  
👉 **A(2, 3)**  
This means:  
- x-coordinate = 2  
- y-coordinate = 3

Now move:
- **4 units right** → add 4 to the x-coordinate:  
  $ x = 2 + 4 = 6 $
- **2 units down** → subtract 2 from the y-coordinate:  
  $ y = 3 - 2 = 1 $

---

### ✅ Final Answer:
The new coordinates of the point after translation are:  
👉 **A'(6, 1)**

---

Let me know if you'd like to visualize this on a graph!"
"Geometry","symmetries and mappings","D","How many lines of symmetry does a regular triangle have?","To solve the task **""How many lines of symmetry does a regular triangle have?""**, let's break it down step by step:

---

### 🔍 Step 1: Understand what a **regular triangle** is
A **regular triangle** is an **equilateral triangle**, which means:
- All three sides are equal in length.
- All three angles are equal (each is 60°).

---

### 📐 Step 2: Understand what a **line of symmetry** is
A **line of symmetry** is a line that divides a shape into two identical halves, such that one half is the mirror image of the other.

You can imagine folding the shape along the line — if both sides match perfectly, then that line is a line of symmetry.

---

### 🧠 Step 3: Visualize or draw an equilateral triangle
Now, try drawing or imagining an **equilateral triangle** and see where you can place lines of symmetry.

There are **three lines of symmetry** in an equilateral triangle:
1. From each **vertex** (corner) to the **midpoint of the opposite side**.

Here’s how they look:
- One from the top vertex to the midpoint of the base.
- One from the left vertex to the midpoint of the right side.
- One from the right vertex to the midpoint of the left side.

Each of these lines cuts the triangle into two mirror-image halves.

---

### ✅ Final Answer:
> A regular triangle (equilateral triangle) has **3 lines of symmetry**.

Let me know if you'd like a diagram or further explanation!"
"Geometry","symmetries and mappings","D","Does a rectangle have rotational symmetry of 180°?","Yes, a **rectangle** does have **rotational symmetry of 180°**. Let me explain what that means and how you can determine it.

---

### 🔍 What is Rotational Symmetry?
A shape has **rotational symmetry** if it looks the same after being rotated around its center by a certain angle (less than 360°).

The **order** of rotational symmetry is the number of times the shape looks the same during a full 360° rotation.

---

### 🔄 Does a Rectangle Have 180° Rotational Symmetry?

#### ✅ Yes! Here's why:

- A rectangle has two lines of symmetry: one through the midpoints of the longer sides (vertical), and one through the midpoints of the shorter sides (horizontal).
- If you rotate a rectangle **180 degrees** around its center point, it will look exactly the same as it did before the rotation.
- However, if you rotate it by **90° or 270°**, it may look the same only if the rectangle is a **square**. For a general rectangle (not a square), it only looks the same at:
  - **0°** (original position)
  - **180°**

---

### 🧪 How to Check It Yourself

You can test this with a real rectangle (like a book or a phone):

1. Place it on a table and note how it looks.
2. Rotate it **180 degrees** around its center.
3. Observe: it looks the same as it did originally — the top becomes the bottom, but since opposite sides are equal, it matches the original shape.

This confirms that it has **rotational symmetry of order 2**: it maps onto itself at 0° and 180°.

---

### 📌 Summary

- ✅ A rectangle **does** have **rotational symmetry of 180°**
- ❌ It does **not** have rotational symmetry at 90° or 270° (unless it's a square)
- Its **order of rotational symmetry is 2**

Let me know if you want a visual explanation or help with drawing it!"
"Geometry","symmetries and mappings","D","How many degrees of rotation leave a square looking the same?","To solve the task **""How many degrees of rotation leave a square looking the same?""**, you're being asked about the **rotational symmetry** of a square.

---

### Step-by-step Explanation:

#### 1. **Understand what rotational symmetry means:**
An object has rotational symmetry if it looks exactly the same after being rotated around its center by a certain number of degrees (less than 360°).

---

#### 2. **Visualize rotating a square:**

A square is a regular polygon with **4 equal sides and 4 equal angles**. If you rotate it around its center, at certain angles it will look exactly the same as it did before the rotation.

Try these rotations:
- **0° (or 360°)** – obviously the same
- **90°** – still looks like the original square
- **180°** – also looks the same
- **270°** – still the same

After that, the next one would be 360°, which brings it back to the starting position.

---

#### 3. **Find how many such rotations exist:**

The square looks the same at:
- 0°
- 90°
- 180°
- 270°

So there are **4 positions** where the square looks identical after rotation.

---

#### 4. **Determine the angle between each rotation:**

Since the square has 4 sides and a full circle is 360°, divide:

$$
\frac{360^\circ}{4} = 90^\circ
$$

This means the smallest angle of rotation that leaves the square unchanged is **90°**, and every multiple of 90° up to 360° works too.

---

### ✅ Final Answer:
The square looks the same after rotations of:

- **0° (or 360°)**
- **90°**
- **180°**
- **270°**

So, there are **4 different degrees of rotation** that leave a square looking the same.

Let me know if you'd like a visual explanation or animation suggestion!"
"Geometry","symmetries and mappings","E","Identify all lines of symmetry in a regular hexagon","To identify **all lines of symmetry** in a **regular hexagon**, let's walk through the process step by step.

---

### 🔍 Step 1: Understand What a Line of Symmetry Is

A **line of symmetry** is a line that divides a shape into two identical halves, such that one half is the mirror image of the other. If you were to fold the shape along this line, both sides would match perfectly.

---

### 🟠 Step 2: Know the Properties of a Regular Hexagon

- A **regular hexagon** has:
  - **6 equal sides**
  - **6 equal interior angles**, each measuring **120°**

It looks like a six-sided polygon with all sides and angles equal.

---

### ✂️ Step 3: Start Drawing Lines of Symmetry

There are **two types of lines of symmetry** in a regular hexagon:

#### 1. **Lines through opposite vertices (corner to corner)**  
   - Draw a line from one vertex to the vertex directly opposite it.
   - There are **3 pairs of opposite vertices**, so you can draw **3 lines** like this.

#### 2. **Lines through the midpoints of opposite sides**  
   - Draw a line through the midpoint of one side to the midpoint of the opposite side.
   - There are **3 pairs of opposite sides**, so you can draw **3 more lines** like this.

---

### ✅ Step 4: Count All Lines of Symmetry

- 3 lines through opposite vertices
- 3 lines through midpoints of opposite sides

👉 So, a regular hexagon has **6 lines of symmetry** in total.

---

### 🧠 Tip:

For any **regular polygon** with $ n $ sides, the number of lines of symmetry is equal to $ n $.  
So, since a hexagon has 6 sides, it has **6 lines of symmetry**.

---

### 📐 Optional: Visualizing or Drawing It

If you're drawing this:

1. Sketch a regular hexagon.
2. Label its vertices A to F clockwise.
3. Draw lines:
   - From A to D
   - From B to E
   - From C to F
   - Through the midpoints of AB and DE
   - Through the midpoints of BC and EF
   - Through the midpoints of CD and FA

Each of these lines should divide the hexagon into two matching halves.

---

### ✅ Final Answer:

> A regular hexagon has **6 lines of symmetry**:  
> - 3 passing through opposite vertices  
> - 3 passing through the midpoints of opposite sides

Let me know if you'd like a diagram or further explanation!"
"Geometry","symmetries and mappings","E","Which transformation preserves distance and angle: translation, dilation, or skewing?","To solve the task **""Which transformation preserves distance and angle: translation, dilation, or skewing?""**, you need to understand what each transformation does to a shape or figure in terms of:

- **Distance between points (lengths of sides)**
- **Angle measures**
- **Overall shape**

Let’s go through each transformation one by one:

---

### 1. **Translation**
- **Definition**: Moving a shape without rotating or resizing it — basically ""sliding"" it.
- **Effect**:
  - ✅ Preserves **distance** (lengths stay the same)
  - ✅ Preserves **angles**
  - ✅ Shape and size remain unchanged
- **Example**: Sliding a triangle on graph paper without turning or stretching it.

✅ **Conclusion**: **Translation preserves both distance and angle.**

---

### 2. **Dilation**
- **Definition**: Resizing a shape by a scale factor relative to a center point.
- **Effect**:
  - ❌ Does **not preserve distance** unless the scale factor is 1
  - ❌ Does **not preserve size**, but...
  - ✅ **Preserves angles**
- **Example**: Zooming in or out on a photo — shapes look similar but are larger or smaller.

❌ **Conclusion**: Dilation **does not preserve distance**, though it **does preserve angles**.

---

### 3. **Shearing (or Skewing)**
- **Definition**: Slanting the shape sideways — parallel lines stay parallel, but angles change.
- **Effect**:
  - ❌ Does **not preserve angles**
  - ❌ Distorts shape
  - ❌ Changes distances/lengths
- **Example**: Imagine pushing the top of a rectangle sideways to make a parallelogram.

❌ **Conclusion**: Shearing **does not preserve distance or angle**.

---

### ✅ Final Answer:
The only transformation that **preserves both distance and angle** is:

> **Translation**

---

If you're looking for a quick way to remember this:
- **Rigid transformations** (also called **isometries**) preserve both distance and angle. These include:
  - **Translation**
  - **Rotation**
  - **Reflection**
- **Non-rigid transformations** like **dilation** or **shearing** do not preserve both.

Let me know if you'd like visuals or examples!"
"Geometry","symmetries and mappings","F","Rotate the triangle with vertices A(1, 2), B(3, 2), C(2, 4) by 180° about the origin","To rotate a triangle (or any shape) **180° about the origin**, you apply a **rotation transformation** to each of its vertices. A 180° rotation is straightforward and follows a simple rule:

---

### 🔁 **Rotation Rule for 180° about the Origin**
For any point $(x, y)$, rotating it **180° about the origin** results in the point:
$$
(x', y') = (-x, -y)
$$

---

### ✏️ Step-by-Step Instructions

You are given triangle with vertices:

- $A(1, 2)$  
- $B(3, 2)$  
- $C(2, 4)$

#### 1. Apply the 180° rotation rule to each vertex:

- **Point A(1, 2):**  
  $$
  A' = (-1, -2)
  $$

- **Point B(3, 2):**  
  $$
  B' = (-3, -2)
  $$

- **Point C(2, 4):**  
  $$
  C' = (-2, -4)
  $$

#### 2. New coordinates of the rotated triangle:

- $A'(-1, -2)$  
- $B'(-3, -2)$  
- $C'(-2, -4)$

---

### 📐 What This Looks Like

The original triangle will be mirrored across both axes (since x and y are negated), and it will appear in the opposite quadrant — essentially flipped 180 degrees around the origin.

---

### ✅ Final Answer

After a 180° rotation about the origin, the new triangle has vertices:

- $A'(-1, -2)$  
- $B'(-3, -2)$  
- $C'(-2, -4)$

Let me know if you'd like help graphing or visualizing this!"
"Geometry","symmetries and mappings","F","Draw the image of a triangle after reflecting over the line y = x","Sure! Let's walk through how to **draw the image of a triangle after reflecting it over the line $ y = x $**. This is a common geometry transformation, and I’ll explain it step-by-step.

---

### 🧠 **Key Idea:**
When you reflect a point over the line $ y = x $, the **x- and y-coordinates switch places**.

So, for any point $(x, y)$, its reflection over the line $ y = x $ becomes:
$$
(x, y) \rightarrow (y, x)
$$

---

### 🔹 Step-by-Step Instructions:

#### 1. **Know the coordinates of the original triangle**
Let’s say your triangle has vertices at:
- $ A = (2, 3) $
- $ B = (4, 5) $
- $ C = (1, 1) $

You can use any triangle — just plug in the coordinates.

#### 2. **Reflect each vertex over the line $ y = x $**
Use the rule: $ (x, y) \rightarrow (y, x) $

So:
- $ A = (2, 3) \rightarrow A' = (3, 2) $
- $ B = (4, 5) \rightarrow B' = (5, 4) $
- $ C = (1, 1) \rightarrow C' = (1, 1) $

Notice that point $ C $ lies on the line $ y = x $, so it doesn’t move — it stays the same after reflection.

#### 3. **Plot the reflected points**
Now plot the new triangle with vertices:
- $ A' = (3, 2) $
- $ B' = (5, 4) $
- $ C' = (1, 1) $

Connect these points to draw the reflected triangle.

#### 4. **Optional: Draw the line $ y = x $**
To better visualize the reflection, draw the line $ y = x $ as a dashed line. It goes diagonally from bottom-left to top-right, passing through points like $ (0,0), (1,1), (2,2), $ etc.

---

### 📐 Example Summary:

Original Triangle:
- $ A = (2, 3) $
- $ B = (4, 5) $
- $ C = (1, 1) $

Reflected Triangle:
- $ A' = (3, 2) $
- $ B' = (5, 4) $
- $ C' = (1, 1) $

---

### ✅ Tips:
- If you're drawing this by hand, use graph paper.
- Make sure you clearly label both the original and reflected triangles.
- You can double-check your work by seeing if the reflected triangle looks like a mirror image across the line $ y = x $.

---

Would you like me to help you with an example using different coordinates or sketching it visually?"
"Geometry","symmetries and mappings","F","Translate point P(–3, 5) by vector ⟨4, –2⟩","To translate a point using a vector, you simply **add the components of the vector to the coordinates of the point**.

---

### Given:
- Point $ P = (-3, 5) $
- Translation vector $ \langle 4, -2 \rangle $

---

### Step-by-step:

1. **Take the x-coordinate of point P**:  
   $ x = -3 $

2. **Add the x-component of the vector**:  
   $ -3 + 4 = 1 $

3. **Take the y-coordinate of point P**:  
   $ y = 5 $

4. **Add the y-component of the vector**:  
   $ 5 + (-2) = 3 $

---

### Final Answer:
The translated point is:  
$$
\boxed{(1,\ 3)}
$$

Let me know if you'd like to visualize it or do more translations!"
"Geometry","symmetries and mappings","F","Triangle ABC has vertices A(1, 2), B(4, 2), and C(3, 5). Triangle A′B′C′ has vertices A′(–1, 2), B′(–4, 2), and C′(–3, 5). Describe the transformation that maps triangle ABC to triangle A′B′C′.","To solve this task, you need to **describe the transformation** that maps triangle $ ABC $ to triangle $ A'B'C' $. This involves identifying how each point of triangle $ ABC $ moves to its corresponding point in triangle $ A'B'C' $.

---

### Step 1: Understand the Coordinates

Here are the coordinates:

- Triangle $ ABC $:
  - $ A(1, 2) $
  - $ B(4, 2) $
  - $ C(3, 5) $

- Triangle $ A'B'C' $:
  - $ A'(-1, 2) $
  - $ B'(-4, 2) $
  - $ C'(-3, 5) $

---

### Step 2: Compare Corresponding Points

Let’s compare each pair of corresponding points:

| Original Point | Image Point | Transformation |
|----------------|-------------|----------------|
| $ A(1, 2) $    | $ A'(-1, 2) $ | $ x \to -x $, $ y \to y $ |
| $ B(4, 2) $    | $ B'(-4, 2) $ | $ x \to -x $, $ y \to y $ |
| $ C(3, 5) $    | $ C'(-3, 5) $ | $ x \to -x $, $ y \to y $ |

In all cases, the **x-coordinate is negated**, and the **y-coordinate stays the same**.

---

### Step 3: Identify the Transformation

This pattern — negating the x-coordinate while keeping the y-coordinate unchanged — is characteristic of a **reflection over the y-axis**.

So, the transformation is:

> **Reflection across the y-axis**

---

### Step 4: Double-check

You can double-check by applying the rule of reflection over the y-axis:

$$
(x, y) \rightarrow (-x, y)
$$

Apply this to all original points:

- $ A(1, 2) \rightarrow (-1, 2) = A' $
- $ B(4, 2) \rightarrow (-4, 2) = B' $
- $ C(3, 5) \rightarrow (-3, 5) = C' $

✅ Matches exactly!

---

### ✅ Final Answer:

**The transformation that maps triangle $ ABC $ to triangle $ A'B'C' $ is a reflection across the y-axis.**"
"Geometry","symmetries and mappings","G","Write the 2×2 matrix that performs a 90° clockwise rotation about the origin","To solve the task of writing a **2×2 matrix that performs a 90° clockwise rotation about the origin**, let's break it down step by step.

---

### 🔁 What is a Linear Transformation (Rotation Matrix)?
A **2×2 rotation matrix** represents a linear transformation in 2D space. It rotates any vector or point around the **origin** by a certain angle without changing its length.

---

### 📐 Step 1: Recall the General Rotation Matrix

The general 2×2 matrix for rotating a point **counterclockwise** by an angle $ \theta $ is:

$$
R(\theta) = 
\begin{bmatrix}
\cos\theta & -\sin\theta \\
\sin\theta & \cos\theta
\end{bmatrix}
$$

This formula works for **counterclockwise** rotations. Since we want a **clockwise** rotation, we use $ -\theta $ instead of $ \theta $.

---

### ⏭️ Step 2: Plug in θ = 90° (or π/2 radians)

We are looking for a **90° clockwise** rotation, so plug $ \theta = -90^\circ $ into the matrix:

$$
R(-90^\circ) = 
\begin{bmatrix}
\cos(-90^\circ) & -\sin(-90^\circ) \\
\sin(-90^\circ) & \cos(-90^\circ)
\end{bmatrix}
$$

Now recall the trigonometric values:
- $ \cos(-90^\circ) = 0 $
- $ \sin(-90^\circ) = -1 $

Substitute these values:

$$
R(-90^\circ) = 
\begin{bmatrix}
0 & -(-1) \\
-1 & 0
\end{bmatrix}
=
\begin{bmatrix}
0 & 1 \\
-1 & 0
\end{bmatrix}
$$

---

### ✅ Final Answer:

$$
\boxed{
\begin{bmatrix}
0 & 1 \\
-1 & 0
\end{bmatrix}
}
$$

This matrix will rotate any 2D vector **90 degrees clockwise** about the origin.

---

### 🧪 Optional: Test with a Sample Vector

Let’s test it on the standard basis vectors:

- Apply to $ \begin{bmatrix}1 \\ 0\end{bmatrix} $:
  $$
  \begin{bmatrix}
  0 & 1 \\
  -1 & 0
  \end{bmatrix}
  \begin{bmatrix}
  1 \\
  0
  \end{bmatrix}
  =
  \begin{bmatrix}
  0 \\
  -1
  \end{bmatrix}
  $$
  This moves from → to ↓

- Apply to $ \begin{bmatrix}0 \\ 1\end{bmatrix} $:
  $$
  \begin{bmatrix}
  0 & 1 \\
  -1 & 0
  \end{bmatrix}
  \begin{bmatrix}
  0 \\
  1
  \end{bmatrix}
  =
  \begin{bmatrix}
  1 \\
  0
  \end{bmatrix}
  $$
  This moves from ↑ to →

✔️ Confirms this is a 90° **clockwise** rotation.

---

Let me know if you'd like to see how this extends to other angles or translations!"
"Geometry","symmetries and mappings","G","Apply the inverse of the matrix [[2, 0], [0, 2]] to the point (8, –4) and find the resulting coordinates","To solve this task, you need to **apply the inverse of a matrix** to a given point. Here's how you can do it step by step:

---

### 🧮 **Given:**

- Matrix $ A = \begin{bmatrix} 2 & 0 \\ 0 & 2 \end{bmatrix} $
- Point $ \mathbf{v} = (8, -4) $

You are asked to compute:  
> $ A^{-1} \cdot \mathbf{v} $

---

## ✅ Step 1: Find the inverse of the matrix

For a 2×2 matrix:

$$
A = \begin{bmatrix} a & b \\ c & d \end{bmatrix}
\Rightarrow
A^{-1} = \frac{1}{ad - bc} \begin{bmatrix} d & -b \\ -c & a \end{bmatrix}
$$

In our case:

$$
A = \begin{bmatrix} 2 & 0 \\ 0 & 2 \end{bmatrix}
\Rightarrow
\det(A) = (2)(2) - (0)(0) = 4
$$

So,

$$
A^{-1} = \frac{1}{4} \begin{bmatrix} 2 & 0 \\ 0 & 2 \end{bmatrix}
= \begin{bmatrix} \frac{1}{2} & 0 \\ 0 & \frac{1}{2} \end{bmatrix}
$$

---

## ✅ Step 2: Apply the inverse matrix to the point

Now apply the matrix $ A^{-1} = \begin{bmatrix} \frac{1}{2} & 0 \\ 0 & \frac{1}{2} \end{bmatrix} $ to the vector $ \begin{bmatrix} 8 \\ -4 \end{bmatrix} $ using matrix multiplication:

$$
\begin{bmatrix} \frac{1}{2} & 0 \\ 0 & \frac{1}{2} \end{bmatrix}
\begin{bmatrix} 8 \\ -4 \end{bmatrix}
=
\begin{bmatrix}
\frac{1}{2} \cdot 8 + 0 \cdot (-4) \\
0 \cdot 8 + \frac{1}{2} \cdot (-4)
\end{bmatrix}
=
\begin{bmatrix}
4 \\
-2
\end{bmatrix}
$$

---

## 🎯 Final Answer:

The resulting coordinates after applying the inverse matrix are:

$$
\boxed{(4, -2)}
$$

Let me know if you'd like a visual explanation or further breakdown!"
"Geometry","symmetries and mappings","G","Square A has vertices at (0,0), (0,2), (2,2), (2,0); square B has vertices at (1,1), (1,3), (3,3), (3,1). Describe the transformation mapping A to B","To solve the task of mapping **Square A** to **Square B**, we need to find a sequence of **geometric transformations** that will transform Square A into Square B.

---

### Step 1: Understand the Coordinates

- **Square A** has vertices at:
  - (0,0), (0,2), (2,2), (2,0)
  - This is a square centered at (1,1) with side length 2.

- **Square B** has vertices at:
  - (1,1), (1,3), (3,3), (3,1)
  - This is also a square of side length 2, but it's located one unit right and one unit up from Square A.
  - It is centered at (2,2).

So both squares have the same size and orientation. The difference is their **position** in the plane.

---

### Step 2: Determine the Type of Transformation

Since the shape and size are the same and only the position changes, this transformation is likely a **translation**.

Let’s test this by comparing corresponding points.

Take one vertex of Square A, say (0,0), and see where it maps in Square B:

- (0,0) → (1,1)

Similarly,

- (0,2) → (1,3)
- (2,2) → (3,3)
- (2,0) → (3,1)

In each case, the transformation adds **1 to the x-coordinate** and **1 to the y-coordinate**.

So the transformation is:

> **Translation** by vector **⟨1, 1⟩**

That means every point (x, y) on Square A is mapped to (x + 1, y + 1).

---

### Final Answer:

To map Square A onto Square B, apply the following transformation:

> **Translate the square 1 unit to the right and 1 unit upward.**

This corresponds to the rule:
$$
(x, y) \rightarrow (x + 1, y + 1)
$$

---

### Summary:

- **Type of transformation**: Translation
- **Translation vector**: ⟨1, 1⟩
- **Mapping rule**: $ (x, y) \mapsto (x + 1, y + 1) $

Let me know if you want to explore more complex transformations or visualizations!"
"Geometry","symmetries and mappings","G","Shape A has vertex (1, 1) mapped to (–1, –1) under a rotation; find the center of rotation assuming a 180° turn","To solve the problem of finding the **center of rotation** for a **180° rotation** that maps point $ A(1, 1) $ to point $ A'(-1, -1) $, let’s walk through the logic and steps clearly.

---

### 🔍 Understanding the Problem

You're told that:

- Point $ A = (1, 1) $
- After a **rotation of 180°**, it is mapped to point $ A' = (-1, -1) $
- You are to find the **center of rotation**

In a **180° rotation**, each point is rotated directly opposite around the center of rotation. This means the center lies exactly **midway between the original point and its image**.

So we can use this key geometric property:

> Under a 180° rotation, the **center of rotation is the midpoint** of the segment connecting the original point and its image.

---

### ✅ Step-by-Step Solution

Let’s compute the **midpoint** of $ A(1, 1) $ and $ A'(-1, -1) $ using the midpoint formula:

$$
\text{Midpoint} = \left( \frac{x_1 + x_2}{2}, \frac{y_1 + y_2}{2} \right)
$$

Substitute the coordinates:

$$
\text{Midpoint} = \left( \frac{1 + (-1)}{2}, \frac{1 + (-1)}{2} \right) = \left( \frac{0}{2}, \frac{0}{2} \right) = (0, 0)
$$

---

### 🎯 Final Answer

The **center of rotation** is at the origin:

$$
\boxed{(0, 0)}
$$

This makes sense because rotating (1, 1) 180° about the origin gives (-1, -1).

---

### 💡 Extra Tip

For any 180° rotation, if you know a point and where it goes after rotation, just average their coordinates — that gives the center.

Let me know if you'd like to see how this works with more points or in other cases!"
"Geometry","symmetries and mappings","H","List all 8 symmetries (4 rotations, 4 reflections) that leave a square with vertices at (±1, ±1) unchanged","To solve the task of listing all **8 symmetries** (4 rotations and 4 reflections) that leave a square with vertices at $(\pm1, \pm1)$ unchanged, let's break it down step by step.

---

### 🔷 Step 1: Understand the Square

You're given a square centered at the origin with vertices:

- $(1, 1)$
- $(1, -1)$
- $(-1, -1)$
- $(-1, 1)$

This is a square centered at the origin, aligned with the coordinate axes. The sides are parallel to the x-axis and y-axis.

---

### 🔁 Step 2: What Are Symmetries?

A symmetry of the square is any transformation (rotation or reflection) that maps the square onto itself — i.e., after applying the transformation, the square looks exactly the same as before.

There are two types of symmetries we'll consider:
1. **Rotations**
2. **Reflections**

Together, these form the **dihedral group D₄**, which has 8 elements.

---

## ✅ Step 3: List All 8 Symmetries

Let’s go through each one.

---

### 🔄 Rotational Symmetries (4 total)

These rotate the square around its center (the origin).

1. **0° rotation (identity)**  
   - Does nothing; every point stays where it is.
   - Denoted as $R_0$

2. **90° clockwise (or 270° counterclockwise)**  
   - Rotates the square so vertex (1,1) → (1,-1)
   - Denoted as $R_{90}$

3. **180° rotation**  
   - Flips both x and y coordinates: $(x, y) \to (-x, -y)$
   - Denoted as $R_{180}$

4. **270° clockwise (or 90° counterclockwise)**  
   - Rotates the square so vertex (1,1) → (-1,1)
   - Denoted as $R_{270}$

---

### 🔁 Reflectional Symmetries (4 total)

These reflect the square over certain lines through its center (origin):

1. **Reflection over the x-axis**  
   - Maps $(x, y) \to (x, -y)$
   - Denoted as $M_x$

2. **Reflection over the y-axis**  
   - Maps $(x, y) \to (-x, y)$
   - Denoted as $M_y$

3. **Reflection over the diagonal from bottom-left to top-right**  
   - Line: $y = x$
   - Maps $(x, y) \to (y, x)$
   - Denoted as $M_{y=x}$

4. **Reflection over the diagonal from top-left to bottom-right**  
   - Line: $y = -x$
   - Maps $(x, y) \to (-y, -x)$
   - Denoted as $M_{y=-x}$

---

## 🧮 Summary: The 8 Symmetries

| Type        | Description                              | Mapping Function               |
|-------------|------------------------------------------|-------------------------------|
| Rotation    | 0° (identity)                            | $(x, y) \to (x, y)$          |
| Rotation    | 90° clockwise                            | $(x, y) \to (y, -x)$         |
| Rotation    | 180°                                     | $(x, y) \to (-x, -y)$        |
| Rotation    | 270° clockwise                           | $(x, y) \to (-y, x)$         |
| Reflection  | Over x-axis                              | $(x, y) \to (x, -y)$         |
| Reflection  | Over y-axis                              | $(x, y) \to (-x, y)$         |
| Reflection  | Over line $y = x$                      | $(x, y) \to (y, x)$          |
| Reflection  | Over line $y = -x$                     | $(x, y) \to (-y, -x)$        |

---

### 💡 Tip:

You can verify each symmetry by applying the mapping to the four vertices and seeing if they just get permuted among themselves — meaning the square remains unchanged in shape and position.

---

Let me know if you'd like to see how this works with actual coordinates!"
"Geometry","symmetries and mappings","H","Determine the order of the symmetry group of a regular hexagon with side length 5 cm","To determine the **order of the symmetry group** of a **regular hexagon**, we don't actually need to know the side length (5 cm in this case), because the number of symmetries only depends on the shape being regular — not its size.

---

### 🔷 Step-by-step Explanation:

A **symmetry** of a geometric figure is a transformation that leaves the figure unchanged. These include:

- **Rotations** around the center
- **Reflections** over certain lines

These transformations form a mathematical structure called a **group**, and the **order** of the group is simply the **number of elements** in it — i.e., how many different symmetry operations there are.

---

### 🟩 Step 1: Understand What Symmetries a Regular Hexagon Has

A **regular hexagon** has:

#### ✅ Rotational Symmetries:
You can rotate it by multiples of **60°** (since $ \frac{360^\circ}{6} = 60^\circ $) and it will look the same.

So the rotational symmetries are:
- Rotate by 0° (identity)
- Rotate by 60°
- Rotate by 120°
- Rotate by 180°
- Rotate by 240°
- Rotate by 300°

That’s **6 rotational symmetries**.

#### ✅ Reflectional Symmetries:
You can reflect across **6 different lines of symmetry**:
- 3 lines through opposite vertices
- 3 lines through midpoints of opposite sides

Each reflection gives a distinct symmetry.

So, **6 reflection symmetries**.

---

### 🟦 Step 2: Total Number of Symmetries

Add them together:

$$
\text{Total symmetries} = 6 \text{ (rotations)} + 6 \text{ (reflections)} = 12
$$

This group is known as the **dihedral group D₆**, and its order is **12**.

---

### 🧮 Final Answer:

> The **order of the symmetry group** of a regular hexagon is **12**.

---

Let me know if you'd like to explore how these symmetries can be represented or composed!"
"Geometry","symmetries and mappings","H","Apply the matrix [[1, 0], [0, –1]] to triangle DEF with vertices D(2, 1), E(4, 3), F(2, 4), and give the coordinates of the image","To solve this task, you're being asked to **apply a matrix transformation** to the vertices of triangle DEF. The transformation matrix is:

$$
\begin{bmatrix}
1 & 0 \\
0 & -1
\end{bmatrix}
$$

This is a **reflection over the x-axis**, because it flips the y-coordinates and keeps the x-coordinates the same.

---

### Step-by-step process:

#### 1. Understand how matrix multiplication works for coordinates:
Each point $(x, y)$ can be represented as a column vector:

$$
\begin{bmatrix}
x \\
y
\end{bmatrix}
$$

Matrix multiplication with the transformation matrix will produce a new vector (the transformed point):

$$
\begin{bmatrix}
1 & 0 \\
0 & -1
\end{bmatrix}
\cdot
\begin{bmatrix}
x \\
y
\end{bmatrix}
=
\begin{bmatrix}
1 \cdot x + 0 \cdot y \\
0 \cdot x + (-1) \cdot y
\end{bmatrix}
=
\begin{bmatrix}
x \\
-y
\end{bmatrix}
$$

So the transformation reflects points across the **x-axis**.

---

#### 2. Apply the transformation to each vertex:

##### Vertex D(2, 1):

$$
\begin{bmatrix}
1 & 0 \\
0 & -1
\end{bmatrix}
\cdot
\begin{bmatrix}
2 \\
1
\end{bmatrix}
=
\begin{bmatrix}
2 \\
-1
\end{bmatrix}
\Rightarrow D'(2, -1)
$$

##### Vertex E(4, 3):

$$
\begin{bmatrix}
1 & 0 \\
0 & -1
\end{bmatrix}
\cdot
\begin{bmatrix}
4 \\
3
\end{bmatrix}
=
\begin{bmatrix}
4 \\
-3
\end{bmatrix}
\Rightarrow E'(4, -3)
$$

##### Vertex F(2, 4):

$$
\begin{bmatrix}
1 & 0 \\
0 & -1
\end{bmatrix}
\cdot
\begin{bmatrix}
2 \\
4
\end{bmatrix}
=
\begin{bmatrix}
2 \\
-4
\end{bmatrix}
\Rightarrow F'(2, -4)
$$

---

### ✅ Final Answer:

The image of triangle DEF after applying the transformation matrix has vertices:

- $D'(2, -1)$
- $E'(4, -3)$
- $F'(2, -4)$

Let me know if you'd like help visualizing or drawing the original and transformed triangle!"
"Geometry","measuring and calculating","B","Measure the line in centimeters: ______ cm","To solve the task **""Measure the line in centimeters: ______ cm""**, you need to measure the length of a given line using a ruler or measuring tape, and express the result in **centimeters (cm)**.

Here’s how you can do it step by step:

---

### 📏 **Step-by-Step Instructions:**

1. **Get a ruler or measuring tape**  
   - Make sure it has centimeter markings (usually labeled as ""cm"").

2. **Place the ruler along the line**  
   - Align the **zero mark** on the ruler with **one end** of the line.
   - Keep the ruler straight and parallel to the line.

3. **Find the length**  
   - Look at where the **other end** of the line reaches on the ruler.
   - Read the number that lines up with the end of the line. This tells you the length in centimeters.

4. **Write your answer**  
   - Fill in the blank: `______ cm`  
   - Example: If the line ends at the 8 cm mark, write: `8 cm`

---

### ✅ Example:
If you have a line drawn like this:  
`_________________________`  

And when you measure it with a ruler, it lines up with the **12 cm** mark.

Then your answer is:  
**12 cm**

---

### 🔍 Tips:
- Be careful not to start measuring from the **edge** of the ruler unless it's marked as zero.
- If the line ends between two marks, round to the nearest centimeter or use decimals if precision matters (e.g., 5.5 cm).

---

If you don’t have a physical ruler but are seeing the line on a screen or paper, sometimes rulers are provided in digital formats (like in online tests), or you may need to estimate based on scale.

Let me know if you want help with a specific example!"
"Geometry","measuring and calculating","B","How many steps from the door to your seat? ______","To solve the task **""How many steps from the door to your seat?""**, you need to figure out how many steps a person would take when walking from the **door** to their **seat**. This is typically a question about measuring distance using **steps** instead of meters or feet.

Here’s how you can solve it:

---

### ✅ Step-by-step Instructions:

1. **Identify the starting point (the door)**  
   - Make sure you know exactly which door to start from. Sometimes there are multiple doors, so clarify if needed.

2. **Identify the end point (your seat)**  
   - Know where your specific seat is located. It might be a desk in a classroom, an office chair, or a seat in a theater, etc.

3. **Walk from the door to your seat and count each step**  
   - As you walk naturally (don’t skip or exaggerate steps), say the numbers out loud or use a tally counter to keep track.
   - Only count **actual steps taken with both feet** — each time one foot follows the other counts as one step.

4. **Write down the total number of steps**

---

### 🧠 Tips:
- If you're not able to walk it yourself, you could ask someone else to walk from the door to your seat while counting.
- If you're doing this as a math or logic problem without being in the space, sometimes it's just asking for an estimate based on average distances. In that case:
  - An average adult step is about **0.75 meters or 2.5 feet**
  - Measure the distance from the door to your seat in meters/feet and divide by the length of a step

---

### 📐 Example (if calculating):
Let’s say the distance from the door to your seat is **6 meters**.

Average step length = **0.75 meters**

Steps = 6 ÷ 0.75 = **8 steps**

---

### 📝 Final Answer Format:
You’ll write:  
**How many steps from the door to your seat? ___**  
Just fill in the blank with the number you got.

---

If you tell me more about the context (like whether you’re sitting in a classroom, auditorium, or it's a riddle), I can help you even better!"
"Geometry","measuring and calculating","B","Circle the unit you would use to measure a book: A) liters B) meters C) centimeters","Sure! Let's break down how to solve this task step by step.

### Task:  
**Circle the unit you would use to measure a book:**
- A) liters  
- B) meters  
- C) centimeters  

---

### Step 1: Understand what is being measured

The question asks about **measuring a book**. But it doesn’t specify *what* about the book — like its **length**, **weight**, or **volume**. However, based on common sense and typical classroom questions, we can assume they are asking about the **length or height of the book** (its size in space).

---

### Step 2: Evaluate each option

Let’s look at what each unit measures:

- **A) Liters** – This measures **volume**, typically for liquids. You might use liters for measuring water or juice, but not for the length or height of a solid object like a book.

- **B) Meters** – This measures **length**, but meters are used for large distances or objects — like the length of a room or a tree. A book is much smaller than a meter.

- **C) Centimeters** – This also measures **length**, and centimeters are perfect for small objects like a book. We often use centimeters (or inches in some countries) to measure the height, width, or thickness of books.

---

### Step 3: Choose the best answer

From the above:
- Liters don't measure length → ❌  
- Meters are too big for a book → ❌  
- Centimeters are just right for measuring a book’s size → ✅  

---

### ✅ Final Answer:
**C) centimeters**

Let me know if you'd like help with similar measurement questions!"
"Geometry","measuring and calculating","C","What is the perimeter of a rectangle with sides 6 cm and 4 cm?","To find the **perimeter** of a rectangle, you can use the formula:

$$
\text{Perimeter} = 2 \times (\text{length} + \text{width})
$$

### Given:
- Length = 6 cm
- Width = 4 cm

### Step-by-step:
1. Add the length and the width:  
   $6\, \text{cm} + 4\, \text{cm} = 10\, \text{cm}$

2. Multiply the result by 2:  
   $2 \times 10\, \text{cm} = 20\, \text{cm}$

### ✅ Final Answer:
$$
\text{Perimeter} = 20\, \text{cm}
$$

Let me know if you'd like to calculate the area too!"
"Geometry","measuring and calculating","C","Find the area of a square with side length 5 cm.","Sure! Let's go through the steps to find the **area of a square** with a side length of **5 cm**.

---

### 🔷 Step-by-Step Explanation:

#### 1. **Understand the formula for the area of a square:**

A square has all sides equal, so the **area** is calculated using the formula:

$$
\text{Area} = \text{side} \times \text{side} = \text{side}^2
$$

#### 2. **Plug in the given side length:**

You're given that the side length is **5 cm**, so:

$$
\text{Area} = 5 \, \text{cm} \times 5 \, \text{cm} = 25 \, \text{cm}^2
$$

---

### ✅ Final Answer:

$$
\boxed{25 \, \text{cm}^2}
$$

That’s how you find the area of a square — just square the length of one of its sides!"
"Geometry","measuring and calculating","C","A shape has an area of 36 cm² and a length of 6 cm. What is its width?","To solve this task, you need to use the formula for the area of a **rectangle** (or any shape where area = length × width):

$$
\text{Area} = \text{Length} \times \text{Width}
$$

### Given:
- Area = 36 cm²  
- Length = 6 cm  

### Step-by-step:

1. Start with the formula:
   $$
   36 = 6 \times \text{Width}
   $$

2. To find the **width**, divide both sides of the equation by 6:
   $$
   \text{Width} = \frac{36}{6}
   $$

3. Calculate:
   $$
   \text{Width} = 6 \text{ cm}
   $$

### ✅ Final Answer:
$$
\text{The width is } \mathbf{6 \text{ cm}}
$$

Let me know if the shape isn't a rectangle — the approach might change slightly depending on the shape!"
"Geometry","measuring and calculating","C","Is a 45° angle smaller or larger than a right angle?","To determine whether a **45° angle** is **smaller or larger than a right angle**, let’s break it down step by step:

---

### Step 1: Understand what a right angle is  
- A **right angle** measures exactly **90 degrees (90°)**.  
- It's the angle you see in the corners of squares and rectangles.

---

### Step 2: Compare it to a 45° angle  
- A **45° angle** is **exactly half** of a 90° angle.  
- So, if you split a right angle into two equal parts, each part is a 45° angle.

---

### Step 3: Make the comparison  
- Since **45° < 90°**, a 45° angle is **smaller than a right angle**.

---

### Optional Visual Aid (if drawing is allowed):  
You could draw:
- A square corner (like an ""L"" shape) to represent a 90° angle.
- Then draw an angle that’s halfway between the lines of that ""L"". That’s a 45° angle.

---

### Final Answer:  
✅ A **45° angle is smaller** than a **right angle**.

Let me know if you'd like help with visuals or further examples!"
"Geometry","measuring and calculating","D","Find the perimeter of a rectangle with length 8 cm and width 5 cm.","To find the **perimeter of a rectangle**, you can use the following formula:

$$
\text{Perimeter} = 2 \times (\text{Length} + \text{Width})
$$

### Given:
- Length = 8 cm  
- Width = 5 cm  

### Step-by-step:
1. Add the length and the width:  
   $$
   8\, \text{cm} + 5\, \text{cm} = 13\, \text{cm}
   $$

2. Multiply the result by 2:  
   $$
   2 \times 13\, \text{cm} = 26\, \text{cm}
   $$

### ✅ Final Answer:
$$
\text{Perimeter} = 26\, \text{cm}
$$

Let me know if you'd like to calculate the area too!"
"Geometry","measuring and calculating","D","What is the volume of a cube with side length 4 cm?","To solve the task of finding the **volume of a cube** with a side length of **4 cm**, follow these steps:

---

### 🔷 Step 1: Understand the formula for the volume of a cube

A **cube** is a 3-dimensional shape where all sides (length, width, and height) are equal.

The formula for the **volume** $ V $ of a cube with side length $ s $ is:

$$
V = s^3
$$

This means you multiply the side length by itself **three times**:

$$
V = s \times s \times s
$$

---

### 🔷 Step 2: Plug in the given side length

You're given that the side length $ s = 4 $ cm.

$$
V = 4^3 = 4 \times 4 \times 4
$$

$$
V = 64
$$

---

### ✅ Final Answer:

$$
\text{Volume} = 64 \text{ cm}^3
$$

So, the volume of the cube is **64 cubic centimeters**.

Let me know if you'd like to visualize it or try another example!"
"Geometry","measuring and calculating","D","A square has an area of 36 cm² — what is the length of one side?","To solve the task, let’s start with what we know:

- The **area of a square** is calculated using the formula:  
  $$
  \text{Area} = \text{side}^2
  $$

- In this case, the area is given as **36 cm²**.

### Step-by-step:
1. Start with the formula:
   $$
   \text{side}^2 = 36
   $$

2. To find the length of one side, take the **square root** of both sides:
   $$
   \text{side} = \sqrt{36}
   $$

3. Calculate the square root:
   $$
   \text{side} = 6
   $$

### Final Answer:
The length of one side of the square is **6 cm**.

✅ Remember: All sides of a square are equal, so once you find one side, you know them all!"
"Geometry","measuring and calculating","D","Measure and draw an angle of 60°","To **measure and draw an angle of 60°**, you can follow these step-by-step instructions using a **protractor** and a **ruler**. This is a common geometry task, and drawing a 60-degree angle is straightforward.

---

### ✅ Tools You’ll Need:
- A **ruler** or straightedge
- A **protractor**
- A **pencil**
- A piece of paper

---

## 📐 How to Draw a 60° Angle:

### Step 1: Draw a straight line
- Use your ruler to draw a straight line on the paper. Label one end of the line as **point A**.
- Extend the line to the right and label the other point **B**.
- So now, you have a ray **AB** (starting at A and going through B).

### Step 2: Place the protractor
- Place the **center of the protractor** exactly on **point A** (the endpoint of the ray).
- Align the **baseline of the protractor** with the line **AB**, so that it runs along the 0° mark.

### Step 3: Locate 60°
- Look at the numbers on the protractor. Starting from the right side where AB lines up with 0°, find the **60° mark**.
- Make a small dot or mark at this 60° point.

### Step 4: Draw the second arm of the angle
- Remove the protractor.
- Use your ruler to draw a line from **point A** through the dot you just marked.
- Label the new point as **C**.

### Step 5: Label the angle
- The angle ∠BAC is now a **60° angle**!

---

## 🔍 Optional: Measure the angle to verify
If you want to check your work:

- Place the protractor back on point A.
- Align it the same way as before.
- Check if the angle between **AB** and **AC** reads **60°**.

---

## 💡 Tip for Accuracy:
- Always make sure the protractor is centered properly on point A.
- Be precise when marking the 60° point.
- Keep your pencil sharp for clear, thin lines.

---

Let me know if you'd like to learn how to construct a 60° angle using only a **compass and straightedge** (without a protractor)!"
"Geometry","measuring and calculating","D","Find the circumference of a circle with diameter 10 cm (use π ≈ 3.14)","To find the **circumference** of a circle when you're given the **diameter**, you can use this formula:

$$
\text{Circumference} = \pi \times \text{Diameter}
$$

---

### Given:
- Diameter = 10 cm  
- Use π ≈ 3.14

---

### Step-by-step:

1. Plug the values into the formula:

$$
\text{Circumference} = 3.14 \times 10
$$

2. Multiply:

$$
\text{Circumference} = 31.4 \, \text{cm}
$$

---

### ✅ Final Answer:
**31.4 cm**

Let me know if you'd like to understand where the formula comes from or how it relates to radius!"
"Geometry","measuring and calculating","D","How much water fits in a box that is 10 cm long, 6 cm wide, and 4 cm high?","To find out **how much water fits in a box**, you need to calculate the **volume** of the box. The volume tells you how much space is inside the box, and thus, how much water (or any other substance) it can hold.

---

### Step-by-step:

You're given:
- **Length** = 10 cm  
- **Width** = 6 cm  
- **Height** = 4 cm  

The formula for the **volume of a rectangular box** (also called a rectangular prism) is:

$$
\text{Volume} = \text{Length} \times \text{Width} \times \text{Height}
$$

---

### Plug in the values:

$$
\text{Volume} = 10 \, \text{cm} \times 6 \, \text{cm} \times 4 \, \text{cm}
$$

$$
\text{Volume} = 240 \, \text{cm}^3
$$

---

### Convert to milliliters (if needed):

Since **1 cm³ = 1 mL**, this means:

$$
240 \, \text{cm}^3 = 240 \, \text{mL}
$$

---

### Final Answer:
> The box can hold **240 milliliters (mL)** of water.

Let me know if you want to convert that to liters or another unit!"
"Geometry","measuring and calculating","D","A right triangle has legs of 3 cm and 4 cm — find the hypotenuse.","To solve the problem of finding the **hypotenuse** of a right triangle with legs of **3 cm** and **4 cm**, you can use the **Pythagorean Theorem**.

---

### 🔷 Pythagorean Theorem:

For any right triangle, the relationship between the lengths of the sides is:

$$
a^2 + b^2 = c^2
$$

Where:
- $ a $ and $ b $ are the **lengths of the legs**
- $ c $ is the **length of the hypotenuse**

---

### 🔢 Step-by-step Solution:

Given:
- $ a = 3 $ cm
- $ b = 4 $ cm
- Find $ c $

1. Plug the values into the formula:

$$
3^2 + 4^2 = c^2
$$

2. Square both numbers:

$$
9 + 16 = c^2
$$

3. Add them:

$$
25 = c^2
$$

4. Take the square root of both sides:

$$
c = \sqrt{25} = 5
$$

---

### ✅ Final Answer:

The **hypotenuse is 5 cm**.

This is a classic example of a **3-4-5 triangle**, one of the most well-known Pythagorean triples."
"Geometry","measuring and calculating","E","A circle has a radius of 7 cm. Find the circumference using π ≈ 3.14","Sure! Let's go through the task step by step.

### **Task:**
You are given a circle with a **radius of 7 cm**, and you're asked to find its **circumference**, using **π ≈ 3.14**.

---

### **Step 1: Know the formula for circumference**

The **circumference** $ C $ of a circle is calculated using the formula:

$$
C = 2\pi r
$$

Where:
- $ r $ is the **radius** of the circle
- $ \pi \approx 3.14 $

---

### **Step 2: Plug in the values**

Given:
- $ r = 7 $ cm
- $ \pi \approx 3.14 $

Now substitute into the formula:

$$
C = 2 \times 3.14 \times 7
$$

---

### **Step 3: Do the math**

First, multiply $ 2 \times 7 = 14 $

Then, multiply $ 14 \times 3.14 $:

$$
14 \times 3.14 = 43.96
$$

---

### ✅ **Final Answer:**
The **circumference** of the circle is approximately:

$$
\boxed{43.96} \text{cm}
$$

Let me know if you'd like to understand where the formula comes from or want to try another example!"
"Geometry","measuring and calculating","E","A circle has a circumference of 18π cm. What is its radius?","To find the **radius** of a circle when you're given its **circumference**, you can use the formula for the circumference of a circle:

$$
C = 2\pi r
$$

Where:
- $ C $ is the circumference,
- $ r $ is the radius,
- $ \pi $ is approximately 3.14159...

---

### Step-by-step:

You are given:
$$
C = 18\pi \text{ cm}
$$

Plug that into the formula:

$$
18\pi = 2\pi r
$$

Now, divide both sides of the equation by $ 2\pi $ to solve for $ r $:

$$
r = \frac{18\pi}{2\pi} = \frac{18}{2} = 9
$$

---

### ✅ Final Answer:
$$
\text{Radius} = 9 \text{ cm}
$$

Let me know if you'd like help visualizing or understanding why this works!"
"Geometry","measuring and calculating","E","A chord of 6 cm lies 2 cm from the center of a circle. Find the radius of the circle","We are given:

- A **chord** of the circle is **6 cm long**
- The perpendicular distance from the **center of the circle to the chord** is **2 cm**

We are to find the **radius** of the circle.

---

### Step-by-step approach:

#### Geometry Concept:
In a circle, if you draw a perpendicular line from the center of the circle to a chord, it will **bisect the chord** (i.e., divide it into two equal parts).

This creates a **right triangle**, where:
- One leg = the perpendicular distance from the center to the chord = **2 cm**
- The other leg = half the length of the chord = $ \frac{6}{2} = 3 $ cm
- The hypotenuse = the **radius** of the circle (what we're solving for)

---

### Use the Pythagorean Theorem:

Let’s call the radius $ r $. Then using the right triangle formed:

$$
r^2 = 2^2 + 3^2
$$

$$
r^2 = 4 + 9 = 13
$$

$$
r = \sqrt{13}
$$

---

### ✅ Final Answer:

$$
\boxed{\sqrt{13}} \text{ cm} \quad \text{(approximately 3.61 cm)}
$$

Let me know if you want a diagram or further explanation!"
"Geometry","measuring and calculating","E","Find the area of a rectangle (10 cm × 6 cm) combined with a triangle (base 10 cm, height 4 cm) placed on top.","To find the **total area** of the shape made by combining a rectangle and a triangle, you can calculate the area of each shape separately and then **add them together**, since they are placed together without overlapping.

---

### 🔷 Step 1: Area of the Rectangle

The formula for the area of a rectangle is:

$$
\text{Area}_{\text{rectangle}} = \text{length} \times \text{width}
$$

Given:
- Length = 10 cm
- Width = 6 cm

$$
\text{Area}_{\text{rectangle}} = 10 \times 6 = 60\ \text{cm}^2
$$

---

### 🔺 Step 2: Area of the Triangle

The formula for the area of a triangle is:

$$
\text{Area}_{\text{triangle}} = \frac{1}{2} \times \text{base} \times \text{height}
$$

Given:
- Base = 10 cm
- Height = 4 cm

$$
\text{Area}_{\text{triangle}} = \frac{1}{2} \times 10 \times 4 = \frac{1}{2} \times 40 = 20\ \text{cm}^2
$$

---

### 🧩 Step 3: Total Area

Now add both areas together:

$$
\text{Total Area} = \text{Area}_{\text{rectangle}} + \text{Area}_{\text{triangle}} = 60 + 20 = 80\ \text{cm}^2
$$

---

### ✅ Final Answer:
$$
\boxed{80\ \text{cm}^2}
$$"
"Geometry","measuring and calculating","E","Calculate the volume of a cylinder with radius 5 cm and height 8 cm using V = πr²h","Sure! Let's break down the task step by step so you can calculate the **volume of a cylinder** using the formula:

$$
V = \pi r^2 h
$$

### Step 1: Understand the formula
- $ V $ is the volume of the cylinder.
- $ r $ is the **radius** of the base of the cylinder.
- $ h $ is the **height** of the cylinder.
- $ \pi $ (pi) is a mathematical constant approximately equal to **3.1416**.

---

### Step 2: Plug in the values

You're given:
- Radius $ r = 5 $ cm
- Height $ h = 8 $ cm

Now substitute into the formula:

$$
V = \pi (5)^2 (8)
$$

---

### Step 3: Do the math

1. Square the radius:
   $$
   5^2 = 25
   $$

2. Multiply by the height:
   $$
   25 \times 8 = 200
   $$

3. Multiply by $ \pi $:
   $$
   V = \pi \times 200 \approx 3.1416 \times 200 = 628.32
   $$

---

### ✅ Final Answer:
$$
\text{Volume} \approx 628.32 \, \text{cm}^3
$$

Let me know if you'd like the answer in terms of $ \pi $ instead — like $ 200\pi \, \text{cm}^3 $."
"Geometry","measuring and calculating","E","A shape has two equal semicircles on each end of a rectangle (6 cm × 2 cm). Find the total perimeter.","Let's break down the problem and explain how to find the **total perimeter** of the described shape:

---

### 🔷 Description of the Shape:
You have a shape that consists of:

- A **rectangle** with dimensions **6 cm (length) × 2 cm (width)**.
- **Two equal semicircles**, one on **each end** of the rectangle.

Now, here's the key:  
> The **semicircles are placed on the ends of the rectangle**, so they must be attached to the **shorter sides** (i.e., the 2 cm sides), meaning the **diameter of each semicircle is 2 cm**.

---

### 🔁 Understanding the Perimeter:

When you attach semicircles to both ends of the rectangle:

- The **straight edges** of the semicircles (the diameters) **replace** the two short sides of the rectangle (which are 2 cm each).
- Therefore, those **two 2 cm segments are no longer part of the perimeter**.
- However, the **top and bottom sides of the rectangle remain** — each is **6 cm** long.
- Also, the **curved parts** of the two semicircles form a **full circle**, since two semicircles make a full circle.

---

### 🧮 Step-by-step Calculation:

#### 1. Circumference of the two semicircles:
Each semicircle has:
- Diameter = 2 cm
- Radius = 1 cm

The **circumference** of a full circle is:
$$
C = 2\pi r = 2\pi(1) = 2\pi \text{ cm}
$$

Since the two semicircles together form a full circle, their total curved length is:
$$
2\pi \text{ cm} ≈ 6.28 \text{ cm}
$$

#### 2. Add the two long sides of the rectangle:
Each is 6 cm → total:
$$
6 + 6 = 12 \text{ cm}
$$

---

### ✅ Final Total Perimeter:
$$
\text{Perimeter} = 12\,\text{cm} + 2\pi\,\text{cm} ≈ 12 + 6.28 = 18.28\,\text{cm}
$$

---

### 📌 Answer:
- **Exact value**: $ \boxed{12 + 2\pi} \text{ cm} $
- **Approximate value**: $ \boxed{18.28} \text{ cm} $

Let me know if you'd like a visual explanation or diagram!"
"Geometry","measuring and calculating","E","Use the Pythagorean Theorem to find the hypotenuse of a right triangle with legs 6 cm and 8 cm","Sure! Let's walk through the process of solving this problem using the **Pythagorean Theorem**.

---

### 🔷 Step 1: Understand the Pythagorean Theorem

The **Pythagorean Theorem** is a formula used to find the length of any side in a **right triangle**, which is a triangle with one 90° angle.

The formula is:

$$
c^2 = a^2 + b^2
$$

Where:
- $ c $ is the **hypotenuse** (the longest side, opposite the right angle),
- $ a $ and $ b $ are the **legs** (the other two sides).

---

### 🔷 Step 2: Plug in the known values

You're given:
- One leg ($ a $) = 6 cm
- Another leg ($ b $) = 8 cm

We want to find the hypotenuse ($ c $):

$$
c^2 = 6^2 + 8^2
$$

---

### 🔷 Step 3: Square the numbers

$$
6^2 = 36 \\
8^2 = 64 \\
\Rightarrow c^2 = 36 + 64 = 100
$$

---

### 🔷 Step 4: Take the square root

$$
c = \sqrt{100} = 10
$$

---

### ✅ Final Answer:

The **hypotenuse** is **10 cm**.

---

Let me know if you'd like to see how this works visually or with a diagram!"
"Geometry","measuring and calculating","F","A cylinder has height 6 cm and radius 4 cm. Find its surface area using the formula SA = 2πr² + 2πrh.","Sure! Let's break this down step by step.

You're given:

- **Height (h)** = 6 cm  
- **Radius (r)** = 4 cm  
- The formula for the **surface area** of a cylinder is:  
  $$
  SA = 2\pi r^2 + 2\pi r h
  $$

This formula has two parts:
1. $2\pi r^2$ — the area of the **two circular bases**
2. $2\pi r h$ — the area of the **side (lateral) surface**

---

### Step 1: Plug in the values
$$
SA = 2\pi (4)^2 + 2\pi (4)(6)
$$

---

### Step 2: Calculate exponents and multiplication
$$
SA = 2\pi (16) + 2\pi (24)
$$

$$
SA = 32\pi + 48\pi
$$

---

### Step 3: Add the terms
$$
SA = 80\pi
$$

---

### Step 4: Final Answer
You can leave the answer as:
- **Exact form**:  
  $$
  SA = 80\pi \, \text{cm}^2
  $$

Or use an approximation for π ≈ 3.14:
- **Approximate form**:  
  $$
  SA \approx 80 \times 3.14 = 251.2 \, \text{cm}^2
  $$

---

### ✅ Final Answer:
- **Exact**: $ \mathbf{80\pi\,\text{cm}^2} $
- **Approximate**: $ \mathbf{251.2\,\text{cm}^2} $

Let me know if you want to visualize why the formula works!"
"Geometry","measuring and calculating","F","Find the volume of a cone with radius 3 cm and height 8 cm","To find the **volume of a cone**, you can use the following formula:

$$
V = \frac{1}{3} \pi r^2 h
$$

Where:
- $ V $ is the volume,
- $ r $ is the radius of the base,
- $ h $ is the height of the cone,
- $ \pi \approx 3.1416 $ (or you can leave it as $ \pi $ for an exact answer).

---

### Given:
- Radius $ r = 3 $ cm  
- Height $ h = 8 $ cm

---

### Step-by-step:

1. Square the radius:
   $$
   r^2 = 3^2 = 9
   $$

2. Multiply by the height:
   $$
   9 \times 8 = 72
   $$

3. Multiply by $ \pi $:
   $$
   72 \pi
   $$

4. Multiply by $ \frac{1}{3} $:
   $$
   \frac{1}{3} \times 72\pi = 24\pi
   $$

---

### Final Answer:

$$
\boxed{24\pi} \text{ cm}^3 \quad \text{(exact form)}
$$

Or, if you want a numerical approximation using $ \pi \approx 3.1416 $:

$$
24 \times 3.1416 \approx 75.40 \text{ cm}^3
$$

So the volume is approximately:

$$
\boxed{75.40} \text{ cm}^3
$$

Let me know if you'd like to see this visualized or explained further!"
"Geometry","measuring and calculating","F","A rectangular prism has dimensions 5×4×3. Find its volume and surface area","Sure! Let's break down the task step by step.

You're given a **rectangular prism** with dimensions:  
**5 × 4 × 3**

This means:
- Length = 5 units  
- Width = 4 units  
- Height = 3 units  

---

### 🔷 Step 1: Find the **Volume**

The **volume** of a rectangular prism is calculated using the formula:

$$
\text{Volume} = \text{Length} \times \text{Width} \times \text{Height}
$$

Plug in the values:

$$
\text{Volume} = 5 \times 4 \times 3 = 60 \text{ cubic units}
$$

---

### 🔷 Step 2: Find the **Surface Area**

The **surface area** of a rectangular prism is the sum of the areas of all six faces. The formula is:

$$
\text{Surface Area} = 2(\text{lw} + \text{lh} + \text{wh})
$$

Where:
- $ l = 5 $
- $ w = 4 $
- $ h = 3 $

Now plug in the numbers:

$$
\text{Surface Area} = 2(5 \cdot 4 + 5 \cdot 3 + 4 \cdot 3)
$$

First calculate inside the parentheses:

$$
= 2(20 + 15 + 12) = 2(47) = 94 \text{ square units}
$$

---

### ✅ Final Answers:

- **Volume** = **60 cubic units**  
- **Surface Area** = **94 square units**

Let me know if you want a visual explanation or how to label the sides!"
"Geometry","measuring and calculating","F","Use trigonometry: In a right triangle, find sin(θ) if opposite = 5 and hypotenuse = 13","Sure! Let's go through the process step by step to solve this trigonometry problem.

---

### **Given:**
- A **right triangle**
- The **opposite** side to angle $ \theta $ is 5
- The **hypotenuse** is 13

We are asked to find:
> $ \sin(\theta) = ? $

---

### **Step 1: Recall the definition of sine**

In a right triangle, the **sine** of an angle $ \theta $ is defined as:

$$
\sin(\theta) = \frac{\text{opposite}}{\text{hypotenuse}}
$$

---

### **Step 2: Plug in the given values**

You're told:
- Opposite = 5
- Hypotenuse = 13

So:

$$
\sin(\theta) = \frac{5}{13}
$$

---

### ✅ **Final Answer:**
$$
\sin(\theta) = \frac{5}{13}
$$

---

### Optional: Decimal or approximate value?

If you want a decimal approximation:

$$
\sin(\theta) \approx \frac{5}{13} \approx 0.3846
$$

And if you want to find the angle $ \theta $ itself, you can use the inverse sine function:

$$
\theta = \sin^{-1}\left( \frac{5}{13} \right) \approx \sin^{-1}(0.3846) \approx 22.62^\circ
$$

But again, for just finding $ \sin(\theta) $, the answer is simply:

$$
\boxed{\frac{5}{13}}
$$"
"Geometry","measuring and calculating","F","A triangle has sides 7, 24, and 25 cm. Prove it is a right triangle","To prove that a triangle with sides 7 cm, 24 cm, and 25 cm is a **right triangle**, you can use the **Pythagorean Theorem**.

---

### 🔷 Pythagorean Theorem:

In a right triangle, the square of the length of the **hypotenuse** (the longest side, opposite the right angle) is equal to the sum of the squares of the other two sides.

This is written as:

$$
a^2 + b^2 = c^2
$$

Where:
- $a$ and $b$ are the lengths of the two shorter sides,
- $c$ is the length of the hypotenuse.

---

### Step-by-step:

1. Identify the largest side — this would be the **hypotenuse** if it's a right triangle.
   - Given sides: 7 cm, 24 cm, **25 cm**
   - So, $c = 25$, and the other two sides are $a = 7$, $b = 24$

2. Plug into the formula:
   $$
   a^2 + b^2 = 7^2 + 24^2 = 49 + 576 = 625
   $$

3. Compute $c^2$:
   $$
   c^2 = 25^2 = 625
   $$

4. Compare both sides:
   $$
   a^2 + b^2 = c^2 \Rightarrow 625 = 625
   $$

✅ Since the equation holds true, the triangle **is a right triangle**.

---

### ✅ Final Answer:
The triangle with sides 7 cm, 24 cm, and 25 cm **is a right triangle**, because it satisfies the Pythagorean Theorem.

This is also a well-known **Pythagorean triple**: (7, 24, 25)."
"Geometry","measuring and calculating","G","In triangle ABC, angle A = 40°, angle B = 65°, and side a = 10 cm. Use the law of sines to find side b","To solve this problem, we will use the **Law of Sines**, which relates the sides and angles of a triangle. The Law of Sines states:

$$
\frac{a}{\sin A} = \frac{b}{\sin B} = \frac{c}{\sin C}
$$

Where:
- $ a, b, c $ are the lengths of the sides opposite angles $ A, B, C $ respectively.

---

### Given:
- Angle $ A = 40^\circ $
- Angle $ B = 65^\circ $
- Side $ a = 10 $ cm (this is opposite angle $ A $)
- We need to find side $ b $ (opposite angle $ B $)

---

### Step 1: Find angle $ C $

Since the sum of the angles in any triangle is $ 180^\circ $:

$$
C = 180^\circ - A - B = 180^\circ - 40^\circ - 65^\circ = 75^\circ
$$

---

### Step 2: Use the Law of Sines to find side $ b $

$$
\frac{a}{\sin A} = \frac{b}{\sin B}
$$

Plug in the known values:

$$
\frac{10}{\sin(40^\circ)} = \frac{b}{\sin(65^\circ)}
$$

Now solve for $ b $:

$$
b = \frac{10 \cdot \sin(65^\circ)}{\sin(40^\circ)}
$$

Use a calculator to find the sine values:

- $ \sin(65^\circ) \approx 0.9063 $
- $ \sin(40^\circ) \approx 0.6428 $

$$
b = \frac{10 \cdot 0.9063}{0.6428} \approx \frac{9.063}{0.6428} \approx 14.10
$$

---

### ✅ Final Answer:
$$
\boxed{b \approx 14.10 \text{ cm}}
$$

Let me know if you want help drawing the triangle or verifying your answer!"
"Geometry","measuring and calculating","G","In triangle XYZ, side x = 6 cm, side y = 7 cm, and angle Z = 60°. Use the law of cosines to find side z","To solve this problem, you're given:

- Side **x** = 6 cm (this is the side opposite angle **X**)
- Side **y** = 7 cm (this is the side opposite angle **Y**)
- Angle **Z** = 60° (the angle between sides **x** and **y**)

You are asked to find side **z**, which is the side opposite angle **Z**.

---

### 🔷 Step-by-step: Use the Law of Cosines

The **Law of Cosines** relates the lengths of the sides of a triangle to the cosine of one of its angles. It is especially useful when you know two sides and the included angle (SAS), which is exactly your case.

The formula is:

$$
z^2 = x^2 + y^2 - 2xy \cos(Z)
$$

Now plug in the known values:

- $ x = 6 $
- $ y = 7 $
- $ Z = 60^\circ $

We also need:
- $ \cos(60^\circ) = 0.5 $

---

### 🧮 Plug into the formula:

$$
z^2 = 6^2 + 7^2 - 2(6)(7)\cos(60^\circ)
$$

$$
z^2 = 36 + 49 - 2(6)(7)(0.5)
$$

$$
z^2 = 85 - 42
$$

$$
z^2 = 43
$$

---

### ✅ Take the square root:

$$
z = \sqrt{43} \approx 6.56 \text{ cm}
$$

---

### 🎯 Final Answer:
$$
\boxed{z \approx 6.56} \text{cm}
$$

Let me know if you want to double-check or visualize the triangle!"
"Geometry","measuring and calculating","G","Calculate the surface area of a sphere with radius 6 cm","To calculate the **surface area of a sphere**, you can use the following formula:

$$
\text{Surface Area} = 4\pi r^2
$$

Where:
- $ r $ is the radius of the sphere
- $ \pi $ (pi) is approximately **3.1416**

---

### Given:
- Radius $ r = 6 $ cm

---

### Step-by-step:

1. **Square the radius**:
   $$
   r^2 = 6^2 = 36
   $$

2. **Multiply by 4**:
   $$
   4 \times 36 = 144
   $$

3. **Multiply by π (pi)**:
   $$
   144 \times \pi \approx 144 \times 3.1416 \approx 452.39
   $$

---

### ✅ Final Answer:
$$
\text{Surface Area} \approx \mathbf{452.39 \, \text{cm}^2}
$$

So, the surface area of a sphere with a radius of **6 cm** is approximately **452.39 square centimeters**."
"Geometry","measuring and calculating","G","A circle has a radius of 10 cm. Find the length of an arc subtended by a 60° angle","To find the **length of an arc** subtended by a given angle in a circle, you can use the **arc length formula**:

$$
\text{Arc Length} = \theta \cdot r
$$

Where:
- $\theta$ is the angle **in radians**
- $r$ is the radius of the circle

---

### Step-by-step:

#### Given:
- Radius $r = 10$ cm
- Angle = $60^\circ$

But this angle is in **degrees**, and the arc length formula uses **radians**, so we need to convert it.

---

### Step 1: Convert degrees to radians

Use the conversion:
$$
\theta_{\text{radians}} = \theta_{\text{degrees}} \cdot \frac{\pi}{180}
$$

So for $60^\circ$:
$$
\theta = 60^\circ = 60 \cdot \frac{\pi}{180} = \frac{\pi}{3} \text{ radians}
$$

---

### Step 2: Apply the arc length formula

$$
\text{Arc Length} = \theta \cdot r = \frac{\pi}{3} \cdot 10 = \frac{10\pi}{3} \text{ cm}
$$

---

### Final Answer:
$$
\boxed{\frac{10\pi}{3}} \text{ cm} \quad \text{or approximately } \boxed{10.47} \text{ cm}
$$

Let me know if you want a visual explanation too!"
"Geometry","measuring and calculating","G","Find the perimeter of a triangle with vertices at A(0, 0), B(3, 4), and C(6, 0)","To find the **perimeter** of a triangle given its vertices, you need to:

### Step 1: Use the Distance Formula  
The distance between two points $(x_1, y_1)$ and $(x_2, y_2)$ is:

$$
\text{Distance} = \sqrt{(x_2 - x_1)^2 + (y_2 - y_1)^2}
$$

We'll use this to find the lengths of all three sides of the triangle.

---

### Step 2: Find the Lengths of the Sides

Let’s label the points:
- $A(0, 0)$
- $B(3, 4)$
- $C(6, 0)$

#### Side AB: from A(0, 0) to B(3, 4)
$$
AB = \sqrt{(3 - 0)^2 + (4 - 0)^2} = \sqrt{9 + 16} = \sqrt{25} = 5
$$

#### Side BC: from B(3, 4) to C(6, 0)
$$
BC = \sqrt{(6 - 3)^2 + (0 - 4)^2} = \sqrt{9 + 16} = \sqrt{25} = 5
$$

#### Side AC: from A(0, 0) to C(6, 0)
$$
AC = \sqrt{(6 - 0)^2 + (0 - 0)^2} = \sqrt{36 + 0} = \sqrt{36} = 6
$$

---

### Step 3: Add the Lengths to Get the Perimeter

$$
\text{Perimeter} = AB + BC + AC = 5 + 5 + 6 = 16
$$

---

### ✅ Final Answer:
$$
\boxed{16}
$$"
"Geometry","measuring and calculating","G","Two chords intersect in a circle forming an angle of 35°. If the arcs opposite are 80° and 50°, find the angle between the chords","Let's break this down step by step.

### **Given:**
- Two chords intersect **inside** a circle, forming an angle of **35°**.
- The measures of the **arcs opposite** to that angle are **80°** and **50°**.
- You are asked to find the **angle between the chords** — which is essentially the same as the 35° angle mentioned, but let’s verify how this angle relates to the arcs.

---

## ✅ Key Geometry Concept:

When two chords intersect **inside** a circle, the measure of the angle formed is **equal to half the sum of the measures of the intercepted arcs**.

### 🔺 Angle formed by intersecting chords:
$$
\text{Angle} = \frac{1}{2}(\text{arc}_1 + \text{arc}_2)
$$

In your case:
- The angle formed by the intersecting chords is **35°**
- The arcs opposite (intercepted arcs) are **80°** and **50°**

Let’s test this with the formula:

$$
\text{Angle} = \frac{1}{2}(80^\circ + 50^\circ) = \frac{1}{2}(130^\circ) = 65^\circ
$$

But wait! That gives us **65°**, not 35°. So something seems off.

---

## 🤔 Let's Re-analyze:

Maybe the **angle formed at the intersection is 35°**, and you're told that the arcs **intercepted by that angle** are **80° and 50°**, or maybe it's the other way around.

Actually, the correct rule is:

> When two chords intersect inside a circle, the angle formed is equal to **half the sum** of the measures of the **intercepted arcs**.

So if the angle is 35°, then:

$$
35^\circ = \frac{1}{2}(\text{arc}_1 + \text{arc}_2)
\Rightarrow \text{arc}_1 + \text{arc}_2 = 70^\circ
$$

So the total of the intercepted arcs is **70°**.

But you were told that the arcs opposite are **80° and 50°**, totaling **130°**.

This contradicts the earlier calculation.

---

## 🧠 Conclusion:

There are only two possibilities:

### ✅ Case 1:
If the angle formed by the intersecting chords is **35°**, then the intercepted arcs must add up to **70°**, so they can't be 80° and 50°.

### ✅ Case 2:
If the intercepted arcs are **80° and 50°**, then the angle formed is:

$$
\text{Angle} = \frac{1}{2}(80^\circ + 50^\circ) = \frac{130^\circ}{2} = 65^\circ
$$

---

## 📌 Final Answer:

If two chords intersect inside a circle and intercept arcs of **80° and 50°**, then the angle formed between them is:

$$
\boxed{65^\circ}
$$

If the angle formed is **35°**, then the intercepted arcs must add up to **70°**, so the given arc measures (80° and 50°) would not match that scenario.

---

Let me know if you meant something slightly different in the question — like whether the chords intersect **outside** the circle (which changes the rule)."
"Geometry","measuring and calculating","H","Calculate the surface area of a sphere inscribed in a cube with side 6 cm","To calculate the **surface area of a sphere inscribed in a cube** with side length **6 cm**, follow these steps:

---

### 🔍 Step 1: Understand the relationship between the cube and the sphere

When a **sphere is inscribed in a cube**, it means the **sphere touches all six faces of the cube** but does not extend beyond them. This implies that:

- The **diameter of the sphere** is equal to the **side length of the cube**.

So, since the cube has a side length of **6 cm**, the **diameter of the sphere = 6 cm**.

---

### 🔢 Step 2: Find the radius of the sphere

The **radius** $ r $ is half of the diameter:

$$
r = \frac{6}{2} = 3 \text{ cm}
$$

---

### 📐 Step 3: Use the formula for the surface area of a sphere

The **surface area $ A $** of a sphere is given by the formula:

$$
A = 4\pi r^2
$$

Substitute $ r = 3 $:

$$
A = 4\pi (3)^2 = 4\pi \cdot 9 = 36\pi \text{ cm}^2
$$

---

### ✅ Final Answer:

$$
\boxed{36\pi \text{ cm}^2} \quad \text{(approximately } \boxed{113.1 \text{ cm}^2} \text{ if using } \pi \approx 3.14159)
$$

Let me know if you'd like a visual explanation or derivation of the sphere's surface area formula!"
"Geometry","measuring and calculating","H","Determine the angle between the planes x + y + z = 0 and x − y = 0","To determine the **angle between two planes**, you need to find the angle between their **normal vectors**.

---

### 🔷 Step-by-step Explanation:

You're given two planes:

1. Plane 1: $ x + y + z = 0 $
2. Plane 2: $ x - y = 0 $

---

### 🧭 Step 1: Find Normal Vectors of the Planes

The general form of a plane is:

$$
Ax + By + Cz + D = 0
$$

The normal vector to this plane is:

$$
\vec{n} = \langle A, B, C \rangle
$$

So for each plane:

- Plane 1: $ x + y + z = 0 $ → normal vector $ \vec{n_1} = \langle 1, 1, 1 \rangle $
- Plane 2: $ x - y = 0 $ → normal vector $ \vec{n_2} = \langle 1, -1, 0 \rangle $

---

### 📐 Step 2: Use the Dot Product to Find the Angle Between the Normal Vectors

The formula for the cosine of the angle $ \theta $ between two vectors $ \vec{a} $ and $ \vec{b} $ is:

$$
\cos\theta = \frac{\vec{a} \cdot \vec{b}}{|\vec{a}| |\vec{b}|}
$$

Apply it to the normal vectors:

- $ \vec{n_1} \cdot \vec{n_2} = (1)(1) + (1)(-1) + (1)(0) = 1 - 1 + 0 = 0 $

Since the dot product is zero, we can already conclude:

$$
\cos\theta = 0 \Rightarrow \theta = 90^\circ
$$

---

### ✅ Final Answer:

> The angle between the planes $ x + y + z = 0 $ and $ x - y = 0 $ is **$ \mathbf{90^\circ} $** (or $ \frac{\pi}{2} $ radians).

This means the planes are **perpendicular** to each other.

Let me know if you'd like a visual explanation or how to find the line of intersection!"
"Geometry","measuring and calculating","H","If angle A satisfies sin²A + cos²A = 1 and tanA = 3⁄4, find angle A in degrees","You're being asked to **find angle A in degrees**, given two key pieces of information:

1. $ \sin^2 A + \cos^2 A = 1 $ (which is always true for any angle A — it's a Pythagorean identity),
2. $ \tan A = \frac{3}{4} $

---

### Step-by-step breakdown:

#### 🔹 Step 1: Understand what you're given

- The identity $ \sin^2 A + \cos^2 A = 1 $ is always true and doesn't help us find the angle directly.
- However, the value $ \tan A = \frac{3}{4} $ **does** give us specific information about angle A.

Recall that:
$$
\tan A = \frac{\sin A}{\cos A}
$$
So if $ \tan A = \frac{3}{4} $, this suggests that in a right triangle:
- Opposite side = 3
- Adjacent side = 4

Using the Pythagorean theorem, we can find the hypotenuse:
$$
\text{Hypotenuse} = \sqrt{3^2 + 4^2} = \sqrt{9 + 16} = \sqrt{25} = 5
$$

Thus:
- $ \sin A = \frac{3}{5} $
- $ \cos A = \frac{4}{5} $
- And indeed, $ \sin^2 A + \cos^2 A = \left(\frac{3}{5}\right)^2 + \left(\frac{4}{5}\right)^2 = \frac{9}{25} + \frac{16}{25} = \frac{25}{25} = 1 $

✅ So everything checks out!

---

#### 🔹 Step 2: Use inverse tangent to find angle A

We are given:
$$
\tan A = \frac{3}{4}
$$
To find angle $ A $, take the arctangent (inverse tangent):
$$
A = \tan^{-1}\left( \frac{3}{4} \right)
$$

Use a calculator:
$$
A \approx \tan^{-1}(0.75) \approx 36.87^\circ
$$

---

### ✅ Final Answer:

$$
\boxed{36.87^\circ}
$$

This is the angle A such that $ \tan A = \frac{3}{4} $."
"Geometry","measuring and calculating","H","Determine the distance between skew lines L₁: (1,2,3) + t(1,0,–1) and L₂: (0,1,0) + s(1,1,1)","To determine the **shortest distance between two skew lines**, such as:

- Line $ L_1: \vec{r}_1 = (1, 2, 3) + t(1, 0, -1) $
- Line $ L_2: \vec{r}_2 = (0, 1, 0) + s(1, 1, 1) $

We use a standard formula from vector geometry.

---

### 🔹 Step-by-step Method

Let’s define:
- $ \vec{a} = (1, 2, 3) $ — point on line $ L_1 $
- $ \vec{b} = (0, 1, 0) $ — point on line $ L_2 $
- $ \vec{v}_1 = (1, 0, -1) $ — direction vector of $ L_1 $
- $ \vec{v}_2 = (1, 1, 1) $ — direction vector of $ L_2 $

The shortest distance $ d $ between two skew lines is given by:

$$
d = \frac{|(\vec{b} - \vec{a}) \cdot (\vec{v}_1 \times \vec{v}_2)|}{\|\vec{v}_1 \times \vec{v}_2\|}
$$

---

### 🔸 Step 1: Compute $ \vec{b} - \vec{a} $

$$
\vec{b} - \vec{a} = (0 - 1, 1 - 2, 0 - 3) = (-1, -1, -3)
$$

---

### 🔸 Step 2: Compute $ \vec{v}_1 \times \vec{v}_2 $

$$
\vec{v}_1 = (1, 0, -1), \quad \vec{v}_2 = (1, 1, 1)
$$

Use the cross product formula:

$$
\vec{v}_1 \times \vec{v}_2 =
\begin{vmatrix}
\mathbf{i} & \mathbf{j} & \mathbf{k} \\
1 & 0 & -1 \\
1 & 1 & 1 \\
\end{vmatrix}
= \mathbf{i}(0 \cdot 1 - (-1) \cdot 1) - \mathbf{j}(1 \cdot 1 - (-1) \cdot 1) + \mathbf{k}(1 \cdot 1 - 0 \cdot 1)
$$

$$
= \mathbf{i}(0 + 1) - \mathbf{j}(1 + 1) + \mathbf{k}(1 - 0) = (1, -2, 1)
$$

So,

$$
\vec{v}_1 \times \vec{v}_2 = (1, -2, 1)
$$

---

### 🔸 Step 3: Compute the dot product $ (\vec{b} - \vec{a}) \cdot (\vec{v}_1 \times \vec{v}_2) $

$$
(-1, -1, -3) \cdot (1, -2, 1) = (-1)(1) + (-1)(-2) + (-3)(1) = -1 + 2 - 3 = -2
$$

Take the absolute value:

$$
|(\vec{b} - \vec{a}) \cdot (\vec{v}_1 \times \vec{v}_2)| = |-2| = 2
$$

---

### 🔸 Step 4: Compute the magnitude of $ \vec{v}_1 \times \vec{v}_2 $

$$
\|\vec{v}_1 \times \vec{v}_2\| = \sqrt{1^2 + (-2)^2 + 1^2} = \sqrt{1 + 4 + 1} = \sqrt{6}
$$

---

### 🔸 Final Answer

$$
\boxed{d = \frac{2}{\sqrt{6}} = \frac{\sqrt{6}}{3}}
$$

---

### ✅ Summary

- The shortest distance between the skew lines $ L_1 $ and $ L_2 $ is $ \boxed{\frac{\sqrt{6}}{3}} $
- This method works for any pair of skew lines in 3D space.

Let me know if you'd like to see this done geometrically or using calculus!"
"Geometry","measuring and calculating","H","Approximate the shortest distance between Paris (49°N, 2°E) and Cairo (30°N, 31°E) on Earth’s surface","To approximate the **shortest distance between two points on Earth's surface**, like Paris and Cairo, you can use the **haversine formula** or a simplified version for calculating distances along a **great circle** (the shortest path on a sphere).

---

### 📍 Given Coordinates:

- **Paris**: 49°N (latitude), 2°E (longitude)
- **Cairo**: 30°N (latitude), 31°E (longitude)

We'll assume Earth is a perfect sphere with an average radius of:
> **R = 6371 km**

---

## 🔢 Step-by-step: Using the Haversine Formula

Let’s define:

- $ \phi_1 $ = latitude of Paris in radians  
- $ \lambda_1 $ = longitude of Paris in radians  
- $ \phi_2 $ = latitude of Cairo in radians  
- $ \lambda_2 $ = longitude of Cairo in radians  

---

### ✅ Step 1: Convert Degrees to Radians

Use the conversion:

$$
\text{radians} = \text{degrees} \times \frac{\pi}{180}
$$

So:

- $ \phi_1 = 49^\circ \times \frac{\pi}{180} \approx 0.8552 $
- $ \lambda_1 = 2^\circ \times \frac{\pi}{180} \approx 0.0349 $
- $ \phi_2 = 30^\circ \times \frac{\pi}{180} \approx 0.5236 $
- $ \lambda_2 = 31^\circ \times \frac{\pi}{180} \approx 0.5411 $

---

### ✅ Step 2: Apply the Haversine Formula

The haversine formula is:

$$
a = \sin^2\left(\frac{\Delta\phi}{2}\right) + \cos(\phi_1)\cos(\phi_2)\sin^2\left(\frac{\Delta\lambda}{2}\right)
$$

Where:

- $ \Delta\phi = \phi_2 - \phi_1 $
- $ \Delta\lambda = \lambda_2 - \lambda_1 $

Compute:

- $ \Delta\phi = 0.5236 - 0.8552 = -0.3316 $
- $ \Delta\lambda = 0.5411 - 0.0349 = 0.5062 $

Now plug into the formula:

$$
a = \sin^2\left(\frac{-0.3316}{2}\right) + \cos(0.8552)\cdot\cos(0.5236)\cdot\sin^2\left(\frac{0.5062}{2}\right)
$$

Calculate each part:

- $ \sin^2(-0.1658) \approx \sin^2(0.1658) \approx 0.0275 $
- $ \cos(0.8552) \approx 0.6583 $
- $ \cos(0.5236) \approx 0.8660 $
- $ \sin^2(0.2531) \approx 0.0640 $

Now compute:

$$
a = 0.0275 + (0.6583)(0.8660)(0.0640) \approx 0.0275 + 0.0366 = 0.0641
$$

Then:

$$
c = 2 \cdot \arctan2\left(\sqrt{a}, \sqrt{1-a}\right) \approx 2 \cdot \arcsin(\sqrt{0.0641}) \approx 2 \cdot 0.2532 = 0.5064
$$

---

### ✅ Step 3: Multiply by Earth Radius

$$
\text{Distance} = R \cdot c = 6371 \cdot 0.5064 \approx 3226 \text{ km}
$$

---

## ✅ Final Answer:

> The **approximate shortest distance** between **Paris** and **Cairo** on Earth’s surface is about **3,226 kilometers**.

---

## 💡 Notes:

- This assumes Earth is a perfect sphere. For higher accuracy, you can use more precise ellipsoidal models like WGS84.
- You can also use online tools or GIS software like Google Earth, QGIS, or Python libraries (`geopy`) to calculate this quickly.

Let me know if you want a Python code snippet to do this!"
"Geometry","measuring and calculating","H","A tree casts a 15 m shadow at a 35° angle of elevation; find its height using trigonometry","To find the **height of a tree** that casts a **15-meter shadow**, given that the **angle of elevation to the sun is 35°**, you can use **trigonometry**, specifically the **tangent function**.

---

### 📌 Step-by-Step Explanation:

We are given:
- The length of the **shadow** = 15 meters
- The **angle of elevation** from the tip of the shadow to the top of the tree = 35°

This forms a **right triangle**:
- The **tree** is the **opposite side**
- The **shadow** is the **adjacent side**
- The angle between them is 35°

---

### ✅ Use the Tangent Function:

In trigonometry:

$$
\tan(\theta) = \frac{\text{opposite}}{\text{adjacent}}
$$

Let’s let:
- $ h $ = height of the tree (opposite)
- Adjacent = 15 m
- $ \theta = 35^\circ $

So:

$$
\tan(35^\circ) = \frac{h}{15}
$$

Now solve for $ h $:

$$
h = 15 \cdot \tan(35^\circ)
$$

---

### 🔢 Calculate:

Use a calculator to find $ \tan(35^\circ) $:

$$
\tan(35^\circ) \approx 0.7002
$$

Then:

$$
h = 15 \cdot 0.7002 \approx 10.503
$$

---

### ✅ Final Answer:

$$
\boxed{10.5} \text{meters (approximately)}
$$

That means the **tree is about 10.5 meters tall**.

---

### 🧠 Summary:

- Use tangent: $ \tan(\theta) = \frac{\text{opposite}}{\text{adjacent}} $
- Plug in values and solve for the unknown height
- Use a calculator to evaluate the trigonometric function

Let me know if you want a visual diagram or more examples!"
"Sizes and measurement","Record and compare sizes","B","Is 1 meter longer or shorter than 50 cm? ______","To solve the task **""Is 1 meter longer or shorter than 50 cm?""**, you need to compare the two lengths by converting them to the same unit.

### Step-by-step:

1. **Understand the units:**
   - 1 meter (m) = 100 centimeters (cm)

2. **Compare:**
   - 1 meter = 100 cm
   - 50 cm = 50 cm

3. **Determine which is longer:**
   - 100 cm (which is 1 meter) is more than 50 cm.

### ✅ Final Answer:
**1 meter is longer than 50 cm.**

Let me know if you want help with anything else! 😊"
"Sizes and measurement","Record and compare sizes","B","Use <, >, or = to compare: 45 cm ___ 54 cm","To solve the task **""Use <, >, or = to compare: 45 cm ___ 54 cm""**, follow these steps:

### Step 1: Understand what you're comparing
You are comparing two lengths in centimeters:
- 45 cm
- 54 cm

### Step 2: Compare the numbers
Look at the numbers without the units:
- 45 vs. 54

Since **45 is less than 54**, that means:
- **45 cm is less than 54 cm**

### Step 3: Choose the correct symbol
The correct comparison symbol to use is:
- **<** (which means ""less than"")

### ✅ Final Answer:
**45 cm < 54 cm**

Let me know if you want to learn how to compare measurements with different units too!"
"Sizes and measurement","Record and compare sizes","B","Estimate: Is your desk about 1 meter or 10 meters long? ______","To solve this task — **""Estimate: Is your desk about 1 meter or 10 meters long?""** — you need to use your understanding of **length measurements** and **real-world objects** to make a reasonable guess.

Here’s how you can approach it step by step:

---

### 🧠 Step 1: Understand the units
- **1 meter** is about the length from your nose to the tip of your outstretched arm.
- **10 meters** is about the length of a school bus or 3–4 large steps repeated 10 times.

---

### 🪑 Step 2: Visualize or observe a typical desk
Think about the desks you’ve seen in classrooms, at home, or in offices. Most desks:
- Are big enough to hold a laptop, books, and have space to write.
- Are designed for one person to sit at.
- Usually range from about **1 meter to 1.5 meters** long.

---

### 📏 Step 3: Compare with the given options
Now compare what you know to the two choices:
- **1 meter**: This sounds about right for a small desk.
- **10 meters**: That would be extremely long — like a whole row of desks!

---

### ✅ Step 4: Make your estimate
Since **a desk that is 10 meters long is unrealistic**, the better estimate is:

> **1 meter**

---

### ✔️ Final Answer:
**1 meter**

Let me know if you want to practice more estimation questions!"
"Sizes and measurement","Record and compare sizes","B","A bottle holds 1 liter of juice. If you drink half, how much is left? ______ liters","Sure! Let's break down the problem step by step:

### Task:
**A bottle holds 1 liter of juice. If you drink half, how much is left?**

### Step-by-step solution:

1. The bottle starts with **1 liter** of juice.
2. You drink **half** of it.  
   Half of 1 liter is:  
   $$
   \frac{1}{2} = 0.5 \text{ liters}
   $$
3. To find out how much is left, subtract the amount you drank from the total:
   $$
   1 - 0.5 = 0.5 \text{ liters}
   $$

### ✅ Final Answer:
**0.5 liters** (or **½ liter**) is left.

Let me know if you'd like a visual explanation or help with similar problems!"
"Sizes and measurement","Record and compare sizes","B","The window is 1.5 meters tall. Is that taller or shorter than you?","Sure! Let's break down the task step by step so you can answer the question:

**Question:**  
*“The window is 1.5 meters tall. Is that taller or shorter than you?”*

---

### Step 1: Understand the question
You are being asked to **compare your height** to the height of a window, which is given as **1.5 meters**.

---

### Step 2: Find your own height
You need to know how tall you are. This can be in **meters**, **centimeters**, or **feet/inches**, but it’s best to convert everything to the same unit for easy comparison.

- If you know your height in **centimeters**, remember:
  - 1 meter = 100 centimeters → so 1.5 meters = 150 cm
- If you know your height in **feet and inches**, you can convert it to meters or centimeters using conversion tools or formulas.

---

### Step 3: Compare your height to 1.5 meters

Let’s look at some examples:

- If you're **1.6 meters tall** (or 160 cm):  
  → You are **taller** than the window.

- If you're **1.4 meters tall** (or 140 cm):  
  → You are **shorter** than the window.

- If you're exactly **1.5 meters tall**:  
  → You are the **same height** as the window.

---

### Step 4: Write your answer
Once you’ve compared, just state whether you are taller or shorter than the window.

**Example Answer:**  
“I am 1.65 meters tall, so I am taller than the window, which is 1.5 meters tall.”

---

### Bonus Tip:
If you’re unsure about your exact height, you can measure yourself using a ruler or measuring tape. Stand straight against a wall, mark your height with a pencil, then measure from the floor to the mark.

Let me know your height if you want help comparing it!"
"Sizes and measurement","Record and compare sizes","B","You run 300 meters in the playground and 500 meters in PE class. How far did you run in total? ______ meters","To solve this task, you need to **add** the distances you ran in both places.

### Step-by-step:

- You ran **300 meters** in the playground.
- You ran **500 meters** in PE class.

Now, add those two distances together:

$$
300 + 500 = 800
$$

### Final Answer:
**800 meters**

So, you ran a total of **800 meters**."
"Sizes and measurement","Record and compare sizes","C","Compare: 2 liters ___ 1,500 milliliters (use <, >, =)","To compare **2 liters** and **1,500 milliliters**, you need to convert both quantities to the same unit so they can be directly compared.

---

### Step 1: Understand the units

- **1 liter = 1,000 milliliters**

---

### Step 2: Convert 2 liters to milliliters

$$
2 \text{ liters} \times 1,000 = 2,000 \text{ milliliters}
$$

---

### Step 3: Compare

Now compare:
$$
2,000 \text{ mL} \quad \text{vs.} \quad 1,500 \text{ mL}
$$

Clearly:
$$
2,000 > 1,500
$$

---

### Final Answer:

$$
\boxed{2 \text{ liters} > 1,500 \text{ milliliters}}
$$"
"Sizes and measurement","Record and compare sizes","C","A book is 3 cm thick. How thick are 5 books stacked together?","To solve this task, you can use **simple multiplication**.

### Given:
- Thickness of **1 book** = 3 cm
- You have **5 books**

### Step-by-step:
1. Multiply the thickness of one book by the number of books:
   $$
   3 \, \text{cm} \times 5 = 15 \, \text{cm}
   $$

### ✅ Answer:
**5 books stacked together are 15 cm thick.**

Let me know if you want to explore similar problems!"
"Sizes and measurement","Record and compare sizes","C","Which weighs more: 1 kilogram of apples or 1,328 grams of bananas?","To solve this task and determine **which weighs more — 1 kilogram of apples or 1,328 grams of bananas**, follow these steps:

---

### ✅ Step 1: Understand the units

- **Kilograms (kg)** and **grams (g)** are units of mass.
- **1 kilogram = 1,000 grams**

---

### ✅ Step 2: Convert both weights to the same unit

You can either convert everything to **grams** or to **kilograms**. Let's use **grams** for simplicity.

- **1 kilogram of apples = 1,000 grams**
- **Bananas = 1,328 grams**

---

### ✅ Step 3: Compare the two values

- Apples: **1,000 grams**
- Bananas: **1,328 grams**

Since **1,328 grams > 1,000 grams**, the **bananas weigh more**.

---

### ✅ Final Answer:

**1,328 grams of bananas weighs more than 1 kilogram of apples.**"
"Sizes and measurement","Record and compare sizes","D","You have three water jugs: 1.2 L, 2.35 L, and 0.95 L. What is their total volume in milliliters?","!!!!"
"Sizes and measurement","Record and compare sizes","D","Record the temperature from a thermometer — what kind of clothing would you wear? (the thermometer showing 18°C)","To solve the task **""Record the temperature from a thermometer — what kind of clothing would you wear?""** when the thermometer shows **18°C**, follow these steps:

---

### 🔹 Step 1: Understand the Task
The goal is to:
1. **Read and record the temperature** shown on the thermometer (which is already given as **18°C**).
2. **Decide on appropriate clothing** for that temperature.

---

### 🔹 Step 2: Record the Temperature
This step is straightforward. You simply note down or state what the thermometer shows:

> ""The temperature is **18°C**.""

---

### 🔹 Step 3: Determine What Kind of Clothing to Wear at 18°C

#### 🌡️ Weather at 18°C:
- **Mild** or **cool**, depending on humidity and wind.
- Typically considered **spring or autumn weather**.
- Not too hot, not too cold.

#### 👕 Appropriate Clothing Options:
You should dress in **light layers** so you can adjust if it gets warmer or cooler.

**Suggested outfit:**
- Light jacket or sweater
- Long sleeves or t-shirt with a sweater
- Comfortable pants or jeans
- Closed shoes or sneakers
- Optional scarf if it's breezy

Avoid heavy coats or overly warm clothes, but don’t go out in just a short-sleeved shirt if there’s a breeze.

---

### ✅ Final Answer Example:

> The recorded temperature is **18°C**. At this temperature, I would wear a **light jacket or sweater**, a long-sleeve shirt or t-shirt underneath, **jeans or trousers**, and **comfortable shoes**. If it’s windy, I might also bring a **scarf**.

---

Let me know if you'd like to turn this into a written response for schoolwork or an exam!"
"Sizes and measurement","Record and compare sizes","D","An object is 0.03 m thick. How many of them would stack up to 1.5 meters?","To solve this task, you need to determine how many objects — each **0.03 meters thick** — would stack up to a total height of **1.5 meters**.

### Step-by-step:

#### 1. Understand the question:
You're being asked: *How many times does 0.03 meters fit into 1.5 meters?*

This is a **division problem**.

#### 2. Set up the division:
$$
\frac{1.5}{0.03}
$$

#### 3. Do the division:

One way to simplify this is to eliminate the decimal by multiplying numerator and denominator by 100:

$$
\frac{1.5 \times 100}{0.03 \times 100} = \frac{150}{3} = 50
$$

---

### ✅ Final Answer:
**50 objects** stacked together, each 0.03 meters thick, will reach a total height of 1.5 meters."
"Sizes and measurement","Record and compare sizes","D","Convert 3.75 km into meters and then subtract 1,480 m — what’s the result in kilometers?","Sure! Let's break this task down step by step:

---

### **Step 1: Convert 3.75 kilometers (km) to meters (m)**

We know that:
> 1 km = 1,000 meters

So:
$$
3.75 \, \text{km} = 3.75 \times 1,000 = 3,750 \, \text{meters}
$$

---

### **Step 2: Subtract 1,480 meters from 3,750 meters**

$$
3,750 \, \text{m} - 1,480 \, \text{m} = 2,270 \, \text{m}
$$

---

### **Step 3: Convert the result back to kilometers**

To convert meters to kilometers, divide by 1,000:
$$
2,270 \, \text{m} = \frac{2,270}{1,000} = 2.27 \, \text{km}
$$

---

### ✅ **Final Answer:**
**2.27 kilometers**

Let me know if you want to see it done another way!"
"Sizes and measurement","Record and compare sizes","E","A student rounds a measurement of 3.78 m to 4 m. What is the percent error?","To calculate the **percent error**, you compare the **difference between the rounded value and the original measurement** to the **original measurement**, then express that difference as a percentage.

---

### Step-by-step:

You are given:

- **Original measurement**: 3.78 m  
- **Rounded value**: 4 m

---

### Formula for Percent Error:

$$
\text{Percent Error} = \left( \frac{|\text{Rounded Value} - \text{Original Value}|}{\text{Original Value}} \right) \times 100\%
$$

---

### Plug in the values:

$$
\text{Percent Error} = \left( \frac{|4 - 3.78|}{3.78} \right) \times 100\%
$$

$$
= \left( \frac{0.22}{3.78} \right) \times 100\%
$$

$$
\approx 5.82\%
$$

---

### ✅ Final Answer:
The percent error is approximately **5.82%**.

Let me know if you want to explore how rounding affects accuracy in general!"
"Sizes and measurement","Record and compare sizes","E","Estimate whether 2 gallons of paint is enough to cover a surface needing 7.2 L of paint.","To determine whether **2 gallons of paint** is enough to cover a surface that needs **7.2 liters (L)** of paint, you need to **compare the two quantities in the same unit**.

---

### ✅ Step-by-step Solution:

#### **Step 1: Convert gallons to liters**
You need to convert **gallons to liters**, because the required amount is given in liters.

- **1 gallon ≈ 3.78541 liters**

So:
$$
2 \text{ gallons} = 2 \times 3.78541 = 7.57082 \text{ liters}
$$

---

#### **Step 2: Compare with the required amount**
The surface requires **7.2 liters** of paint.

- You have **7.57082 liters** worth of paint (from 2 gallons).

Now compare:
$$
7.57082 \text{ L} > 7.2 \text{ L}
$$

---

### ✅ Final Answer:
**Yes, 2 gallons of paint is enough** to cover a surface needing **7.2 liters** of paint.

---

### 📌 Extra Tip:
Always consider a little extra for waste or touch-ups, but mathematically speaking, 2 gallons gives you slightly more than 7.2 liters."
"Sizes and measurement","Record and compare sizes","E","A road is listed as 1.2 miles. Convert to kilometers and decide whether it's over or under 2 km","To solve this task, you need to **convert miles to kilometers** and then **compare the result to 2 kilometers**.

---

### 🛤 Step-by-step Guide:

#### 1. **Understand the Conversion Factor**
- 1 mile ≈ **1.60934 kilometers**

#### 2. **Convert 1.2 Miles to Kilometers**
Multiply the number of miles by the conversion factor:

$$
1.2 \, \text{miles} \times 1.60934 \, \frac{\text{km}}{\text{mile}} = 1.9312 \, \text{km}
$$

So, **1.2 miles ≈ 1.9312 kilometers**

---

#### 3. **Compare to 2 Kilometers**
Now ask:  
Is 1.9312 km **over or under** 2 km?

✅ **Answer:** It is **under** 2 km.

---

### ✅ Final Answer:
**1.2 miles is approximately 1.93 kilometers**, which is **under 2 kilometers**.

Let me know if you want help with rounding or unit conversions in general!"
"Sizes and measurement","Record and compare sizes","F","A road is 5.6 km long. How many miles is that? (Use 1 mile ≈ 1.609 km)","To convert **kilometers (km)** to **miles**, you can use the conversion factor:

$$
1 \text{ mile} ≈ 1.609 \text{ km}
$$

### Step-by-step process:

You are given:
- Length of the road = **5.6 km**
- Conversion factor: $ 1 \text{ mile} = 1.609 \text{ km} $

To convert km to miles, **divide** the number of kilometers by 1.609:

$$
\text{Miles} = \frac{\text{Kilometers}}{1.609}
$$

$$
\text{Miles} = \frac{5.6}{1.609}
$$

Now calculate:

$$
\text{Miles} ≈ 3.48 \text{ miles}
$$

### ✅ Final Answer:
$$
\boxed{3.48} \text{ miles}
$$

Let me know if you'd like to do this without a calculator or using estimation!"
"Sizes and measurement","Record and compare sizes","F","A tank holds 1,200 liters. A smaller tank holds 320 gallons. Which holds more? (1 gallon ≈ 3.785 L)","To solve this task, you need to **compare the capacities of the two tanks**, but first you must convert both volumes to the **same unit** — either both in **liters** or both in **gallons**.

---

### Given:
- Tank 1 holds **1,200 liters**
- Tank 2 holds **320 gallons**
- Conversion factor: **1 gallon ≈ 3.785 liters**

---

## ✅ Step-by-step Solution:

### Step 1: Convert 320 gallons to liters

$$
320 \text{ gallons} \times 3.785 \frac{\text{liters}}{\text{gallon}} = ?
$$

$$
= 320 \times 3.785 = 1,211.2 \text{ liters}
$$

---

### Step 2: Compare the two volumes

- Tank 1: **1,200 liters**
- Tank 2 (converted): **1,211.2 liters**

---

### ✅ Final Answer:
The **smaller tank** (which holds 320 gallons) actually holds **more** than the 1,200-liter tank when converted — **1,211.2 liters vs. 1,200 liters**.

So, **the smaller tank holds more**.

---

Let me know if you want to convert the other way (liters to gallons)!"
"Sizes and measurement","Record and compare sizes","F","A jogger runs 5 km in 30 minutes. What is her average speed in m/s?","To find the **average speed** of the jogger in **meters per second (m/s)**, you need to use the formula for average speed:

$$
\text{Average Speed} = \frac{\text{Distance}}{\text{Time}}
$$

---

### Step 1: Convert Distance to Meters

The jogger runs **5 km**, and we want the answer in **meters**, so convert kilometers to meters:

$$
5\, \text{km} = 5 \times 1000 = 5000\, \text{m}
$$

---

### Step 2: Convert Time to Seconds

The time is given as **30 minutes**. Since we want the speed in **m/s**, convert minutes to seconds:

$$
30\, \text{minutes} = 30 \times 60 = 1800\, \text{seconds}
$$

---

### Step 3: Calculate Average Speed

Now plug the values into the formula:

$$
\text{Average Speed} = \frac{5000\, \text{m}}{1800\, \text{s}} \approx 2.78\, \text{m/s}
$$

---

### ✅ Final Answer:
$$
\boxed{2.78\, \text{m/s}}
$$

Let me know if you'd like help with unit conversions or more speed problems!"
"Sizes and measurement","Record and compare sizes","G","A light-year is approximately 9.46 × 10¹² km; express this in meters","Sure! Let's break down the task **step by step**:

---

### 🌟 **Task:**  
You are given that:
> 1 light-year ≈ **9.46 × 10¹² kilometers (km)**

You need to express this in **meters (m)**.

---

### 🧠 **Step 1: Understand the unit conversion**

We know:
- **1 kilometer (km) = 1,000 meters (m)**  
- So, to convert kilometers to meters, multiply by **1,000** (or **10³**).

---

### 🔁 **Step 2: Convert kilometers to meters**

Given:
```
9.46 × 10¹² km × 1,000 m/km
```

This is the same as:
```
9.46 × 10¹² × 10³ meters
```

When multiplying powers of 10:
```
10¹² × 10³ = 10^(12+3) = 10¹⁵
```

So:
```
9.46 × 10¹⁵ meters
```

---

### ✅ **Final Answer:**
> **1 light-year ≈ 9.46 × 10¹⁵ meters**

---

Let me know if you'd like help understanding what a light-year actually *is*!"
"Sizes and measurement","Record and compare sizes","G","A sheet of paper is 0.1 mm thick; how tall is a stack of 2000 sheets in cm?","To solve this task, you need to calculate the total height of a stack of 2000 sheets of paper, given that each sheet is **0.1 mm** thick.

---

### **Step-by-step Solution:**

#### **Step 1: Find total thickness in millimeters (mm)**
Multiply the thickness of one sheet by the number of sheets:

$$
\text{Total thickness} = 0.1 \, \text{mm/sheet} \times 2000 \, \text{sheets} = 200 \, \text{mm}
$$

---

#### **Step 2: Convert millimeters to centimeters (cm)**  
There are **10 millimeters in 1 centimeter**, so divide by 10:

$$
200 \, \text{mm} \div 10 = 20 \, \text{cm}
$$

---

### ✅ **Final Answer:**
A stack of 2000 sheets of paper is **20 centimeters tall**."
"Sizes and measurement","Record and compare sizes","G","A cylindrical pipe has radius 4 cm and height 3 m; compare its volume to one with radius 6 cm and height 2.5 m","To compare the volumes of two cylindrical pipes, you can use the **formula for the volume of a cylinder**:

$$
V = \pi r^2 h
$$

Where:
- $ V $ is the volume,
- $ r $ is the radius,
- $ h $ is the height,
- $ \pi \approx 3.1416 $

---

### Step 1: Convert units to be consistent

The first cylinder has:
- Radius $ r_1 = 4 \text{ cm} $
- Height $ h_1 = 3 \text{ m} = 300 \text{ cm} $

The second cylinder has:
- Radius $ r_2 = 6 \text{ cm} $
- Height $ h_2 = 2.5 \text{ m} = 250 \text{ cm} $

We convert meters to centimeters because the radius is given in centimeters (to keep units consistent).

---

### Step 2: Calculate the volume of each cylinder

#### Volume of Cylinder 1:
$$
V_1 = \pi r_1^2 h_1 = \pi (4)^2 (300) = \pi (16)(300) = \pi \cdot 4800
$$
$$
V_1 \approx 3.1416 \cdot 4800 \approx 15079.68 \text{ cm}^3
$$

#### Volume of Cylinder 2:
$$
V_2 = \pi r_2^2 h_2 = \pi (6)^2 (250) = \pi (36)(250) = \pi \cdot 9000
$$
$$
V_2 \approx 3.1416 \cdot 9000 \approx 28274.33 \text{ cm}^3
$$

---

### Step 3: Compare the volumes

Now compare the two volumes:
- Cylinder 1: ≈ **15,079.68 cm³**
- Cylinder 2: ≈ **28,274.33 cm³**

So, the second cylinder has a larger volume.

---

### Step 4: Find the ratio of the volumes (optional)

To compare them more precisely:

$$
\frac{V_2}{V_1} = \frac{28274.33}{15079.68} \approx 1.875
$$

So, the second cylinder has about **1.875 times the volume** of the first one.

---

### ✅ Final Answer:

The second cylinder (radius 6 cm, height 2.5 m) has approximately **1.875 times** the volume of the first cylinder (radius 4 cm, height 3 m)."
"Sizes and measurement","Record and compare sizes","H","Compare the thickness of a human hair (0.07 mm) to the Planck length (1.6 × 10⁻³⁵ m); how many times larger is the hair?","To solve the task of comparing the **thickness of a human hair (0.07 mm)** to the **Planck length (1.6 × 10⁻³⁵ m)**, you need to follow these steps:

---

### 🔢 Step 1: Convert the thickness of the human hair into meters

The thickness of a human hair is given in **millimeters (mm)**, but we want everything in **meters (m)** for comparison.

We know:
- 1 mm = 0.001 meters  
So,
- 0.07 mm = 0.07 × 0.001 = **7 × 10⁻⁵ meters**

---

### 🔢 Step 2: Use the Planck length

The Planck length is already in meters:
- **Planck length = 1.6 × 10⁻³⁵ m**

---

### 🧮 Step 3: Divide the thickness of the hair by the Planck length

Now, divide the size of the hair by the Planck length to find out **how many times larger** the hair is:

$$
\frac{7 \times 10^{-5}}{1.6 \times 10^{-35}} = \left(\frac{7}{1.6}\right) \times 10^{(-5 + 35)} = 4.375 \times 10^{30}
$$

---

### ✅ Final Answer:

A human hair is approximately **4.375 × 10³⁰ times larger** than the Planck length.

Or in words: **Over 4 million billion billion billion times bigger**.

---

Let me know if you'd like this explained using simpler terms or analogies!"
"Sizes and measurement","Record and compare sizes","H","Estimate how many raindrops (radius ~1 mm) would fill a 1-liter container","To estimate how many **raindrops** (each with a radius of about **1 mm**) would fill a **1-liter container**, we can follow these steps:

---

### 🔢 Step 1: Calculate the volume of one raindrop

Raindrops are roughly spherical, so we use the formula for the volume of a sphere:

$$
V = \frac{4}{3} \pi r^3
$$

Given:
- Radius $ r = 1 \text{ mm} = 0.001 \text{ m} $

So:

$$
V_{\text{drop}} = \frac{4}{3} \pi (0.001)^3 = \frac{4}{3} \pi \times 10^{-9} \text{ m}^3
$$

$$
V_{\text{drop}} \approx 4.19 \times 10^{-9} \text{ m}^3
$$

---

### 📦 Step 2: Convert 1 liter to cubic meters

Since 1 liter = 0.001 m³:

$$
V_{\text{container}} = 0.001 \text{ m}^3
$$

---

### ➗ Step 3: Divide container volume by drop volume

$$
\text{Number of drops} = \frac{V_{\text{container}}}{V_{\text{drop}}} = \frac{0.001}{4.19 \times 10^{-9}} \approx 238,600
$$

---

### ✅ Final Estimate:

$$
\boxed{\sim 240,000 \text{ raindrops}}
$$

This is an approximation. In reality, due to **packing inefficiencies** (since spheres don’t fill space completely), you might get **about 70–75%** of this number in practice — so maybe around **170,000 to 180,000 raindrops**.

Let me know if you want a more precise version or breakdown!"
"Sizes and measurement","Handling units of measurement","B","Which unit would you use to measure a pencil: cm or m? ______","To solve the task **""Which unit would you use to measure a pencil: cm or m?""**, follow these steps:

---

### Step 1: Understand the size of the object
- A **pencil** is a small object.
- Most pencils are about as long as your hand or a little longer.

---

### Step 2: Know what the units represent
- **Centimeter (cm):**
  - 1 cm is about the width of your pinky finger.
  - It is used for measuring small objects.
- **Meter (m):**
  - 1 meter is about the length of a large step or a baseball bat.
  - It is used for measuring larger things like rooms or furniture.

---

### Step 3: Compare the pencil to the units
- A typical pencil is **15–20 cm long**.
- If you used meters, that would be **0.15–0.2 meters**, which is less intuitive and not commonly used for such a small object.

---

### ✅ Final Answer:
**cm** (centimeters)

> So, you would use **centimeters (cm)** to measure the length of a pencil.

--- 

Let me know if you'd like to learn how to estimate lengths using body parts or everyday objects!"
"Sizes and measurement","Handling units of measurement","B","Which is heavier: 1 kg or 1 g?","To determine which is heavier — **1 kilogram (kg)** or **1 gram (g)** — you need to understand the relationship between these two units of mass in the metric system.

### Step-by-step explanation:

1. **Know the units:**
   - Kilogram (kg) is a larger unit of mass.
   - Gram (g) is a smaller unit of mass.

2. **Understand the conversion factor:**
   - **1 kilogram = 1,000 grams**

3. **Compare the two:**
   - You are comparing **1 kg** and **1 g**.
   - Since **1 kg = 1,000 g**, it means that **1 kg is much heavier than 1 g**.

### Final Answer:
✅ **1 kilogram (kg) is heavier than 1 gram (g).**

Let me know if you'd like help with more comparisons! 😊"
"Sizes and measurement","Handling units of measurement","B","Tick the objects you would measure in meters: ___ Book ___ Table ___ Door","Sure! Let's break down the task so you understand how to decide which objects are typically measured in **meters**.

### Task:  
> Tick the objects you would measure in meters:  
 ___ Book ___ Table ___ Door

---

### Step-by-step Explanation:

1. **What is a meter?**
   - A **meter** is a unit of length used to measure **larger objects or distances**, like the height of a person, the width of a room, or the length of furniture.

2. **Think about the size of each object:**

   - **Book**:  
     Books are usually small — they can be measured in **centimeters** (cm), not meters.  
     *(Example: A book might be 20 cm tall.)*  
     ❌ Not measured in meters.

   - **Table**:  
     Tables are medium to large-sized furniture. You might measure its **length, width, or height**, and these dimensions are often in **meters or centimeters**, especially when building or buying furniture.  
     *(Example: A dining table could be 1.5 meters long.)*  
     ✅ Measured in meters (or at least parts of a meter).

   - **Door**:  
     Doors are large and standardized in size. Their **height and width** are usually given in **meters**.  
     *(Example: A door is about 2 meters tall.)*  
     ✅ Measured in meters.

---

### Final Answer:
You should **tick** the objects that you would measure in meters:

✅ Table  
✅ Door  
❌ Book

Let me know if you want to learn how to convert between meters and centimeters too!"
"Sizes and measurement","Handling units of measurement","C","A jug holds 1 ___ of juice (liter or kilogram)?","To solve the task **""A jug holds 1 ___ of juice (liter or kilogram)?""**, you need to understand the difference between the two units being offered: **liter** and **kilogram**.

---

### 🔍 Step-by-Step Explanation:

#### 1. **Understand What Each Unit Measures**
- **Liter (L)** – A liter is a unit of **volume**. It measures how much space something takes up.
- **Kilogram (kg)** – A kilogram is a unit of **mass** (often used interchangeably with weight in everyday language). It measures how heavy something is.

---

#### 2. **Think About What You're Measuring**
You're measuring **juice**, which is a **liquid**.

- Liquids are usually measured by **volume**, not mass, in everyday contexts.
- So when someone talks about how much juice a jug can hold, they're typically referring to how much space the juice takes up — that’s a **volume** measurement.

---

#### 3. **Choose the Correct Unit**
Given that:
- Juice is a liquid,
- Liquids are measured in liters,

✅ The correct answer is:  
> **A jug holds 1 liter of juice.**

---

### 🧠 Extra Info:
- If you wanted to express the **mass** of the juice, then you would use kilograms, but that's unusual unless you're doing scientific work or talking about very precise measurements.
- For water, 1 liter = 1 kilogram (approximately), but this depends on the density of the liquid. Juice is slightly denser than water, so 1 liter of juice weighs a bit more than 1 kg.

---

### ✅ Final Answer:
**A jug holds 1 liter of juice.**"
"Sizes and measurement","Handling units of measurement","C","How many milliliters are in 3 liters?","Sure! Let's break down the task **""How many milliliters are in 3 liters?""** step by step.

---

### 🔁 Step 1: Understand the units

You're being asked to convert **liters (L)** to **milliliters (mL)**.

- The prefix **""milli-""** means **one-thousandth (1/1000)**.
- So, **1 liter = 1000 milliliters**

---

### ✏️ Step 2: Multiply to convert liters to milliliters

Since:
$$
1\ \text{liter} = 1000\ \text{milliliters}
$$

Then:
$$
3\ \text{liters} = 3 \times 1000 = 3000\ \text{milliliters}
$$

---

### ✅ Final Answer:

$$
\boxed{3000}\ \text{milliliters}
$$

Let me know if you'd like to see more examples or practice problems!"
"Sizes and measurement","Handling units of measurement","C","Conver 4,289 mL to liters.","Sure! Let's go through the process of converting **4,289 milliliters (mL)** to **liters (L)** step by step.

---

### 🧠 Step 1: Understand the Relationship Between mL and L

- **1 liter = 1,000 milliliters**

This means that to convert from milliliters to liters, you need to **divide** by 1,000.

---

### 📐 Step 2: Apply the Conversion

$$
4,289 \, \text{mL} \div 1,000 = 4.289 \, \text{L}
$$

---

### ✅ Final Answer:

$$
\boxed{4.289} \text{ liters}
$$

---

Let me know if you'd like help with anything else like this!"
"Sizes and measurement","Handling units of measurement","C","convert 2.5 km to mm.","Sure! Let's walk through how to convert **2.5 kilometers (km)** to **millimeters (mm)** step by step.

---

### 🔁 Step 1: Understand the metric system

The metric system is based on powers of 10, and here are the key relationships:

- 1 kilometer (km) = **1,000 meters (m)**
- 1 meter (m) = **1,000 millimeters (mm)**

So going from km to mm involves going through meters first.

---

### 🧮 Step 2: Convert kilometers to meters

$$
2.5 \text{ km} \times 1,000 = 2,500 \text{ meters}
$$

---

### 📏 Step 3: Convert meters to millimeters

$$
2,500 \text{ m} \times 1,000 = 2,500,000 \text{ mm}
$$

---

### ✅ Final Answer:

$$
\boxed{2.5 \text{ km} = 2,500,000 \text{ mm}}
$$

Let me know if you'd like to see this done using scientific notation or exponents!"
"Sizes and measurement","Handling units of measurement","D","Convert 3,200 mm into meters","Sure! Let's go through the process of converting **3,200 millimeters (mm)** into **meters (m)** step by step.

---

### 🧠 Step 1: Understand the Metric System

In the metric system:

- The prefix **""milli-""** means **1/1000** or **0.001**
- Therefore, **1 meter = 1,000 millimeters**

---

### 🔁 Step 2: Set Up the Conversion

To convert from millimeters to meters, divide by 1,000:

$$
\text{Meters} = \frac{\text{Millimeters}}{1,000}
$$

---

### ✏️ Step 3: Do the Math

$$
\text{Meters} = \frac{3,200}{1,000} = 3.2
$$

---

### ✅ Final Answer:

$$
3,200\ \text{mm} = 3.2\ \text{meters}
$$

Let me know if you'd like to see this in other units too (like centimeters or kilometers)!"
"Sizes and measurement","Handling units of measurement","D","How many centimeters are in 4.75 meters?","To solve the task **""How many centimeters are in 4.75 meters?""**, you need to convert meters to centimeters.

### Step-by-step:

1. **Know the conversion factor:**
   $$
   1 \text{ meter} = 100 \text{ centimeters}
   $$

2. **Multiply the number of meters by 100:**
   $$
   4.75 \text{ meters} \times 100 = 475 \text{ centimeters}
   $$

---

### ✅ Final Answer:
$$
\boxed{475} \text{ centimeters}
$$

Let me know if you'd like to see this explained visually or with another example!"
"Sizes and measurement","Handling units of measurement","D","Convert 5,000 mg into grams.","Sure! Let's go through the steps to convert **5,000 milligrams (mg)** into **grams (g)**.

---

### 🧠 Step 1: Understand the relationship between milligrams and grams

- **""Milli-""** means **one-thousandth (1/1000)**.
- So, **1 gram = 1,000 milligrams**

---

### 🔢 Step 2: Use this relationship to convert

To convert from milligrams to grams, divide by 1,000:

$$
\text{Grams} = \frac{\text{Milligrams}}{1,000}
$$

Now plug in your value:

$$
\text{Grams} = \frac{5,000}{1,000} = 5 \text{ grams}
$$

---

### ✅ Final Answer:

**5,000 mg = 5 g**

Let me know if you'd like help with more conversions! 😊"
"Sizes and measurement","Handling units of measurement","D","A bottle has 1.5 L of juice. How many 250 mL glasses can it fill?","To solve this task, you need to **convert the units** so they match, and then **divide** to find out how many glasses can be filled.

---

### **Step-by-step Solution:**

#### **Given:**
- Total juice in the bottle = **1.5 liters (L)**
- Each glass holds = **250 milliliters (mL)**

---

### **Step 1: Convert liters to milliliters**

Since 1 liter = 1000 milliliters:

$$
1.5\ \text{L} = 1.5 \times 1000 = 1500\ \text{mL}
$$

---

### **Step 2: Divide total amount by capacity of one glass**

$$
\frac{1500\ \text{mL}}{250\ \text{mL/glass}} = 6\ \text{glasses}
$$

---

### ✅ **Answer:**
The bottle can fill **6 glasses** of 250 mL each.

Let me know if you want a visual explanation or real-life example!"
"Sizes and measurement","Handling units of measurement","D","A runner completes 4 laps around a 400 m track. What’s the total distance in km?","Sure! Let's break down the problem step by step.

### **Task:**  
A runner completes **4 laps** around a **400 m track**. You're asked to find the **total distance in kilometers (km)**.

---

### **Step 1: Find the total distance in meters**
Each lap is **400 meters**, and the runner completes **4 laps**, so:

$$
\text{Total distance (in meters)} = 400 \, \text{m} \times 4 = 1600 \, \text{m}
$$

---

### **Step 2: Convert meters to kilometers**

There are **1000 meters in 1 kilometer**, so:

$$
\text{Total distance (in kilometers)} = \frac{1600 \, \text{m}}{1000} = 1.6 \, \text{km}
$$

---

### ✅ **Final Answer:**  
**1.6 kilometers**

Let me know if you want help with anything else like average speed or time calculations!"
"Sizes and measurement","Handling units of measurement","D","A package weighs 2.3 kg. Another weighs 1,750 g. Which is heavier and by how much?","To solve this task, you need to **compare the weights of the two packages**. However, since they are given in **different units** (kilograms and grams), your first step is to convert them to the **same unit**.

---

### Step 1: Convert both weights to the same unit

You are given:

- Package A = **2.3 kg**
- Package B = **1,750 g**

We know that:
> **1 kg = 1,000 g**

So let's convert **2.3 kg** to grams:

$$
2.3 \, \text{kg} = 2.3 \times 1{,}000 = 2{,}300 \, \text{g}
$$

Now both weights are in grams:

- Package A = **2,300 g**
- Package B = **1,750 g**

---

### Step 2: Compare the two weights

Clearly, **2,300 g > 1,750 g**, so **Package A is heavier**.

---

### Step 3: Find out *by how much*

Subtract the lighter weight from the heavier one:

$$
2{,}300 - 1{,}750 = 550 \, \text{g}
$$

Or in kilograms:

$$
2.3\, \text{kg} - 1.75\, \text{kg} = 0.55\, \text{kg}
$$

---

### ✅ Final Answer:

**The 2.3 kg package is heavier by 550 grams (or 0.55 kg).**"
"Sizes and measurement","Handling units of measurement","E","A cube has volume 64 cm³. Express this in mm³","To solve the task of converting the volume of a cube from **cubic centimeters (cm³)** to **cubic millimeters (mm³)**, follow these steps:

---

### 🔍 Step 1: Understand the relationship between cm³ and mm³

We know that:
- 1 cm = 10 mm  
- Therefore, **1 cm³ = 10 mm × 10 mm × 10 mm = 1000 mm³**

So:
> ✅ To convert from **cm³ to mm³**, multiply by **1000**

---

### 🧮 Step 2: Apply the conversion

You're given:
- Volume = **64 cm³**

Now multiply by 1000:
$$
64 \text{ cm}^3 \times 1000 = 64{,}000 \text{ mm}^3
$$

---

### ✅ Final Answer:
> $$
\boxed{64{,}000 \text{ mm}^3}
$$

Let me know if you'd like to see how this works visually or with a real cube!"
"Sizes and measurement","Handling units of measurement","E","Rewrite 1.2 hours in the format hours:minutes","To rewrite **1.2 hours** in the format **hours:minutes**, follow these steps:

---

### Step 1: Understand what the decimal means  
- **1.2 hours** means **1 full hour + 0.2 of an hour**

---

### Step 2: Convert the decimal part (0.2 hours) to minutes  
- Since 1 hour = 60 minutes, you multiply the decimal part by 60:
  
  $$
  0.2 \times 60 = 12 \text{ minutes}
  $$

---

### Step 3: Combine the hours and minutes  
- You had **1 hour** and now you've found that it's **+12 minutes**

So:

$$
\textbf{1.2 hours = 1 hour and 12 minutes = 1:12}
$$

---

### ✅ Final Answer:
**1:12**"
"Sizes and measurement","Handling units of measurement","E","A map has a scale of 1:1000. What distance does 5 cm on the map represent in real life?","To solve this task, you need to understand what a **map scale of 1:1000** means and how to use it to convert distances on the map to real-life distances.

---

### 🧭 Understanding the Scale:

A scale of **1:1000** means that:
- **1 unit on the map** represents **1000 of the same units in real life**.

So if the map shows **5 cm**, then in real life it would be:

$$
5 \, \text{cm} \times 1000 = 5000 \, \text{cm}
$$

---

### 📏 Convert to a More Useful Unit (Meters):

Since 1 meter = 100 cm, you can convert 5000 cm to meters:

$$
5000 \, \text{cm} \div 100 = 50 \, \text{meters}
$$

---

### ✅ Final Answer:

**5 cm on the map represents 50 meters in real life.**

Let me know if you want to convert it to kilometers or another unit!"
"Sizes and measurement","Handling units of measurement","E","Write 1.75 liters in milliliters","To solve the task of writing **1.75 liters in milliliters**, you need to **convert liters (L) to milliliters (mL)**.

### Step-by-step:

1. **Know the conversion factor:**
   $$
   1 \text{ liter} = 1000 \text{ milliliters}
   $$

2. **Multiply the number of liters by 1000:**
   $$
   1.75 \text{ liters} \times 1000 = 1750 \text{ milliliters}
   $$

---

### ✅ Final Answer:
$$
\boxed{1750} \text{ mL}
$$

Let me know if you want to convert other units too!"
"Sizes and measurement","Handling units of measurement","E","A car travels 90 km in 1.5 hours. What is the speed in km/h?","To find the **speed** of the car in **kilometers per hour (km/h)**, you can use the basic formula for speed:

$$
\text{Speed} = \frac{\text{Distance}}{\text{Time}}
$$

### Given:
- **Distance** = 90 km  
- **Time** = 1.5 hours

### Step-by-step calculation:

$$
\text{Speed} = \frac{90\ \text{km}}{1.5\ \text{hours}} = 60\ \text{km/h}
$$

---

### ✅ Final Answer:
$$
\boxed{60\ \text{km/h}}
$$

Let me know if you'd like to convert this to meters per second (m/s) or understand it more deeply!"
"Sizes and measurement","Handling units of measurement","F","Convert 60 mph to km/h. (1 mile = 1.609 km)","To convert **60 miles per hour (mph)** to **kilometers per hour (km/h)**, you can use the conversion factor:

> **1 mile = 1.609 kilometers**

---

### Step-by-step:

1. Start with the speed in miles per hour:
   $$
   60 \text{ mph}
   $$

2. Multiply by the conversion factor (1.609 km per mile):
   $$
   60 \times 1.609 = ?
   $$

3. Do the multiplication:
   $$
   60 \times 1.609 = 96.54
   $$

---

### Final Answer:
$$
60 \text{ mph} = 96.54 \text{ km/h}
$$

✅ So, **60 miles per hour is equal to 96.54 kilometers per hour**.

Let me know if you want to convert to other units too!"
"Sizes and measurement","Handling units of measurement","F","Convert 0.007 km² to m²","To convert **0.007 km² to m²**, you need to understand the relationship between square kilometers (km²) and square meters (m²).

---

### Step 1: Know the conversion factor

- **1 kilometer (km)** = 1,000 meters (m)
- Therefore, **1 km²** = (1,000 m)² = **1,000,000 m²** (one million square meters)

---

### Step 2: Multiply by the conversion factor

You have:

$$
0.007 \, \text{km}^2 \times 1,000,000 \, \frac{\text{m}^2}{\text{km}^2}
$$

$$
= 7,000 \, \text{m}^2
$$

---

### ✅ Final Answer:
$$
0.007 \, \text{km}^2 = 7,000 \, \text{m}^2
$$

Let me know if you'd like a visual explanation or further conversions!"
"Sizes and measurement","Handling units of measurement","F","Convert a speed of 108 km/h into m/s","To convert a speed from **kilometers per hour (km/h)** to **meters per second (m/s)**, you need to use unit conversion. Here's a step-by-step explanation:

---

### Given:
Speed = **108 km/h**

---

### Step 1: Understand the units

- **1 kilometer = 1000 meters**
- **1 hour = 3600 seconds**

So, to convert km/h to m/s:

$$
\text{Speed in m/s} = \text{Speed in km/h} \times \frac{1000 \text{ meters}}{1 \text{ kilometer}} \times \frac{1 \text{ hour}}{3600 \text{ seconds}}
$$

Or more simply:

$$
\text{Speed in m/s} = \text{Speed in km/h} \times \frac{5}{18}
$$

---

### Step 2: Apply the formula

$$
108 \, \text{km/h} \times \frac{5}{18} = 30 \, \text{m/s}
$$

---

### ✅ Final Answer:
**108 km/h = 30 m/s**

Let me know if you'd like to see this worked out in more detail!"
"Sizes and measurement","Handling units of measurement","G","A recipe uses 0.75 cups of oil; how many mL is that if 1 cup = 237 mL?","To convert **0.75 cups of oil** to **milliliters (mL)**, you can use the conversion factor:

> **1 cup = 237 mL**

---

### Step-by-step:

1. **Set up the multiplication:**

$$
0.75 \text{ cups} \times 237 \text{ mL per cup}
$$

2. **Do the math:**

$$
0.75 \times 237 = ?
$$

You can break it down:
- $ 0.75 = \frac{3}{4} $
- So: $ \frac{3}{4} \times 237 = \frac{3 \times 237}{4} $

First calculate:
- $ 3 \times 237 = 711 $
Then divide:
- $ 711 \div 4 = 177.75 $

---

### ✅ Final Answer:

$$
\boxed{177.75 \text{ mL}}
$$

So, **0.75 cups is equal to 177.75 mL**."
"Sizes and measurement","Handling units of measurement","G","A water tank holds 1.2 m³; express this in liters","Sure! Let's break down how to solve this task step by step.

---

### **Task:**  
A water tank holds **1.2 m³** (cubic meters). You want to express this **volume in liters**.

---

### **Step 1: Understand the Conversion Factor**

You need to know the relationship between cubic meters and liters:

> **1 cubic meter (m³) = 1,000 liters**

This is a standard conversion used for volume, especially in water measurements.

---

### **Step 2: Multiply the Volume in Cubic Meters by 1,000**

Now convert 1.2 m³ to liters:

$$
1.2 \, \text{m}^3 \times 1,\!000 = 1,\!200 \, \text{liters}
$$

---

### ✅ **Final Answer:**
**1.2 m³ = 1,200 liters**

So, the water tank holds **1,200 liters** of water.

Let me know if you'd like help with more conversions!"
"Sizes and measurement","Handling units of measurement","G","Convert 100 mL of mercury to grams if density = 13.6 g/cm³","To convert **100 mL of mercury** to **grams**, you can use the formula that relates **mass**, **volume**, and **density**:

$$
\text{Mass} = \text{Density} \times \text{Volume}
$$

---

### Step-by-step:

#### Given:
- Volume = 100 mL  
- Density of mercury = **13.6 g/cm³**

---

### Step 1: Understand the units

You need to make sure that the **units match**.

- 1 mL = 1 cm³ (so, 100 mL = 100 cm³)

✅ So, the volume in compatible units is:  
**100 cm³**

---

### Step 2: Use the formula

$$
\text{Mass} = 13.6 \, \text{g/cm³} \times 100 \, \text{cm³}
$$

$$
\text{Mass} = 1360 \, \text{grams}
$$

---

### ✅ Final Answer:
**100 mL of mercury weighs 1360 grams.**

Let me know if you want to convert this to kilograms or pounds!"
"Sizes and measurement","Handling units of measurement","G","Express 7.5×10⁻⁶ seconds in microseconds","To solve the task of expressing **7.5 × 10⁻⁶ seconds** in **microseconds**, you need to understand the relationship between seconds and microseconds.

---

### Step 1: Understand the prefix ""micro-""
The prefix **""micro-""** means **one millionth**, or:

$$
1\ \text{microsecond} = 1 \times 10^{-6}\ \text{seconds}
$$

So:
$$
1\ \text{second} = 1,000,000\ \text{microseconds} = 10^6\ \text{microseconds}
$$

---

### Step 2: Convert seconds to microseconds

You're given:

$$
7.5 \times 10^{-6}\ \text{seconds}
$$

Since:
$$
1\ \text{microsecond} = 10^{-6}\ \text{seconds}
$$

Then:
$$
7.5 \times 10^{-6}\ \text{seconds} = 7.5\ \text{microseconds}
$$

---

### ✅ Final Answer:
$$
\boxed{7.5\ \text{microseconds}}
$$

Let me know if you want to convert other units too!"
"Sizes and measurement","Handling units of measurement","H","Convert 1.2 MJ (megajoules) to kJ and J","Sure! Let's go through the process of converting **1.2 MJ (megajoules)** to **kJ (kilojoules)** and **J (joules)** step by step.

---

### 🔁 Step 1: Understand the Metric Prefixes

Here are the key metric prefixes you need:

- **Mega (M)** = 1,000,000 (or $10^6$)
- **Kilo (k)** = 1,000 (or $10^3$)
- Base unit: **Joules (J)**

---

### 📌 Step 2: Convert Megajoules (MJ) to Joules (J)

Since:
$$
1 \text{ MJ} = 1,000,000 \text{ J}
$$

Then:
$$
1.2 \text{ MJ} = 1.2 \times 1,000,000 = 1,200,000 \text{ J}
$$

✅ So, **1.2 MJ = 1,200,000 J**

---

### 📌 Step 3: Convert Megajoules (MJ) to Kilojoules (kJ)

We know:
- $1 \text{ kJ} = 1,000 \text{ J}$
- From above, $1.2 \text{ MJ} = 1,200,000 \text{ J}$

Now divide joules by 1,000 to get kilojoules:
$$
1,200,000 \div 1,000 = 1,200 \text{ kJ}
$$

✅ So, **1.2 MJ = 1,200 kJ**

---

### ✅ Final Answer:

- **1.2 MJ = 1,200 kJ**
- **1.2 MJ = 1,200,000 J**

Let me know if you want to convert to other units like calories or watt-hours!"
"Sizes and measurement","Handling units of measurement","H","Convert 50°C to Fahrenheit","To convert **50°C (Celsius)** to **Fahrenheit**, you can use the standard temperature conversion formula:

$$
°F = \left(°C \times \frac{9}{5} \right) + 32
$$

### Step-by-step:

1. Start with the temperature in Celsius:  
   $$
   50°C
   $$

2. Multiply by 9/5 (or 1.8):  
   $$
   50 \times \frac{9}{5} = 90
   $$

3. Add 32:  
   $$
   90 + 32 = 122
   $$

### Final Answer:
$$
\boxed{122°F}
$$

So, **50°C is equal to 122°F**."
"Sizes and measurement","Handling units of measurement","H","Convert 5 light-years to meters using 1 light-year = 9.461×10¹⁵ m","Sure! Let's break this task down step by step so you understand how to convert **5 light-years** into **meters**, using the given conversion:

---

### 🧮 Given:
- 1 light-year = **9.461 × 10¹⁵ meters**
- You want to find: **5 light-years = ? meters**

---

### ✅ Step-by-step:

1. **Start with the number of light-years:**
   $$
   5 \text{ light-years}
   $$

2. **Multiply by the number of meters in 1 light-year:**
   $$
   5 \times 9.461 \times 10^{15} \text{ m}
   $$

3. **Do the multiplication:**
   $$
   5 \times 9.461 = 47.305
   $$

4. **So, the result is:**
   $$
   47.305 \times 10^{15} \text{ m}
   $$

5. **Write it in proper scientific notation (optional but standard):**
   $$
   4.7305 \times 10^{16} \text{ m}
   $$

---

### ✅ Final Answer:
$$
\boxed{4.7305 \times 10^{16}} \text{ meters}
$$

Let me know if you'd like help converting other units too!"
"Sizes and measurement","Calculations of quantities","B","A rope is 85 cm long. You cut off 30 cm. How much is left? ______","Sure! Let's break down the problem step by step:

### **Problem:**
You have a rope that is **85 cm long**.  
You **cut off 30 cm** from it.  
You want to find out how much rope is **left**.

---

### **Step-by-step Solution:**

This is a simple **subtraction** problem.

You started with:
- **85 cm** of rope

Then you **cut off**:
- **30 cm**

To find out how much is left, subtract the part you cut off from the original length:

$$
85 \text{ cm} - 30 \text{ cm} = 55 \text{ cm}
$$

---

### ✅ **Answer:**
**55 cm** is left.

Let me know if you'd like help visualizing this or turning it into a word problem or drawing!"
"Sizes and measurement","Calculations of quantities","B","A board is 6 meters long. You cut it into 2 equal pieces. How long is each piece? ______","To solve this task, follow these simple steps:

### Problem:
You have a board that is **6 meters long**, and you cut it into **2 equal pieces**.  
You want to find the length of **each piece**.

---

### Step-by-step solution:

1. **Total length of the board:**  
   6 meters

2. **Number of equal pieces:**  
   2

3. **Length of each piece = Total length ÷ Number of pieces**

   $$
   \text{Length of each piece} = \frac{6}{2} = 3 \text{ meters}
   $$

---

### ✅ Final Answer:
**Each piece is 3 meters long.**

So you would write:  
**How long is each piece? _3 meters_**"
"Sizes and measurement","Calculations of quantities","B","Combine weights: 2 kg + 500 g = ______","To solve the task **""2 kg + 500 g = ______""**, you need to combine the weights by converting them into the **same unit** before adding.

---

### Step-by-step:

#### Step 1: Understand the units
- **kg** means kilograms  
- **g** means grams  
- **1 kg = 1000 g**

#### Step 2: Convert kilograms to grams
You have:
- 2 kg → convert this to grams  
  $$
  2 \, \text{kg} = 2 \times 1000 = 2000 \, \text{g}
  $$

Now the problem becomes:
$$
2000 \, \text{g} + 500 \, \text{g} = ?
$$

#### Step 3: Add the values
$$
2000 \, \text{g} + 500 \, \text{g} = 2500 \, \text{g}
$$

---

### Optional: Convert back to kilograms (if needed)
If you want the answer in kilograms:
$$
2500 \, \text{g} = \frac{2500}{1000} = 2.5 \, \text{kg}
$$

---

### ✅ Final Answer:
- **In grams:** 2500 g  
- **In kilograms:** 2.5 kg

So,  
**2 kg + 500 g = 2500 g = 2.5 kg**"
"Sizes and measurement","Calculations of quantities","B","You buy items costing €5, €8, and €3. What is the total cost? ______","To solve this task, you simply need to **add up the costs** of all the items you're buying.

You are buying:

- An item that costs **€5**
- An item that costs **€8**
- An item that costs **€3**

### Step-by-step:
1. Add €5 and €8:  
   **€5 + €8 = €13**

2. Then add €13 and €3:  
   **€13 + €3 = €16**

### Final Answer:
The total cost is **€16**.

So you can write:  
**What is the total cost? ______ €16**"
"Sizes and measurement","Calculations of quantities","C","You pour 750 mL of water into a 1-liter bottle. How much space is left?","To solve this task, you need to figure out how much **space is left** in a **1-liter bottle** after you pour **750 mL of water** into it.

---

### Step-by-step:

#### 1. Understand the units:
- **1 liter = 1000 milliliters (mL)**

So, the total capacity of the bottle is **1000 mL**.

#### 2. Subtract the amount poured from the total capacity:
You poured **750 mL** into the bottle.

$$
\text{Space left} = 1000\ \text{mL} - 750\ \text{mL} = 250\ \text{mL}
$$

---

### ✅ Final Answer:
There is **250 mL of space left** in the bottle.

Let me know if you want a visual explanation or real-life analogy!"
"Sizes and measurement","Calculations of quantities","C","A board is 2.4 m long. You cut it into 3 equal pieces. How long is each piece?","To solve this task, you need to divide the total length of the board by the number of pieces you want to cut it into.

### Given:
- Total length of the board = **2.4 meters**
- Number of equal pieces = **3**

### Step-by-step:

1. **Divide** the total length (2.4 m) by the number of pieces (3):

   $$
   \frac{2.4\ \text{m}}{3} = 0.8\ \text{m}
   $$

### ✅ Answer:
Each piece is **0.8 meters long**.

Let me know if you'd like to convert that to centimeters or inches!"
"Sizes and measurement","Calculations of quantities","D","A square has a side length of 6.4 cm — what is its area?","To find the **area of a square**, you can use the formula:

$$
\text{Area} = \text{side length} \times \text{side length}
$$

Or, more simply:

$$
A = s^2
$$

Where:
- $ A $ is the area
- $ s $ is the side length

---

### Given:
- Side length $ s = 6.4 \, \text{cm} $

### Step-by-step:
1. Square the side length:
   $$
   A = (6.4)^2 = 6.4 \times 6.4
   $$

2. Calculate:
   $$
   6.4 \times 6.4 = 40.96
   $$

---

### Final Answer:
$$
\text{Area} = 40.96 \, \text{cm}^2
$$

So, the area of the square is **40.96 square centimeters**. ✅"
"Sizes and measurement","Calculations of quantities","D","Calculate the area of a triangle with base 12 cm and height 9 cm.","To calculate the **area of a triangle**, you can use the following formula:

$$
\text{Area} = \frac{1}{2} \times \text{base} \times \text{height}
$$

### Given:
- Base = 12 cm  
- Height = 9 cm

### Step-by-step:
1. Plug the values into the formula:
   $$
   \text{Area} = \frac{1}{2} \times 12 \, \text{cm} \times 9 \, \text{cm}
   $$

2. Multiply the base and height:
   $$
   12 \times 9 = 108
   $$

3. Multiply by $\frac{1}{2}$:
   $$
   \frac{1}{2} \times 108 = 54
   $$

### Final Answer:
$$
\text{Area} = 54 \, \text{cm}^2
$$

So, the area of the triangle is **54 square centimeters**."
"Sizes and measurement","Calculations of quantities","D","A floor plan has 5 rooms measuring 5 m × 4 m and 3 rooms measuring 3 m × 2 m — what’s the total area?","To find the **total area** of the floor plan, you need to calculate the area of each type of room and then add them together.

---

### Step 1: Calculate the area of one room

- **First type of room**:  
  Size = 5 m × 4 m  
  Area = $ 5 \times 4 = 20 \, \text{m}^2 $

- **Second type of room**:  
  Size = 3 m × 2 m  
  Area = $ 3 \times 2 = 6 \, \text{m}^2 $

---

### Step 2: Multiply by the number of rooms

- 5 rooms of the first type:  
  $ 5 \times 20 = 100 \, \text{m}^2 $

- 3 rooms of the second type:  
  $ 3 \times 6 = 18 \, \text{m}^2 $

---

### Step 3: Add both totals together

$$
\text{Total area} = 100 + 18 = 118 \, \text{m}^2
$$

---

### ✅ Final Answer:
**118 square meters (m²)**"
"Sizes and measurement","Calculations of quantities","D","A rectangular tank has a length of 12 cm, width of 5 cm, and height of 10 cm — calculate its volume.","To calculate the **volume of a rectangular tank**, you can use the formula:

$$
\text{Volume} = \text{Length} \times \text{Width} \times \text{Height}
$$

### Given:
- Length = 12 cm  
- Width = 5 cm  
- Height = 10 cm  

### Step-by-step calculation:
$$
\text{Volume} = 12 \, \text{cm} \times 5 \, \text{cm} \times 10 \, \text{cm}
$$
$$
\text{Volume} = 600 \, \text{cm}^3
$$

### ✅ Final Answer:
The volume of the tank is **600 cubic centimeters (cm³)**.

Let me know if you want to convert this to liters or another unit!"
"Sizes and measurement","Calculations of quantities","D","Which has a greater area: a 6 × 6 square or a 5 × 8 rectangle?","To determine which shape has the greater area — a **6 × 6 square** or a **5 × 8 rectangle** — you can calculate and compare their **areas**.

### Step 1: Recall the formula for area
- **Area of a square or rectangle** = **length × width**

---

### Step 2: Calculate the area of each shape

#### 🔷 For the 6 × 6 square:
$$
\text{Area} = 6 \times 6 = 36 \text{ square units}
$$

#### 🟩 For the 5 × 8 rectangle:
$$
\text{Area} = 5 \times 8 = 40 \text{ square units}
$$

---

### Step 3: Compare the two areas

- Square: **36**
- Rectangle: **40**

✅ So, the **5 × 8 rectangle** has a greater area than the **6 × 6 square**.

---

### ✅ Final Answer:
**The 5 × 8 rectangle has a greater area.**"
"Sizes and measurement","Calculations of quantities","E","A cone has radius 4 cm and height 9 cm. Find the volume using V = ⅓πr²h","Sure! Let's go through the task step by step.

---

### **Task:**
You're given a cone with:

- Radius $ r = 4 $ cm  
- Height $ h = 9 $ cm  

And you're told to use the **volume formula for a cone**:

$$
V = \frac{1}{3} \pi r^2 h
$$

---

### **Step-by-step Solution:**

#### **Step 1: Plug in the values**
Substitute $ r = 4 $ and $ h = 9 $ into the formula:

$$
V = \frac{1}{3} \pi (4)^2 (9)
$$

---

#### **Step 2: Square the radius**
$$
4^2 = 16
$$

Now the formula becomes:
$$
V = \frac{1}{3} \pi (16)(9)
$$

---

#### **Step 3: Multiply 16 and 9**
$$
16 \times 9 = 144
$$

So now:
$$
V = \frac{1}{3} \pi (144)
$$

---

#### **Step 4: Multiply by $ \frac{1}{3} $**
$$
\frac{1}{3} \times 144 = 48
$$

Now we have:
$$
V = 48\pi
$$

---

### ✅ Final Answer:

$$
\text{Volume} = 48\pi \, \text{cm}^3
$$

If you want a **numerical approximation**, use $ \pi \approx 3.14 $:

$$
V \approx 48 \times 3.14 = 150.72 \, \text{cm}^3
$$

---

### Summary:
- Exact volume: $ \mathbf{48\pi\, \text{cm}^3} $
- Approximate volume: $ \mathbf{150.72\, \text{cm}^3} $

Let me know if you'd like to understand **why** the formula works!"
"Sizes and measurement","Calculations of quantities","E","You want to paint one wall of your room. It’s 4 m wide and 2.5 m tall. How many square meters of paint do you need?","To solve this task, you need to calculate the **area of the wall** that you want to paint. Since the wall is rectangular in shape, you can use the formula for the area of a rectangle:

$$
\text{Area} = \text{width} \times \text{height}
$$

### Given:
- Width = 4 meters (m)
- Height (or length) = 2.5 meters (m)

### Step-by-step calculation:
$$
\text{Area} = 4 \, \text{m} \times 2.5 \, \text{m} = 10 \, \text{m}^2
$$

### Answer:
You need **10 square meters (10 m²)** of paint to cover the wall.

Let me know if you'd like help figuring out how much paint (in liters or cans) you might need based on coverage per liter!"
"Sizes and measurement","Calculations of quantities","E","You’re building a sandbox that’s 2 m × 2 m and 0.3 m deep. How much sand in cubic meters is needed to fill it?","!!!!"
"Sizes and measurement","Calculations of quantities","E","A cylindrical water tank has diameter 1.2 m and height 2 m. Estimate the volume of water it can hold in liters","To estimate the **volume of water** a **cylindrical tank** can hold, you need to:

1. Use the formula for the volume of a cylinder.
2. Convert the volume from cubic meters to liters.

---

### 🔹 Step 1: Volume of a Cylinder

The formula for the volume $ V $ of a cylinder is:

$$
V = \pi r^2 h
$$

Where:
- $ r $ is the **radius** (half the diameter),
- $ h $ is the **height**,
- $ \pi \approx 3.1416 $

---

### 🔹 Step 2: Plug in the Given Values

You're given:
- Diameter = 1.2 m → Radius $ r = \frac{1.2}{2} = 0.6 $ m
- Height $ h = 2 $ m

Now plug into the formula:

$$
V = \pi (0.6)^2 \times 2
$$
$$
V = 3.1416 \times 0.36 \times 2
$$
$$
V \approx 3.1416 \times 0.72 \approx 2.26 \text{ cubic meters}
$$

---

### 🔹 Step 3: Convert Cubic Meters to Liters

1 cubic meter = 1000 liters

So:

$$
2.26 \, \text{m}^3 = 2.26 \times 1000 = 2260 \, \text{liters}
$$

---

### ✅ Final Answer:

> The cylindrical tank can hold approximately **2260 liters** of water.

Let me know if you want to see this done step-by-step with unit conversions!"
"Sizes and measurement","Calculations of quantities","E","A flower bed is made of a rectangle (2 m × 1 m) with a semicircle on one short side. Find the total area","Sure! Let's break down the task step by step.

### **Task:**
You have a flower bed made up of:
- A **rectangle** with dimensions **2 meters by 1 meter**, and
- A **semicircle** on one of the **short sides** (the 1-meter side) of the rectangle.

We are to find the **total area** of this flower bed.

---

### **Step 1: Understand the shape**

- The rectangle is 2 m long and 1 m wide.
- On **one short side** (which is 1 m wide), there's a **semicircle**. That means the **diameter** of the semicircle is equal to that short side, which is **1 meter**.

So:
- Rectangle: length = 2 m, width = 1 m
- Semicircle: diameter = 1 m → radius = ½ m

---

### **Step 2: Calculate the area of the rectangle**

The formula for the area of a rectangle is:

$$
\text{Area}_{\text{rectangle}} = \text{length} \times \text{width}
$$

$$
= 2 \, \text{m} \times 1 \, \text{m} = 2 \, \text{m}^2
$$

---

### **Step 3: Calculate the area of the semicircle**

First, recall the formula for the area of a full circle:

$$
\text{Area}_{\text{circle}} = \pi r^2
$$

Since we only have a **semicircle**, we take half of that:

$$
\text{Area}_{\text{semicircle}} = \frac{1}{2} \pi r^2
$$

We already know the radius $ r = \frac{1}{2} \, \text{m} $

$$
= \frac{1}{2} \pi \left(\frac{1}{2}\right)^2 = \frac{1}{2} \pi \cdot \frac{1}{4} = \frac{\pi}{8} \, \text{m}^2
$$

---

### **Step 4: Add both areas together**

$$
\text{Total Area} = \text{Area}_{\text{rectangle}} + \text{Area}_{\text{semicircle}} = 2 + \frac{\pi}{8} \, \text{m}^2
$$

If you want an exact answer, leave it like that.  
If you want an approximate value, use $ \pi \approx 3.1416 $:

$$
\frac{\pi}{8} \approx \frac{3.1416}{8} \approx 0.3927 \, \text{m}^2
$$

$$
\text{Total Area} \approx 2 + 0.3927 = 2.3927 \, \text{m}^2
$$

---

### ✅ Final Answer:

- **Exact Area:** $ \boxed{2 + \frac{\pi}{8}} \text{m}^2 $
- **Approximate Area:** $ \boxed{2.39 \, \text{m}^2} $ (rounded to two decimal places)

Let me know if you'd like a diagram or further explanation!"
"Sizes and measurement","Calculations of quantities","F","A car travels 240 km in 3 hours. What is its speed in km/h?","To find the **speed** of the car in **kilometers per hour (km/h)**, you can use the basic formula for speed:

$$
\text{Speed} = \frac{\text{Distance}}{\text{Time}}
$$

### Given:
- **Distance** = 240 km  
- **Time** = 3 hours

### Step-by-step calculation:

$$
\text{Speed} = \frac{240\ \text{km}}{3\ \text{hours}} = 80\ \text{km/h}
$$

---

### ✅ Final Answer:
The car's speed is **80 km/h**."
"Sizes and measurement","Calculations of quantities","F","A deposit of €1,000 earns 2.5% simple interest annually. How much interest after 2 years?","To solve this task, you need to calculate the **simple interest** earned on a deposit over a certain period of time.

---

### 🔢 **Simple Interest Formula:**

$$
\text{Simple Interest} = P \times r \times t
$$

Where:

- $ P $ = Principal amount (initial deposit)  
- $ r $ = Annual interest rate (in decimal form)  
- $ t $ = Time in years  

---

### 📌 Given:
- $ P = €1,000 $
- $ r = 2.5\% = 0.025 $
- $ t = 2 $ years

---

### ✅ Step-by-step Calculation:

$$
\text{Interest} = 1000 \times 0.025 \times 2
$$

$$
\text{Interest} = 1000 \times 0.05 = €50
$$

---

### ✅ Final Answer:
**€50** in interest will be earned after 2 years.

Let me know if you'd like to see how it would work with **compound interest** instead!"
"Sizes and measurement","Calculations of quantities","F","A toy is scaled at 1:20. If the model is 12 cm long, what is the real object length?","To solve this scaling problem, you need to understand what **""scaled at 1:20""** means.

### Understanding the Scale (1:20)
- A scale of **1:20** means that **1 unit on the model** represents **20 units on the actual object**.
- So, if the model is 12 cm long, the real object will be **20 times longer**.

---

### Step-by-step Solution:

**Given:**
- Scale = 1:20  
- Model length = 12 cm

**To find:**  
Real object length

**Calculation:**

$$
\text{Real length} = \text{Model length} \times 20
$$

$$
\text{Real length} = 12 \, \text{cm} \times 20 = 240 \, \text{cm}
$$

---

### ✅ Final Answer:
The real object is **240 cm long**."
"Sizes and measurement","Calculations of quantities","F","A car uses 8 L of fuel per 100 km. How much fuel is needed for 350 km?","To solve this task, you need to calculate how much fuel the car will use for **350 km**, given that it uses **8 liters per 100 km**.

---

### Step-by-step Solution:

1. **Understand the rate:**
   - The car uses **8 liters** of fuel for every **100 km**.

2. **Set up a proportion:**
   - If 100 km → 8 liters  
   - Then 350 km → ? liters

3. **Use multiplication to find the fuel needed:**

$$
\text{Fuel needed} = \left( \frac{350}{100} \right) \times 8
$$

$$
= 3.5 \times 8 = 28 \text{ liters}
$$

---

### ✅ Final Answer:
You need **28 liters** of fuel to travel **350 km**.

Let me know if you want to see how this works with a different unit or car efficiency!"
"Sizes and measurement","Calculations of quantities","G","Find the surface area of a cone with radius 5 cm and slant height 13 cm","To find the **surface area of a cone**, you need to use the following formula:

$$
\text{Surface Area} = \pi r (r + l)
$$

Where:
- $ r $ is the **radius** of the base,
- $ l $ is the **slant height**,
- $ \pi \approx 3.1416 $

---

### Given:
- Radius $ r = 5 $ cm  
- Slant height $ l = 13 $ cm

---

### Step-by-step:

1. Plug in the values into the formula:

$$
\text{Surface Area} = \pi \cdot 5 \cdot (5 + 13)
$$

2. Add inside the parentheses:

$$
= \pi \cdot 5 \cdot 18
$$

3. Multiply:

$$
= 90\pi
$$

4. If you want an approximate answer, use $ \pi \approx 3.1416 $:

$$
90 \cdot 3.1416 \approx 282.74 \text{ cm}^2
$$

---

### ✅ Final Answer:
- Exact: $ 90\pi \, \text{cm}^2 $
- Approximate: $ \approx 282.74 \, \text{cm}^2 $

Let me know if you'd like to understand where the formula comes from!"
"Sizes and measurement","Calculations of quantities","G","A farmer wants to fence a circular field with radius 45 m; how much fencing is needed?","To solve the task of determining how much fencing is needed for a **circular field** with a **radius of 45 meters**, you need to calculate the **circumference** of the circle. The circumference tells you the total length around the circle, which is exactly how much fencing the farmer will need.

---

### 🔵 Step-by-Step Solution:

#### 📌 Formula for the Circumference of a Circle:
$$
C = 2\pi r
$$

Where:
- $ C $ = circumference (amount of fencing needed)
- $ r $ = radius of the circle (given as 45 m)
- $ \pi \approx 3.1416 $ or use exact value depending on required precision

---

#### 🧮 Plug in the values:
$$
C = 2 \pi (45) = 90\pi
$$

If an **exact answer** is required:
- Final Answer: $ \mathbf{90\pi} $ meters

If a **numerical approximation** is needed:
- Use $ \pi \approx 3.1416 $
$$
C \approx 90 \times 3.1416 = 282.74 \text{ meters}
$$

---

### ✅ Final Answer:
- Exact: $ \mathbf{90\pi \text{ meters}} $
- Approximate: $ \mathbf{282.74 \text{ meters}} $

So, the farmer needs about **282.74 meters of fencing** to enclose the circular field."
"Sizes and measurement","Calculations of quantities","G","A water bill is based on €1.75 per m³; how much does it cost for 18.6 m³ of usage?","To calculate the cost of 18.6 m³ of water usage when the rate is **€1.75 per m³**, you simply multiply the volume used by the price per cubic meter.

### Step-by-step:

1. **Identify the variables:**
   - Price per m³ = €1.75  
   - Volume used = 18.6 m³

2. **Use the formula:**
   $$
   \text{Cost} = \text{Price per m³} \times \text{Volume used}
   $$

3. **Plug in the numbers:**
   $$
   \text{Cost} = 1.75 \times 18.6
   $$

4. **Do the multiplication:**
   $$
   \text{Cost} = 32.55
   $$

### ✅ Final Answer:
The cost for 18.6 m³ of water usage is **€32.55**.

Let me know if you want help with unit conversions or tiered pricing models too!"
"Sizes and measurement","Calculations of quantities","H","Calculate the wavelength of a 100 MHz radio wave in air (speed of light ≈ 3×10⁸ m/s)","To calculate the **wavelength** of a 100 MHz radio wave in air, you can use the basic wave equation:

$$
v = f \cdot \lambda
$$

Where:
- $ v $ is the **speed of the wave** (in this case, speed of light in air ≈ $3 \times 10^8$ m/s),
- $ f $ is the **frequency** of the wave (given as 100 MHz),
- $ \lambda $ (lambda) is the **wavelength**, which we want to find.

---

### Step-by-step Solution:

#### 1. Convert frequency to standard units (Hz):
The given frequency is **100 MHz** (megahertz), and since:
$$
1 \text{ MHz} = 10^6 \text{ Hz}
$$
Then:
$$
f = 100 \text{ MHz} = 100 \times 10^6 \text{ Hz} = 1 \times 10^8 \text{ Hz}
$$

---

#### 2. Rearranging the formula to solve for wavelength:
$$
\lambda = \frac{v}{f}
$$

Substitute the known values:
$$
\lambda = \frac{3 \times 10^8 \text{ m/s}}{1 \times 10^8 \text{ Hz}}
$$

---

#### 3. Do the math:
$$
\lambda = 3 \text{ meters}
$$

---

### ✅ Final Answer:
The wavelength of a 100 MHz radio wave in air is **3 meters**.

Let me know if you'd like to explore how this changes in different materials or with other frequencies!"
"Sizes and measurement","Calculations of quantities","H","Calculate the wavelength of a water wave with a period of 5 seconds and speed 3 m/s","To calculate the **wavelength** of a water wave, you can use the basic wave equation that relates **wave speed**, **wavelength**, and **frequency** or **period**.

---

### 🔧 Given:
- **Wave speed (v)** = 3 m/s  
- **Period (T)** = 5 seconds

---

### 📌 Step 1: Understand the formula

The relationship between wave speed, wavelength, and period is:

$$
v = \frac{\lambda}{T}
$$

Where:
- $ v $ = wave speed (in m/s)
- $ \lambda $ = wavelength (in meters)
- $ T $ = period (in seconds)

---

### 📌 Step 2: Rearranging the formula to solve for wavelength:

$$
\lambda = v \times T
$$

---

### 📌 Step 3: Plug in the values

$$
\lambda = 3 \, \text{m/s} \times 5 \, \text{s} = 15 \, \text{meters}
$$

---

### ✅ Final Answer:
> The **wavelength** of the water wave is **15 meters**.

---

Let me know if you'd like to understand how this relates to frequency or energy!"
"Sizes and measurement","Calculations of quantities","H","A satellite orbits 400 km above Earth; estimate its surface visibility using area = 2πRh","To estimate the **surface visibility** of a satellite orbiting 400 km above Earth, using the formula:

$$
\text{Area} = 2\pi R h
$$

Let’s break it down step by step.

---

### 🔍 **Understanding the Task**

You're being asked to estimate how much of Earth's surface is visible at any one time from a satellite located **400 km above Earth's surface**. The given formula:

$$
\text{Area} = 2\pi R h
$$

is an approximation for the **visible surface area** on Earth that the satellite can ""see"" from its altitude.

Here’s what each variable means:

- $ R $: Radius of the Earth (approximately 6,371 km)
- $ h $: Height of the satellite above Earth's surface (here, 400 km)

This formula assumes a spherical Earth and calculates the approximate **area of the spherical cap** — the portion of Earth visible from the satellite.

---

### 🧮 Step-by-Step Calculation

#### 1. Use Earth's average radius:
$$
R = 6371 \text{ km}
$$

#### 2. Satellite height:
$$
h = 400 \text{ km}
$$

#### 3. Plug into the formula:
$$
\text{Area} = 2\pi R h = 2\pi \cdot 6371 \cdot 400
$$

$$
\text{Area} ≈ 2 \cdot 3.1416 \cdot 6371 \cdot 400
$$

First calculate the multiplication:

$$
6371 \cdot 400 = 2,548,400
$$

Then:

$$
2 \cdot 3.1416 \cdot 2,548,400 ≈ 6.2832 \cdot 2,548,400 ≈ 16,000,000 \text{ km}^2
$$

So the **visible surface area** is approximately:

$$
\boxed{16 \text{ million square kilometers}} \quad (\sim 16,000,000 \text{ km}^2)
$$

---

### 🌍 How Much of Earth Is That?

Earth's total surface area is about **510 million km²**, so this satellite can see roughly:

$$
\frac{16}{510} \approx 3\% \text{ of Earth's surface}
$$

at any given moment.

---

### ✅ Summary

- Formula used: $ \text{Area} = 2\pi R h $
- $ R = 6371 \text{ km}, \quad h = 400 \text{ km} $
- Result: About **16 million km²** visible from the satellite
- This is roughly **3% of Earth's total surface area**

Let me know if you want to go deeper into the derivation or visualize it geometrically!"
"Sizes and measurement","Calculations of quantities","H","Calculate the total mass of air in a room 5 m × 4 m × 2.5 m assuming air density = 1.225 kg/m³","To calculate the **total mass of air** in a room, you can follow these steps:

---

### 🔹 Step 1: Find the Volume of the Room

The room has dimensions:

- Length = 5 meters  
- Width = 4 meters  
- Height = 2.5 meters  

Use the formula for the volume of a rectangular room:

$$
\text{Volume} = \text{Length} \times \text{Width} \times \text{Height}
$$

$$
\text{Volume} = 5 \, \text{m} \times 4 \, \text{m} \times 2.5 \, \text{m} = 50 \, \text{m}^3
$$

---

### 🔹 Step 2: Use the Air Density to Find the Mass

You're given:

- Air density = **1.225 kg/m³**

Now use the formula:

$$
\text{Mass} = \text{Density} \times \text{Volume}
$$

$$
\text{Mass} = 1.225 \, \text{kg/m}^3 \times 50 \, \text{m}^3 = 61.25 \, \text{kg}
$$

---

### ✅ Final Answer:

$$
\boxed{61.25 \, \text{kg}}
$$

So, the total mass of air in the room is **61.25 kilograms**.

Let me know if you'd like to explore how this changes with temperature or pressure!"
"Sizes and measurement","Calculations of quantities","H","Determine the weight of 0.5 m³ of concrete if its density is 2400 kg/m³","To determine the **weight** of 0.5 m³ of concrete with a density of 2400 kg/m³, you can use the basic formula relating **mass**, **volume**, and **density**:

$$
\text{Mass} = \text{Density} \times \text{Volume}
$$

### Step-by-step:

- **Density of concrete** = 2400 kg/m³  
- **Volume of concrete** = 0.5 m³

Now plug into the formula:

$$
\text{Mass} = 2400 \, \text{kg/m}^3 \times 0.5 \, \text{m}^3 = 1200 \, \text{kg}
$$

So, the **mass** (or commonly referred to as **weight** in everyday language) is:

$$
\boxed{1200 \, \text{kg}}
$$

---

### Optional: If you need the actual **weight in Newtons** (physics/engineering context):

Use the formula:

$$
\text{Weight} = \text{Mass} \times g
$$

Where:
- $ g = 9.81 \, \text{m/s}^2 $ (acceleration due to gravity)

$$
\text{Weight} = 1200 \, \text{kg} \times 9.81 \, \text{m/s}^2 = 11,772 \, \text{N}
$$

So, the **weight** is approximately:

$$
\boxed{11,772 \, \text{Newtons (N)}}
$$

But unless specified, saying **1200 kg** is perfectly acceptable for most practical purposes."
"Sizes and measurement","Calculations of quantities","H","Estimate the total energy output of a 1.5 kW solar panel running for 6 hours per day over 30 days","To estimate the total energy output of a **1.5 kW solar panel** running for **6 hours per day over 30 days**, you can follow these simple steps:

---

### 🔧 **Step-by-step Explanation**

#### 🌞 **Understand the units:**
- **kW (kilowatt)** is a unit of **power**.
- **kWh (kilowatt-hour)** is a unit of **energy**, and it's what you need to calculate.

> 💡 Formula:  
> $$
\text{Energy (in kWh)} = \text{Power (in kW)} \times \text{Time (in hours)}
$$

---

### ✅ **Step 1: Calculate Daily Energy Output**

You know:
- Power = 1.5 kW
- Time = 6 hours per day

So:
$$
\text{Daily Energy} = 1.5 \, \text{kW} \times 6 \, \text{hours} = 9 \, \text{kWh}
$$

---

### ✅ **Step 2: Multiply by Number of Days**

Now multiply that daily amount by 30 days:
$$
\text{Total Energy} = 9 \, \text{kWh/day} \times 30 \, \text{days} = 270 \, \text{kWh}
$$

---

### 📌 **Final Answer:**
> The total energy output is **270 kWh** over 30 days.

---

### 🛠️ Bonus Tip:
This assumes ideal conditions — perfect sunlight, no shading, perfect panel angle, etc. In reality, system losses (like dust, heat, inverter inefficiency) usually reduce real-world output by about 14–25%. So an actual output might be closer to **200–240 kWh** depending on location and setup.

Let me know if you want to factor in efficiency losses or compare with your electricity usage! ☀️🔌"
"Data frequencies and probabilities","Collect, display and read data","B","Count and record how many people in your class have blue eyes","Sure! Here's a simple and clear way to **solve the task: ""Count and record how many people in your class have blue eyes.""**

---

### ✅ Step-by-Step Guide:

#### **1. Get Permission (if needed)**
- Ask your teacher if it's okay to collect this information from your classmates.
- Make sure everyone is comfortable sharing their eye color.

---

#### **2. Create a Tally or List**
- Use a piece of paper, notebook, or spreadsheet.
- You can make two columns:
  - **Name** – of each student
  - **Eye Color** – write “blue” or “not blue”

> Alternatively, just use a tally mark for every person with blue eyes as you go.

---

#### **3. Observe or Ask Classmates**
- Look at each student’s eye color **(make sure lighting is good)**.
- Or, you can politely ask them:  
  *“What color are your eyes?”*  
  Options: Blue / Not Blue

> Be respectful and clear that this is for a class task.

---

#### **4. Count the Blue Eyes**
- After collecting all the data, count how many students have blue eyes.
- Example:  
  If 6 students have blue eyes, then your answer is **6**.

---

#### **5. Record Your Result**
- Write down your final number clearly.
- You might also want to note the **total number of students** in the class for context.
- Example:
  > Total students: 25  
  > Students with blue eyes: 6

---

### 📝 Optional Enhancements:
- Make a chart or graph to show the results visually.
- Compare eye colors (e.g., brown, green, hazel) if you want to go further.

---

Would you like a printable template or a form you can use to collect the data?"
"Data frequencies and probabilities","Collect, display and read data","B","Use tally marks to show how many pets your friends have","Sure! Let's break down the task **""Use tally marks to show how many pets your friends have""** step by step so you can complete it easily.

---

### 🧠 **What are tally marks?**
Tally marks are a simple way of counting and recording numbers, usually using lines. Each line stands for one item or count. When you reach 5, you put a diagonal or horizontal line across the previous four:

- 1: |
- 2: ||
- 3: |||
- 4: ||||
- 5: ✰ (or sometimes written as ||||/)
- 6: ||||||  
...and so on.

---

### 🎯 **Task Goal:**
You need to:
1. Collect data: Find out how many pets each of your friends has.
2. Organize that data in a table or list.
3. Use tally marks to represent the number of pets each friend has.

---

### ✅ **Step-by-step Instructions**

#### **Step 1: Ask Your Friends**
Talk to your friends and ask them:  
> ""How many pets do you have?""

You can make a small list like this:

| Friend's Name | Number of Pets |
|---------------|----------------|
| Alex          | 2              |
| Bella         | 1              |
| Carlos        | 3              |
| Dana          | 0              |

*(You can use real names or made-up ones if this is a classroom exercise.)*

---

#### **Step 2: Convert Numbers to Tally Marks**
Now, instead of writing the number, use tally marks to show how many pets each friend has.

Here’s how the same table would look with tally marks:

| Friend's Name | Tally Marks (Pets) |
|---------------|--------------------|
| Alex          | ||                 |
| Bella         | |                  |
| Carlos        | |||                |
| Dana          |                    |

(If Dana has 0 pets, just leave that box blank or write ""None"".)

---

#### **Step 3: Optional – Make a Frequency Table**
If you're trying to find out how many people have the same number of pets, you can create a frequency table like this:

| Number of Pets | Tally Marks (Friends) |
|----------------|------------------------|
| 0              | |                      |
| 1              | |                      |
| 2              | |                      |
| 3              | |                      |

In this case, each tally mark represents a friend who has that many pets.

---

### 📝 Example Summary:

Let’s say you asked 5 friends and got these results:

- Maya – 2 pets
- Liam – 1 pet
- Zoe – 2 pets
- Noah – 3 pets
- Ava – 0 pets

Your final tally table might look like this:

| Friend | Pets (Tally Marks) |
|--------|---------------------|
| Maya   | ||                  |
| Liam   | |                   |
| Zoe    | ||                  |
| Noah   | |||                 |
| Ava    |                     |

Or, grouped by number of pets:

| Number of Pets | Friends (Tally Marks) |
|----------------|------------------------|
| 0              | |                      |
| 1              | |                      |
| 2              | ||                     |
| 3              | |                      |

---

### 🎉 Tips:
- Be neat when drawing tally marks so they’re easy to read.
- Practice drawing groups of 5 correctly (four lines and then a diagonal).
- You can color-code or add pictures to make your chart more fun!

---

Would you like me to help you create a printable template or worksheet for this task?"
"Data frequencies and probabilities","Collect, display and read data","B","Add up the total number of animals shown in the chart","Sure! To help you add up the **total number of animals shown in a chart**, I’ll walk you through a general process. Since I can’t see the actual chart, follow these steps:

---

### ✅ Step-by-Step Guide to Add Up Total Number of Animals in a Chart

#### 1. **Identify the Type of Chart**
Determine what kind of chart you're looking at:
- Bar chart
- Pie chart
- Pictograph
- Table
- Line chart (less likely for this type of question)

Each type displays data differently, so knowing the type helps interpret it correctly.

---

#### 2. **Locate the Animal Categories**
Look for the different types of animals listed on the chart. These might be labeled on:
- The x-axis or y-axis (in bar charts)
- In a key/legend (for pie or pictographs)
- In rows/columns (if it's a table)

Examples: lions, zebras, elephants, birds, etc.

---

#### 3. **Find the Number Represented for Each Animal**
For each animal category, find how many are represented. This may be:
- A number shown on the side of a bar
- A number inside a slice of a pie chart
- A symbol count in a pictograph (e.g., one elephant icon = 5 elephants)
- A value in a table cell

> 🔍 Tip: If it’s a pictograph, make sure to check the legend — sometimes symbols represent multiple animals.

---

#### 4. **Write Down Each Value**
To avoid mistakes, list out the number of animals next to each category. For example:

| Animal   | Count |
|----------|-------|
| Lions    | 10    |
| Zebras   | 15    |
| Elephants| 8     |
| Birds    | 22    |

---

#### 5. **Add the Numbers Together**
Now just sum all the values:

```
Total = 10 (Lions) + 15 (Zebras) + 8 (Elephants) + 22 (Birds)
Total = 55 animals
```

---

### 📌 Example Summary:
If your chart shows:
- Lions: 10
- Zebras: 15
- Elephants: 8
- Birds: 22

Then total animals = **10 + 15 + 8 + 22 = 55**

---

### 🛠️ Tools You Can Use
- Paper and pencil to jot down numbers
- Calculator for large numbers
- Spreadsheet (like Excel or Google Sheets) if working digitally

---

### Need More Help?
If you can describe the chart or share details about what it shows (e.g., categories and their values), I can help you calculate the total directly!

Let me know how you'd like to proceed!"
"Data frequencies and probabilities","Collect, display and read data","B","Look at the graph. Did more people travel by car or bus?","Sure! To solve the task **""Did more people travel by car or bus?""** based on a graph, you can follow these simple steps:

---

### 🔍 Step-by-Step Guide to Analyze the Graph:

#### 1. **Look at the type of graph**
   - Is it a **bar graph**, **pie chart**, **line graph**, or something else?
   - This will help you understand how the data is presented.

#### 2. **Identify what each part represents**
   - Look at the **labels**, **axes**, or **legend**.
   - For example:
     - In a bar graph: one bar might be labeled ""Car"" and another ""Bus"".
     - In a pie chart: there may be slices labeled ""Car"", ""Bus"", etc.

#### 3. **Compare the values**
   - If it’s a **bar graph**, check which bar is **taller**.
   - If it’s a **pie chart**, check which slice is **larger** (covers more of the circle).
   - If it’s numbers or percentages, read them carefully.

#### 4. **Determine which mode of transport has more people**
   - If the **""Car"" value is higher** than the ""Bus"", then more people traveled by car.
   - If the **""Bus"" value is higher**, then more people traveled by bus.

---

### ✅ Example:

Let's say the graph shows:

| Mode of Transport | Number of People |
|-------------------|------------------|
| Car               | 150              |
| Bus               | 120              |

Then your answer would be:  
👉 **More people traveled by car** because 150 > 120.

---

If you describe the graph to me (or tell me what the numbers or labels are), I can help you interpret it and give a specific answer!"
"Data frequencies and probabilities","Collect, display and read data","C","Draw a bar graph to show how many pets each classmate has.","Sure! Let's walk through **how to solve the task: ""Draw a bar graph to show how many pets each classmate has.""**

---

### ✅ Step-by-Step Guide to Creating a Bar Graph

#### 📌 Step 1: Collect the Data
You need to know **how many pets each classmate has**.

Ask your classmates questions like:
> ""How many pets do you have at home?""

Record the answers in a list or table. For example:

| Classmate | Number of Pets |
|-----------|----------------|
| Alex      | 2              |
| Bella     | 1              |
| Carlos    | 3              |
| Dana      | 0              |
| Ethan     | 2              |

📝 Tip: You can write this down in a notebook or on a piece of paper.

---

#### 📌 Step 2: Organize the Data
Decide what kind of bar graph you want:

- **Horizontal bar graph**: names go on the Y-axis, number of pets on the X-axis.
- **Vertical bar graph**: names go on the X-axis, number of pets on the Y-axis.

Let’s choose a **vertical bar graph** for simplicity.

---

#### 📌 Step 3: Draw the Axes
On a blank sheet of paper or graph paper:

1. Draw an **L-shaped axis**:
   - The **horizontal line (X-axis)** will show classmate names.
   - The **vertical line (Y-axis)** will show the number of pets.

2. Label the axes:
   - X-axis: “Classmates”
   - Y-axis: “Number of Pets”

---

#### 📌 Step 4: Mark the Scale
On the **Y-axis**, mark numbers starting from **0** up to the **highest number of pets** someone has.

For example, if the most pets anyone has is **5**, then label the Y-axis from 0 to 5 with even spacing.

---

#### 📌 Step 5: Plot the Bars
For each classmate:

- Find their name on the X-axis.
- Go up to the number that matches how many pets they have.
- Draw a **bar** from the X-axis up to that number.

Make sure all bars are the same width and leave small gaps between them.

---

#### 📌 Step 6: Add a Title
Give your bar graph a title at the top, such as:
> **""Number of Pets Each Classmate Has""**

---

#### 📌 Step 7: Review Your Work
Check:
- Are all the bars correctly drawn?
- Is the scale accurate?
- Are the labels clear?

---

### 🧠 Bonus Tips:
- Use **colors** to make it more fun — color each bar differently.
- If you're using technology (like Excel or Google Sheets), just enter the data and let the program create the graph for you.

---

Would you like me to help you create a sample bar graph based on some example data?"
"Data frequencies and probabilities","Collect, display and read data","C","How many more students like blue than green, according to the pictogram?","To solve the task **""How many more students like blue than green, according to the pictogram?""**, follow these steps:

---

### 🔍 Step 1: Understand the Pictogram
A **pictogram** (or pictograph) uses pictures or symbols to represent data. Each picture usually stands for a certain number of items or people.

Look at the pictogram and find the sections for:
- Students who like **blue**
- Students who like **green**

---

### 📌 Step 2: Check the Key
Pictograms often have a **key** that tells you how many students each picture represents. For example:
- One circle = **2 students**
- Half a circle = **1 student**

Always check this key — it’s essential for interpreting the data correctly.

---

### ✏️ Step 3: Count the Symbols
Count how many symbols are shown for:
- Blue
- Green

If there are half-symbols or parts of symbols, make sure to adjust your count accordingly (e.g., 1 full symbol = 2 students, so a half-symbol = 1 student).

---

### ➗ Step 4: Calculate the Number of Students
Multiply the number of symbols by the value given in the key to get the actual number of students for each color.

Example:
- Blue: 4 symbols × 2 students per symbol = **8 students**
- Green: 2.5 symbols × 2 students per symbol = **5 students**

---

### ➖ Step 5: Subtract to Find the Difference
Now subtract the number of students who like green from the number who like blue:

$$
\text{Difference} = \text{Students who like blue} - \text{Students who like green}
$$

Using the example above:

$$
\text{Difference} = 8 - 5 = 3
$$

---

### ✅ Final Answer:
> ""**3 more students like blue than green.**""

---

If you can describe or share the pictogram, I’d be happy to help you calculate the exact numbers!"
"Data frequencies and probabilities","Collect, display and read data","C","Read the temperature at 2 PM from the line graph.","To read the **temperature at 2 PM from a line graph**, follow these simple steps:

---

### ✅ Step-by-Step Guide:

#### 1. **Understand the Graph Layout**
- Look at the **x-axis (horizontal)** — this usually shows time.
- Look at the **y-axis (vertical)** — this usually shows temperature values.

---

#### 2. **Find 2 PM on the X-Axis**
- Locate the point labeled **""2 PM""** or **14:00** (which is 2 PM in 24-hour time) on the x-axis.

---

#### 3. **Follow the Line to That Time**
- Find the point on the **line graph** that corresponds to 2 PM.
- The line connects data points for different times — find where it is at exactly 2 PM.

---

#### 4. **Draw an Imaginary Line Up/Down (if needed)**
- If it's hard to see, draw a **light vertical line upward** from the ""2 PM"" mark until it meets the line graph.
- Then, draw a **horizontal line** from that intersection to the y-axis.

---

#### 5. **Read the Temperature on the Y-Axis**
- Where your horizontal line meets the y-axis, read the value.
- That is the **temperature at 2 PM**.

---

### 📌 Example:
If the line crosses the y-axis at **76°F** when you go straight up from 2 PM, then:
> ✅ The temperature at 2 PM is **76 degrees Fahrenheit**.

---

### 💡 Tips:
- Use a ruler or straight edge if you're having trouble lining things up visually.
- Make sure you're reading the correct units (°F, °C, etc.).

---

If you have a description or image of the graph and need help interpreting it, feel free to share it here!"
"Data frequencies and probabilities","Collect, display and read data","C","From the survey. Create a table to show how many books each student read in a week","Sure! To help you create a table that shows **how many books each student read in a week**, let's walk through the process step by step.

---

### 🧩 Step 1: Understand the Data You Have

First, make sure you have the survey data. It might look something like this:

| Student Name | Books Read |
|--------------|------------|
| Alice        | 3          |
| Bob          | 2          |
| Carol        | 5          |
| David        | 1          |
| Eve          | 4          |

If your data looks like this already, great! You can jump to **Step 3**.

---

### 📝 Step 2: Organize the Survey Responses

If your data is not yet organized (e.g., it's in a paragraph or list), you need to extract the names and number of books read.

**Example unorganized survey responses:**

- Alice read 3 books.
- Bob read 2 books.
- Carol read 5 books.
- David read 1 book.
- Eve read 4 books.

From this, you can create a table like the one above.

---

### 📊 Step 3: Create Your Table

Now that you have organized data, create a simple table with two columns:

| Student Name | Books Read |
|--------------|------------|
| Alice        | 3          |
| Bob          | 2          |
| Carol        | 5          |
| David        | 1          |
| Eve          | 4          |

You can create this in:
- Microsoft Excel
- Google Sheets
- Word Processor (like Word or Google Docs)
- Or even on paper!

---

### 📈 Step 4: Optional – Visualize the Data

If you want to make it more visual:
- Create a bar chart where each bar represents a student and the height shows how many books they read.
- This helps compare who read the most or least.

---

### ✅ Summary

To complete your task:
1. Collect or organize the survey data.
2. List students and how many books they read.
3. Put that info into a table.
4. (Optional) Add charts for visualization.

---

Would you like me to help you build this in Excel or Google Sheets format? Or do you want to provide some sample survey results so I can show you exactly how to turn them into a table?"
"Data frequencies and probabilities","Collect, display and read data","C","Fill in the missing values in the frequency table: Apples – 7, Bananas – __, Oranges – 5, Grapes – __, Total – 20","You're given a **frequency table** with some missing values and a total. Here's the information you have:

| Fruit   | Frequency |
|---------|-----------|
| Apples  | 7         |
| Bananas | __        |
| Oranges | 5         |
| Grapes  | __        |
| Total   | 20        |

### Step-by-step Instructions to Solve:

1. **Understand what you’re solving for:**
   - You need to find the number of **Bananas** and **Grapes**, since those two values are missing.
   - The total number of fruits is **20**.

2. **Add the known frequencies:**
   - Apples = 7
   - Oranges = 5
   - So, 7 + 5 = **12**

3. **Subtract from the total to find the sum of the missing values:**
   - Total = 20
   - Known = 12
   - Missing (Bananas + Grapes) = 20 – 12 = **8**

4. **Now you need to decide how to divide the 8 between Bananas and Grapes.**
   - Since no additional info is given, there are **multiple correct answers** unless more constraints are provided.
   - Some possible combinations:
     - Bananas = 4, Grapes = 4
     - Bananas = 3, Grapes = 5
     - Bananas = 6, Grapes = 2
     - etc.

5. **Pick one reasonable solution (if only one answer is needed):**
   - A simple and logical choice might be to make them equal if there’s no reason to prefer one over the other.
   - So:
     - Bananas = **4**
     - Grapes = **4**

### Final Answer:

| Fruit   | Frequency |
|---------|-----------|
| Apples  | 7         |
| Bananas | 4         |
| Oranges | 5         |
| Grapes  | 4         |
| Total   | 20        |

✅ This adds up correctly: 7 + 4 + 5 + 4 = **20**

Let me know if you have any extra clues or conditions — they could help determine a unique answer!"
"Data frequencies and probabilities","Collect, display and read data","C","Create a line graph using the following daily step counts: Sunday – 4,500, Monday – 6,200, Tuesday – 7,100, Wednesday – 5,800, Thursday – 6,900, Friday – 7,500, Saturday – 8,000","To solve the task of **creating a line graph** using the daily step counts you've provided, follow these simple steps:

---

### ✅ Step 1: Understand What You're Asked To Do

You are given a list of **daily step counts** for one week. Your goal is to represent this data visually in the form of a **line graph**, which will help show how your daily step count changes from day to day.

---

### 📊 Step 2: Organize the Data

Here’s the data in a clear format:

| Day       | Steps   |
|-----------|---------|
| Sunday    | 4,500   |
| Monday    | 6,200   |
| Tuesday   | 7,100   |
| Wednesday | 5,800   |
| Thursday  | 6,900   |
| Friday    | 7,500   |
| Saturday  | 8,000   |

This table makes it easy to plot on a graph.

---

### 📐 Step 3: Set Up the Graph

#### A. Draw the Axes
- **X-axis (horizontal):** Label with the days of the week — Sunday through Saturday.
- **Y-axis (vertical):** Label with number of steps. Choose a scale that fits all your values (e.g., from 0 to 8,500 in increments of 500 or 1,000).

#### B. Plot the Points
For each day, find the point that matches the step count and mark it. For example:
- On Sunday, go up to 4,500 steps and place a dot above ""Sunday"" at that height.
- Repeat for each day.

---

### 🔗 Step 4: Connect the Dots

Once all points are plotted, use a ruler (or freehand neatly) to connect the dots in order from **Sunday to Saturday**. This creates the line that shows the trend over time.

---

### 🧾 Step 5: Add Labels and Title

Make sure your graph has:
- A **title**, such as “Daily Step Count for the Week”
- Labeled axes:
  - X-axis: “Day of the Week”
  - Y-axis: “Number of Steps”

---

### 🛠 Optional: Use Software or Tools

If you're doing this digitally, here are some tools you can use:

#### Google Sheets or Microsoft Excel:
1. Enter the data into two columns: Days and Steps.
2. Highlight the data.
3. Go to the **Insert** menu and choose **Line Chart**.
4. Customize the title and axis labels if needed.

#### Online Tools:
- Canva
- Meta-Chart
- Plotly
These also allow you to input data and generate a line graph automatically.

---

### 📌 Final Tips
- Make sure the scale on the Y-axis starts near zero to avoid misleading interpretations.
- Keep the spacing between days equal on the X-axis.
- If possible, add gridlines to make reading the values easier.

---

Would you like me to create a sample chart for you using this data?"
"Data frequencies and probabilities","Collect, display and read data","D","Make a frequency table for the following numbers: 2, 3, 2, 4, 3, 2, 5.","!!!!"
"Data frequencies and probabilities","Collect, display and read data","D","Draw a pie chart for the data: apples (4), bananas (7), oranges (3).","To draw a **pie chart** for the data:  
- Apples: 4  
- Bananas: 7  
- Oranges: 3  

### Step-by-step instructions:

---

### **Step 1: Find the total number of items**
Add all the values together:

$$
4 \text{ (apples)} + 7 \text{ (bananas)} + 3 \text{ (oranges)} = 14
$$

---

### **Step 2: Calculate the percentage of each category**

We use the formula:

$$
\text{Percentage} = \left(\frac{\text{Category Value}}{\text{Total}}\right) \times 100
$$

- Apples:  
  $$
  \frac{4}{14} \times 100 ≈ 28.57\%
  $$

- Bananas:  
  $$
  \frac{7}{14} \times 100 = 50\%
  $$

- Oranges:  
  $$
  \frac{3}{14} \times 100 ≈ 21.43\%
  $$

---

### **Step 3: Convert percentages to degrees**

A full circle is **360°**, so we calculate the angle for each slice using:

$$
\text{Degrees} = \left(\frac{\text{Category Value}}{\text{Total}}\right) \times 360
$$

- Apples:  
  $$
  \frac{4}{14} \times 360 ≈ 102.86^\circ
  $$

- Bananas:  
  $$
  \frac{7}{14} \times 360 = 180^\circ
  $$

- Oranges:  
  $$
  \frac{3}{14} \times 360 ≈ 77.14^\circ
  $$

---

### **Step 4: Draw the pie chart**

You can do this by hand or with a tool like Excel, Google Sheets, or Python.

#### **Option A: By Hand**
1. Draw a circle using a compass.
2. Use a protractor to measure and mark each angle.
3. Label each slice with the fruit name and its percentage.

#### **Option B: Using Excel or Google Sheets**
1. Enter your data in two columns:
   ```
   Fruits     | Quantity
   ----------------------
   Apples     | 4
   Bananas    | 7
   Oranges    | 3
   ```
2. Highlight the data.
3. Go to **Insert > Pie Chart**.
4. Choose the style you want, and your chart will appear automatically.

#### **Option C: Using Python (matplotlib)**
If you're comfortable with code, here’s a quick example:

```python
import matplotlib.pyplot as plt

# Data
labels = ['Apples', 'Bananas', 'Oranges']
sizes = [4, 7, 3]

# Create pie chart
plt.pie(sizes, labels=labels, autopct='%1.1f%%', startangle=90)
plt.title('Fruit Distribution')
plt.axis('equal')  # Equal aspect ratio ensures the pie is circular
plt.show()
```

---

### Summary of Angles & Percentages:

| Fruit   | Count | Percentage | Degrees |
|---------|-------|------------|---------|
| Apples  | 4     | ~28.57%    | ~102.86°|
| Bananas | 7     | 50%        | 180°    |
| Oranges | 3     | ~21.43%    | ~77.14° |

---

Let me know if you'd like help drawing it step-by-step visually or need code examples!"
"Data frequencies and probabilities","Collect, display and read data","D","Measure and record the hand spans of 5 classmates and organize the data","Sure! Here's a step-by-step explanation on **how to measure and record the hand spans of 5 classmates and organize the data**:

---

### ✅ **Step 1: Understand What ""Hand Span"" Means**
- **Hand span** is the distance from the tip of your **thumb** to the tip of your **little finger** when your hand is stretched out wide.

---

### ✅ **Step 2: Gather Your Materials**
You will need:
- A **ruler** or **measuring tape** (preferably in centimeters or inches – cm is more precise)
- A **notebook or paper** to record measurements
- A **pencil or pen**

---

### ✅ **Step 3: Ask 5 Classmates to Participate**
Choose 5 people. Make sure they are okay with having their hand span measured.

---

### ✅ **Step 4: Measure Each Person’s Hand Span**
Here’s how:
1. Ask the person to **spread their fingers** as wide as comfortably possible.
2. Place the ruler or measuring tape across their palm, from the **tip of the thumb** to the **tip of the pinky finger**.
3. Record the measurement (in **centimeters or inches**, depending on your ruler).
4. Repeat for each classmate.

> 🔍 Tip: Try to use the same hand (e.g., right hand) for everyone to keep it consistent.

---

### ✅ **Step 5: Record the Data**
Make a simple table like this one:

| Name       | Hand Span (cm) |
|------------|----------------|
| Alex       | 19.5           |
| Bella      | 18.0           |
| Carlos     | 21.0           |
| Dana       | 17.5           |
| Ethan      | 20.0           |

You can write it by hand or type it on a computer if needed.

---

### ✅ **Step 6: Organize the Data**
To make the information easier to understand or analyze, you can:
- **Sort the data** from smallest to largest hand span:

| Name       | Hand Span (cm) |
|------------|----------------|
| Dana       | 17.5           |
| Bella      | 18.0           |
| Alex       | 19.5           |
| Ethan      | 20.0           |
| Carlos     | 21.0           |

- Find basic statistics (if needed):
  - **Minimum**: Smallest value (e.g., 17.5 cm)
  - **Maximum**: Largest value (e.g., 21.0 cm)
  - **Range**: Max – Min = 21.0 – 17.5 = 3.5 cm
  - **Average (Mean)**: Add all values and divide by 5

Example:
(17.5 + 18.0 + 19.5 + 20.0 + 21.0) ÷ 5 = **19.2 cm**

---

### ✅ **Step 7: Present or Share the Results**
If you're doing this for school, you might want to:
- Create a **bar graph** or **line plot** of the hand spans
- Write a short summary of what you found
- Compare left vs. right hand span if asked

---

Would you like help creating a graph or chart for this data too?"
"Data frequencies and probabilities","Collect, display and read data","D","Organize the results of 10 students' favorite subjects (Math, English) by gender in a two-way table.","To solve the task **""Organize the results of 10 students' favorite subjects (Math, English) by gender in a two-way table,""** you need to follow these steps:

---

### 🔍 Step 1: Understand What a Two-Way Table Is

A **two-way table** (also called a **contingency table**) is used to show how often different categories occur together. In this case, the two categories are:

- **Gender**: Male / Female
- **Favorite Subject**: Math / English

You will organize the data so that it shows how many males and females prefer Math or English.

---

### 📋 Step 2: Collect or Make Up Sample Data (if not provided)

Since no specific data was given, let’s create an example for 10 students:

| Student | Gender | Favorite Subject |
|---------|--------|------------------|
| 1       | Male   | Math             |
| 2       | Female | English          |
| 3       | Male   | English          |
| 4       | Female | Math             |
| 5       | Male   | Math             |
| 6       | Female | English          |
| 7       | Male   | Math             |
| 8       | Female | Math             |
| 9       | Male   | English          |
| 10      | Female | English          |

---

### 🧮 Step 3: Tally the Results

Now count how many students fall into each group:

- **Male & Math:** Students 1, 5, 7 → 3 students  
- **Male & English:** Students 3, 9 → 2 students  
- **Female & Math:** Students 4, 8 → 2 students  
- **Female & English:** Students 2, 6, 10 → 3 students  

---

### 📐 Step 4: Build the Two-Way Table

Here's how your final two-way table would look:

|               | **Math** | **English** | **Total** |
|---------------|----------|-------------|-----------|
| **Male**      | 3        | 2           | **5**     |
| **Female**    | 2        | 3           | **5**     |
| **Total**     | **5**    | **5**       | **10**    |

This table now clearly shows the number of male and female students who prefer Math or English.

---

### ✅ Final Notes:
- You can use this format even if you have real data.
- The totals help verify that all students are accounted for.
- This kind of table helps spot patterns — like whether one subject is more popular with a certain gender.

Let me know if you'd like help turning your actual data into a two-way table!"
"Data frequencies and probabilities","Collect, display and read data","D","Collect and organize class heights into intervals (e.g. 120–130 cm) in a tally chart.","Sure! Let's break down the task **""Collect and organize class heights into intervals (e.g. 120–130 cm) in a tally chart""** step by step so you can complete it easily.

---

### 🧩 What is this task asking?
You need to:
1. **Collect** the heights of your classmates.
2. **Group** these heights into specific ranges called **intervals** (like 120–130 cm).
3. Use a **tally chart** to show how many students fall into each height interval.

---

## ✅ Step-by-Step Guide

### 🔹 Step 1: Collect Heights
Ask all your classmates for their heights (in centimeters or inches — make sure to use the same unit).

📝 Example data (cm):
```
122, 125, 130, 135, 138, 140, 123, 127, 131, 136, 142, 145, 129, 133, 137
```

Let’s say there are 15 students in this example.

---

### 🔹 Step 2: Choose Intervals
Decide on the size of your intervals. Common sizes are 5 cm, 10 cm, or 15 cm depending on the range of heights.

📘 For example, if the shortest student is 120 cm and the tallest is 150 cm, you could use:

| Interval (cm) |
|---------------|
| 120 – 129     |
| 130 – 139     |
| 140 – 149     |
| 150 – 159     |

💡 Tip: Make sure the intervals don't overlap and cover all possible values.

---

### 🔹 Step 3: Create a Tally Chart
A **tally chart** has three columns:
1. **Height Interval**
2. **Tally Marks**
3. **Frequency (optional)**

📋 Example template:

| Height Interval | Tally | Frequency |
|------------------|-------|-----------|
| 120 – 129        | |||| |         |
| 130 – 139        | |||| |         |
| 140 – 149        | |||   |         |
| 150 – 159        |       |         |

Now go through the list of heights and put a **tally mark** (a vertical line `|`) for each height that falls into an interval.

Every time you have 5 marks, cross them with a diagonal line to make counting easier.

🔢 Using our sample data:

```
122, 125, 130, 135, 138, 140, 123, 127, 131, 136, 142, 145, 129, 133, 137
```

Organized into intervals:

- **120–129**: 122, 125, 123, 127, 129 → 5 students  
- **130–139**: 130, 135, 138, 131, 136, 133, 137 → 7 students  
- **140–149**: 140, 142, 145 → 3 students  
- **150–159**: none

So the completed tally chart looks like:

| Height Interval | Tally      | Frequency |
|------------------|------------|-----------|
| 120 – 129        | ||||       | 5         |
| 130 – 139        | |||| ||    | 7         |
| 140 – 149        | |||        | 3         |
| 150 – 159        |            | 0         |

---

### 📌 Tips:
- Keep your intervals consistent (same width).
- Double-check that all data points are included.
- You can add a ""Total"" row at the bottom to verify all students are counted.

---

### 🎯 Final Goal:
You should end up with a clear visual summary of how the heights are spread across different groups using tally marks.

Let me know if you'd like a printable template or help making a frequency table too!"
"Data frequencies and probabilities","Collect, display and read data","E","Identify misleading elements in a graph where the y-axis does not start at zero","When analyzing a graph, especially one where the **y-axis does not start at zero**, it's important to be aware of how this can potentially **mislead viewers** about the actual magnitude of differences or trends in the data. Here’s a step-by-step guide on **how to identify misleading elements** in such graphs:

---

### 🔍 Step 1: Understand the Purpose of the Graph
Ask yourself:
- What is the graph trying to show? (e.g., a comparison between values, a trend over time)
- Who made the graph and why? (To inform? To persuade?)

This helps you assess whether the visual distortion might be intentional.

---

### 📏 Step 2: Check the Y-Axis Scale
Look for:
- **Where does the y-axis start?** If it starts above zero, small differences can look exaggerated.
- **Is the scale consistent?** Are the intervals between numbers equal?
- **Is there a break symbol (like a zig-zag line or //)?** This indicates that part of the axis has been omitted.

🔍 **Example**: A bar chart shows two values: 95 and 100, but the y-axis starts at 90. The bar for 100 looks twice as tall as the one for 95, even though the difference is only 5 units — which may not be significant depending on context.

---

### 🧮 Step 3: Compare Actual Values vs. Visual Differences
Measure or calculate:
- The **actual numerical difference** between data points.
- The **visual difference** shown by the graph (e.g., how much taller one bar/column appears than another).

⚠️ If the visual difference doesn’t match the real difference, the graph is **exaggerating** the change.

---

### 📊 Step 4: Consider the Context
Ask:
- Is the focus on **relative changes** (like percentage growth) rather than absolute values?
- In some cases (like stock prices or temperature), starting from zero isn't always necessary if the focus is on **small fluctuations**.

✅ Example: Medical research tracking blood pressure changes of 120 vs. 125 would be more informative with a zoomed-in scale.

---

### 🛑 Step 5: Identify Other Potential Misleading Features
Also check:
- **Distorted aspect ratio** (e.g., very tall bars or stretched axes).
- **Inconsistent bar widths or spacing**.
- **Missing labels or unclear units**.
- **Colors or designs** that draw attention to certain parts disproportionately.

---

### ✅ Summary Checklist: Red Flags in Graphs

| Element | Red Flag |
|--------|----------|
| Y-axis doesn't start at 0 | Can exaggerate small differences |
| No break indicator on y-axis | May hide truncation |
| Uneven scale intervals | Misleads perception |
| Visual size ≠ actual value change | Exaggerates impact |
| Missing labels or sources | Lacks transparency |

---

### 🧩 Bonus Tip: Recreate the Graph with Zero Baseline
Try redrawing the graph with the y-axis starting at zero. Does the message or perceived difference change significantly? If yes, the original graph was likely **visually misleading**.

---

### 🎯 Final Thoughts
Graphs are meant to help us understand data, but they can also manipulate perceptions. Being able to spot misleading visuals — especially when the y-axis doesn’t start at zero — is an essential skill in critical thinking and data literacy.

Let me know if you'd like to go through an example together!"
"Data frequencies and probabilities","Collect, display and read data","E","Construct a stem-and-leaf plot for: 32, 34, 36, 41, 43, 45, 48","Sure! Let's walk through how to **construct a stem-and-leaf plot** for the data set:

**Data:** 32, 34, 36, 41, 43, 45, 48

---

### 🔍 Step-by-step: Constructing a Stem-and-Leaf Plot

#### ✅ Step 1: Understand the structure
A **stem-and-leaf plot** separates each number into:
- **Stem**: The first digit(s) of the number (usually the tens place)
- **Leaf**: The last digit (usually the ones place)

For example:
- In **32**, the stem is **3** and the leaf is **2**
- In **45**, the stem is **4** and the leaf is **5**

---

#### ✅ Step 2: Order the data (if not already done)
Your data is already in order:
**32, 34, 36, 41, 43, 45, 48**

---

#### ✅ Step 3: Identify stems
From your data, the **tens digits** (stems) are:
- **3** → for numbers in the 30s
- **4** → for numbers in the 40s

---

#### ✅ Step 4: Create the plot

Start by listing the stems on the left side. Then write the corresponding leaves next to each stem.

```
Stem | Leaf
3    | 2 4 6
4    | 1 3 5 8
```

---

#### ✅ Step 5: Add a key
To help interpret the plot, add a **key**, like:

**Key:** 3 | 2 represents 32

---

### 📊 Final Stem-and-Leaf Plot:

```
Stem | Leaf
3    | 2 4 6
4    | 1 3 5 8

Key: 3 | 2 means 32
```

---

Let me know if you want to try another data set or make a back-to-back plot!"
"Data frequencies and probabilities","Collect, display and read data","E","Create a histogram from grouped intervals of quiz scores: 0–10, 11–20, etc","Creating a histogram from **grouped intervals of quiz scores** (like 0–10, 11–20, etc.) involves visualizing the frequency distribution of scores across those intervals. Here's a step-by-step guide on how to do it:

---

### 🔹 Step 1: Understand the Data

You need:
- A list of quiz scores (e.g., 3, 8, 12, 15, 17, 23, ..., 98)
- Grouped intervals (also called **bins**) like:
  - 0–10
  - 11–20
  - 21–30
  - ...
  - 91–100

If you don’t already have the data grouped into intervals, you’ll need to **count how many scores fall into each interval**.

---

### 🔹 Step 2: Create Frequency Table

| Interval | Tally | Frequency |
|----------|-------|-----------|
| 0–10     | ||||        | 4         |
| 11–20    | |||| ||     | 7         |
| 21–30    | |||| ||||   | 9         |
| ...      | ...   | ...       |

You can count manually or use software (like Excel or Python) to automate this.

---

### 🔹 Step 3: Draw the Histogram

A histogram is a **bar chart** where:
- The **x-axis** shows the score intervals.
- The **y-axis** shows the number of students (frequency).
- Each **bar** represents one interval and its height corresponds to the frequency.

#### 📐 Guidelines for Drawing:
- Bars should be adjacent (no spaces between them unless an interval has zero frequency).
- Make sure intervals are equally sized (e.g., all are 10 points wide).
- Label both axes clearly.

---

### 🔍 Example Using Python (Pandas + Matplotlib)

If you're using Python:

```python
import pandas as pd
import matplotlib.pyplot as plt

# Example list of quiz scores
scores = [3, 8, 12, 15, 17, 23, 25, 27, 29, 34, 36, 45, 50, 55, 60, 65, 70, 75, 80, 85, 90, 95]

# Define bins (intervals)
bins = [0, 10, 20, 30, 40, 50, 60, 70, 80, 90, 100]

# Plot histogram
plt.hist(scores, bins=bins, edgecolor='black', alpha=0.7)

# Add labels and title
plt.title('Quiz Score Distribution')
plt.xlabel('Score Intervals')
plt.ylabel('Number of Students')

# Show plot
plt.show()
```

---

### ✅ Summary

To create a histogram from grouped quiz intervals:

1. Collect or organize the quiz scores.
2. Define your intervals (e.g., 0–10, 11–20, etc.).
3. Count how many scores fall into each interval → make a frequency table.
4. Use graph paper or software to draw the histogram with bars representing each interval’s frequency.

Let me know if you want help creating the frequency table or drawing it in a specific tool like Excel or Google Sheets!"
"Data frequencies and probabilities","Collect, display and read data","E","A time series graph shows population growth every 10 years from 1960 to 2020. What is the average growth rate per decade?","To find the **average growth rate per decade** from a time series graph that shows population growth every 10 years from **1960 to 2020**, follow these steps:

---

### ✅ Step 1: Understand What You're Looking For

You're trying to calculate how much, on average, the population increased **per decade** (i.e., every 10 years) over the given period.

There are two ways to interpret ""growth rate"":
- **Absolute growth rate**: How many people were added per decade.
- **Relative (percentage) growth rate**: The percentage increase per decade.

We’ll cover both.

---

### 📊 Step 2: Extract Data from the Graph

From the time series graph, identify and record the population values for each decade:

| Year | Population |
|------|------------|
| 1960 | P₀         |
| 1970 | P₁         |
| 1980 | P₂         |
| 1990 | P₃         |
| 2000 | P₄         |
| 2010 | P₅         |
| 2020 | P₆         |

(Replace P₀ through P₆ with actual numbers from your graph.)

---

### 🔢 Step 3: Calculate Growth Between Each Decade

For each decade, calculate the change in population:

- From 1960 to 1970: ΔP₁ = P₁ − P₀  
- From 1970 to 1980: ΔP₂ = P₂ − P₁  
- ...
- From 2010 to 2020: ΔP₆ = P₆ − P₅  

Then compute the **average absolute growth per decade**:

$$
\text{Average Absolute Growth} = \frac{\Delta P_1 + \Delta P_2 + \cdots + \Delta P_6}{6}
$$

This tells you how many people were added on average each decade.

---

### 📈 Step 4: Calculate Percentage Growth Rate Per Decade (Optional)

If you want the **average percentage growth rate per decade**, calculate the percentage increase for each decade:

$$
\text{Growth Rate}_1 = \left(\frac{P_1 - P_0}{P_0}\right) \times 100
$$
$$
\text{Growth Rate}_2 = \left(\frac{P_2 - P_1}{P_1}\right) \times 100
$$
...
$$
\text{Growth Rate}_6 = \left(\frac{P_6 - P_5}{P_5}\right) \times 100
$$

Then average them:

$$
\text{Average Growth Rate (\%)} = \frac{\text{Growth Rate}_1 + \text{Growth Rate}_2 + \cdots + \text{Growth Rate}_6}{6}
$$

---

### 🧠 Final Notes

- If the population grows exponentially, you might prefer using the **compound annual growth rate (CAGR)** formula and convert it to a decadal rate.
- Make sure all values come from the same scale or unit (e.g., thousands, millions).

---

### 🎯 Example (with fake data):

Suppose the populations are:

| Year | Population (millions) |
|------|------------------------|
| 1960 | 100                    |
| 1970 | 120                    |
| 1980 | 145                    |
| 1990 | 170                    |
| 2000 | 200                    |
| 2010 | 230                    |
| 2020 | 260                    |

Now compute changes:

- ΔP₁ = 120 − 100 = 20
- ΔP₂ = 145 − 120 = 25
- ΔP₃ = 170 − 145 = 25
- ΔP₄ = 200 − 170 = 30
- ΔP₅ = 230 − 200 = 30
- ΔP₆ = 260 − 230 = 30

$$
\text{Average Absolute Growth} = \frac{20 + 25 + 25 + 30 + 30 + 30}{6} = \frac{160}{6} ≈ 26.7 \text{ million per decade}
$$

Percentage growth rates:
- Growth Rate₁ = (20 / 100) × 100 = 20%
- Growth Rate₂ = (25 / 120) × 100 ≈ 20.8%
- ...

Then average those for average percentage growth per decade.

---

Let me know if you want help calculating this with real numbers from your graph!"
"Data frequencies and probabilities","Collect, display and read data","E","Calculate the lower and upper quartiles of the data set: {3, 5, 7, 8, 9, 10, 12, 15, 18}","To calculate the **lower quartile (Q1)** and **upper quartile (Q3)** of a data set, you need to follow these steps:

---

### 🔢 Given Data Set:
{3, 5, 7, 8, 9, 10, 12, 15, 18}

This data set is already sorted in ascending order, which is great!

---

## ✅ Step-by-Step Process

### 🔹 Step 1: Find the Median (Q2)

There are **9 numbers** in this data set (odd number).

The **median (Q2)** is the middle value:
- Position: $ \frac{n+1}{2} = \frac{9+1}{2} = 5 $
- So, the median is the **5th value**: **9**

Now we split the data around the median:

- Lower half (below the median): {3, 5, 7, 8}
- Upper half (above the median): {10, 12, 15, 18}

> 💡 Note: Since the data set has an odd number of values, we **exclude the median (9)** when finding Q1 and Q3.

---

### 🔹 Step 2: Find the Lower Quartile (Q1)

Q1 is the **median of the lower half**: {3, 5, 7, 8}

There are 4 numbers here (even), so take the average of the two middle numbers:
- Middle numbers: 5 and 7
- $ Q1 = \frac{5 + 7}{2} = \frac{12}{2} = 6 $

---

### 🔹 Step 3: Find the Upper Quartile (Q3)

Q3 is the **median of the upper half**: {10, 12, 15, 18}

Again, there are 4 numbers, so average the two middle ones:
- Middle numbers: 12 and 15
- $ Q3 = \frac{12 + 15}{2} = \frac{27}{2} = 13.5 $

---

## ✅ Final Answer:

- **Lower Quartile (Q1)** = **6**
- **Upper Quartile (Q3)** = **13.5**

Let me know if you'd like to see how to find the interquartile range (IQR) too!"
"Data frequencies and probabilities","Collect, display and read data","F","The heights (in cm) of 10 students are: [150, 152, 155, 157, 160, 160, 162, 165, 167, 170]. Find the median and interquartile range","To solve this task, you need to calculate two statistical measures:

1. **Median** – the middle value in an ordered list of numbers.
2. **Interquartile Range (IQR)** – the difference between the third quartile (Q3) and the first quartile (Q1).

---

### Step 1: Understand the Data

You're given the heights (in cm) of 10 students:

```
[150, 152, 155, 157, 160, 160, 162, 165, 167, 170]
```

The data is already sorted in ascending order, which makes things easier.

---

### Step 2: Find the Median

Since there are **10 values** (even number), the **median** is the average of the 5th and 6th values.

- 5th value = 160  
- 6th value = 160  

So,
$$
\text{Median} = \frac{160 + 160}{2} = 160
$$

✅ **Median = 160 cm**

---

### Step 3: Find the Quartiles

To find the **first quartile (Q1)** and **third quartile (Q3)**:

#### Method:
We'll use the simplest method for small datasets:

- Q1 is the median of the **first half** of the data.
- Q3 is the median of the **second half** of the data.

Since there are 10 values:
- First half = [150, 152, 155, 157, 160]
- Second half = [160, 162, 165, 167, 170]

Both halves have 5 values (odd number), so the median of each is the middle one:

- Q1 = 155 (3rd value in the first half)
- Q3 = 165 (3rd value in the second half)

✅ **Q1 = 155 cm**, **Q3 = 165 cm**

---

### Step 4: Calculate the Interquartile Range (IQR)

$$
\text{IQR} = Q3 - Q1 = 165 - 155 = 10
$$

✅ **IQR = 10 cm**

---

### ✅ Final Answer:

- **Median = 160 cm**
- **Interquartile Range (IQR) = 10 cm**

Let me know if you'd like a box plot or further analysis!"
"Data frequencies and probabilities","Collect, display and read data","F","Interpret this stem-and-leaf plot: 1 | 2 5 8, 2 | 1 3 6 9, 3 | 0 4 — What is the mode?","To solve this task and find the **mode** from the given **stem-and-leaf plot**, let’s first understand what a stem-and-leaf plot is and how to interpret it.

---

### 🌿 Understanding the Stem-and-Leaf Plot:

Here's the plot you're given:

```
1 | 2 5 8  
2 | 1 3 6 9  
3 | 0 4
```

- The **stem** (the number before the ""|"") represents the **tens place**.
- The **leaves** (the numbers after the ""|"") represent the **ones place**.

So we can reconstruct the full list of numbers like this:

- From `1 | 2 5 8` → 12, 15, 18  
- From `2 | 1 3 6 9` → 21, 23, 26, 29  
- From `3 | 0 4` → 30, 34

---

### ✏️ Full List of Numbers:
Let’s write out all the numbers:

**12, 15, 18, 21, 23, 26, 29, 30, 34**

---

### 🔍 What is the Mode?

The **mode** is the number that appears **most frequently** in a data set.

Now look at your list:

- Each number occurs **only once**.

---

### ✅ Final Answer:

Since **no number repeats**, this data set has:

> **No mode**

---

### 🧠 Summary:

- Convert stems and leaves into actual numbers.
- List all values.
- Count frequencies.
- If no value repeats, say ""There is no mode.""

Let me know if you want to find the **mean** or **median** too!"
"Data frequencies and probabilities","Collect, display and read data","F","Given a dataset: [15, 17, 18, 20, 21, 22, 23, 30], construct a box plot","To construct a **box plot** for the dataset `[15, 17, 18, 20, 21, 22, 23, 30]`, you need to determine five key statistical values known as the **five-number summary**:

1. **Minimum value**
2. **First quartile (Q1)**
3. **Median (Q2)**
4. **Third quartile (Q3)**
5. **Maximum value**

Optionally, you can also calculate the **interquartile range (IQR)** and identify any **outliers**.

---

### Step-by-step Instructions

#### Given dataset:
`[15, 17, 18, 20, 21, 22, 23, 30]`

There are **8 numbers**, and the data is already sorted in ascending order.

---

### 1. **Find the Minimum and Maximum**

- **Minimum** = smallest number = `15`
- **Maximum** = largest number = `30`

---

### 2. **Find the Median (Q2)**

Since there are 8 numbers (even count), the median is the average of the 4th and 5th numbers:

- 4th number = `20`
- 5th number = `21`
- **Median (Q2)** = (20 + 21) / 2 = `20.5`

---

### 3. **Find the First Quartile (Q1)**

Q1 is the **median of the lower half** of the data (not including the overall median if the dataset has an odd number of values).

Lower half: `[15, 17, 18, 20]`

Median of this half = average of 2nd and 3rd numbers:
- 2nd = `17`, 3rd = `18`
- **Q1** = (17 + 18) / 2 = `17.5`

---

### 4. **Find the Third Quartile (Q3)**

Q3 is the **median of the upper half** of the data.

Upper half: `[21, 22, 23, 30]`

Median of this half = average of 2nd and 3rd numbers:
- 2nd = `22`, 3rd = `23`
- **Q3** = (22 + 23) / 2 = `22.5`

---

### 5. **Calculate Interquartile Range (IQR)**

- **IQR** = Q3 - Q1 = 22.5 - 17.5 = `5`

---

### 6. **Identify Outliers (if any)**

Outliers lie outside the range:
- Lower boundary: Q1 - 1.5 × IQR = 17.5 - 7.5 = `10`
- Upper boundary: Q3 + 1.5 × IQR = 22.5 + 7.5 = `30`

Any value below 10 or above 30 is considered an outlier.

In our case:
- Minimum = 15 > 10
- Maximum = 30 ≤ 30

So, **no outliers** in this dataset.

---

### Final Five-Number Summary:

| Statistic     | Value   |
|---------------|---------|
| Minimum       | 15      |
| Q1            | 17.5    |
| Median (Q2)   | 20.5    |
| Q3            | 22.5    |
| Maximum       | 30      |

---

### How to Draw the Box Plot:

1. Draw a number line that includes all the values from minimum to maximum.
2. Mark the positions of the **minimum**, **Q1**, **median**, **Q3**, and **maximum** on the line.
3. Draw a box from Q1 to Q3.
4. Draw a vertical line inside the box at the median.
5. Draw ""whiskers"" from the box to the minimum and maximum values.
6. If there were outliers, they would be marked with dots beyond the whiskers — but we don’t have any here.

---

Let me know if you'd like me to help you visualize or sketch it!"
"Data frequencies and probabilities","Collect, display and read data","F","From a pie chart showing time spent on homework (Math 25%, Science 35%, English 40%), estimate the time spent on Math if total time is 4 hours","To estimate the **time spent on Math** using a pie chart that shows the time distribution as percentages, you can follow these steps:

---

### 🔢 **Given:**
- Pie chart breakdown:
  - Math = 25%
  - Science = 35%
  - English = 40%
- Total homework time = **4 hours**

---

### ✅ **Step-by-step Solution:**

You want to find **25% of 4 hours**, which represents the time spent on Math.

#### Step 1: Convert percentage to decimal  
25% = $ \frac{25}{100} = 0.25 $

#### Step 2: Multiply by total time  
Time spent on Math = $ 0.25 \times 4 $ hours

#### Step 3: Calculate  
$ 0.25 \times 4 = 1 $ hour

---

### 🧮 **Answer:**
You spent **1 hour** on Math homework.

---

### 📝 Extra Tip:
If you want to double-check or convert to minutes:
- 1 hour = **60 minutes**
- So, 25% of 240 minutes (4 hours) is:
  $$
  0.25 \times 240 = 60 \text{ minutes}
  $$

Same result! ✔️

Let me know if you'd like to calculate the time for Science or English too."
"Data frequencies and probabilities","Collect, display and read data","G","A frequency table shows test scores with intervals 40–49 (3), 50–59 (5), 60–69 (8), 70–79 (4); draw a histogram","To solve this task — **drawing a histogram from a frequency table with test score intervals** — follow these step-by-step instructions:

---

### 📌 **Given Frequency Table:**

| Score Interval | Frequency |
|----------------|-----------|
| 40–49          | 3         |
| 50–59          | 5         |
| 60–69          | 8         |
| 70–79          | 4         |

---

## ✅ Step-by-Step Guide to Draw the Histogram

### **Step 1: Understand What a Histogram Is**
A histogram is a graphical representation of data using bars of different heights. Each bar represents a range (interval) of values, and the height corresponds to the frequency.

---

### **Step 2: Prepare Your Axes**
- **X-axis (horizontal):** Label it ""Test Scores"" and mark the intervals:
  - 40–49, 50–59, 60–69, 70–79
- **Y-axis (vertical):** Label it ""Frequency"" and choose a scale that includes all frequencies (in this case up to at least 8).

---

### **Step 3: Draw the Bars**
Each bar should:
- Cover the full width of its interval on the x-axis.
- Have a height equal to the frequency for that interval.

So you will draw:
- A bar from 40 to 49 high enough to reach **3** on the y-axis.
- A bar from 50 to 59 reaching **5**.
- A bar from 60 to 69 reaching **8**.
- A bar from 70 to 79 reaching **4**.

> 🔍 Note: In a histogram, there are **no gaps between the bars**, because the data is continuous (score ranges).

---

### **Step 4: Add Title and Labels**
Give your histogram a clear title like:
- **""Test Score Distribution""**

Make sure both axes are clearly labeled:
- X-axis: **Test Score Intervals**
- Y-axis: **Number of Students (Frequency)**

---

### 🎨 Optional: Color or Shade the Bars
You can color each bar differently to make the histogram more visually appealing or easier to interpret.

---

### 📊 Example Sketch (Text-Based)
Here’s how your histogram might look in text form:

```
Frequency
  9 |
  8 |           *****
  7 |           *****
  6 |           *****
  5 |     ***** *********
  4 |     ***** *********
  3 | ***   ***** *********   ****
  2 | ***   ***** *********   ****
  1 | ***   ***** *********   ****
    +-------------------------------
       40-49 50-59 60-69 70-79
            Test Score Intervals
```

(Note: This is just a rough visual; actual drawing should be precise.)

---

### 🧠 Tips
- Use graph paper or digital tools like Excel, Google Sheets, or online histogram makers for accuracy.
- Make sure the scale on the y-axis starts at zero.
- The width of each bar must be the same and correspond to the size of the interval.

---

If you're drawing by hand or digitally and need help choosing software, let me know and I can guide you through specific tools!"
"Data frequencies and probabilities","Collect, display and read data","G","Plot the cumulative frequency curve from: 0–10 (2), 10–20 (6), 20–30 (9), 30–40 (3)","!!!!"
"Data frequencies and probabilities","Collect, display and read data","G","A class survey shows 12 like math, 8 like science, 5 like both; represent with a Venn diagram","Sure! Let's walk through how to **represent the survey results using a Venn diagram**.

---

### 🔢 Given:
- 12 students like **Math**
- 8 students like **Science**
- 5 students like **both Math and Science**

---

## ✅ Step-by-step Guide:

### 🧠 Understanding the Data

Some students like both subjects, so we need to be careful **not to double-count** them when placing numbers in the Venn diagram.

We'll separate the groups as follows:

- Students who like **only Math**
- Students who like **only Science**
- Students who like **both**

---

### 🔍 Step 1: Find how many like **only one subject**

- Like **both**: 5
- So,
  - Like **only Math**: 12 total like Math − 5 who like both = **7**
  - Like **only Science**: 8 total like Science − 5 who like both = **3**

---

### 🧮 Step 2: Total Number of Students

Add up all the distinct groups:

- Only Math: 7  
- Only Science: 3  
- Both: 5  

👉 Total students = 7 + 3 + 5 = **15 students**

---

### 🎨 Step 3: Draw the Venn Diagram

1. Draw two overlapping circles.
   - Label one circle **Math**
   - Label the other circle **Science**
2. Where the circles overlap (the intersection), write **5** (students who like both).
3. In the part of the **Math** circle that doesn't overlap, write **7** (like only Math).
4. In the part of the **Science** circle that doesn't overlap, write **3** (like only Science).

---

### 📊 Visual Summary:

```
          ____________        ____________
         |      Math   \     /  Science    |
         |       7      \___/      3       |
         |               5                |
         |________________|_______________|
```

Each number represents how many students are in that category.

---

### ✅ Final Answer:

You now have a Venn diagram with:
- **7** in the **Math-only** section
- **3** in the **Science-only** section
- **5** in the **overlapping** section

This visually shows how many students like each subject or both.

Let me know if you want to turn this into an actual image or explain it further!"
"Data frequencies and probabilities","Collect, display and read data","G","Given the grouped data: 0–5 (3), 5–10 (7), 10–15 (12), estimate the modal class","To estimate the **modal class** from grouped data, you're looking for the **class interval with the highest frequency**.

---

### Step-by-step explanation:

You are given the following grouped data:

- 0–5: Frequency = 3  
- 5–10: Frequency = 7  
- 10–15: Frequency = 12

---

### Step 1: Understand what ""modal class"" means

- The **modal class** is the class (interval) that occurs **most frequently**.
- In other words, it's the group that has the **highest number of data points**.

---

### Step 2: Identify the class with the highest frequency

Now compare the frequencies:

- 0–5 → 3
- 5–10 → 7
- 10–15 → 12 ← highest frequency

So, the **10–15** class has the most values (12), more than any other class.

---

### ✅ Final Answer:

> The **modal class** is **10–15**.

---

Let me know if you'd like to go a step further and estimate the actual **mode** (not just the class) using the formula for grouped data!"
"Data frequencies and probabilities","Collect, display and read data","H","Record the number of cars passing each 5-minute interval over 1 hour; plot a time series graph","To solve the task **""Record the number of cars passing each 5-minute interval over 1 hour; plot a time series graph""**, you'll follow a few clear steps: data collection, data organization, and then visualization.

---

## 🧩 Step-by-Step Guide

### ✅ Step 1: Understand the Task
You need to:
- Observe traffic (real or simulated).
- Count how many cars pass in each **5-minute** interval.
- Do this for a total of **1 hour** → which gives you **12 intervals** (60 minutes ÷ 5 minutes = 12).

---

### 📝 Step 2: Collect Data (Example Format)

| Time Interval      | Number of Cars |
|--------------------|----------------|
| 08:00 - 08:05      |       12       |
| 08:05 - 08:10      |       15       |
| 08:10 - 08:15      |       10       |
| ...                |       ...      |
| 08:55 - 09:00      |       14       |

> If you're doing this manually, use a stopwatch or clock and tally marks every 5 minutes.  
> If it's simulated or using existing data, just assign reasonable numbers.

---

### 📊 Step 3: Organize the Data

Convert your table into a format suitable for plotting. You’ll want:

- A list of time labels (e.g., ""08:00–08:05"", etc.)
- A corresponding list of car counts

For example in Python:

```python
intervals = [
    ""08:00-08:05"", ""08:05-08:10"", ""08:10-08:15"", ""08:15-08:20"",
    ""08:20-08:25"", ""08:25-08:30"", ""08:30-08:35"", ""08:35-08:40"",
    ""08:40-08:45"", ""08:45-08:50"", ""08:50-08:55"", ""08:55-09:00""
]

car_counts = [12, 15, 10, 14, 17, 13, 11, 16, 18, 20, 19, 14]
```

---

### 📈 Step 4: Plot the Time Series Graph

Use any tool you're comfortable with — here’s an example using **Python (matplotlib)**:

```python
import matplotlib.pyplot as plt

# Your data
intervals = [
    ""08:00-08:05"", ""08:05-08:10"", ""08:10-08:15"", ""08:15-08:20"",
    ""08:20-08:25"", ""08:25-08:30"", ""08:30-08:35"", ""08:35-08:40"",
    ""08:40-08:45"", ""08:45-08:50"", ""08:50-08:55"", ""08:55-09:00""
]

car_counts = [12, 15, 10, 14, 17, 13, 11, 16, 18, 20, 19, 14]

# Plotting
plt.figure(figsize=(10, 5))
plt.plot(intervals, car_counts, marker='o', linestyle='-')
plt.title(""Number of Cars Passing Every 5-Minute Interval Over 1 Hour"")
plt.xlabel(""Time Interval"")
plt.ylabel(""Number of Cars"")
plt.grid(True)
plt.show()
```

---

### 📸 Optional: Save the Graph

Add this before `plt.show()` to save the graph:

```python
plt.savefig(""car_count_time_series.png"")
```

---

## 🧠 Tips

- Make sure your time intervals are consistent (exactly 5 minutes).
- Use clear labels on the axes so anyone can understand the graph easily.
- If you're collecting real-world data, be safe! Use video footage or stand in a safe place.

---

## 🧾 Summary

✅ To complete the task:

1. Record car counts every 5 minutes for 1 hour.
2. Store the data in intervals (12 total).
3. Create a time series graph using a tool like Excel, Google Sheets, or Python.
4. Label axes and add a title.
5. Optionally, save or print the graph.

Would you like me to generate sample data or help you make the graph in another program like Excel?"
"Data frequencies and probabilities","Collect, display and read data","H","Use a dot plot to show the distribution of daily temperatures over 14 days: 15–22°C","To solve this task — **""Use a dot plot to show the distribution of daily temperatures over 14 days: 15–22°C""** — you need to create a **dot plot**, which is a simple graphical way to show how data values are distributed.

---

### ✅ Step-by-Step Guide to Create a Dot Plot for Daily Temperatures

#### 📌 Step 1: Understand the Data
You're told:
- You have **14 days** of temperature data.
- The temperatures range from **15°C to 22°C**.

But wait! You’re not given the actual temperature for each day. So, you may need to:
- Use made-up or realistic temperature values between 15 and 22 (since real data isn't provided), or
- Ask your teacher/classmate for the specific temperatures if this is an assignment.

Let’s assume you don’t have the real data and want to make up some example temperatures for the 14 days in that range.

---

### 🧪 Example Temperature Data (for illustration):

Here's a possible list of 14 temperatures:

```
15, 16, 16, 17, 17, 17, 18, 18, 19, 19, 20, 20, 21, 22
```

Now we’ll use this data to build a dot plot.

---

### 📊 Step 2: Draw the Dot Plot

#### A. Draw a Horizontal Line (Number Line)
- Mark it with the temperature values from **15 to 22**, evenly spaced.

```
15   16   17   18   19   20   21   22
```

#### B. For Each Temperature, Place a Dot Above the Value
- Stack dots vertically when a value occurs more than once.

It might look like this:

```
Temperature (°C):  
22 ●  
21 ●  
20 ●●  
19 ●●  
18 ●●  
17 ●●●  
16 ●●  
15 ●
```

Each ""●"" represents one day's temperature.

---

### 🧠 Tips for Making a Good Dot Plot

- Make sure the spacing between numbers is even.
- Stack dots neatly so you can easily see how many times each value appears.
- Label the number line clearly as ""Temperature (°C)"".
- Optionally, add a title like: **""Daily Temperatures Over 14 Days""**

---

### 📝 Final Notes

If you were given **specific temperature values**, just follow the same process using those numbers instead of the example ones.

Dot plots are great because they:
- Show the frequency of values,
- Help identify patterns like clusters or gaps,
- Are easy to read and interpret visually.

---

Would you like me to help you draw this on a grid or make a printable version?"
"Data frequencies and probabilities","Collect, display and read data","H","Using the data provided, record monthly energy usage over a year and use a line graph to identify seasonal variation","To solve the task **""record monthly energy usage over a year and use a line graph to identify seasonal variation,""** you'll follow a few clear steps. This involves collecting or organizing your data, plotting it on a line graph, and then interpreting that graph for patterns related to seasons.

---

### ✅ Step-by-Step Guide

#### **1. Gather Monthly Energy Usage Data**
You need data showing how much energy was used each month over a full year.

- **Data Format**: Ideally, this should be in a table with two columns:
  - Month (e.g., January, February...)
  - Energy Usage (e.g., in kWh)

If you don’t already have this data:
- You can get it from utility bills.
- Or simulate it if practicing or learning.

**Example of Sample Data:**

| Month     | Energy Usage (kWh) |
|-----------|---------------------|
| January   | 800                 |
| February  | 750                 |
| March     | 700                 |
| April     | 600                 |
| May       | 550                 |
| June      | 900                 |
| July      | 1200                |
| August    | 1100                |
| September | 800                 |
| October   | 700                 |
| November  | 750                 |
| December  | 850                 |

---

#### **2. Organize the Data**
Make sure the months are in order and the energy values are consistent (same unit).

- If using Excel, Sheets, or Python, format the data accordingly.
- Ensure there are no missing months or incorrect values.

---

#### **3. Plot the Line Graph**

You can create a line graph using:

- Microsoft Excel / Google Sheets
- Python (with libraries like `matplotlib`)
- Hand-drawn on graph paper (for simple analysis)

##### **How to do it in Excel/Google Sheets:**
1. Enter your data into two columns (Month and Energy Usage).
2. Highlight both columns.
3. Go to **Insert > Chart > Line Chart**.
4. Customize the axis labels (X-axis = Month, Y-axis = Energy Usage).

##### **Python Example (using matplotlib):**

```python
import matplotlib.pyplot as plt

months = ['Jan', 'Feb', 'Mar', 'Apr', 'May', 'Jun', 
          'Jul', 'Aug', 'Sep', 'Oct', 'Nov', 'Dec']
usage = [800, 750, 700, 600, 550, 900, 1200, 1100, 800, 700, 750, 850]

plt.plot(months, usage, marker='o')
plt.title('Monthly Energy Usage')
plt.xlabel('Month')
plt.ylabel('Energy Usage (kWh)')
plt.grid(True)
plt.show()
```

---

#### **4. Analyze the Graph for Seasonal Variation**

Look at the shape of the line to spot trends:

- **Peaks (high points)**: High usage — possibly summer (AC) or winter (heating).
- **Valleys (low points)**: Low usage — mild seasons like spring or fall.

##### **Example Observations:**
- Energy use peaks in **July and August**, suggesting high cooling demand in summer.
- It’s lowest in **May**, indicating milder weather requiring less heating or cooling.
- A smaller peak in **December** could indicate heating needs in winter.

---

### 🧠 Summary

| Step | Action |
|------|--------|
| 1 | Collect or organize monthly energy usage data |
| 2 | Ensure data is complete and accurate |
| 3 | Plot a line graph (Excel, Sheets, Python) |
| 4 | Interpret the graph to find seasonal trends |

---

Would you like help generating sample data or creating the graph digitally?"
"Data frequencies and probabilities","Collect, display and read data","H","A pie chart shows categories A, B, and C with central angles 90°, 120°, and 150°; find the percentage for each","To find the **percentage** for each category (A, B, and C) in a pie chart based on the central angles, follow these steps:

---

### 🔢 Step 1: Understand the total degrees in a circle
- A full circle has **360°**.

---

### 📐 Step 2: Use the formula to convert degrees to percentages

$$
\text{Percentage} = \left( \frac{\text{Central Angle}}{360} \right) \times 100
$$

---

### ✏️ Step 3: Calculate percentage for each category

#### 🔹 Category A: 90°

$$
\left( \frac{90}{360} \right) \times 100 = 0.25 \times 100 = 25\%
$$

#### 🔹 Category B: 120°

$$
\left( \frac{120}{360} \right) \times 100 = 0.333... \times 100 ≈ 33.33\%
$$

#### 🔹 Category C: 150°

$$
\left( \frac{150}{360} \right) \times 100 = 0.4167 \times 100 ≈ 41.67\%
$$

---

### ✅ Final Percentages:
- **A:** 25%  
- **B:** 33.33%  
- **C:** 41.67%

You can double-check by adding them up:

$$
25 + 33.33 + 41.67 = 100\%
$$

✅ Perfect! The total is 100%, so the calculations are correct.

Let me know if you want this explained visually or with a table!"
"Data frequencies and probabilities","Compare and evaluate data","B","From the following bar graph: Which two days had the most number of students wearing hats? [Mon (5), Tue (5), Wed (4), Thu(1), Fri(3)]","To solve the task **""Which two days had the most number of students wearing hats?""** using the given bar graph data:

### Step-by-step Explanation:

You are given the number of students wearing hats for each day of the week:

- **Monday (Mon): 5**
- **Tuesday (Tue): 5**
- **Wednesday (Wed): 4**
- **Thursday (Thu): 1**
- **Friday (Fri): 3**

---

### Step 1: Understand the question
You need to find out **which two days** had the **highest number** of students wearing hats.

---

### Step 2: Organize the data (optional)
It may help to sort the data from highest to lowest:

| Day      | Number of Students |
|----------|--------------------|
| Monday   | 5                  |
| Tuesday  | 5                  |
| Wednesday| 4                  |
| Friday   | 3                  |
| Thursday | 1                  |

---

### Step 3: Identify the top two values
Looking at the numbers:
- The **highest value is 5**, and it appears for **both Monday and Tuesday**.
- So, **Monday and Tuesday tie for the most number of students wearing hats**.

---

### ✅ Final Answer:
**Monday and Tuesday** had the most number of students wearing hats (with 5 students each).

Let me know if you'd like to visualize this as a bar graph or compare it in another way!"
"Data frequencies and probabilities","Compare and evaluate data","B","Which day had the most rain: M (20 mm), T (12 mm), W (25 mm)?","To solve the task **""Which day had the most rain: M (20 mm), T (12 mm), W (25 mm)?""**, follow these simple steps:

---

### ✅ Step 1: Understand the Data

You are given rainfall amounts for three days:

- **M (Monday): 20 mm**
- **T (Tuesday): 12 mm**
- **W (Wednesday): 25 mm**

The values are in **millimeters (mm)**, which measures the amount of rainfall.

---

### ✅ Step 2: Compare the Values

Now compare the numbers:

- 20 mm (Monday)
- 12 mm (Tuesday)
- 25 mm (Wednesday)

The largest number is **25 mm**.

---

### ✅ Step 3: Identify the Day with the Most Rain

Since **25 mm** is the highest value and it belongs to **W (Wednesday)**, that means:

> 🌧️ **Wednesday had the most rain.**

---

### ✅ Final Answer:
**Wednesday** had the most rain with **25 mm**."
"Data frequencies and probabilities","Compare and evaluate data","B","What’s the difference between the tallest and shortest bars in the graph: 3, 6, 8, 5, 3, 2?","To find the **difference between the tallest and shortest bars** in a graph with the given values:

**Step 1: Identify the values**  
You're given the heights of the bars:  
**3, 6, 8, 5, 3, 2**

**Step 2: Find the tallest bar (maximum value)**  
Look for the largest number in the list:  
**8** is the maximum.

**Step 3: Find the shortest bar (minimum value)**  
Look for the smallest number in the list:  
**2** is the minimum.

**Step 4: Subtract the minimum from the maximum**  
This gives you the difference:  
**8 − 2 = 6**

### ✅ Final Answer:
**The difference between the tallest and shortest bars is 6.**

Let me know if you want to visualize this with a bar graph!"
"Data frequencies and probabilities","Compare and evaluate data","B","Which color had the middle amount of votes: Red (4), Blue (7), Green (3)?","To find **which color had the middle amount of votes**, you need to follow these steps:

---

### Step 1: List the colors and their vote counts

- Red: **4**
- Blue: **7**
- Green: **3**

---

### Step 2: Sort the vote counts in ascending order

Let's sort the numbers:  
**3**, **4**, **7**

---

### Step 3: Identify the middle number

Since there are 3 numbers (odd count), the **middle one is the median**.

- Sorted list: 3, **4**, 7  
- The middle number is **4**

---

### Step 4: Match the middle number to the color

- Red has **4** votes

---

### ✅ Final Answer:
**Red** had the middle amount of votes."
"Data frequencies and probabilities","Compare and evaluate data","C","What is the difference between the highest and lowest scores on the line chart?","To solve the task **""What is the difference between the highest and lowest scores on the line chart?""**, follow these steps:

---

### ✅ Step 1: Understand the Question
You're being asked to:
- Find the **highest score** shown on the line chart.
- Find the **lowest score** shown on the line chart.
- Calculate the **difference** between them:  
  $$
  \text{Difference} = \text{Highest Score} - \text{Lowest Score}
  $$

---

### ✅ Step 2: Read the Line Chart

Look at the line chart and locate:
- The **peaks (high points)** – where the line reaches its top values.
- The **valleys (low points)** – where the line dips to its lowest values.

Each point on the line corresponds to a value on the **vertical (y-axis)**, usually labeled ""Score"".

---

### ✅ Step 3: Identify the Highest and Lowest Scores

Find:
- The **highest point** on the line → look at the y-value for that point.
- The **lowest point** on the line → look at the y-value for that point.

> If there are multiple high or low points, pick the **absolute highest** and **absolute lowest**.

---

### ✅ Step 4: Subtract to Find the Difference

Once you have both numbers:
$$
\text{Difference} = \text{Highest Score} - \text{Lowest Score}
$$

---

### 📌 Example

Suppose your line chart shows these scores over time:

| Time | Score |
|------|-------|
| 1    | 60    |
| 2    | 75    |
| 3    | 85    |
| 4    | 70    |
| 5    | 90    |
| 6    | 65    |

- **Highest score** = 90
- **Lowest score** = 60
- **Difference** = 90 − 60 = **30**

---

### ✅ Final Answer Format

You can write your answer like this:
> The difference between the highest and lowest scores on the line chart is **30**.

Let me know if you want help with a specific line chart!"
"Data frequencies and probabilities","Compare and evaluate data","C","Find the mean (average) of these test scores: 80, 85, 90, 95, 100","To find the **mean (average)** of a set of numbers, follow these steps:

---

### 🔢 Step-by-step:

**Test scores:**  
80, 85, 90, 95, 100

#### ✅ Step 1: Add all the numbers together.

$$
80 + 85 + 90 + 95 + 100 = 450
$$

#### ✅ Step 2: Count how many numbers there are.

There are **5** test scores.

#### ✅ Step 3: Divide the total sum by the number of scores.

$$
\text{Mean} = \frac{450}{5} = 90
$$

---

### ✅ Final Answer:
**The mean (average) of the test scores is 90.**

Let me know if you want to find the median or mode too!"
"Data frequencies and probabilities","Compare and evaluate data","C","Calculate the range: 45, 39, 50, 48","To calculate the **range** of a set of numbers, follow these steps:

---

### Step 1: Identify the highest and lowest values in the data set.

Your data set is:  
**45, 39, 50, 48**

- Highest value = **50**  
- Lowest value = **39**

---

### Step 2: Subtract the lowest value from the highest value.

$$
\text{Range} = \text{Highest value} - \text{Lowest value}
$$

$$
\text{Range} = 50 - 39 = 11
$$

---

### ✅ Final Answer:
The **range** is **11**.

Let me know if you'd like to find other measures like mean, median, or mode!"
"Data frequencies and probabilities","Compare and evaluate data","C","What value is missing if the mean of 3 numbers is 10 and two of them are 8 and 12?","Sure! Let's break down the problem step by step.

---

### **Problem:**
You are told that:

- The **mean** of **3 numbers** is **10**.
- Two of the numbers are **8** and **12**.
- You need to find the **missing third number**.

---

### **Step 1: Understand what ""mean"" means**

The **mean** (or average) of numbers is calculated like this:

$$
\text{Mean} = \frac{\text{Sum of all numbers}}{\text{Number of values}}
$$

In this case, there are **3 numbers**, and the mean is **10**, so:

$$
10 = \frac{\text{Sum of the 3 numbers}}{3}
$$

---

### **Step 2: Solve for the total sum**

Multiply both sides of the equation by 3:

$$
10 \times 3 = \text{Sum of the 3 numbers}
$$
$$
30 = \text{Sum of the 3 numbers}
$$

So the **total of all three numbers must be 30**.

---

### **Step 3: Use the two known numbers**

We already know two of the numbers:  
- One is **8**  
- The other is **12**

Add them together:

$$
8 + 12 = 20
$$

---

### **Step 4: Find the missing number**

We now know:
- The total sum should be **30**
- Two numbers add up to **20**

So the missing number is:

$$
30 - 20 = 10
$$

---

### ✅ **Final Answer: The missing number is 10.**

Let me know if you'd like to see how this could be solved with algebra too!"
"Data frequencies and probabilities","Compare and evaluate data","C","Which day had the highest jump in values on the line graph?","To determine **which day had the highest jump in values on a line graph**, you're essentially looking for the **greatest increase** between two consecutive points (days) on the graph.

Here’s a step-by-step guide to help you solve this:

---

### 🔍 Step 1: Understand the Graph
- Make sure you understand what the **x-axis** (horizontal) and **y-axis** (vertical) represent.
  - The **x-axis** likely represents **days** (e.g., Monday, Tuesday, etc.).
  - The **y-axis** shows the **values** being measured (e.g., temperature, sales, number of visitors).

---

### 📊 Step 2: Identify the Data Points
- Locate each point on the graph that corresponds to a day.
- Write down or note the value for each day from the y-axis.

Example:
| Day        | Value |
|------------|-------|
| Monday     | 10    |
| Tuesday    | 15    |
| Wednesday  | 12    |
| Thursday   | 18    |
| Friday     | 22    |

---

### ➕ Step 3: Calculate the Daily Changes (Jumps)
- Subtract the value of one day from the next to find the change.

Using the example data:

| From → To   | Change (Jump)     |
|-------------|-------------------|
| Monday→Tue  | 15 - 10 = **+5**  |
| Tue→Wed     | 12 - 15 = **-3**  |
| Wed→Thu      | 18 - 12 = **+6**  |
| Thu→Fri      | 22 - 18 = **+4**  |

---

### 📈 Step 4: Find the Largest Positive Jump
- Look at all the positive changes (ignore negative ones, since we’re looking for an **increase**).
- The **largest positive number** is your answer.

From the table above:
- Biggest jump = **+6** from **Wednesday to Thursday**

✅ **Answer:** Thursday had the highest jump in values.

---

### 🧠 Tips:
- If you don't have exact numbers, estimate based on how steep the line appears on the graph.
- A sharp upward slope between two points indicates a big jump.

---

If you can describe or share the actual graph (or list the values per day), I’d be happy to help you calculate it directly!"
"Data frequencies and probabilities","Compare and evaluate data","D","Compare the mean of two datasets: A = [3, 4, 5], B = [5, 6, 7].","To **compare the mean of two datasets**, you simply need to:

### Step 1: Calculate the mean (average) of each dataset  
The **mean** is calculated as:

$$
\text{Mean} = \frac{\text{Sum of all values in the dataset}}{\text{Number of values in the dataset}}
$$

#### For Dataset A = [3, 4, 5]:
$$
\text{Mean}_A = \frac{3 + 4 + 5}{3} = \frac{12}{3} = 4
$$

#### For Dataset B = [5, 6, 7]:
$$
\text{Mean}_B = \frac{5 + 6 + 7}{3} = \frac{18}{3} = 6
$$

---

### Step 2: Compare the means  
Now that we have both means:
- Mean of A = 4
- Mean of B = 6

We can say that:
> The mean of dataset B is greater than the mean of dataset A by 2 units.

---

### Optional: Statistical Significance (Advanced)
If you're interested in whether the difference in means is **statistically significant**, especially with real-world data, you could use a **t-test**. But for small datasets like these and just comparing the values, simple arithmetic suffices.

Let me know if you want to dive into statistical significance or visualize the data!"
"Data frequencies and probabilities","Compare and evaluate data","D","Which data set has a greater spread: [5, 10, 15] or [8, 9, 10]?","To determine **which data set has a greater spread**, you're looking for how **spread out** or **dispersed** the values are in each set. There are several ways to measure this, but common methods include:

---

### 🔢 Data Sets:
- **Set A:** [5, 10, 15]  
- **Set B:** [8, 9, 10]

---

## ✅ Step-by-step Methods to Compare Spread

### 📐 1. **Range**
The **range** is the difference between the maximum and minimum values.

- **Set A:**  
  Max = 15, Min = 5 → Range = 15 - 5 = **10**

- **Set B:**  
  Max = 10, Min = 8 → Range = 10 - 8 = **2**

✅ So far, Set A has a larger range ⇒ more spread.

---

### 🧮 2. **Mean Absolute Deviation (MAD)**

This tells you, on average, how far each number is from the mean.

#### ➤ For Set A: [5, 10, 15]
- Mean = (5 + 10 + 15) / 3 = **10**
- Absolute deviations from mean:
  - |5 - 10| = 5
  - |10 - 10| = 0
  - |15 - 10| = 5
- MAD = (5 + 0 + 5) / 3 = **10 / 3 ≈ 3.33**

#### ➤ For Set B: [8, 9, 10]
- Mean = (8 + 9 + 10) / 3 = **9**
- Absolute deviations from mean:
  - |8 - 9| = 1
  - |9 - 9| = 0
  - |10 - 9| = 1
- MAD = (1 + 0 + 1) / 3 = **2 / 3 ≈ 0.67**

✅ Again, Set A has a higher MAD ⇒ more spread.

---

### 📊 3. **Variance or Standard Deviation**

These are more advanced measures of spread.

#### ➤ Variance Formula:
$$
\text{Variance} = \frac{\sum{(x_i - \bar{x})^2}}{n}
$$

##### Set A:
- Mean = 10
- Squared deviations:
  - (5−10)² = 25
  - (10−10)² = 0
  - (15−10)² = 25
- Variance = (25 + 0 + 25) / 3 = **50 / 3 ≈ 16.67**
- Standard Deviation = √(16.67) ≈ **4.08**

##### Set B:
- Mean = 9
- Squared deviations:
  - (8−9)² = 1
  - (9−9)² = 0
  - (10−9)² = 1
- Variance = (1 + 0 + 1) / 3 = **2 / 3 ≈ 0.67**
- Standard Deviation = √(0.67) ≈ **0.82**

✅ Once again, Set A has higher variance/standard deviation ⇒ greater spread.

---

## ✅ Final Answer:

> The data set **[5, 10, 15]** has a **greater spread** than **[8, 9, 10]** based on all standard measures: **range, mean absolute deviation (MAD), variance, and standard deviation**.

Let me know if you want help visualizing this with graphs or charts!"
"Data frequencies and probabilities","Compare and evaluate data","D","Find the median of this data: 7, 9, 12, 10, 11.","To find the **median** of a set of numbers, follow these steps:

---

### 🔢 Step 1: **Order the data**
Arrange the numbers in **ascending order** (from smallest to largest).

Given data:  
**7, 9, 12, 10, 11**

Ordered data:  
**7, 9, 10, 11, 12**

---

### 📐 Step 2: **Determine if there is an odd or even number of values**

In this case, there are **5 numbers**, which is an **odd** count.

---

### 🧮 Step 3: **Find the middle number**

When the number of values is odd, the **median** is the middle one.

- The position of the median in an ordered list is:  
  $$
  \text{Median position} = \frac{n + 1}{2}
  $$
  where $ n $ is the total number of values.

- Here, $ n = 5 $, so:
  $$
  \frac{5 + 1}{2} = \frac{6}{2} = 3
  $$

So, the **third number** in the ordered list is the median.

Ordered list: **7, 9, 10, 11, 12**

👉 The third number is **10**.

---

### ✅ Final Answer:
**The median is 10.**

Let me know if you'd like to see an example with an even number of data points too!"
"Data frequencies and probabilities","Compare and evaluate data","E","Interpret what a small interquartile range tells you about a data set","Sure! Let's break down how to **interpret what a small interquartile range (IQR)** tells you about a data set.

---

### 🔍 Step 1: Understand What the Interquartile Range (IQR) Is

The **interquartile range** is a measure of **spread**, or **variability**, in a data set. Specifically, it tells you the **range in which the middle 50% of your data lies**.

#### Formula:
$$
\text{IQR} = Q3 - Q1
$$
- **Q1** (First Quartile): The median of the lower half of the data.
- **Q3** (Third Quartile): The median of the upper half of the data.

---

### 📊 Step 2: What Does a Small IQR Mean?

A **small IQR** means that the **middle 50% of the data points are closely clustered together**. In other words:

- There isn’t much spread between the 25th and 75th percentiles.
- Most of the data values in the center of the distribution are **similar** or **close in value**.

---

### 🧠 Step 3: Interpret It in Context

Here’s what a small IQR can tell you about the data set:

1. **Low variability** in the central part of the data.
2. **Consistency** among the middle values — these values don’t change much.
3. Possibly a **symmetrical or tightly packed distribution**, like a narrow bell curve.
4. If you're comparing two or more data sets, a smaller IQR suggests **greater reliability or uniformity** in that group.

---

### 🧩 Example

Let’s say you have test scores from two classes:

- Class A has an IQR of **5**
- Class B has an IQR of **15**

Interpretation:
- The middle 50% of students in **Class A** scored very similarly — their performance is consistent.
- In **Class B**, there's more variation in how the middle students performed — some did much better or worse than others.

---

### ⚠️ Note: IQR Only Reflects the Middle 50%

Remember: The IQR doesn't tell you about outliers or extreme values. It focuses only on the **middle half** of the data. So even if the IQR is small, there could still be extreme values at either end.

---

### ✅ Final Summary

> A **small interquartile range** indicates that the **middle 50% of the data values are close together**, suggesting **low variability** and **high consistency** in the central portion of the data set.

---

If you want help calculating or visualizing the IQR for a specific data set, feel free to share it, and I’ll walk you through it!"
"Data frequencies and probabilities","Compare and evaluate data","E","Analyze a box plot and explain the spread and skewness of the data","Sure! Let's break down how to **analyze a box plot** and understand the **spread** and **skewness** of the data it represents.

---

### 🔍 What is a Box Plot?

A **box plot** (also called a **box-and-whisker plot**) is a graphical representation that summarizes the distribution of a dataset using five key statistics:

1. **Minimum** – The smallest value, excluding outliers.
2. **First Quartile (Q1)** – The 25th percentile; 25% of the data lies below this.
3. **Median (Q2)** – The middle value of the dataset.
4. **Third Quartile (Q3)** – The 75th percentile; 75% of the data lies below this.
5. **Maximum** – The largest value, excluding outliers.

The **interquartile range (IQR)** is calculated as:
> **IQR = Q3 - Q1**

Outliers are typically shown as individual points outside the ""whiskers"" of the plot.

---

## 📊 Step-by-Step: How to Analyze Spread and Skewness

### ✅ 1. Understand the Spread

The **spread** refers to how spread out or varied the data is.

#### Look at these indicators:
- **Length of the box**: A longer box means more spread between Q1 and Q3 (larger IQR).
- **Length of the whiskers**: Long whiskers mean the data extends far above Q3 or below Q1.
- **Overall range**: Max – Min tells you the total spread of the data.

🔍 **Interpretation Examples**:
- If the box is narrow and the whiskers are short → **Low spread**, data is tightly clustered.
- If the box is wide and the whiskers are long → **High spread**, data is more dispersed.

---

### ✅ 2. Analyze Skewness

Skewness refers to whether the data is symmetrically distributed or skewed to one side.

#### Use these visual clues in the box plot:
- **Position of the median in the box**
- **Length of the whiskers on either side**

#### Types of Skewness:

| Type of Skewness | Description | Visual Clue |
|------------------|-------------|-------------|
| **Symmetrical** | Data is evenly distributed around the median | Median is centered in the box; whiskers are roughly equal length |
| **Right-skewed (Positive skew)** | Tail extends to the right; most data is on the left | Median closer to Q1; right whisker longer than the left |
| **Left-skewed (Negative skew)** | Tail extends to the left; most data is on the right | Median closer to Q3; left whisker longer than the right |

---

### 🧠 Tips for Interpreting Box Plots:

- If the **median is not in the center** of the box, the data is likely skewed.
- **Outliers** can affect interpretation of spread and skewness.
- Compare multiple box plots side-by-side to assess differences in spread and skewness across groups.

---

### 📈 Example Interpretation:

Let’s say you see a box plot where:
- The **median is closer to the bottom of the box**
- The **right whisker is much longer** than the left

➡️ This suggests the data is **right-skewed**. There are a few high values pulling the average up, while most of the data is concentrated at lower values.

---

### 🧩 Summary:

To analyze a box plot for **spread and skewness**:

1. **Spread**:
   - Look at the length of the box (IQR)
   - Look at the length of the whiskers
   - Consider overall range

2. **Skewness**:
   - Observe where the median falls within the box
   - Compare lengths of the left and right whiskers

---

If you have a specific box plot you want help interpreting, feel free to describe it or upload an image (if supported), and I can walk you through its analysis!"
"Data frequencies and probabilities","Compare and evaluate data","E","Which measure (mean, median, mode) best represents this data: 3, 3, 3, 4, 100?","!!!!"
"Data frequencies and probabilities","Compare and evaluate data","E","A data set has values: 5, 6, 7, 8, 9, 50. Find the mean and median. Which measure is more affected by the outlier?","Sure! Let's walk through the task step by step.

---

### **Task:**
You are given a data set:  
**5, 6, 7, 8, 9, 50**

You need to:
1. Find the **mean**
2. Find the **median**
3. Determine which measure is more affected by the **outlier**

---

## 🔹 Step 1: Find the Mean

The **mean** (or average) is calculated as:

$$
\text{Mean} = \frac{\text{Sum of all values}}{\text{Number of values}}
$$

So for your data:

$$
\text{Sum} = 5 + 6 + 7 + 8 + 9 + 50 = 85
$$

There are **6** values in the data set.

$$
\text{Mean} = \frac{85}{6} \approx 14.17
$$

---

## 🔹 Step 2: Find the Median

The **median** is the middle value when the numbers are arranged in order. If there’s an even number of observations, the median is the average of the two middle numbers.

Your data is already sorted:  
**5, 6, 7, 8, 9, 50**

There are 6 numbers → even count → take average of the 3rd and 4th values:

- 3rd value = 7  
- 4th value = 8  

$$
\text{Median} = \frac{7 + 8}{2} = \frac{15}{2} = 7.5
$$

---

## 🔹 Step 3: Identify the Outlier and Compare Impact

In this data set, **50** is clearly an **outlier**, since it's much larger than the rest of the values.

Now let’s see how each measure was affected:

- **Mean ≈ 14.17** — strongly pulled upward by the outlier 50  
- **Median = 7.5** — not significantly affected by the outlier

✅ **Conclusion:**  
The **mean** is more affected by the outlier than the **median**.

This is generally true:  
- The **mean** is sensitive to extreme values (outliers).  
- The **median** is resistant to outliers.

---

### ✅ Final Answer Summary:

- **Mean**: ≈ **14.17**  
- **Median**: **7.5**  
- **More affected by outlier**: **Mean**

Let me know if you want to explore how removing the outlier changes these values!"
"Data frequencies and probabilities","Compare and evaluate data","E","Interpret a box plot where the median is much closer to Q1 than to Q3. What does this suggest about the data?","To interpret a **box plot** where the **median is much closer to Q1 than to Q3**, let's break it down step by step:

---

### 🔍 **Understanding the Components of a Box Plot**

A box plot (also called a **box-and-whisker plot**) visually represents five key summary statistics of a dataset:

1. **Minimum** – the smallest value (excluding outliers)
2. **First Quartile (Q1)** – 25th percentile, or the median of the lower half
3. **Median (Q2)** – 50th percentile, or the middle value
4. **Third Quartile (Q3)** – 75th percentile, or the median of the upper half
5. **Maximum** – the largest value (excluding outliers)

The ""box"" in the plot spans from **Q1 to Q3**, with a line at the **median**.

---

### 📊 **Interpreting the Shape: Median Closer to Q1**

If the **median is much closer to Q1 than to Q3**, this indicates that:

- The **middle 50% of the data** (between Q1 and Q3) is **not symmetrically distributed** around the median.
- There are **more data points clustered near Q1**, and the values increase more slowly after the median.

This is a sign of **positive skewness** (or **right skewness**) in the data.

---

### 📈 What Is Positive Skew?

In a **positively skewed distribution**:

- The **tail on the right side** of the distribution is longer or fatter.
- Most of the data values are concentrated on the **left side**.
- The **mean is typically greater than the median** because the few high values pull the mean upward.

---

### ✅ Summary Interpretation

> If the **median is much closer to Q1 than Q3** in a box plot, it suggests that the data is **positively skewed** (skewed to the right). This means most of the data is concentrated on the lower end, with fewer higher values stretching out to the right.

---

### 🧠 Example to Help Visualize

Imagine a box plot showing the **incomes of employees** in a company:

- Many employees earn relatively low-to-moderate salaries (clustered around Q1).
- A few top executives earn very high salaries (pulling Q3 up).
- The median salary is closer to the lower salaries (closer to Q1).

This would result in a box plot where the **median is near Q1**, indicating a **right-skewed income distribution**.

---

### 💡 Tip for Remembering Skewness Direction:
- **Median closer to Q1 → Right skew**
- **Median closer to Q3 → Left skew**

Skewness direction refers to the **long tail**, not where the data is concentrated.

---

Let me know if you'd like help drawing or analyzing a specific box plot!"
"Data frequencies and probabilities","Compare and evaluate data","F","Two classes’ test averages are 78 and 83. The ranges are 20 and 5 respectively. Which has more consistent scores?","To determine **which class has more consistent test scores**, you need to understand what **""consistent""** means in this context.

### What does ""consistent"" mean?
- **Consistent scores** means the test scores are **closer together**, or have **less spread**.
- In statistics, a common measure of spread is the **range**, which is the difference between the highest and lowest scores.

---

## Given:
- **Class A average**: 78  
- **Class A range**: 20  

- **Class B average**: 83  
- **Class B range**: 5

---

### Step-by-step:

1. **Compare the ranges:**
   - Class A: Range = 20
   - Class B: Range = 5

2. **Interpretation:**
   - Even though Class B has a slightly higher average (83 vs. 78), that doesn’t tell us about consistency.
   - The **range** tells us how spread out the scores are.
   - A **smaller range** means the scores are closer together → **more consistent**.

---

### ✅ Final Answer:
**Class B has more consistent scores** because its range is only **5**, compared to Class A’s range of **20**. This means Class B's scores vary less from the lowest to the highest.

Let me know if you'd like to explore other measures of consistency like **standard deviation**!"
"Data frequencies and probabilities","Compare and evaluate data","F","Dataset A: [10, 10, 10, 10, 10]; Dataset B: [6, 8, 10, 12, 14]. Which has a higher standard deviation?","To determine which dataset has a higher **standard deviation**, we need to understand what standard deviation measures:

> **Standard deviation** is a measure of how spread out the numbers in a dataset are from the mean (average). A higher standard deviation means the values are more spread out, while a lower standard deviation means the values are closer to the mean.

---

### Step-by-step approach:

We’ll calculate the standard deviation for both datasets manually, step by step.

---

## 📊 Dataset A: [10, 10, 10, 10, 10]

#### 1. Find the mean:
$$
\text{Mean} = \frac{10 + 10 + 10 + 10 + 10}{5} = \frac{50}{5} = 10
$$

#### 2. Find the deviations from the mean:
Each value minus the mean:
$$
10 - 10 = 0,\quad 10 - 10 = 0,\quad 10 - 10 = 0,\quad 10 - 10 = 0,\quad 10 - 10 = 0
$$

#### 3. Square each deviation:
$$
0^2 = 0,\quad 0^2 = 0,\quad 0^2 = 0,\quad 0^2 = 0,\quad 0^2 = 0
$$

#### 4. Find the average of these squared deviations (variance):
$$
\text{Variance} = \frac{0 + 0 + 0 + 0 + 0}{5} = 0
$$

#### 5. Take the square root to get standard deviation:
$$
\text{Standard Deviation} = \sqrt{0} = 0
$$

✅ So, **Dataset A has a standard deviation of 0** — there's no variation at all; all values are the same.

---

## 📊 Dataset B: [6, 8, 10, 12, 14]

#### 1. Find the mean:
$$
\text{Mean} = \frac{6 + 8 + 10 + 12 + 14}{5} = \frac{50}{5} = 10
$$

#### 2. Find the deviations from the mean:
$$
6 - 10 = -4,\quad 8 - 10 = -2,\quad 10 - 10 = 0,\quad 12 - 10 = 2,\quad 14 - 10 = 4
$$

#### 3. Square each deviation:
$$
(-4)^2 = 16,\quad (-2)^2 = 4,\quad 0^2 = 0,\quad 2^2 = 4,\quad 4^2 = 16
$$

#### 4. Find the average of these squared deviations (variance):
$$
\text{Variance} = \frac{16 + 4 + 0 + 4 + 16}{5} = \frac{40}{5} = 8
$$

#### 5. Take the square root to get standard deviation:
$$
\text{Standard Deviation} = \sqrt{8} \approx 2.83
$$

✅ So, **Dataset B has a standard deviation of approximately 2.83**

---

### ✅ Final Answer:
- **Dataset A**: Standard deviation = **0**
- **Dataset B**: Standard deviation ≈ **2.83**

> 🟩 **Dataset B has a higher standard deviation.**

This makes sense intuitively: Dataset B has values that vary around the mean, while Dataset A has no variation at all."
"Data frequencies and probabilities","Compare and evaluate data","F","Sales data: Jan – 40, Feb – 38, Mar – 39, Apr – 85. Is the April value an outlier? Justify","To determine whether the **April sales value (85)** is an **outlier**, you can follow a structured process using basic statistical methods. Here's how you can do it step by step:

---

### 🔢 Step 1: Organize the Data

You are given the following monthly sales data:

- Jan: 40  
- Feb: 38  
- Mar: 39  
- Apr: 85  

So, the dataset is:  
**[38, 39, 40, 85]**

---

### 📊 Step 2: Calculate the First Quartile (Q1) and Third Quartile (Q3)

We'll calculate quartiles to help us find the **interquartile range (IQR)**, which is used to identify outliers.

#### Sort the data:
Already sorted: [38, 39, 40, 85]

Since there are only 4 values:

- **Q1 (First Quartile)** = median of the first two numbers = average of 38 and 39  
  → Q1 = (38 + 39) / 2 = **38.5**

- **Q3 (Third Quartile)** = median of the last two numbers = average of 40 and 85  
  → Q3 = (40 + 85) / 2 = **62.5**

---

### 🧮 Step 3: Compute the Interquartile Range (IQR)

$$
\text{IQR} = Q3 - Q1 = 62.5 - 38.5 = 24
$$

---

### 🚫 Step 4: Determine Outlier Boundaries

We use the IQR to define thresholds beyond which values are considered outliers.

- **Lower Bound** = Q1 - 1.5 × IQR = 38.5 - 1.5 × 24 = 38.5 - 36 = **2.5**
- **Upper Bound** = Q3 + 1.5 × IQR = 62.5 + 1.5 × 24 = 62.5 + 36 = **98.5**

---

### ✅ Step 5: Check if April Value Falls Outside the Bounds

- April value = **85**
- Is 85 < 2.5 or > 98.5?  
  → No, **85 is between 2.5 and 98.5**

---

### 🎯 Final Answer:

> **No, the April value (85) is not an outlier** based on the interquartile range method. It falls within the acceptable range defined by the rest of the data.

---

### 💡 Extra Insight:

While **85 is much higher** than the previous months (which are around 38–40), statistically, with such a small dataset, the IQR method allows for some variation. However, **visually or contextually**, 85 might still seem unusual — so you could investigate further:
- Was there a special event in April?
- Are there seasonal factors?
- Could this be due to an error in reporting?

Statistically, though, **it’s not technically an outlier** in this case.

Let me know if you'd like to explore other outlier detection methods!"
"Data frequencies and probabilities","Compare and evaluate data","F","A mean income of $50,000 is reported. Most people in the data earn under $30,000. What does this suggest about the data’s distribution?","!!!!"
"Data frequencies and probabilities","Compare and evaluate data","F","For a group of 10 students, the mean number of books read is 6. If 2 students read 0 books, how does this affect the average?","Let's break this down step by step:

---

### **Given:**
- There are **10 students**.
- The **mean (average)** number of books read is **6**.
- This means the **total number of books read by all 10 students** is:
  
  $$
  \text{Mean} = \frac{\text{Total books}}{\text{Number of students}} \Rightarrow 6 = \frac{\text{Total books}}{10}
  $$

  So,

  $$
  \text{Total books} = 6 \times 10 = 60
  $$

- Now, we're told that **2 students read 0 books**. That means the remaining **8 students** must have read all 60 books.

---

### **Now ask: How does this affect the average?**

There are a couple of ways to interpret this question:

---

### ✅ **Option 1: What is the new average if we exclude the 2 students who read 0 books?**

If we only consider the 8 students who actually read books, then:

$$
\text{New average} = \frac{60}{8} = 7.5
$$

So, the **average increases from 6 to 7.5** when we calculate it **only for the students who read at least one book**.

---

### ✅ **Option 2: Why did the average stay at 6 even though some students read nothing?**

The **original average of 6 includes** all 10 students — including the 2 who read 0 books. So even though those two didn't read anything, their ""zero"" values were still used in computing the average. That’s why the average isn’t higher than 6.

---

### ✅ **Summary:**
- The **average of 6** already accounts for the fact that 2 students read **0 books**.
- If you remove them and recalculate the average over just the 8 who read books, the average becomes **7.5**.
- So, the **two students who read zero books pulled the average down**, compared to just averaging over those who actually read.

---

Let me know if you'd like to explore other interpretations!"
"Data frequencies and probabilities","Compare and evaluate data","G","Compare the interquartile range of Dataset A (Q1=12, Q3=28) and B (Q1=14, Q3=22)","To **compare the interquartile ranges (IQRs)** of two datasets, you don't need the full datasets — just the **first quartile (Q1)** and the **third quartile (Q3)** for each dataset.

### Step 1: Understand what Interquartile Range (IQR) is

The **interquartile range** is a measure of statistical dispersion (spread), and it represents the range within which the middle 50% of the data lies. It's calculated as:

$$
\text{IQR} = Q3 - Q1
$$

---

### Step 2: Calculate IQR for both datasets

#### Dataset A:
- Q1 = 12  
- Q3 = 28  
$$
\text{IQR}_A = 28 - 12 = 16
$$

#### Dataset B:
- Q1 = 14  
- Q3 = 22  
$$
\text{IQR}_B = 22 - 14 = 8
$$

---

### Step 3: Compare the IQRs

Now that we have the IQRs:

- IQR of **Dataset A**: 16  
- IQR of **Dataset B**: 8  

This tells us that:

> The spread of the middle 50% of values in **Dataset A is larger** than that in Dataset B. In other words, Dataset A has more variability in its central values than Dataset B.

---

### Final Answer Summary:

- **IQR of A = 16**
- **IQR of B = 8**
- **Conclusion:** Dataset A has a greater interquartile range, so it has more spread in the middle 50% of its data compared to Dataset B."
"Data frequencies and probabilities","Compare and evaluate data","G","Use z-scores to compare student A (score 85, μ=80, σ=5) and student B (score 92, μ=88, σ=3)","To **compare student A and student B using z-scores**, you're essentially converting their scores into a **standardized form** that allows for comparison, even if they come from different distributions (i.e., different means and standard deviations).

---

### 🔍 Step-by-step: What is a Z-Score?

The **z-score** tells us how many standard deviations a particular score is from the mean.

The formula for calculating a z-score is:

$$
z = \frac{\text{score} - \text{mean}}{\text{standard deviation}}
$$

---

### 🧮 Step 1: Calculate Z-Score for Student A

- Score = 85  
- Mean (μ) = 80  
- Standard Deviation (σ) = 5  

$$
z_A = \frac{85 - 80}{5} = \frac{5}{5} = 1.0
$$

So, **Student A's z-score is 1.0**, meaning their score is **1 standard deviation above the mean** of their group.

---

### 🧮 Step 2: Calculate Z-Score for Student B

- Score = 92  
- Mean (μ) = 88  
- Standard Deviation (σ) = 3  

$$
z_B = \frac{92 - 88}{3} = \frac{4}{3} \approx 1.33
$$

So, **Student B's z-score is approximately 1.33**, meaning their score is about **1.33 standard deviations above the mean** of their group.

---

### 📊 Step 3: Compare the Two Students

Now that both scores are in **standardized units**, we can directly compare them:

- Student A: z = 1.0  
- Student B: z ≈ 1.33  

👉 **Conclusion**: Student B performed better **relative to their own group** than Student A did relative to theirs.

---

### ✅ Final Answer Summary:

- Student A’s z-score: **1.0**
- Student B’s z-score: **≈1.33**
- **Interpretation**: Although Student A has a lower raw score, when compared relative to their respective distributions, **Student B performed better** in terms of standard deviations from the mean.

Let me know if you'd like to visualize this or convert the z-scores to percentiles!"
"Data frequencies and probabilities","Compare and evaluate data","G","Four students ran 1 mile in the following times (in minutes): – Alex: 8.3  – Brianna: 9.6  – Carlos: 8.7  – Diana: 9.2. The mean time is 9.0 minutes with a standard deviation of 0.4 minutes. Calculate the z-score for each student, then, order the students from fastest to slowest relative to the mean (not just actual time).","To solve this task, you'll need to **calculate the z-scores** for each student based on their running times and then **order them from fastest to slowest relative to the mean**, not just by actual time.

---

### 🔢 Step 1: Understand What a Z-Score Is

The **z-score** tells us how many standard deviations a value is above or below the mean.

The formula is:

$$
z = \frac{\text{value} - \text{mean}}{\text{standard deviation}}
$$

In this case:
- Mean = 9.0 minutes
- Standard deviation = 0.4 minutes

---

### 📊 Step 2: Given Data

| Student | Time (minutes) |
|---------|----------------|
| Alex    | 8.3            |
| Brianna | 9.6            |
| Carlos  | 8.7            |
| Diana   | 9.2            |

---

### 🧮 Step 3: Calculate Z-Scores

Using the formula $ z = \frac{x - \mu}{\sigma} $, where:
- $ x $ = individual time
- $ \mu = 9.0 $
- $ \sigma = 0.4 $

#### Alex:
$$
z = \frac{8.3 - 9.0}{0.4} = \frac{-0.7}{0.4} = -1.75
$$

#### Brianna:
$$
z = \frac{9.6 - 9.0}{0.4} = \frac{0.6}{0.4} = +1.5
$$

#### Carlos:
$$
z = \frac{8.7 - 9.0}{0.4} = \frac{-0.3}{0.4} = -0.75
$$

#### Diana:
$$
z = \frac{9.2 - 9.0}{0.4} = \frac{0.2}{0.4} = +0.5
$$

---

### 📈 Step 4: Interpretation of Z-Scores

- A **negative z-score** means the student ran **faster than average**
- A **positive z-score** means the student ran **slower than average**

---

### 🏁 Step 5: Order From Fastest to Slowest Relative to the Mean

We sort students by **z-score from lowest to highest** (because lower z-scores = faster relative to mean):

| Rank | Student | Time | Z-Score |
|------|---------|------|---------|
| 1st  | Alex    | 8.3  | -1.75   |
| 2nd  | Carlos  | 8.7  | -0.75   |
| 3rd  | Diana   | 9.2  | +0.5    |
| 4th  | Brianna | 9.6  | +1.5    |

---

### ✅ Final Answer:

**Ordered from fastest to slowest relative to the mean:**
1. **Alex**
2. **Carlos**
3. **Diana**
4. **Brianna**

Let me know if you want a visual explanation like a number line or graph!"
"Data frequencies and probabilities","Compare and evaluate data","G","Two scatter plots are analyzed: – Graph A (study time vs. grades): r = 0.88 – Graph B (TV hours vs. grades): r = –0.12. State whether the association in each graph is positive, negative, or none.","To solve this task, you need to understand what the **correlation coefficient (r)** tells you about the **association** between two variables in a scatter plot.

### Understanding the Correlation Coefficient (r):

- The correlation coefficient (r) measures the **strength and direction** of a **linear relationship** between two variables.
- It ranges from **-1 to +1**:
  - **+1** = perfect positive linear relationship
  - **0** = no linear relationship
  - **-1** = perfect negative linear relationship

---

### Given:

- **Graph A**: study time vs. grades → r = **0.88**
- **Graph B**: TV hours vs. grades → r = **–0.12**

---

### Step-by-step Analysis:

#### **Graph A: r = 0.88**
- Since the correlation is **positive (0.88 > 0)**, there's a **positive association**.
- Interpretation: As **study time increases**, **grades tend to increase** as well.
- Also, 0.88 is close to 1, so it's a **strong** positive association.

✅ **Answer for Graph A: Positive association**

---

#### **Graph B: r = –0.12**
- Since the correlation is **negative (–0.12 < 0)**, there's a **negative association**.
- However, the value is very close to 0, meaning the association is **very weak**.
- Interpretation: There's almost **no clear relationship** between TV hours and grades — but the slight trend suggests that more TV might be linked with slightly lower grades.

✅ **Answer for Graph B: Negative association** (but very weak)

---

### Final Answer:

- **Graph A (study time vs. grades):** Positive association  
- **Graph B (TV hours vs. grades):** Negative association  

Let me know if you'd like help interpreting what ""weak"" or ""strong"" means in more detail!"
"Data frequencies and probabilities","Compare and evaluate data","H","Test whether a die is fair based on the observed frequencies: {1: 18, 2: 16, 3: 20, 4: 14, 5: 17, 6: 15}","To determine whether a die is fair based on the observed frequencies, you can use a **chi-squared goodness-of-fit test**. Here's a step-by-step explanation of how to perform this hypothesis test.

---

### 🔢 Step 1: Understand the Problem

You are given:
- Observed frequencies for each outcome (1 through 6) when rolling a die:

$$
\text{{Observed}} = \{1: 18, 2: 16, 3: 20, 4: 14, 5: 17, 6: 15\}
$$

We want to test whether these outcomes are consistent with what we'd expect if the die were **fair** (i.e., all sides equally likely).

---

### 🧪 Step 2: Set Up Hypotheses

- **Null Hypothesis (H₀):** The die is fair; all outcomes have equal probability (1/6).
- **Alternative Hypothesis (H₁):** The die is not fair; at least one outcome has a different probability.

---

### 📊 Step 3: Compute Expected Frequencies

First, compute the total number of rolls:

$$
n = 18 + 16 + 20 + 14 + 17 + 15 = 100
$$

For a fair die, each face should occur with frequency:

$$
\text{Expected} = \frac{n}{6} = \frac{100}{6} ≈ 16.67
$$

So expected frequencies for each outcome are all approximately **16.67**.

---

### 🧮 Step 4: Perform Chi-Squared Goodness-of-Fit Test

The **chi-squared statistic** is calculated as:

$$
\chi^2 = \sum_{i=1}^{6} \frac{(O_i - E_i)^2}{E_i}
$$

Where:
- $ O_i $ = observed frequency for outcome i
- $ E_i $ = expected frequency for outcome i

Let’s calculate it:

| Outcome | $ O_i $ | $ E_i $ | $ (O_i - E_i)^2 / E_i $ |
|--------|-----------|-----------|-----------------------------|
| 1      | 18        | 16.67     | $ \frac{(18 - 16.67)^2}{16.67} ≈ 0.107 $ |
| 2      | 16        | 16.67     | $ \frac{(16 - 16.67)^2}{16.67} ≈ 0.027 $ |
| 3      | 20        | 16.67     | $ \frac{(20 - 16.67)^2}{16.67} ≈ 0.673 $ |
| 4      | 14        | 16.67     | $ \frac{(14 - 16.67)^2}{16.67} ≈ 0.427 $ |
| 5      | 17        | 16.67     | $ \frac{(17 - 16.67)^2}{16.67} ≈ 0.007 $ |
| 6      | 15        | 16.67     | $ \frac{(15 - 16.67)^2}{16.67} ≈ 0.167 $ |

Now sum them up:

$$
\chi^2 ≈ 0.107 + 0.027 + 0.673 + 0.427 + 0.007 + 0.167 = 1.408
$$

---

### 📋 Step 5: Determine Degrees of Freedom and Critical Value

Degrees of freedom (df) = Number of categories – 1 = 6 – 1 = **5**

Choose a significance level (commonly α = 0.05)

From chi-squared distribution table or calculator:
- Critical value for df = 5 and α = 0.05 is **≈ 11.07**

Alternatively, you could calculate the **p-value** corresponding to χ² = 1.408 with 5 degrees of freedom:
- p-value ≈ **0.923**

---

### ✅ Step 6: Conclusion

Since:
- Calculated χ² = **1.408** < Critical value **11.07**, or
- p-value = **0.923** > α = **0.05**

We **fail to reject the null hypothesis**.

> ✅ **Conclusion:** There is no significant evidence to suggest that the die is unfair. Based on the data, it appears to be fair.

---

### 🧠 Bonus Tip: Conditions for Chi-Squared Test

- All expected counts should be ≥ 1
- At least 80% of expected counts should be ≥ 5

In our case, all expected counts are ~16.67 → conditions are satisfied.

---

Would you like to see how to do this in Python or Excel?"
"Data frequencies and probabilities","Compare and evaluate data","H","Determine which student performed better relative to their class: 88 in a test with μ = 80, σ = 5 vs. 91 in μ = 85, σ = 4","To determine **which student performed better relative to their class**, you need to compare their scores **in terms of how many standard deviations away from the mean** they are. This is done using a **z-score**.

---

### 🔢 What is a z-score?

The **z-score** tells you how many standard deviations a particular score is above or below the mean. The formula is:

$$
z = \frac{X - \mu}{\sigma}
$$

Where:
- $ X $ = the student's score  
- $ \mu $ = the class average (mean)  
- $ \sigma $ = the standard deviation  

---

### 📌 Compare the two students:

#### Student A:
- Score: 88  
- Class Mean ($ \mu $): 80  
- Standard Deviation ($ \sigma $): 5  

$$
z_A = \frac{88 - 80}{5} = \frac{8}{5} = 1.6
$$

So, Student A scored **1.6 standard deviations above the mean** in their class.

---

#### Student B:
- Score: 91  
- Class Mean ($ \mu $): 85  
- Standard Deviation ($ \sigma $): 4  

$$
z_B = \frac{91 - 85}{4} = \frac{6}{4} = 1.5
$$

Student B scored **1.5 standard deviations above the mean** in their class.

---

### ✅ Conclusion:

- Student A: **z = 1.6**
- Student B: **z = 1.5**

👉 Since **Student A has a higher z-score**, they performed **slightly better relative to their class** than Student B.

---

### 💡 Summary:

Even though Student B got a higher raw score (91 vs. 88), what matters is **how well they did compared to their classmates**, and **Student A did better relative to their class** based on the z-score.

Let me know if you'd like to convert the z-scores into percentiles too!"
"Data frequencies and probabilities","Compare and evaluate data","H","Using a z-score formula, find how many standard deviations 92 is from the mean 85 (σ = 3)","Sure! Let's walk through the task **step by step** using the **z-score formula**.

---

### 🔢 **Task:**  
Find how many **standard deviations** the value **92** is from the **mean 85**, given that the **standard deviation (σ) = 3**.

---

### 📐 **Step 1: Understand the Z-Score Formula**

The **z-score** tells you how many standard deviations a data point is from the mean. Here's the formula:

$$
z = \frac{x - \mu}{\sigma}
$$

Where:
- $ x $ = data point (in this case, **92**)
- $ \mu $ = mean (in this case, **85**)
- $ \sigma $ = standard deviation (in this case, **3**)

---

### 🧮 **Step 2: Plug in the Values**

$$
z = \frac{92 - 85}{3}
$$

$$
z = \frac{7}{3}
$$

$$
z \approx 2.33
$$

---

### ✅ **Final Answer:**
The value **92** is approximately **2.33 standard deviations above the mean**.

Let me know if you want to interpret what this z-score means in terms of probability or percentile!"
"Data frequencies and probabilities","Compare and evaluate data","H","Calculate the correlation coefficient for paired data: x = {2, 4, 6}, y = {3, 7, 11}","To calculate the **correlation coefficient** (Pearson correlation coefficient) for paired data, you can follow these steps:

---

### **Step 1: Understand the formula**

The Pearson correlation coefficient $ r $ is given by:

$$
r = \frac{n\sum xy - (\sum x)(\sum y)}{\sqrt{[n\sum x^2 - (\sum x)^2][n\sum y^2 - (\sum y)^2]}}
$$

Where:
- $ n $ = number of data pairs
- $ \sum x $ = sum of all x-values
- $ \sum y $ = sum of all y-values
- $ \sum xy $ = sum of the products of each pair
- $ \sum x^2 $ = sum of squares of x-values
- $ \sum y^2 $ = sum of squares of y-values

---

### **Step 2: Organize your data**

Given:
- $ x = \{2, 4, 6\} $
- $ y = \{3, 7, 11\} $

Let's list the pairs and compute what we need:

| x | y | xy  | x² | y² |
|---|---|-----|----|----|
| 2 | 3 | 6   | 4  | 9  |
| 4 | 7 | 28  | 16 | 49 |
| 6 |11 | 66  | 36 |121 |

Now compute the totals:

- $ \sum x = 2 + 4 + 6 = 12 $
- $ \sum y = 3 + 7 + 11 = 21 $
- $ \sum xy = 6 + 28 + 66 = 100 $
- $ \sum x^2 = 4 + 16 + 36 = 56 $
- $ \sum y^2 = 9 + 49 + 121 = 179 $
- $ n = 3 $

---

### **Step 3: Plug into the formula**

$$
r = \frac{3(100) - (12)(21)}{\sqrt{[3(56) - (12)^2][3(179) - (21)^2]}}
$$

#### Numerator:
$$
3 \cdot 100 = 300 \\
12 \cdot 21 = 252 \\
\text{Numerator} = 300 - 252 = 48
$$

#### Denominator:

First part:
$$
3 \cdot 56 = 168 \\
12^2 = 144 \\
168 - 144 = 24
$$

Second part:
$$
3 \cdot 179 = 537 \\
21^2 = 441 \\
537 - 441 = 96
$$

Now multiply:
$$
\sqrt{24 \cdot 96} = \sqrt{2304} = 48
$$

---

### **Step 4: Final Calculation**

$$
r = \frac{48}{48} = 1
$$

---

### ✅ Final Answer:
$$
\boxed{r = 1}
$$

This means there is a **perfect positive linear relationship** between x and y.

In fact, if you look at the data:
- When x increases by 2, y increases by 4 → slope is constant.
- So y = 2x - 1 (exactly fits the points), which confirms the perfect correlation."
"Data frequencies and probabilities","Compare and evaluate data","H","Evaluate the reliability of a dataset of 500 COVID-19 test results where 8 are false positives and 4 false negatives","To evaluate the **reliability** of a dataset of 500 COVID-19 test results, where you're given that there are **8 false positives** and **4 false negatives**, you can use standard statistical metrics from classification evaluation. These include:

- **Accuracy**
- **Precision**
- **Recall (Sensitivity)**
- **Specificity**
- **F1 Score**

Let’s walk through how to calculate these step by step.

---

### 🔢 Step 1: Understand the Confusion Matrix

You need to know or derive the four components of the confusion matrix:

| Term | Description |
|------|-------------|
| **True Positives (TP)** | Number of people who tested positive and actually had the disease |
| **True Negatives (TN)** | Number of people who tested negative and did not have the disease |
| **False Positives (FP)** | 8 (Test says positive, but person doesn't have it) |
| **False Negatives (FN)** | 4 (Test says negative, but person has it) |

We’re told FP = 8, FN = 4, and total tests = 500.

So we can compute:
```
TP + TN + FP + FN = Total = 500
=> TP + TN = 500 - (8 + 4) = 488
```

But we don’t yet know **how many actual positives and actual negatives** there were in the dataset — so we can’t directly compute TP and TN without more info.

However, if you're just evaluating reliability based on known errors (FP and FN), you can proceed with some assumptions or estimate bounds for accuracy and other metrics.

Let’s assume that you **can determine TP and TN**, perhaps from gold-standard testing or expert verification. If not, here's what you can still do:

---

## ✅ Step 2: Calculate Key Metrics

Let’s define:

- **Accuracy**: Overall correctness of the test
- **Precision**: Of those who tested positive, how many actually had the disease?
- **Recall (Sensitivity)**: Of those who actually had the disease, how many tested positive?
- **Specificity**: Of those who did not have the disease, how many tested negative?
- **F1 Score**: Harmonic mean of precision and recall

---

### 🧮 1. Accuracy

Measures overall proportion of correct predictions (both true positives and true negatives):

$$
\text{Accuracy} = \frac{TP + TN}{TP + TN + FP + FN}
$$

From earlier:
$$
TP + TN = 488,\quad FP + FN = 12
\Rightarrow \text{Accuracy} = \frac{488}{500} = 0.976 \text{ or } 97.6\%
$$

✅ So the test is **97.6% accurate** overall.

---

### 📌 Note: You can go further if you know TP and TN

Suppose you also know how many people truly had the disease (say, 200 were positive, 300 were negative). Then you could calculate:

Let’s say:
- Actual positives (P) = 200
- Actual negatives (N) = 300
- FP = 8 ⇒ TN = N – FP = 300 – 8 = 292
- FN = 4 ⇒ TP = P – FN = 200 – 4 = 196

Now plug into formulas:

---

### 🧮 2. Precision

Of those who tested positive, how many were correct?

$$
\text{Precision} = \frac{TP}{TP + FP} = \frac{196}{196 + 8} = \frac{196}{204} ≈ 0.961 \text{ or } 96.1\%
$$

---

### 🧮 3. Recall (Sensitivity)

Of those who actually had the disease, how many were correctly identified?

$$
\text{Recall} = \frac{TP}{TP + FN} = \frac{196}{196 + 4} = \frac{196}{200} = 0.98 \text{ or } 98\%
$$

---

### 🧮 4. Specificity

Of those who didn’t have the disease, how many tested negative?

$$
\text{Specificity} = \frac{TN}{TN + FP} = \frac{292}{292 + 8} = \frac{292}{300} ≈ 0.973 \text{ or } 97.3\%
$$

---

### 🧮 5. F1 Score

Balanced measure of precision and recall:

$$
\text{F1} = 2 \cdot \frac{\text{Precision} \cdot \text{Recall}}{\text{Precision} + \text{Recall}} = 2 \cdot \frac{0.961 \cdot 0.98}{0.961 + 0.98} ≈ 0.970 \text{ or } 97.0\%
$$

---

## 📊 Summary of Reliability Metrics

| Metric        | Value     |
|---------------|-----------|
| Accuracy      | 97.6%     |
| Precision     | 96.1%     |
| Recall        | 98.0%     |
| Specificity   | 97.3%     |
| F1 Score      | 97.0%     |

These values suggest the dataset is quite reliable overall, especially with high recall (few missed cases), which is important in medical testing.

---

## 💡 Final Thoughts

- With only FP and FN provided, you can at least compute **accuracy**.
- To compute **precision, recall, specificity**, and **F1**, you’ll need to know how many people actually had the disease (true condition).
- High **recall** means few sick people are missed — important in pandemic settings.
- High **specificity** means few healthy people are wrongly flagged as sick.

If you want help calculating these metrics using your own numbers, feel free to provide the number of actual positives or negatives!"
"Data frequencies and probabilities","Understanding probabilities","B","A spinner has 3 red sections and 1 blue. Which color is more likely?","Sure! Let's break down the problem step by step so you can understand how to solve it.

---

### 🔁 **Task: A spinner has 3 red sections and 1 blue section. Which color is more likely to come up when you spin it?**

---

### Step 1: Understand the Spinner

The spinner is divided into **sections**, each of which is colored either red or blue.

- **Red sections**: 3  
- **Blue sections**: 1

So, in total, there are:

$$
3 \text{ (red)} + 1 \text{ (blue)} = 4 \text{ sections}
$$

---

### Step 2: Find the Probability of Each Color

**Probability** means how likely something is to happen. It’s calculated as:

$$
\text{Probability} = \frac{\text{Number of favorable outcomes}}{\text{Total number of possible outcomes}}
$$

#### 🔴 Probability of landing on red:
There are 3 red sections out of 4 total sections:

$$
P(\text{red}) = \frac{3}{4}
$$

#### 🔵 Probability of landing on blue:
There is 1 blue section out of 4 total sections:

$$
P(\text{blue}) = \frac{1}{4}
$$

---

### Step 3: Compare the Probabilities

- $ \frac{3}{4} > \frac{1}{4} $

So, **red is more likely** to come up than blue.

---

### ✅ Final Answer:
**Red is more likely**, because it takes up 3 out of the 4 sections on the spinner.

Let me know if you'd like a visual explanation or help with similar problems!"
"Data frequencies and probabilities","Understanding probabilities","B","What are the chances of rolling a 6 on a die? A) Always B) Sometimes C) Never","To solve this task, you need to understand **probability** and how dice work.

### Step-by-step explanation:

1. **Understand the object in question:**
   - A **standard die** (singular of dice) has **6 faces**, numbered **1 through 6**.
   - When rolled, each face has an **equal chance** of landing face-up.

2. **Determine the number of possible outcomes:**
   - There are **6 possible outcomes**: rolling a 1, 2, 3, 4, 5, or 6.

3. **Determine the number of favorable outcomes:**
   - You're interested in rolling a **6**.
   - There is **only 1 favorable outcome** (rolling a 6).

4. **Calculate the probability (optional):**
   $$
   \text{Probability} = \frac{\text{Number of favorable outcomes}}{\text{Total number of possible outcomes}} = \frac{1}{6}
   $$

   So, there's a **1 in 6 chance** of rolling a 6.

5. **Now, look at the answer choices:**
   - **A) Always** → This would mean you get a 6 every single time. That’s not true — it only happens sometimes.
   - **B) Sometimes** → ✅ This is correct. You get a 6 occasionally — specifically, about 1 out of every 6 rolls on average.
   - **C) Never** → That would mean it's impossible to roll a 6. But that’s false — a 6 is one of the possible outcomes.

### ✅ Final Answer:
**B) Sometimes**

Let me know if you'd like to explore more about probability!"
"Data frequencies and probabilities","Understanding probabilities","B","Is it certain, possible, or impossible to see the sun at night?","To solve the task **""Is it certain, possible, or impossible to see the sun at night?""**, you can break it down logically and scientifically. Here's how to approach it:

---

### 🔍 Step 1: Understand What ""Night"" Means
- **Night** is the period when a part of Earth is facing **away from the Sun**.
- During this time, the **Sun is below the horizon**, so its light doesn't directly reach that part of the Earth.

---

### 🌞 Step 2: Define ""Seeing the Sun""
""Seeing the sun"" usually means observing it in the sky with your eyes — not through instruments, reflections, or indirect effects like twilight unless specified.

---

### 🌍 Step 3: Consider Special Cases or Exceptions

There are a few rare or special cases where the sun might be visible during what is technically ""nighttime"":

#### ✅ **Polar Regions (Midnight Sun):**
- In places near the **Arctic Circle** or **Antarctic Circle**, during summer months, the sun does **not set** for several days.
- Example: In Barrow, Alaska, the sun stays up for weeks in June.
- **So in these regions at certain times of year, it's possible to see the sun at night.**

#### 🌄 **Twilight:**
- There are phases of **twilight** (civil, nautical, and astronomical) after sunset when the sun is just below the horizon but still illuminates the sky.
- Technically, you're not seeing the sun directly during this time, but its light is still present in the sky.

#### 🛰️ **High Altitude or Space:**
- Astronauts on the **International Space Station** see the sun every 90 minutes because they orbit Earth rapidly.
- This is outside Earth’s surface conditions, so it depends on whether we're considering Earth-bound observers.

---

### ❌ Step 4: Rule Out Normal Conditions

In most parts of the world:
- At night, the sun is **below the horizon**.
- You cannot directly see the sun without being in a region with unique geographic or seasonal conditions.

---

### ✅ Final Answer:

> It is **possible** to see the sun at night **under certain conditions**, such as in polar regions during summer (midnight sun).  
> However, in most places on Earth, it is **impossible** to see the sun at night.

---

### 🧠 Summary:

| Condition | Can You See the Sun at Night? |
|----------|-------------------------------|
| Most places on Earth | ❌ Impossible |
| Polar regions (summer) | ✅ Possible |
| Twilight periods | 🌅 Not directly, but sky illuminated |
| From space | ✅ Possible |

---

Let me know if you want to explore this further using logic puzzles, geography, or astronomy!"
"Data frequencies and probabilities","Understanding probabilities","C","What is the chance of flipping a coin and getting heads?","Sure! Let's walk through how to solve the task:  
**""What is the chance of flipping a coin and getting heads?""**

---

### 🔍 Step 1: Understand the Problem
You're being asked for the **probability** of an event — in this case, getting **heads** when you flip a **coin**.

---

### 🪙 Step 2: Know the Possible Outcomes
A standard coin has **two sides**:  
- Heads  
- Tails

When you flip a fair coin, there are **two equally likely outcomes**:
- It lands on heads
- It lands on tails

---

### 🧮 Step 3: Use the Probability Formula
The basic formula for probability is:

$$
\text{Probability of an event} = \frac{\text{Number of favorable outcomes}}{\text{Total number of possible outcomes}}
$$

In this case:
- **Favorable outcome**: Getting heads → 1 outcome
- **Possible outcomes**: Heads or tails → 2 outcomes

So:

$$
\text{Probability of heads} = \frac{1}{2}
$$

---

### 📝 Step 4: Express the Answer
You can express the probability in different ways:
- As a **fraction**: $ \frac{1}{2} $
- As a **decimal**: $ 0.5 $
- As a **percentage**: $ 50\% $

---

### ✅ Final Answer:
> The chance of flipping a coin and getting heads is **$ \frac{1}{2} $**, or **50%**.

This assumes it's a **fair coin** (not biased or tricked in any way).

Let me know if you want to explore more complex scenarios like multiple flips or unfair coins!"
"Data frequencies and probabilities","Understanding probabilities","C","What is the probability of picking a weekday from a list of all 7 days?","Sure! Let's break down the task **step by step** to find the **probability of picking a weekday** from a list of **all 7 days of the week**.

---

### 🔍 Step 1: Understand the Total Number of Days
There are **7 days in a week**:
- Monday  
- Tuesday  
- Wednesday  
- Thursday  
- Friday  
- Saturday  
- Sunday

So, the **total number of possible outcomes** = **7**

---

### 📅 Step 2: Identify the Weekdays
The **weekdays** are:
- Monday  
- Tuesday  
- Wednesday  
- Thursday  
- Friday

That’s **5 days**.

So, the **number of favorable outcomes** (i.e., picking a weekday) = **5**

---

### 🧮 Step 3: Use the Probability Formula
The formula for probability is:

$$
\text{Probability} = \frac{\text{Number of favorable outcomes}}{\text{Total number of possible outcomes}}
$$

Substitute the values:

$$
\text{Probability of picking a weekday} = \frac{5}{7}
$$

---

### ✅ Final Answer:
The probability of picking a weekday from a list of all 7 days is:

$$
\boxed{\frac{5}{7}}
$$

Or, as a decimal ≈ **0.714**, or **71.4%**.

Let me know if you want to explore similar problems!"
"Data frequencies and probabilities","Understanding probabilities","C","A die shows numbers 1–6. What is the probability of rolling an even number?","Sure! Let's break down the task **step by step** to find the **probability of rolling an even number** on a standard six-sided die.

---

### 🔢 Step 1: Understand the Sample Space

A standard die has **6 faces**, numbered:

$$
\{1, 2, 3, 4, 5, 6\}
$$

This is called the **sample space** — all possible outcomes when you roll the die.

---

### 🎯 Step 2: Identify Favorable Outcomes

We want to find the probability of rolling an **even number**.

The even numbers between 1 and 6 are:

$$
\{2, 4, 6\}
$$

So there are **3 favorable outcomes**.

---

### 📐 Step 3: Use the Probability Formula

The basic formula for probability is:

$$
\text{Probability} = \frac{\text{Number of favorable outcomes}}{\text{Total number of possible outcomes}}
$$

Plug in the values:

$$
\text{Probability of rolling an even number} = \frac{3}{6} = \frac{1}{2}
$$

---

### ✅ Final Answer:

$$
\boxed{\frac{1}{2}} \quad \text{or} \quad \boxed{0.5} \quad \text{or} \quad \boxed{50\%}
$$

So, there's a **50% chance** of rolling an even number on a standard six-sided die.

Let me know if you'd like to explore more probability problems! 🎲"
"Data frequencies and probabilities","Understanding probabilities","C","What does it mean if an event has a probability of 0?","!!!!"
"Data frequencies and probabilities","Understanding probabilities","C","Can the probability of an event be more than 1? (Yes or No)","**Answer: No.**

The **probability of an event cannot be more than 1**.

### Explanation:

Probability is a measure of the likelihood that an event will occur, and it is always a number between **0 and 1**, inclusive.

- A probability of **0** means the event is **impossible**.
- A probability of **1** means the event is **certain**.
- Any value **between 0 and 1** represents varying degrees of likelihood.

#### Why can't probability be more than 1?
Because probability is defined as the ratio of favorable outcomes to total possible outcomes in a sample space:
$$
P(E) = \frac{\text{Number of favorable outcomes}}{\text{Total number of possible outcomes}}
$$

Since the number of favorable outcomes **cannot exceed** the total number of possible outcomes, the maximum value of this ratio is **1**.

So, probabilities greater than 1 would imply more ""successes"" than total outcomes — which is not logically possible.

### Final Answer: **No**, the probability of an event cannot be more than 1."
"Data frequencies and probabilities","Understanding probabilities","C","Which is more certain: rolling a number less than 10 on a standard die, or flipping heads?","Let's break this down step by step to determine which event is **more certain**:

---

### 🎲 Event 1: Rolling a number less than 10 on a **standard die**

- A **standard die** has **6 faces**: {1, 2, 3, 4, 5, 6}.
- All of these numbers are **less than 10**.
- So, **every possible outcome** (1 through 6) satisfies the condition.

✅ **Probability = 6/6 = 1**, or **100%**.

This is a **certain event**.

---

### 🪙 Event 2: Flipping **heads** on a fair coin

- A fair coin has two sides: **heads** and **tails**.
- Each side is equally likely.

✅ **Probability = 1/2 = 0.5**, or **50%**.

This is a **random event** with equal chances for heads or tails.

---

### ✅ Conclusion:

- Rolling a number less than 10 on a standard die is **guaranteed** (probability = 1).
- Flipping heads is only **50% likely** (probability = 0.5).

🔹 Therefore, **rolling a number less than 10 on a standard die is more certain** than flipping heads.

--- 

Let me know if you'd like to explore variations of this question!"
"Data frequencies and probabilities","Understanding probabilities","D","What is the probability of rolling an even number on a standard die?","Sure! Let's break down the task **step by step** to find the **probability of rolling an even number on a standard die**.

---

### 🔢 Step 1: Understand the Sample Space

A **standard die** has **6 faces**, numbered:

$$
\{1, 2, 3, 4, 5, 6\}
$$

This is called the **sample space** — all possible outcomes when you roll the die.

---

### 🎯 Step 2: Identify the Favorable Outcomes

We are interested in **even numbers**. The even numbers in the sample space are:

$$
\{2, 4, 6\}
$$

So there are **3 favorable outcomes**.

---

### 🧮 Step 3: Use the Probability Formula

The formula for probability is:

$$
\text{Probability} = \frac{\text{Number of favorable outcomes}}{\text{Total number of possible outcomes}}
$$

Substitute the values:

$$
\text{Probability of rolling an even number} = \frac{3}{6} = \frac{1}{2}
$$

---

### ✅ Final Answer:

$$
\boxed{\frac{1}{2}} \quad \text{or} \quad \boxed{0.5} \quad \text{or} \quad \boxed{50\%}
$$

So, there's a **50% chance** of rolling an even number on a standard six-sided die.

Let me know if you want to explore this with other dice or scenarios! 🎲"
"Data frequencies and probabilities","Understanding probabilities","D","If a spinner has 5 equal sections, what is the chance of landing on one section? Express the probability as fraction.","Sure! Let's break this task down step by step:

### **Task:**  
You have a spinner with **5 equal sections**, and you want to find the **probability (chance)** of landing on **one specific section**. You also need to express this probability as a **fraction**.

---

### **Step 1: Understand the Spinner**
- The spinner is divided into **5 equal parts** or **sections**.
- Since the sections are equal, each has the **same chance** of being landed on.

---

### **Step 2: Use Basic Probability Formula**

The formula for probability is:

$$
\text{Probability} = \frac{\text{Number of favorable outcomes}}{\text{Total number of possible outcomes}}
$$

In this case:
- **Favorable outcomes**: Landing on the one specific section you're interested in → **1 outcome**
- **Total possible outcomes**: There are **5** sections the spinner can land on → **5 outcomes**

---

### **Step 3: Plug Into the Formula**

$$
\text{Probability} = \frac{1}{5}
$$

---

### ✅ **Final Answer:**
The probability of landing on one specific section is:

$$
\boxed{\frac{1}{5}}
$$

Let me know if you'd like help visualizing this or turning it into a decimal or percentage too!"
"Data frequencies and probabilities","Understanding probabilities","D","What is the probability percentage of picking a red ball from a bag with 2 red, 3 blue, and 5 green balls?","To find the **probability percentage of picking a red ball** from a bag containing:

- **2 red balls**
- **3 blue balls**
- **5 green balls**

### Step 1: Find the total number of balls
Add all the balls together:

$$
2 \text{ (red)} + 3 \text{ (blue)} + 5 \text{ (green)} = 10 \text{ balls total}
$$

### Step 2: Calculate the probability of picking a red ball
The probability of an event is:

$$
\text{Probability} = \frac{\text{Number of favorable outcomes}}{\text{Total number of possible outcomes}}
$$

In this case:
$$
\text{Probability of red ball} = \frac{2}{10} = 0.2
$$

### Step 3: Convert to percentage
To convert a decimal to a **percentage**, multiply by 100:

$$
0.2 \times 100 = 20\%
$$

---

### ✅ Final Answer:
**20% probability** of picking a red ball."
"Data frequencies and probabilities","Understanding probabilities","D","A number is chosen from 1 to 10 — what is the decimal probability of getting a number less than 6?","To solve this task, let's break it down step by step:

---

### **Task:**
A number is chosen at random from the numbers 1 to 10.  
**What is the probability of getting a number less than 6?**

---

### **Step 1: Total possible outcomes**

You're choosing one number from the set:

$$
\{1, 2, 3, 4, 5, 6, 7, 8, 9, 10\}
$$

There are **10** total possible outcomes.

---

### **Step 2: Favorable outcomes (numbers less than 6)**

Numbers less than 6 are:

$$
\{1, 2, 3, 4, 5\}
$$

So there are **5 favorable outcomes**.

---

### **Step 3: Calculate the probability**

$$
\text{Probability} = \frac{\text{Number of favorable outcomes}}{\text{Total number of outcomes}} = \frac{5}{10} = 0.5
$$

---

### ✅ **Final Answer:**
The decimal probability of getting a number less than 6 is **0.5**

Let me know if you'd like help visualizing this or turning it into a fraction or percentage!"
"Data frequencies and probabilities","Understanding probabilities","E","A spinner is divided into 8 equal parts: 3 red, 2 blue, 3 yellow. What is P(blue)?","To solve this probability task, let's break it down step by step.

---

### **Task:**
A spinner is divided into **8 equal parts**:
- 3 are **red**
- 2 are **blue**
- 3 are **yellow**

You're asked to find the **probability of landing on blue**, written as:

$$
P(\text{blue})
$$

---

### **Step-by-step Explanation:**

#### **Step 1: Total number of outcomes**
Since the spinner is divided into 8 equal parts, there are **8 possible outcomes**, one for each section.

$$
\text{Total outcomes} = 8
$$

#### **Step 2: Number of favorable outcomes**
There are **2 blue sections**, so there are **2 favorable outcomes**.

$$
\text{Favorable outcomes (blue)} = 2
$$

#### **Step 3: Use the Probability Formula**

The formula for probability is:

$$
P(\text{event}) = \frac{\text{Number of favorable outcomes}}{\text{Total number of outcomes}}
$$

So,

$$
P(\text{blue}) = \frac{2}{8}
$$

#### **Step 4: Simplify the fraction**

$$
\frac{2}{8} = \frac{1}{4}
$$

---

### ✅ **Final Answer:**
$$
P(\text{blue}) = \frac{1}{4}
$$

This means there's a **1 in 4 chance** of landing on blue when you spin the spinner."
"Data frequencies and probabilities","Understanding probabilities","E","Two dice are rolled. What is the probability that the sum is 7?","To solve the problem **""Two dice are rolled. What is the probability that the sum is 7?""**, follow these steps:

---

### 🔢 Step 1: Understand the Total Number of Outcomes

When two **standard six-sided dice** are rolled:

- Each die has 6 faces (numbered 1 through 6).
- The first die can land in **6 ways**.
- The second die can also land in **6 ways**.

So, the **total number of possible outcomes** is:

$$
6 \times 6 = 36
$$

These outcomes can be represented as ordered pairs $(a, b)$ where $a$ is the result of the first die and $b$ is the result of the second die.

---

### 🎯 Step 2: Find the Favorable Outcomes (Where the Sum is 7)

We now count how many of those 36 outcomes have a sum of **7**.

List all the pairs $(a, b)$ such that $a + b = 7$:

- $(1, 6)$
- $(2, 5)$
- $(3, 4)$
- $(4, 3)$
- $(5, 2)$
- $(6, 1)$

There are **6 favorable outcomes**.

---

### 🧮 Step 3: Calculate the Probability

The probability of an event is given by:

$$
\text{Probability} = \frac{\text{Number of favorable outcomes}}{\text{Total number of outcomes}}
$$

So,

$$
\text{Probability (sum is 7)} = \frac{6}{36} = \frac{1}{6}
$$

---

### ✅ Final Answer:

> The probability that the sum of two dice is 7 is **$\frac{1}{6}$** or approximately **16.67%**.

Let me know if you want to explore conditional probabilities or other dice-related problems! 🎲"
"Data frequencies and probabilities","Understanding probabilities","E","If the probability of winning is 0.4, how many times would you expect to win in 50 trials?","To solve this task, you can use the concept of **expected value** in probability.

---

### **Given:**
- Probability of winning one trial:  
  $ P(\text{win}) = 0.4 $
- Number of trials:  
  $ n = 50 $

---

### **Step-by-step Solution:**

The **expected number of wins** in a set of independent trials is calculated using the formula:

$$
\text{Expected number of wins} = n \times P(\text{win})
$$

Substitute the values:

$$
\text{Expected number of wins} = 50 \times 0.4 = 20
$$

---

### ✅ **Answer:**
You would expect to win **20 times** out of 50 trials.

---

Let me know if you'd like an explanation using a real-world example or visual!"
"Data frequencies and probabilities","Understanding probabilities","E","A sock drawer has 5 black, 4 white, and 3 gray socks. What is P(not black)?","To solve this probability problem, let’s break it down step by step.

---

### **Task:**
You are asked to find **P(not black)**, which means the probability of **not** picking a black sock when selecting one sock at random from the drawer.

---

### **Step 1: Total number of socks**

You are told:
- Black socks = 5  
- White socks = 4  
- Gray (or ""gray"" — same as ""grey"") socks = 3  

So, total number of socks:

$$
5 + 4 + 3 = 12 \text{ socks}
$$

---

### **Step 2: Find P(not black)**

This is the probability that the sock you pick is **not black**, i.e., it's either white or gray.

Number of socks that are **not black**:
$$
4 (\text{white}) + 3 (\text{gray}) = 7
$$

So,
$$
P(\text{not black}) = \frac{\text{number of non-black socks}}{\text{total number of socks}} = \frac{7}{12}
$$

---

### ✅ Final Answer:
$$
\boxed{\frac{7}{12}}
$$

Let me know if you want to explore other variations of this question!"
"Data frequencies and probabilities","Understanding probabilities","E","A spinner has 4 equal sections. Theoretical probability of red = 0.25. In 40 spins, red comes up 18 times. Compare experimental and theoretical probabilities","Sure! Let's break this down step by step so you can understand how to compare **experimental** and **theoretical** probabilities using the information given.

---

### 🎯 **What is the Task Asking?**

You're given:

- A spinner with **4 equal sections**.
- The **theoretical probability** of landing on red is **0.25** (or 25%).
- In **40 spins**, red came up **18 times**.
- You are asked to **compare** the **theoretical probability** with the **experimental probability**.

---

## 🔍 Step-by-Step Explanation

### ✅ 1. Understand Theoretical Probability

Theoretical probability is what **should happen** based on math, assuming everything is fair and balanced.

Since the spinner has 4 equal sections:
- Each color (including red) should come up equally often in theory.

So:

$$
\text{Theoretical Probability of Red} = \frac{1}{4} = 0.25 \text{ or } 25\%
$$

---

### ✅ 2. Calculate Experimental Probability

Experimental probability is what **actually happens** when you do an experiment — in this case, spinning the spinner 40 times.

It’s calculated as:

$$
\text{Experimental Probability} = \frac{\text{Number of times red occurred}}{\text{Total number of trials}}
$$

Given:  
- Red came up **18 times**  
- Total spins = **40**

$$
\text{Experimental Probability} = \frac{18}{40} = 0.45 \text{ or } 45\%
$$

---

### ✅ 3. Compare the Two Probabilities

| Type of Probability | Value | Percentage |
|---------------------|-------|------------|
| Theoretical         | 0.25  | 25%        |
| Experimental        | 0.45  | 45%        |

👉 So, the experimental probability (**45%**) is **much higher** than the theoretical probability (**25%**).

---

### ✅ 4. Interpret the Results

This difference could be due to:

- Random chance (especially with only 40 spins)
- Or maybe the spinner is **not fair** — perhaps it's slightly biased toward red

However, in small sample sizes like 40 spins, results can vary a lot from the expected outcome.

---

## 🧠 Summary

- **Theoretical Probability**: Based on math — 0.25 (25%)
- **Experimental Probability**: Based on actual results — 0.45 (45%)
- The experimental result is **higher** than the theoretical one.
- This might suggest bias, or just normal variation in small samples.

If you did **more spins**, say 100 or 1000, you'd likely see the experimental probability get closer to the theoretical value of 0.25 (this is called the **Law of Large Numbers**).

---

Let me know if you want help visualizing this with a chart or table!"
"Data frequencies and probabilities","Understanding probabilities","E","You roll a die 60 times and get a 3 on 7 occasions. What is the experimental probability of rolling a 3?","To solve this task, you need to calculate the **experimental probability** of rolling a 3 based on your results.

### Step-by-step Explanation:

#### What is experimental probability?
Experimental probability is based on actual experiments or trials. It is calculated by dividing the number of times the event occurred by the total number of trials.

---

### Given:
- Total number of trials (die rolls): **60**
- Number of times a 3 was rolled: **7**

---

### Formula:
$$
\text{Experimental Probability} = \frac{\text{Number of times the event occurred}}{\text{Total number of trials}}
$$

---

### Apply the values:
$$
\text{Experimental Probability of rolling a 3} = \frac{7}{60}
$$

If you want to express this as a decimal or percentage:

- Decimal:  
  $$
  \frac{7}{60} \approx 0.1167
  $$

- Percentage:  
  $$
  0.1167 \times 100 \approx 11.67\%
  $$

---

### Final Answer:
The **experimental probability** of rolling a 3 is:
- As a fraction: **7/60**
- As a decimal: **≈ 0.1167**
- As a percentage: **≈ 11.67%**

Let me know if you'd like to compare this with the theoretical probability!"
"Data frequencies and probabilities","Understanding probabilities","F","A coin is flipped twice. What is the probability of getting exactly one head?","To solve the problem **""A coin is flipped twice. What is the probability of getting exactly one head?""**, let's go through it step by step.

---

### 🔢 Step 1: List All Possible Outcomes

When a coin is flipped twice, each flip can result in either **Heads (H)** or **Tails (T)**. So, the total possible outcomes are:

| First Flip | Second Flip | Outcome |
|------------|--------------|---------|
| H          | H            | HH      |
| H          | T            | HT      |
| T          | H            | TH      |
| T          | T            | TT      |

So the **sample space** is:
```
{HH, HT, TH, TT}
```

There are **4 total possible outcomes**.

---

### ✅ Step 2: Identify Favorable Outcomes

We want the probability of getting **exactly one head**.

Which outcomes have exactly one head?

- HT → one head
- TH → one head

So there are **2 favorable outcomes**: `{HT, TH}`

---

### 🧮 Step 3: Calculate the Probability

$$
\text{Probability} = \frac{\text{Number of favorable outcomes}}{\text{Total number of outcomes}}
$$

$$
\text{Probability} = \frac{2}{4} = \frac{1}{2}
$$

---

### ✅ Final Answer:

> The probability of getting exactly one head when flipping a coin twice is **½** or **50%**.

Let me know if you'd like to explore this with formulas or tree diagrams too!"
"Data frequencies and probabilities","Understanding probabilities","F","Two dice are rolled. What is the probability of getting a sum of 9?","To solve the problem **""Two dice are rolled. What is the probability of getting a sum of 9?""**, let's break it down step by step.

---

### 🔢 Step 1: Understand the Sample Space

When two standard 6-sided dice are rolled:

- Each die has numbers from **1 to 6**
- The total number of possible outcomes (sample space) is:
  
  $$
  6 \times 6 = 36
  $$

Each outcome can be represented as an ordered pair like (1,1), (1,2), ..., (6,6).

---

### 🎯 Step 2: Find Favorable Outcomes

We want the **sum of the two dice to equal 9**.

Let’s list all the pairs where the sum is 9:

- (3, 6)
- (4, 5)
- (5, 4)
- (6, 3)

So there are **4 favorable outcomes**.

---

### 📊 Step 3: Compute the Probability

The probability of an event is:

$$
\text{Probability} = \frac{\text{Number of favorable outcomes}}{\text{Total number of outcomes}}
$$

$$
P(\text{Sum of 9}) = \frac{4}{36} = \frac{1}{9}
$$

---

### ✅ Final Answer:

$$
\boxed{\frac{1}{9}}
$$

So, the probability of rolling a sum of 9 with two dice is **1/9**, or approximately **11.11%**."
"Data frequencies and probabilities","Understanding probabilities","F","If P(A) = 0.6 and P(B) = 0.3, and A and B are independent, what is P(A and B)?","To solve this problem, let's break it down step by step.

---

### **Given:**
- $ P(A) = 0.6 $
- $ P(B) = 0.3 $
- **A and B are independent**

---

### **Goal:**
Find $ P(A \text{ and } B) $, which is the probability that **both** events A and B occur.

---

### **Key Rule for Independent Events:**

If two events A and B are **independent**, then:

$$
P(A \text{ and } B) = P(A) \times P(B)
$$

---

### **Apply the Formula:**

$$
P(A \text{ and } B) = 0.6 \times 0.3 = 0.18
$$

---

### ✅ **Final Answer:**
$$
\boxed{0.18}
$$

Let me know if you'd like to explore what happens when events are not independent!"
"Data frequencies and probabilities","Understanding probabilities","F","A game advertises a 1 in 500 chance of winning. What is this probability as a decimal?","To convert the probability of **""1 in 500""** into a **decimal**, follow these steps:

---

### Step 1: Understand what ""1 in 500"" means  
This means there is **1 favorable outcome** (winning) out of **500 total possible outcomes**.

---

### Step 2: Write it as a fraction  
This can be written as:

$$
\frac{1}{500}
$$

---

### Step 3: Convert the fraction to a decimal  
Now divide 1 by 500:

$$
1 ÷ 500 = 0.002
$$

---

### ✅ Final Answer:
**0.002**

So, a **1 in 500 chance** is equivalent to **0.002** as a decimal.

Let me know if you want this as a percentage too!"
"Data frequencies and probabilities","Understanding probabilities","F","A card is drawn from a standard deck. What is the probability it’s a face card or a heart?","To solve the problem: **""What is the probability that a card drawn from a standard deck is a face card or a heart?""**, you’ll use basic principles of **probability**, specifically the **addition rule**.

---

### 🔢 Step 1: Understand the deck

A **standard deck** has:

- **52 cards total**
- Divided into **4 suits**: Hearts, Diamonds, Clubs, Spades
- Each suit has **13 cards**: A, 2, 3, ..., 10, J, Q, K
- There are **face cards**: Jack (J), Queen (Q), King (K) — so **3 face cards per suit**
- Total number of **face cards in the deck** = 3 × 4 = **12**

---

### 🎯 Step 2: Define what we're looking for

We want the probability that the card is:

> **a face card OR a heart**

This means we’re interested in:

- All **face cards** (12 total)
- All **hearts** (13 total)

But note: some cards are **both** face cards **and** hearts. We need to avoid **double-counting** them.

There are:
- **3 face cards in hearts**: J♥, Q♥, K♥

---

### ✅ Step 3: Use the Addition Rule

The formula for the union of two events:

$$
P(A \cup B) = P(A) + P(B) - P(A \cap B)
$$

Let:
- $ A $: event that the card is a **face card**
- $ B $: event that the card is a **heart**

So:

- $ P(A) = \frac{12}{52} $
- $ P(B) = \frac{13}{52} $
- $ P(A \cap B) = \frac{3}{52} $ (face cards that are hearts)

Now plug in:

$$
P(\text{Face or Heart}) = \frac{12}{52} + \frac{13}{52} - \frac{3}{52} = \frac{22}{52}
$$

Simplify:

$$
\frac{22}{52} = \frac{11}{26}
$$

---

### ✅ Final Answer:

$$
\boxed{\frac{11}{26}} \quad \text{or approximately } \boxed{0.423} \text{ (about 42.3%)}
$$

Let me know if you'd like help visualizing this with a Venn diagram or further explanation!"
"Data frequencies and probabilities","Understanding probabilities","F","A bag has 10 blue, 5 red, and 5 green balls. What is the chance of not drawing a blue?","To find the **chance of not drawing a blue ball**, let’s go step-by-step:

---

### 🔢 Step 1: Find the total number of balls in the bag.

You are told:
- **10 blue balls**
- **5 red balls**
- **5 green balls**

So, total number of balls =  
10 (blue) + 5 (red) + 5 (green) = **20 balls**

---

### 🎯 Step 2: Determine how many balls are **not blue**.

Balls that are not blue = red + green =  
5 + 5 = **10 balls**

---

### 📊 Step 3: Calculate the probability.

The **probability of an event** is:

$$
\text{Probability} = \frac{\text{Number of favorable outcomes}}{\text{Total number of possible outcomes}}
$$

Here, the favorable outcomes = not blue balls = 10  
Total outcomes = total balls = 20

So,

$$
\text{P(not drawing a blue)} = \frac{10}{20} = \frac{1}{2}
$$

---

### ✅ Final Answer:

**The chance of not drawing a blue ball is ½ or 50%.**"
"Data frequencies and probabilities","Understanding probabilities","G","From a group of 20 students, 12 take math, 7 take science, 5 take both; find P(math ∪ science)","!!!!"
"Data frequencies and probabilities","Understanding probabilities","G","Use the addition rule: P(A) = 0.4, P(B) = 0.3, P(A ∩ B) = 0.1; find P(A ∪ B)","To solve this task, you'll use the **Addition Rule of Probability**, which helps you find the probability of **either event A or event B occurring**, denoted as:

$$
P(A \cup B)
$$

### 🔢 Addition Rule Formula:
$$
P(A \cup B) = P(A) + P(B) - P(A \cap B)
$$

This formula accounts for the overlap between events A and B (i.e., both happening at the same time), so we subtract it to avoid double-counting.

---

### 📌 Given:
- $ P(A) = 0.4 $
- $ P(B) = 0.3 $
- $ P(A \cap B) = 0.1 $

---

### ✅ Step-by-step Calculation:

$$
P(A \cup B) = P(A) + P(B) - P(A \cap B)
$$
$$
P(A \cup B) = 0.4 + 0.3 - 0.1
$$
$$
P(A \cup B) = 0.6
$$

---

### ✅ Final Answer:
$$
\boxed{P(A \cup B) = 0.6}
$$

Let me know if you want a visual explanation using a Venn diagram!"
"Data frequencies and probabilities","Understanding probabilities","G","A box contains 4 green, 3 red, and 2 yellow marbles; two are drawn without replacement. Find P(green then red)","To solve this probability problem, let's break it down step by step.

---

### **Problem:**
A box contains:
- 4 green marbles  
- 3 red marbles  
- 2 yellow marbles  

Two marbles are drawn **without replacement**.  
You're asked to find:  
> **P(green then red)** – the probability that the **first marble is green** and the **second marble is red**

---

### **Step 1: Total number of marbles**

Total = 4 (green) + 3 (red) + 2 (yellow) = **9 marbles**

---

### **Step 2: Probability of drawing a green marble first**

There are 4 green marbles out of 9 total marbles:

$$
P(\text{Green first}) = \frac{4}{9}
$$

---

### **Step 3: Probability of drawing a red marble second (given green was drawn first)**

After removing one green marble, there are now **8 marbles left**, and still **3 red marbles** remaining.

So:

$$
P(\text{Red second} \mid \text{Green first}) = \frac{3}{8}
$$

---

### **Step 4: Multiply probabilities**

Since these are dependent events (drawing without replacement), we multiply the probabilities:

$$
P(\text{Green then Red}) = P(\text{Green first}) \times P(\text{Red second} \mid \text{Green first})
= \frac{4}{9} \times \frac{3}{8} = \frac{12}{72} = \frac{1}{6}
$$

---

### ✅ Final Answer:
$$
\boxed{\frac{1}{6}}
$$

Let me know if you'd like help visualizing this with a tree diagram or tackling similar problems!"
"Data frequencies and probabilities","Understanding probabilities","G","In a survey, 35% like coffee, 45% tea, and 20% both; find the probability someone likes neither","To solve this task, we are given the percentages of people who like **coffee**, **tea**, and **both**. We're asked to find the **probability that someone likes neither coffee nor tea**.

---

### Step 1: Understand the given data

Let’s define:

- $ P(C) = 35\% $: Probability a person likes **coffee**
- $ P(T) = 45\% $: Probability a person likes **tea**
- $ P(C \cap T) = 20\% $: Probability a person likes **both coffee and tea**

We want to find:

- $ P(\text{neither coffee nor tea}) $

---

### Step 2: Use the formula for union of two events

The probability that a person likes **either coffee or tea (or both)** is:

$$
P(C \cup T) = P(C) + P(T) - P(C \cap T)
$$

Substitute the values:

$$
P(C \cup T) = 35\% + 45\% - 20\% = 60\%
$$

So, **60% of people like either coffee, tea, or both**.

---

### Step 3: Subtract from 100% to get ""neither""

If 60% like either coffee or tea (or both), then the percentage who like **neither** is:

$$
P(\text{neither}) = 100\% - P(C \cup T) = 100\% - 60\% = 40\%
$$

---

### ✅ Final Answer:

$$
\boxed{40\%}
$$

So, there's a **40% probability** that someone likes **neither coffee nor tea**."
"Data frequencies and probabilities","Understanding probabilities","H","A factory has 3 machines producing items with defect rates of 2%, 4%, and 5%; find the overall probability an item is defective if machines produce 40%, 35%, and 25% respectively","You're being asked to find the **overall probability that an item is defective**, given that it was produced by one of three machines with different defect rates and production shares.

This is a classic problem in **probability** involving **weighted averages** or **law of total probability**.

---

### Given:
There are 3 machines:

- **Machine A**: Defect rate = 2% (or 0.02), produces 40% (or 0.4) of items  
- **Machine B**: Defect rate = 4% (or 0.04), produces 35% (or 0.35) of items  
- **Machine C**: Defect rate = 5% (or 0.05), produces 25% (or 0.25) of items  

---

### Step-by-step Solution:

We want to calculate:

> **P(Defective)** = Probability that a randomly selected item is defective

Using the **Law of Total Probability**, we compute the weighted average of the defect rates:

$$
P(\text{Defective}) = P(\text{A}) \cdot P(\text{Defective}|\text{A}) + P(\text{B}) \cdot P(\text{Defective}|\text{B}) + P(\text{C}) \cdot P(\text{Defective}|\text{C})
$$

Substitute the values:

$$
P(\text{Defective}) = (0.4)(0.02) + (0.35)(0.04) + (0.25)(0.05)
$$

Now calculate each term:

- $ 0.4 \times 0.02 = 0.008 $
- $ 0.35 \times 0.04 = 0.014 $
- $ 0.25 \times 0.05 = 0.0125 $

Add them together:

$$
P(\text{Defective}) = 0.008 + 0.014 + 0.0125 = 0.0345
$$

---

### ✅ Final Answer:

$$
\boxed{0.0345} \quad \text{or} \quad \boxed{3.45\%}
$$

So, the overall probability that an item is defective is **3.45%**."
"Data frequencies and probabilities","Understanding probabilities","H","A batch has a 5% defect rate; find the probability that in a random sample of 4, none are defective","To solve this task, you're being asked to find the **probability that none of the 4 items selected from a batch are defective**, given that the **defect rate is 5%**.

---

### Step-by-step Explanation:

#### Given:
- Defect rate = 5% = 0.05
- So, probability that an item is **not defective** = 1 − 0.05 = **0.95**
- Sample size = 4 items
- We assume sampling with replacement or that the batch is large enough that removing one doesn't change the defect rate significantly (so each draw is independent).

We want the probability that **all 4 items are not defective**.

This is a case for the **binomial probability formula**, but since we're looking for the probability that **none are defective**, it simplifies to:

$$
P(\text{no defective in 4}) = (0.95)^4
$$

---

### Calculation:

$$
(0.95)^4 = 0.81450625
$$

---

### Final Answer:

The probability that **none of the 4 items are defective** is approximately:

$$
\boxed{0.8145} \quad \text{or} \quad \boxed{81.45\%}
$$

---

Let me know if you'd like to explore how this would change if the sample was taken **without replacement** (i.e., hypergeometric distribution), or if you wanted to find the probability of having **at least one defective**, etc."
"Data frequencies and probabilities","Understanding probabilities","H","Estimate the expected value of a lottery ticket costing $2 with a 1⁄1000 chance of winning $500","To estimate the **expected value (EV)** of a lottery ticket, you calculate the average outcome you’d expect if you played many times. Here's how to do it step-by-step:

---

### 🧮 **Step 1: Understand the possible outcomes**

There are two outcomes:

- **Winning**: You win $500 with probability $ \frac{1}{1000} $
- **Losing**: You win $0 with probability $ \frac{999}{1000} $

Also, the ticket costs **$2**, so we need to account for that cost in our expected value.

---

### 📊 **Step 2: Calculate the expected winnings**

Multiply each outcome by its probability:

$$
\text{Expected winnings} = \left(\frac{1}{1000} \times \$500\right) + \left(\frac{999}{1000} \times \$0\right)
= \frac{\$500}{1000} = \$0.50
$$

---

### 💸 **Step 3: Subtract the cost of the ticket**

Since the ticket costs $2, subtract that from the expected winnings:

$$
\text{Expected value} = \text{Expected winnings} - \text{Cost} = \$0.50 - \$2 = -\$1.50
$$

---

### ✅ **Final Answer:**
The **expected value** of the lottery ticket is **–$1.50**

This means, on average, you lose **$1.50** every time you buy a ticket.

---

### 📌 Summary:
| Outcome | Probability | Net Gain |
|--------|-------------|----------|
| Win    | 1/1000      | $500     |
| Lose   | 999/1000    | $0       |

$$
\text{EV} = \left(\frac{1}{1000} \times 500\right) + \left(\frac{999}{1000} \times 0\right) - 2 = -1.50
$$

Let me know if you want to explore variance or other stats!"
"Data frequencies and probabilities","Understanding probabilities","H","If the probability of a machine failing in a day is 0.01, what is the probability it lasts 100 days without failure?","To solve this task, we need to calculate the probability that the machine **does *not* fail** for **100 consecutive days**, given that the **probability of failing on any single day is 0.01**.

---

### Step-by-step:

- The probability of the machine **failing in a day** is:  
  $$
  P(\text{fail}) = 0.01
  $$

- Therefore, the probability of the machine **not failing in a day** is:  
  $$
  P(\text{not fail in 1 day}) = 1 - 0.01 = 0.99
  $$

- Assuming each day is independent (i.e., the chance of failure is the same every day and not affected by previous days), the probability that the machine does **not fail for 100 days** is:
  $$
  P(\text{not fail for 100 days}) = (0.99)^{100}
  $$

---

### Final Calculation:

$$
(0.99)^{100} \approx 0.366
$$

---

### ✅ Final Answer:

$$
\boxed{0.366} \quad \text{(or about 36.6%)}
$$

So, there's approximately a **36.6% chance** that the machine lasts 100 days without failing."
"Data frequencies and probabilities","Combinatorics","B","Color all the different ways to arrange red, blue, and yellow blocks","Sure! Let's break down the task **""Color all the different ways to arrange red, blue, and yellow blocks""** step by step so you understand exactly what it means and how to solve it.

---

### 🧩 Step 1: Understand the Task

The phrase is asking you to **find and show (or color)** all the different arrangements (permutations) of **three colored blocks**: red, blue, and yellow.

So we are looking at **how many unique orders** these three colors can appear in — for example:

- Red, Blue, Yellow
- Red, Yellow, Blue
- Blue, Red, Yellow
- etc.

This is a **permutation problem**, where order matters.

---

### 🔢 Step 2: Calculate How Many Arrangements There Are

You have 3 different colors: red (R), blue (B), and yellow (Y).

The number of ways to arrange **n distinct items** is given by:

$$
n! = n \times (n - 1) \times (n - 2) \times \dots \times 1
$$

Here, $ n = 3 $, so:

$$
3! = 3 \times 2 \times 1 = 6
$$

There are **6 different ways** to arrange the three blocks.

---

### 🎨 Step 3: List All the Possible Arrangements

Let’s list them out. We’ll use initials:

1. R, B, Y  
2. R, Y, B  
3. B, R, Y  
4. B, Y, R  
5. Y, R, B  
6. Y, B, R  

These are all the permutations of the set {Red, Blue, Yellow}.

---

### ✅ Step 4: ""Color"" the Arrangements

Now, to **""color"" all the different ways**, you could do this in several formats depending on what your assignment asks for:

#### Option A: Draw Them
- Draw a row of three squares or blocks for each arrangement.
- Color each block according to one of the permutations above.
- You'll end up with **6 rows**, each showing a different arrangement.

#### Option B: Use Letters or Labels
- If coloring isn't possible, label each arrangement using letters:
  - RBY
  - RYB
  - BRY
  - BYR
  - YRB
  - YBR

#### Option C: Digital Coloring (e.g., in a spreadsheet or drawing tool)
- Use cells or shapes in a digital format and apply fill colors to represent each block.

---

### 🧠 Summary

To solve the task:

1. Understand that you're being asked to find **all unique orderings** of three colored blocks.
2. Recognize that this is a **permutation problem**.
3. Calculate that there are **6 total arrangements**.
4. List and draw/color each arrangement clearly.

---

Would you like me to generate a printable version of the 6 arrangements or help you visualize them?"
"Data frequencies and probabilities","Combinatorics","B","Draw all the ways to color a flag with 2 stripes using red and blue","Sure! Let's break down the task **step by step** so you can understand how to approach it.

---

### 🎯 **Task:**
> Draw all the ways to color a flag with 2 stripes using red and blue.

---

### 🔍 Step 1: Understand the structure of the flag
- The flag has **2 horizontal stripes**.
- Each stripe can be colored **independently** — meaning the top stripe can be one color, and the bottom stripe another.

---

### 🎨 Step 2: Define the available colors
- You are allowed to use only **two colors**: **red** and **blue**.

---

### ✅ Step 3: Determine all combinations
Each stripe has 2 options (red or blue), so:

$$
\text{Total combinations} = 2 \times 2 = 4
$$

Let’s list them:

| Top Stripe | Bottom Stripe |
|------------|----------------|
| Red        | Red            |
| Red        | Blue           |
| Blue       | Red            |
| Blue       | Blue           |

These are all the possible unique colorings for the flag.

---

### 🖍️ Step 4: How to draw them
Now, to complete the task visually:

1. **Draw 4 separate flags**, each with 2 horizontal stripes.
2. For each flag:
   - Color the **top stripe** and **bottom stripe** according to one of the combinations above.
3. Make sure the colors are clearly labeled or distinguishable.

Here’s how they’ll look in words:

1. 🟥🟥 – Both stripes are red  
2. 🟥🔵 – Top is red, bottom is blue  
3. 🔵🟥 – Top is blue, bottom is red  
4. 🔵🔵 – Both stripes are blue

You can draw simple rectangles divided into two equal parts vertically (usually flags are horizontal), and color each part accordingly.

---

### 🧠 Bonus Tip:
This is a basic example of **combinatorics** — calculating all possible outcomes when multiple choices exist for different parts of an object.

---

Would you like me to generate a visual representation using text art or help you label them?"
"Data frequencies and probabilities","Combinatorics","B","How many ways can you arrange 3 blocks: A, B, C?","!!!!"
"Data frequencies and probabilities","Combinatorics","C","How many outfits can you make with 2 shirts and 3 pants?","Sure! Let's break down the problem **""How many outfits can you make with 2 shirts and 3 pants?""**

---

### 🔍 Understanding the Problem

An **outfit** in this case consists of:
- **1 shirt**
- **1 pair of pants**

You have:
- **2 different shirts**
- **3 different pairs of pants**

---

### 🧠 How to Solve It

For each shirt, you can **pair it with any of the 3 pants**.

So:
- Shirt 1 → Pants 1, Pants 2, Pants 3 → 3 outfits
- Shirt 2 → Pants 1, Pants 2, Pants 3 → 3 outfits

Now, add them together:
- 3 (from Shirt 1) + 3 (from Shirt 2) = **6 total outfits**

---

### ✅ General Rule: The Multiplication Principle

When choosing one item from each group, you **multiply** the number of choices in each group.

$$
\text{Number of outfits} = \text{Number of shirts} \times \text{Number of pants}
$$

$$
= 2 \times 3 = 6
$$

---

### 🎉 Final Answer:

**You can make 6 different outfits.**

Let me know if you want to include shoes, hats, or anything else!"
"Data frequencies and probabilities","Combinatorics","C","How many different ways can you line up 2 students from a group of 4?","To solve the task **""How many different ways can you line up 2 students from a group of 4?""**, we need to determine how many **ordered arrangements** (also called **permutations**) of 2 students we can make from a group of 4.

---

### Step-by-step Explanation:

This is a **permutation problem**, because the order matters when lining people up. For example, lining up Student A first and then Student B is different from lining up Student B first and then Student A.

We are choosing **2 students out of 4**, and arranging them in order.

---

### Formula for Permutations:

The formula for permutations of $ n $ items taken $ r $ at a time is:

$$
P(n, r) = \frac{n!}{(n - r)!}
$$

Where:
- $ n! $ means ""n factorial"", which is the product of all positive integers up to $ n $
- $ n $ is the total number of items (here, 4 students)
- $ r $ is the number of items to choose and arrange (here, 2 students)

---

### Apply the values:

Here, $ n = 4 $, $ r = 2 $

$$
P(4, 2) = \frac{4!}{(4 - 2)!} = \frac{4!}{2!}
$$

Now calculate:

- $ 4! = 4 \times 3 \times 2 \times 1 = 24 $
- $ 2! = 2 \times 1 = 2 $

$$
P(4, 2) = \frac{24}{2} = 12
$$

---

### Final Answer:

There are **12 different ways** to line up 2 students from a group of 4.

---

### Optional: List of All Possible Arrangements (for clarity):

Let’s name the students: A, B, C, D.

All ordered pairs of 2 students:

- A, B
- A, C
- A, D
- B, A
- B, C
- B, D
- C, A
- C, B
- C, D
- D, A
- D, B
- D, C

That's 12 unique ordered arrangements — confirming our calculation. ✅"
"Data frequencies and probabilities","Combinatorics","C","Use the counting principle: 5 t-shirts, 2 pants, and 3 shoes — how many outfits?","To solve this task using the **counting principle**, you want to determine how many **different outfits** can be made by choosing **one t-shirt, one pants, and one shoes**.

---

### 🧠 **Counting Principle Overview:**
The counting principle says that if there are:

- **A** ways to do something,
- **B** ways to do another thing,
- **C** ways to do a third thing,

Then there are **A × B × C** total ways to do all of them together.

---

### 🔢 Apply it to your problem:

You have:
- **5 t-shirts**
- **2 pants**
- **3 shoes**

So, the total number of possible outfits is:

$$
5 \text{ (t-shirts)} \times 2 \text{ (pants)} \times 3 \text{ (shoes)} = 30 \text{ outfits}
$$

---

### ✅ Final Answer:
**There are 30 different outfits possible.**

Let me know if you'd like to explore variations (like wearing multiple shirts, etc.)!"
"Data frequencies and probabilities","Combinatorics","C","Draw a tree diagram of all the possible outcomes of flipping a coin and rolling a number cube.","Sure! Let's walk through how to **solve the task: ""Draw a tree diagram of all the possible outcomes of flipping a coin and rolling a number cube.""**

---

### 🔍 Step 1: Understand the Task

You are asked to visualize **all the possible outcomes** from two events:

- Flipping a **coin**
- Rolling a **number cube (also known as a die)**

This is a **compound probability** problem involving two independent events.

---

### 🧠 Step 2: Identify Possible Outcomes for Each Event

- **Coin flip**: Heads (H), Tails (T) → **2 outcomes**
- **Number cube roll**: Numbers 1 through 6 → **6 outcomes**

So, in total, there are:
> 2 (coin outcomes) × 6 (die outcomes) = **12 total possible outcomes**

---

### 🌳 Step 3: Draw the Tree Diagram

A **tree diagram** shows each outcome step-by-step. Here’s how you can draw it:

#### Level 1 – First Event: Coin Flip
Start with a dot or root point, then draw **two branches** representing the two possible outcomes:

- One branch labeled **Heads (H)**
- One branch labeled **Tails (T)**

#### Level 2 – Second Event: Number Cube Roll
From **each** of the first-level branches (H and T), draw **six more branches**, one for each number on the die (1 through 6).

Each of these second-level branches represents a full outcome like:

- H1 (Heads and rolling a 1)
- H2 (Heads and rolling a 2)
- ...
- T6 (Tails and rolling a 6)

---

### ✏️ Example of What the Tree Diagram Looks Like (Text Version):

```
                   Start
                    |
       -------------------------
       |                       |
      H                       T
   /  /  /  /  /  /     /  /  /  /  /  /
  1 2 3 4 5 6           1 2 3 4 5 6
```

Each path from the start to the end of a branch gives you one unique outcome.

Full list of outcomes:

- H1, H2, H3, H4, H5, H6
- T1, T2, T3, T4, T5, T6

That’s 12 outcomes total.

---

### 📝 Tips for Drawing It on Paper

1. Use different colors or spacing to keep branches clear.
2. Label each branch clearly.
3. You can write the final outcomes at the ends of the branches.
4. If drawing by hand, go left to right or top to bottom.

---

### 🧩 Why Do We Do This?

Tree diagrams help you **visualize** and **organize** all possible outcomes in probability problems. They’re especially helpful when calculating probabilities like:

- What’s the chance of getting Tails and an even number?
- How likely is it to get Heads and a number greater than 4?

---

Let me know if you want a visual version or help with calculating probabilities using this tree!"
"Data frequencies and probabilities","Combinatorics","D","You flip a coin twice — list all possible outcomes.","Sure! Let's walk through how to solve the task: **""You flip a coin twice — list all possible outcomes.""**

---

### Step 1: Understand the Task

You're asked to find **all the possible results** when flipping a coin **two times**. Each flip has its own outcome, and together they form a **sequence** or an **outcome pair**.

---

### Step 2: Know the Outcomes for One Flip

A standard coin has **two sides**:  
- Heads (**H**)  
- Tails (**T**)

So, for **one flip**, there are two possible outcomes:  
→ `H` or `T`

---

### Step 3: Consider Two Flips

Since you're flipping the coin **twice**, each flip can independently result in H or T.

This means:
- First flip: H or T
- Second flip: H or T

To find all combinations, you pair every result of the first flip with every result of the second flip.

---

### Step 4: List All Combinations

You can think of this like a tree or a table:

#### Option 1: Tree Diagram (conceptual)
1. First Flip = H  
 → Second Flip = H → Outcome: HH  
 → Second Flip = T → Outcome: HT  

2. First Flip = T  
 → Second Flip = H → Outcome: TH  
 → Second Flip = T → Outcome: TT  

#### Option 2: Just list them directly:
All possible outcomes are:
- HH
- HT
- TH
- TT

---

### ✅ Final Answer:

The list of all possible outcomes when flipping a coin twice is:

```
{ HH, HT, TH, TT }
```

Each represents a unique combination of results from the two flips.

Let me know if you want to explore probabilities or more flips!"
"Data frequencies and probabilities","Combinatorics","D","A password has 2 letters followed by 1 digit — how many different passwords are possible using A, B, C and digits 1, 2?","You're asked to find how many **different passwords** are possible where each password has:

- **2 letters**, chosen from **A, B, C**
- **1 digit**, chosen from **1 or 2**

And the format is: **Letter Letter Digit** (e.g., AB1, BC2, etc.)

---

### Step-by-step Breakdown:

#### 1. **Letters (first two characters):**
You have **3 choices** for each letter: A, B, or C.

Since there are **2 positions** for letters:
- First letter: 3 choices
- Second letter: 3 choices

So total combinations for the letters part:
$$
3 \times 3 = 9
$$

Examples: AA, AB, AC, BA, BB, BC, CA, CB, CC

---

#### 2. **Digits (last character):**
You can use either **1 or 2**, so:
$$
2 \text{ choices}
$$

---

#### 3. **Total Passwords:**
Now combine both parts:
- For **each** of the 9 letter combinations, you can attach **2** different digits.

$$
9 \times 2 = 18
$$

---

### ✅ Final Answer:
$$
\boxed{18} \text{ different passwords are possible.}
$$

Let me know if you want to list them all out!"
"Data frequencies and probabilities","Combinatorics","D","How many different meals can you make with 2 starters, 3 mains, and 2 desserts?","To solve this task — **how many different meals can you make with 2 starters, 3 mains, and 2 desserts** — you're looking to find the total number of **combinations** of one starter, one main, and one dessert.

---

### Step-by-step explanation:

You have:

- **2 choices for starters**
- **3 choices for mains**
- **2 choices for desserts**

A meal consists of **1 starter + 1 main + 1 dessert**.

To find the **total number of different meals**, you simply multiply the number of options in each category together:

$$
\text{Total meals} = (\text{starters}) \times (\text{mains}) \times (\text{desserts})
$$

$$
\text{Total meals} = 2 \times 3 \times 2 = 12
$$

---

### Final Answer:
✅ **You can make 12 different meals.**

Let me know if you'd like a list of all possible combinations!"
"Data frequencies and probabilities","Combinatorics","D","How many ways can 4 students sit in a row of 4 chairs?","!!!!"
"Data frequencies and probabilities","Combinatorics","E","How many ways can you choose 2 students from a group of 6? Use combination notation","!!!!"
"Data frequencies and probabilities","Combinatorics","E","In how many ways can 4 friends be seated in a row of 4 chairs? Use permutation notation","To solve the task **""In how many ways can 4 friends be seated in a row of 4 chairs?""**, we use **permutations**, because **the order in which the friends are seated matters**.

---

### Step-by-step Explanation:

You have:
- **4 friends**
- **4 chairs in a row**

You want to find out **how many different arrangements (or orders)** these 4 friends can be seated in those 4 chairs.

This is a classic **permutation problem** where you're arranging all $ n $ distinct items — in this case, 4 friends.

---

### Permutation Notation:

The number of permutations of $ n $ distinct objects taken $ r $ at a time is given by:

$$
P(n, r) = \frac{n!}{(n - r)!}
$$

When you're arranging **all** $ n $ objects (i.e., $ r = n $), the formula becomes:

$$
P(n, n) = \frac{n!}{(n - n)!} = \frac{n!}{0!} = n!
$$

So for your problem:

$$
P(4, 4) = 4! = 4 \times 3 \times 2 \times 1 = 24
$$

---

### Final Answer:

There are **24 ways** to seat 4 friends in a row of 4 chairs.

Using permutation notation:  
$$
P(4, 4) = 4! = 24
$$

Let me know if you'd like to see an example with names or a breakdown of each arrangement!"
"Data frequencies and probabilities","Combinatorics","E","A hand of 5 cards is drawn from a deck. How many different hands are possible? Use combination notation","To solve the task: **""A hand of 5 cards is drawn from a deck. How many different hands are possible?""**, you want to find how many **unique combinations** of 5 cards can be made from a standard 52-card deck.

Since the **order** in which the cards are drawn doesn't matter (e.g., getting the Ace of Spades then King of Hearts is the same hand as getting the King of Hearts then Ace of Spades), this is a **combinations** problem.

---

### Step-by-step:

Use the **combination formula**, written as:

$$
\binom{n}{r} = \frac{n!}{r!(n - r)!}
$$

Where:
- $ n $ = total number of items (here, 52 cards)
- $ r $ = number of items to choose (here, 5 cards)

So, plug in $ n = 52 $ and $ r = 5 $:

$$
\binom{52}{5} = \frac{52!}{5!(52 - 5)!} = \frac{52!}{5! \cdot 47!}
$$

You don’t need to compute all factorials — most will cancel out. You only need to compute:

$$
\binom{52}{5} = \frac{52 \times 51 \times 50 \times 49 \times 48}{5 \times 4 \times 3 \times 2 \times 1} = \frac{311,875,200}{120} = 2,598,960
$$

---

### ✅ Final Answer:

$$
\boxed{\binom{52}{5}} \quad \text{or} \quad \boxed{2,\!598,\!960}
$$

There are **2,598,960** different possible 5-card hands."
"Data frequencies and probabilities","Combinatorics","E","Use the Fundamental Counting Principle to find the number of ways to build an outfit with 2 shirts, 3 pants, and 2 hats","To solve this task using the **Fundamental Counting Principle**, let’s break it down step by step.

---

### 🔢 **What is the Fundamental Counting Principle?**

The **Fundamental Counting Principle** says:

> If there are **m** ways to do one thing, and **n** ways to do another, then there are **m × n** ways to do both.

You can extend this to more than two choices — just multiply all the options together.

---

### 🧩 **Your Task:**
You want to build an outfit with:
- **2 shirts**
- **3 pants**
- **2 hats**

Each item (shirt, pants, hat) is chosen independently.

---

### ✅ **Step-by-step Solution:**

1. You have **2 choices for shirts**.
2. You have **3 choices for pants**.
3. You have **2 choices for hats**.

Using the Fundamental Counting Principle:

$$
\text{Total number of outfits} = 2 \times 3 \times 2 = 12
$$

---

### 🎉 **Final Answer:**
There are **12 different ways** to build an outfit with 2 shirts, 3 pants, and 2 hats.

Let me know if you'd like to see a visual breakdown or list of all combinations!"
"Data frequencies and probabilities","Combinatorics","F","In how many ways can 1st, 2nd, and 3rd prize be awarded among 10 contestants?","To solve the problem:

> **""In how many ways can 1st, 2nd, and 3rd prize be awarded among 10 contestants?""**

We are assigning **distinct prizes** (1st, 2nd, and 3rd), so the **order matters**. That makes this a **permutation** problem.

---

### Step-by-step:

You have **10 contestants**, and you want to choose and order **3 of them** for the prizes.

1. **Choose the 1st place**:  
   You have **10 choices** (any of the 10 contestants).

2. **Choose the 2nd place**:  
   After awarding 1st place, there are **9 contestants left**, so **9 choices**.

3. **Choose the 3rd place**:  
   After awarding 1st and 2nd, there are **8 contestants left**, so **8 choices**.

---

### Multiply the number of choices:

$$
10 \times 9 \times 8 = 720
$$

---

### Final Answer:
**There are 720 different ways** to award 1st, 2nd, and 3rd prizes among 10 contestants.

---

### Bonus: Formula

This is an example of permutations of $ n $ objects taken $ r $ at a time:

$$
P(n, r) = \frac{n!}{(n - r)!}
$$

Here, $ n = 10 $, $ r = 3 $:

$$
P(10, 3) = \frac{10!}{(10-3)!} = \frac{10!}{7!} = 10 \times 9 \times 8 = 720
$$

✅ Same result!"
"Data frequencies and probabilities","Combinatorics","F","Use Pascal’s Triangle to find the number of ways to choose 3 items from 6","To solve the task **""Use Pascal’s Triangle to find the number of ways to choose 3 items from 6""**, let's break it down step by step.

---

### 🔹 Step 1: Understand the Problem

You're being asked to find the number of **combinations** of 6 items taken 3 at a time, which is written mathematically as:

$$
\binom{6}{3}
$$

This represents the number of ways to choose 3 items from a set of 6 without regard to order.

---

### 🔹 Step 2: Understand Pascal’s Triangle

Pascal’s Triangle is a triangular array where each number is the sum of the two numbers directly above it. The rows are numbered starting from Row 0 at the top:

```
Row 0:                1
Row 1:              1   1
Row 2:            1   2   1
Row 3:          1   3   3   1
Row 4:        1   4   6   4   1
Row 5:      1   5  10  10   5   1
Row 6:    1   6  15  20  15   6   1
```

Each row corresponds to the coefficients of the binomial expansion $(a + b)^n$, and also gives the values of combinations:

- In **Row n**, the entries are: $\binom{n}{0}, \binom{n}{1}, ..., \binom{n}{n}$

So, to find $\binom{6}{3}$, we look at **Row 6**, and the **4th entry** (since indexing starts at 0).

---

### 🔹 Step 3: Find the Value in Pascal’s Triangle

From above:

**Row 6:**  
`1   6   15   20   15   6   1`

Now count the positions:
- $\binom{6}{0} = 1$
- $\binom{6}{1} = 6$
- $\binom{6}{2} = 15$
- $\binom{6}{3} = \mathbf{20}$ ← this is what you want!

---

### ✅ Final Answer:

$$
\binom{6}{3} = 20
$$

So, there are **20 ways** to choose 3 items from 6.

Let me know if you'd like to see how to build Pascal’s Triangle yourself!"
"Data frequencies and probabilities","Combinatorics","F","A club has 10 members. How many ways can you select a president, vice president, and secretary if the president must be older than the vice president?","We are given a club with **10 members**, and we need to select **3 distinct officers**:  
- **President**  
- **Vice President**  
- **Secretary**

There are two key constraints:
1. The **roles are distinct**, so the same person cannot hold more than one position.
2. The **president must be older than the vice president**.

Let’s break this down step by step.

---

### Step 1: Ignore the age constraint for now

First, let's calculate how many ways we can assign the 3 roles without considering the age condition:

- Choose 3 people out of 10 to fill the 3 positions → this is a permutation problem since order matters (who gets which role).
- Number of ways to choose and assign roles to 3 people from 10 is:
  $$
  P(10, 3) = 10 \times 9 \times 8 = 720
  $$

So there are **720 ways** to assign president, vice president, and secretary if we ignore the age constraint.

---

### Step 2: Apply the age constraint

Now, apply the condition that the **president must be older than the vice president**.

Important observation:
- For any pair of people selected to be president and vice president, **only one of the two possible assignments satisfies ""president older than vice president""**.

For example:
- Suppose we have two people, Alice and Bob.
- There are two possible assignments:
  - Alice is president, Bob is vice president → valid if Alice > Bob in age
  - Bob is president, Alice is vice president → valid if Bob > Alice

Since only one of these two orderings satisfies the condition (assuming ages are distinct), **exactly half** of all possible president-vice president assignments will satisfy the ""president older than vice president"" rule.

Note: We assume all 10 members have distinct ages — otherwise, the condition would not be well-defined.

---

### Step 3: Count valid assignments with the age constraint

From earlier, we found there are 720 total ways to assign the 3 roles without any age restriction.

In exactly **half** of those, the president will be older than the vice president.

So the final answer is:
$$
\frac{720}{2} = 360
$$

---

### ✅ Final Answer:
$$
\boxed{360}
$$

There are **360 ways** to choose a president, vice president, and secretary such that the president is older than the vice president."
"Data frequencies and probabilities","Combinatorics","F","Use Pascal’s Triangle to list the coefficients of (a + b)⁴","Sure! Let's break down how to use **Pascal’s Triangle** to find the coefficients of the binomial expansion:

$$
(a + b)^4
$$

---

### 🔺 Step 1: Understand Pascal’s Triangle

Pascal’s Triangle is a triangular array of numbers where each number is the sum of the two numbers directly above it. It starts like this:

```
Row 0:                1
Row 1:              1   1
Row 2:            1   2   1
Row 3:          1   3   3   1
Row 4:        1   4   6   4   1
Row 5:      1   5  10  10   5   1
...
```

Each row corresponds to the exponent in the binomial expansion.

So, for $(a + b)^4$, we look at **Row 4**:

$$
\text{Row 4: } \mathbf{1\quad4\quad6\quad4\quad1}
$$

These are the **binomial coefficients**.

---

### 📌 Step 2: Apply the Coefficients to the Expansion

The general binomial expansion formula is:

$$
(a + b)^n = \sum_{k=0}^{n} \binom{n}{k} a^{n-k} b^k
$$

For $n = 4$, using the coefficients from Row 4 (1, 4, 6, 4, 1), the expansion becomes:

$$
(a + b)^4 = 1a^4b^0 + 4a^3b^1 + 6a^2b^2 + 4a^1b^3 + 1a^0b^4
$$

Simplify the powers of $a$ and $b$:

$$
(a + b)^4 = a^4 + 4a^3b + 6a^2b^2 + 4ab^3 + b^4
$$

---

### ✅ Final Answer:

The **coefficients** of $(a + b)^4$ are:

$$
\boxed{1,\ 4,\ 6,\ 4,\ 1}
$$

Let me know if you want to explore how this connects with combinations or factorials!"
"Data frequencies and probabilities","Combinatorics","G","A binary code uses 6 digits; how many codes have exactly two 1s?","You're given that a **binary code uses 6 digits**, and you're asked to find out **how many such codes have exactly two 1s**.

---

### Step-by-step Explanation:

A **binary code of 6 digits** means each code is a sequence of 6 bits (each bit is either `0` or `1`).  
We want to count how many **different 6-digit binary numbers** have **exactly two 1s** (and therefore four 0s).

This is a **combinatorics** problem: we're choosing positions for the 1s among the 6 total positions.

---

### Key Idea:
We are choosing **2 positions out of 6** to place the 1s. The rest will be 0s.

The number of ways to choose 2 positions from 6 is given by the **binomial coefficient**:

$$
\binom{6}{2}
$$

Which is read as ""6 choose 2"".

---

### Calculating the Binomial Coefficient:

$$
\binom{6}{2} = \frac{6!}{2!(6-2)!} = \frac{6 \times 5}{2 \times 1} = 15
$$

---

### ✅ Final Answer:

$$
\boxed{15}
$$

So, there are **15 binary codes of length 6** that contain **exactly two 1s**."
"Data frequencies and probabilities","Combinatorics","G","Use the inclusion-exclusion principle: In a class of 30, 18 play football, 15 play basketball, and 10 play both. How many play neither?","Sure! Let's break down the problem and solve it **step by step** using the **Inclusion-Exclusion Principle**.

---

### 🎯 Problem:
In a class of **30 students**:
- **18 play football**
- **15 play basketball**
- **10 play both football and basketball**

**Question:** How many students play **neither** football nor basketball?

---

### ✅ Step 1: Understand the Inclusion-Exclusion Principle

We want to find how many students play **either football or basketball (or both)**. 

The formula for two sets is:

$$
|A \cup B| = |A| + |B| - |A \cap B|
$$

Where:
- $ |A| = 18 $ → number who play football  
- $ |B| = 15 $ → number who play basketball  
- $ |A \cap B| = 10 $ → number who play both  

So,

$$
|A \cup B| = 18 + 15 - 10 = 23
$$

That means **23 students play either football, basketball, or both**.

---

### ✅ Step 2: Subtract from Total to Find Those Who Play Neither

Total students in the class = 30  
Students who play at least one sport = 23

$$
\text{Students who play neither} = 30 - 23 = 7
$$

---

### ✅ Final Answer:
$$
\boxed{7}
$$

So, **7 students play neither football nor basketball**.

---

Let me know if you'd like a Venn diagram explanation too!"
"Data frequencies and probabilities","Combinatorics","G","A graph has 6 nodes; how many edges are needed to connect every pair (complete graph)?","To solve this task, you need to determine how many **edges** are required to create a **complete graph** with **6 nodes**.

---

### 🔍 What is a Complete Graph?

A **complete graph** is one in which **every pair of distinct nodes is connected by a unique edge**. In other words, each node is directly connected to every other node.

---

### 🧮 Step-by-step Solution:

Let’s say the number of nodes is $ n = 6 $.

In a complete graph, the number of edges $ E $ is given by the formula:

$$
E = \frac{n(n - 1)}{2}
$$

This comes from the fact that you're choosing all possible **pairs** of nodes, and order doesn't matter (i.e., it's a combination).

---

### ✅ Apply the Formula:

$$
E = \frac{6(6 - 1)}{2} = \frac{6 \times 5}{2} = \frac{30}{2} = 15
$$

---

### ✔️ Final Answer:

$$
\boxed{15}
$$

So, **15 edges** are needed to connect every pair of 6 nodes in a complete graph."
"Data frequencies and probabilities","Combinatorics","H","Using generating functions, find the number of integer solutions to x₁ + x₂ + x₃ = 10 with xᵢ ≥ 0","Sure! Let's walk through how to **use generating functions** to find the number of **non-negative integer solutions** to the equation:

$$
x_1 + x_2 + x_3 = 10 \quad \text{with } x_i \geq 0
$$

---

### 🔢 Step 1: Understand the Problem

We are looking for all **integer triples** $(x_1, x_2, x_3)$ such that:

- $x_1 + x_2 + x_3 = 10$
- $x_1, x_2, x_3 \geq 0$

This is a classic stars and bars problem, where the number of solutions is:
$$
\binom{10 + 3 - 1}{3 - 1} = \binom{12}{2} = 66
$$

But let’s do it using **generating functions**, as requested.

---

### 📈 Step 2: Model Each Variable with a Generating Function

Each variable $x_i$ can take any non-negative integer value (i.e., 0, 1, 2, ...).

So, the generating function for each $x_i$ is:

$$
G(x) = 1 + x + x^2 + x^3 + \dots = \frac{1}{1 - x}
$$

Since we have three variables, and they're independent, the total generating function is:

$$
G(x)^3 = \left(\frac{1}{1 - x}\right)^3
$$

---

### 🔎 Step 3: Find the Coefficient of $x^{10}$ in $\frac{1}{(1 - x)^3}$

The coefficient of $x^{10}$ in this expansion gives the number of solutions to the equation $x_1 + x_2 + x_3 = 10$, because each term $x^{a_1} \cdot x^{a_2} \cdot x^{a_3} = x^{a_1+a_2+a_3}$ corresponds to one solution.

There is a known power series expansion:

$$
\frac{1}{(1 - x)^n} = \sum_{k=0}^\infty \binom{n + k - 1}{k} x^k
$$

Apply this with $n = 3$ and $k = 10$:

$$
[x^{10}] \left(\frac{1}{(1 - x)^3}\right) = \binom{3 + 10 - 1}{10} = \binom{12}{10} = \binom{12}{2} = 66
$$

---

### ✅ Final Answer:

$$
\boxed{66}
$$

---

### 🧠 Summary

To solve $x_1 + x_2 + x_3 = 10$ with $x_i \geq 0$ using generating functions:

1. Represent each variable by its generating function: $\frac{1}{1 - x}$
2. Multiply them together: $\left(\frac{1}{1 - x}\right)^3$
3. Find the coefficient of $x^{10}$ in the expansion: $\binom{12}{10} = 66$

Let me know if you'd like to see more examples or extensions (like constraints on variables)!"
"Data frequencies and probabilities","Combinatorics","H","From 6 red and 5 blue pens, how many ways to select 3 pens with at least one red?","To solve the task: **""From 6 red and 5 blue pens, how many ways to select 3 pens with at least one red?""**, you can use **combinatorics**.

---

### Step-by-step explanation:

We are given:
- 6 **red** pens
- 5 **blue** pens
- We want to **select 3 pens** such that **at least one is red**

---

## ✅ Method 1: Subtract total combinations without restriction from those with no red (i.e., all blue)

This is often the easiest way for ""at least one"" problems.

### Step 1: Total number of ways to choose any 3 pens from the 11 pens

$$
\binom{11}{3} = \frac{11 \cdot 10 \cdot 9}{3 \cdot 2 \cdot 1} = 165
$$

### Step 2: Number of ways to choose 3 pens with **no red pens** (i.e., all blue)

There are 5 blue pens:

$$
\binom{5}{3} = \frac{5 \cdot 4 \cdot 3}{3 \cdot 2 \cdot 1} = 10
$$

### Step 3: Subtract to get the number of ways with **at least one red pen**

$$
\text{At least one red} = \binom{11}{3} - \binom{5}{3} = 165 - 10 = 155
$$

---

### ✅ Final Answer:
$$
\boxed{155}
$$

So there are **155 ways** to select 3 pens such that **at least one is red**.

---

## Optional: You could also compute directly by cases

You could break it into cases:
- 1 red and 2 blue
- 2 red and 1 blue
- 3 red and 0 blue

Then sum the combinations:

$$
\binom{6}{1}\binom{5}{2} + \binom{6}{2}\binom{5}{1} + \binom{6}{3}\binom{5}{0}
= 6 \cdot 10 + 15 \cdot 5 + 20 \cdot 1 = 60 + 75 + 20 = 155
$$

Same result! ✅"
"Functional relationships (patterns and structures)","Recognising patterns and structures","B","What comes next? 2, 4, 6, 8, ___","This is a simple and common type of pattern recognition task. Let’s break it down step by step to figure out what comes next in the sequence:

### Sequence:
**2, 4, 6, 8, ___**

---

### Step 1: Look for a Pattern

Let’s examine how the numbers change from one to the next:

- 2 to 4: **+2**
- 4 to 6: **+2**
- 6 to 8: **+2**

So far, we can see that each number increases by **2**.

---

### Step 2: Apply the Pattern

If we continue adding **2** to the last number:

- 8 + 2 = **10**

---

### ✅ Final Answer:
**10**

The next number in the sequence is **10**.

---

### Bonus Info:
This is an example of an **arithmetic sequence**, where each term increases (or decreases) by a constant value — in this case, that value is **+2**.

You could describe the sequence with the formula:

> **n-th term = 2 × n**

Where `n` starts at 1:
- Term 1: 2 × 1 = 2  
- Term 2: 2 × 2 = 4  
- Term 3: 2 × 3 = 6  
- Term 4: 2 × 4 = 8  
- Term 5: 2 × 5 = **10**

Let me know if you want to try more complex patterns!"
"Functional relationships (patterns and structures)","Recognising patterns and structures","B","Fill in the missing number: 5, 10, ___, 20","To solve the task **""Fill in the missing number: 5, 10, ___, 20""**, let's look at the pattern between the numbers.

### Step-by-step:

We are given:
- 5
- 10
- ___ (missing number)
- 20

### Step 1: Look at the difference between the numbers.
- From **5 to 10**:  
  $ 10 - 5 = 5 $

Let’s assume the pattern continues with the same difference:
- So, from **10 to the missing number**, we add 5:  
  $ 10 + 5 = 15 $

Now check if this fits with the next number:
- From **15 to 20**:  
  $ 20 - 15 = 5 $ ✅

### Step 2: Confirm the pattern is consistent.
The pattern increases by **5** each time:
- 5 → 10 → **15** → 20

This is an **arithmetic sequence** (equal difference between terms).

---

### ✅ Final Answer:
**15**

So the completed sequence is:
**5, 10, 15, 20**."
"Functional relationships (patterns and structures)","Recognising patterns and structures","B","Which number breaks the pattern? 2, 4, 6, 9, 10","Let's look at the sequence:

**2, 4, 6, 9, 10**

We are asked to find **which number breaks the pattern**.

---

### Step 1: Look at the pattern

Let’s examine the numbers step by step:

- 2 (even)
- 4 (even)
- 6 (even)
- 9 (**odd**)
- 10 (even)

So far, all numbers are even **except** for **9**.

That already makes **9** stand out.

---

### Step 2: Check if it fits another pattern

Let’s see if the numbers follow a simple rule like ""multiples of 2"" or an arithmetic sequence.

#### Option: Multiples of 2?
- 2 → yes
- 4 → yes
- 6 → yes
- 9 → **no**
- 10 → yes

Again, **9** doesn't fit.

#### Option: Increasing by 2?
- 2 → 4 (+2)
- 4 → 6 (+2)
- 6 → 9 (**+3**) ← breaks the +2 pattern
- 9 → 10 (+1)

So again, **9** breaks the pattern of adding 2 each time.

---

### ✅ Final Answer:
**9** is the number that breaks the pattern.

It is **not even**, and it disrupts the consistent **+2** progression."
"Functional relationships (patterns and structures)","Recognising patterns and structures","B","Is this pattern increasing or decreasing? 50, 45, 40, 35","To determine whether the pattern **50, 45, 40, 35** is increasing or decreasing, follow these steps:

---

### 🔍 Step 1: Look at the Numbers
You are given the sequence:
**50, 45, 40, 35**

---

### 🔄 Step 2: Find the Pattern Between Consecutive Numbers

Look at how each number changes to get to the next one:

- 50 → 45:  
  **50 - 45 = 5**, so it **decreases by 5**
- 45 → 40:  
  **45 - 40 = 5**, again it **decreases by 5**
- 40 → 35:  
  **40 - 35 = 5**, still **decreases by 5**

✅ The pattern is consistent — each time, the number gets **smaller by 5**.

---

### ✅ Final Answer:
This pattern is **decreasing** (specifically, it decreases by 5 each time).

Let me know if you'd like help continuing the pattern!"
"Functional relationships (patterns and structures)","Recognising patterns and structures","B","Write the next two numbers: 3, 6, 9, ___, ___","This is an **arithmetic sequence**, which means the numbers increase by a constant amount (called the *common difference*).

### Let's look at the pattern:
- 3, 6, 9, ___, ___

To find the pattern, subtract each number from the one that follows it:
- 6 − 3 = 3
- 9 − 6 = 3

So, the **common difference** is **3**.

### To continue the pattern:
- Add 3 to 9 → 9 + 3 = **12**
- Add 3 to 12 → 12 + 3 = **15**

### ✅ Final Answer:
**3, 6, 9, 12, 15**

Let me know if you'd like help with more patterns!"
"Functional relationships (patterns and structures)","Recognising patterns and structures","B","What’s the rule? 1, 3, 5, 7 → Rule: Add ___","Sure! Let's look at the sequence you provided:

**1, 3, 5, 7**

We want to find the rule that gets us from one number to the next. This looks like a number pattern, and your job is to figure out **""Add ___""** — meaning, what number do we add each time to get the next number in the sequence?

### Step-by-step:

1. Start with the first number: **1**
2. To get to the second number (**3**), what do you add?  
   $ 1 + \mathbf{2} = 3 $
3. From **3** to **5**:  
   $ 3 + \mathbf{2} = 5 $
4. From **5** to **7**:  
   $ 5 + \mathbf{2} = 7 $

So, in every step, you're adding **2**.

---

### ✅ Final Answer:
**Rule: Add 2**

Let me know if you'd like help with more patterns like this!"
"Functional relationships (patterns and structures)","Recognising patterns and structures","C","Find the rule: 3 → 6, 4 → 8, 5 → 10, ___ → ___","You're given a pattern:

```
3 → 6  
4 → 8  
5 → 10  
___ → ___
```

Your task is to **find the rule** that transforms the number on the left into the number on the right, and then use that rule to fill in the next pair.

---

### Step 1: Look at the pattern

Let’s look at what happens from the left number to the right number:

- 3 → 6  
- 4 → 8  
- 5 → 10

Ask yourself: How do you get from 3 to 6?  
Well, **3 × 2 = 6**

How do you get from 4 to 8?  
**4 × 2 = 8**

How about 5 to 10?  
**5 × 2 = 10**

So it seems like the rule is:

> **Multiply the number on the left by 2.**

---

### Step 2: Apply the same rule to find the next pair

The last numbers we used were:
- Input: 5 → Output: 10

So the next whole number input would be **6**, and applying the rule:

**6 × 2 = 12**

---

### ✅ Final Answer:

```
3 → 6  
4 → 8  
5 → 10  
6 → 12
```

### 🔍 Rule:
**Multiply the input number by 2.**

Let me know if you'd like to see how this looks as an equation or function!"
"Functional relationships (patterns and structures)","Recognising patterns and structures","C","If the pattern is “subtract 4,” what are the next two numbers: 40, 36, ___, ___","You're given a number pattern that follows the rule **""subtract 4""**, and the sequence is:

**40, 36, ___, ___**

### Step-by-step explanation:

1. Start with the last number you're given: **36**
2. Apply the rule ""subtract 4"" to find the next number:
   - 36 − 4 = **32**
3. Now take that result (32) and subtract 4 again:
   - 32 − 4 = **28**

### ✅ Final Answer:
**40, 36, 32, 28**

So the next two numbers are **32** and **28**."
"Functional relationships (patterns and structures)","Recognising patterns and structures","C","What is the pattern rule? 1, 4, 9, 16, 25...","The sequence **1, 4, 9, 16, 25...** follows a clear mathematical pattern.

Let’s break it down:

### Step 1: Look at the numbers
- 1, 4, 9, 16, 25

These are all **perfect squares**. That means each number can be expressed as some integer multiplied by itself.

### Step 2: Find the square roots
- √1 = 1  
- √4 = 2  
- √9 = 3  
- √16 = 4  
- √25 = 5  

So the nth term in the sequence is:

$$
n^2
$$

### ✅ Pattern Rule:
> The **nth term** of the sequence is **n squared**, or:
$$
a_n = n^2
$$

### Example:
- Term 1: $1^2 = 1$
- Term 2: $2^2 = 4$
- Term 3: $3^2 = 9$
- Term 4: $4^2 = 16$
- Term 5: $5^2 = 25$
- Term 6: $6^2 = 36$
- and so on...

### Final Answer:
👉 This sequence is the **square numbers**, and the rule is:
$$
\boxed{a_n = n^2}
$$"
"Functional relationships (patterns and structures)","Recognising patterns and structures","C","What is the missing number: 5, 10, ___, 20, 25?","The sequence given is:

**5, 10, ___, 20, 25**

Let’s look at the pattern:

- From **5 to 10**, the number increases by **5**.
- Then from **10 to ___**, we expect a similar increase if the pattern continues.
- From **___ to 20**, again, we assume the same pattern.
- From **20 to 25**, the number increases by **5**.

### Step-by-step:
Assuming the pattern increases by **5 each time**:

- First term: 5  
- Second term: 5 + 5 = 10  
- Third term: 10 + 5 = **15**  
- Fourth term: 15 + 5 = 20  
- Fifth term: 20 + 5 = 25

### ✅ Answer:
The missing number is **15**.

So the full sequence is:  
**5, 10, 15, 20, 25**"
"Functional relationships (patterns and structures)","Recognising patterns and structures","D","Identify the common difference and find the 10th term: 4, 7, 10, 13, …","To solve the problem **""Identify the common difference and find the 10th term""** for the sequence:

**4, 7, 10, 13, ...**

We can recognize that this is an **arithmetic sequence**, which means the difference between consecutive terms is constant.

---

### 🔹 Step 1: Identify the Common Difference

To find the **common difference (d)**, subtract any term from the next term:

- $ 7 - 4 = 3 $
- $ 10 - 7 = 3 $
- $ 13 - 10 = 3 $

✅ So, the **common difference** is **3**.

---

### 🔹 Step 2: Use the Formula for the nth Term of an Arithmetic Sequence

The general formula for the **nth term** of an arithmetic sequence is:

$$
a_n = a_1 + (n - 1) \cdot d
$$

Where:
- $ a_n $ = the nth term
- $ a_1 $ = first term
- $ d $ = common difference
- $ n $ = term number

---

### 🔹 Step 3: Plug in Values to Find the 10th Term

Given:
- $ a_1 = 4 $
- $ d = 3 $
- $ n = 10 $

$$
a_{10} = 4 + (10 - 1) \cdot 3
$$
$$
a_{10} = 4 + 9 \cdot 3
$$
$$
a_{10} = 4 + 27 = 31
$$

✅ So, the **10th term** is **31**.

---

### ✅ Final Answer:
- **Common difference**: 3  
- **10th term**: 31"
"Functional relationships (patterns and structures)","Recognising patterns and structures","D","Which term in the sequence 7, 14, 21, 28, … is equal to 105?","You're given a sequence:

**7, 14, 21, 28, …**

And you're asked: **Which term in the sequence is equal to 105?**

---

### Step 1: Identify the pattern

This sequence increases by **7** each time:

- 7 × 1 = 7  
- 7 × 2 = 14  
- 7 × 3 = 21  
- 7 × 4 = 28  
- ...
- So the **nth term** of the sequence is:  
  $$
  a_n = 7n
  $$

---

### Step 2: Set the nth term equal to 105

We want to find **n** such that:

$$
7n = 105
$$

---

### Step 3: Solve for n

$$
n = \frac{105}{7} = 15
$$

---

### ✅ Final Answer:

**The 15th term** in the sequence is equal to **105**.

--- 

Let me know if you'd like help visualizing or graphing this!"
"Functional relationships (patterns and structures)","Recognising patterns and structures","D","Find the general formula for the arithmetic sequence: −2, 0, 2, 4, 6, …","Sure! Let's walk through how to find the **general formula for an arithmetic sequence**, using the sequence you provided:

### Given Sequence:
$$
-2,\ 0,\ 2,\ 4,\ 6,\ \ldots
$$

---

### Step 1: Identify the First Term
The first term of the sequence is:
$$
a_1 = -2
$$

---

### Step 2: Find the Common Difference
In an arithmetic sequence, the **common difference** $ d $ is the difference between any two consecutive terms.

Calculate:
$$
d = 0 - (-2) = 2 \\
d = 2 - 0 = 2 \\
d = 4 - 2 = 2 \\
\text{...and so on.}
$$

So, the common difference is:
$$
d = 2
$$

---

### Step 3: Use the General Formula for an Arithmetic Sequence
The general formula for the $ n $th term of an arithmetic sequence is:
$$
a_n = a_1 + (n - 1)d
$$

Plug in the values:
- $ a_1 = -2 $
- $ d = 2 $

$$
a_n = -2 + (n - 1) \cdot 2
$$

---

### Step 4: Simplify the Formula
Distribute the 2:
$$
a_n = -2 + 2(n - 1)
$$
$$
a_n = -2 + 2n - 2
$$
$$
a_n = 2n - 4
$$

---

### ✅ Final Answer:
The general formula for the $ n $th term of the sequence is:
$$
\boxed{a_n = 2n - 4}
$$

---

### Example:
Let’s test it with a few values of $ n $:

- For $ n = 1 $: $ a_1 = 2(1) - 4 = -2 $ ✔️  
- For $ n = 2 $: $ a_2 = 2(2) - 4 = 0 $ ✔️  
- For $ n = 3 $: $ a_3 = 2(3) - 4 = 2 $ ✔️  
- For $ n = 4 $: $ a_4 = 2(4) - 4 = 4 $ ✔️  

Looks good!

Let me know if you'd like help turning this into a recursive formula or visualizing the sequence!"
"Functional relationships (patterns and structures)","Recognising patterns and structures","D","A sequence follows the rule: T(n) = 3n + 9. What is the 4th and 5th term?","Sure! Let's break this down step by step.

You're given a formula for a sequence:

$$
T(n) = 3n + 9
$$

This means that to find the **nth term** of the sequence, you plug in the value of **n** (the position in the sequence) into the formula.

---

### Step 1: Find the 4th term  
To find the **4th term**, substitute $ n = 4 $ into the formula:

$$
T(4) = 3(4) + 9 = 12 + 9 = 21
$$

---

### Step 2: Find the 5th term  
Now, to find the **5th term**, substitute $ n = 5 $:

$$
T(5) = 3(5) + 9 = 15 + 9 = 24
$$

---

### ✅ Final Answer:
- 4th term: **21**
- 5th term: **24**

Let me know if you want to find more terms or understand the pattern!"
"Functional relationships (patterns and structures)","Recognising patterns and structures","E","Find the 10th term of the sequence: n² + 2","Sure! Let's break down the task **step by step** so you can easily find the **10th term of the sequence** defined by the formula:

$$
n^2 + 2
$$

---

### 🔍 Step-by-step Explanation:

The expression $ n^2 + 2 $ defines how to find the **nth term** of a sequence. That means:

- When $ n = 1 $, you get the **1st term**: $ 1^2 + 2 = 1 + 2 = 3 $
- When $ n = 2 $, you get the **2nd term**: $ 2^2 + 2 = 4 + 2 = 6 $
- When $ n = 3 $, you get the **3rd term**: $ 3^2 + 2 = 9 + 2 = 11 $

... and so on.

---

### ✅ To Find the 10th Term:

Just plug in $ n = 10 $ into the formula:

$$
\text{10th term} = 10^2 + 2 = 100 + 2 = \mathbf{102}
$$

---

### 📌 Final Answer:
**102**

Let me know if you want to find more terms or understand how sequences work in general!"
"Functional relationships (patterns and structures)","Recognising patterns and structures","E","Match the pattern rule to the sequence: A) n+2, B) 2n, C) n² — Which one fits 1, 4, 9, 16...?","To solve this task, you need to **match the correct pattern rule (formula) to the given sequence**:  
**1, 4, 9, 16, ...**

Let’s break it down step by step:

---

### 🔢 Step 1: Understand what each rule means

You're given three possible rules:

- **A) n + 2** → Add 2 to the term number (n)
- **B) 2n** → Multiply the term number (n) by 2
- **C) n²** → Square the term number (n)

We'll test each rule by plugging in values of **n = 1, 2, 3, 4** and see which one gives us the sequence **1, 4, 9, 16**.

---

### 🧪 Step 2: Test each rule

#### Rule A: `n + 2`

- n = 1 → 1 + 2 = **3**
- n = 2 → 2 + 2 = **4**
- n = 3 → 3 + 2 = **5**
- n = 4 → 4 + 2 = **6**

Sequence: **3, 4, 5, 6** ❌ Doesn’t match 1, 4, 9, 16

---

#### Rule B: `2n`

- n = 1 → 2 × 1 = **2**
- n = 2 → 2 × 2 = **4**
- n = 3 → 2 × 3 = **6**
- n = 4 → 2 × 4 = **8**

Sequence: **2, 4, 6, 8** ❌ Doesn’t match 1, 4, 9, 16

---

#### Rule C: `n²`

- n = 1 → 1² = **1**
- n = 2 → 2² = **4**
- n = 3 → 3² = **9**
- n = 4 → 4² = **16**

Sequence: **1, 4, 9, 16** ✅ This matches perfectly!

---

### ✅ Final Answer:

The correct pattern rule is: **C) n²**

This sequence is known as the **square numbers**, because each term is the square of its position in the sequence.

Let me know if you'd like help with more sequences!"
"Functional relationships (patterns and structures)","Recognising patterns and structures","E","A staircase has 1 block on the first step, 2 on the second, 4 on the third, then 7, then 11... Write a rule.","Let's look at the staircase pattern you've described:

Step 1: 1 block  
Step 2: 2 blocks  
Step 3: 4 blocks  
Step 4: 7 blocks  
Step 5: 11 blocks  

We are to **find a rule** that tells us how many blocks are on the $ n $-th step.

---

### Step 1: List the sequence

Let’s denote the number of blocks on each step as a sequence:

$$
a_1 = 1,\quad a_2 = 2,\quad a_3 = 4,\quad a_4 = 7,\quad a_5 = 11
$$

Now, let's look at the **differences between consecutive terms**:

$$
\begin{align*}
a_2 - a_1 &= 2 - 1 = 1 \\
a_3 - a_2 &= 4 - 2 = 2 \\
a_4 - a_3 &= 7 - 4 = 3 \\
a_5 - a_4 &= 11 - 7 = 4 \\
\end{align*}
$$

So the **first differences** are: 1, 2, 3, 4...

This is an **arithmetic sequence**, increasing by 1 each time. That suggests the original sequence has a **quadratic growth** (since second differences would be constant).

---

### Step 2: Consider quadratic form

Assume the general formula for the $ n $-th term is quadratic:

$$
a_n = An^2 + Bn + C
$$

We can plug in values from the known terms to solve for $ A $, $ B $, and $ C $.

Use:
- $ a_1 = 1 \Rightarrow A(1)^2 + B(1) + C = 1 $
- $ a_2 = 2 \Rightarrow A(2)^2 + B(2) + C = 2 $
- $ a_3 = 4 \Rightarrow A(3)^2 + B(3) + C = 4 $

So we have the system:

1. $ A + B + C = 1 $  
2. $ 4A + 2B + C = 2 $  
3. $ 9A + 3B + C = 4 $

---

### Step 3: Solve the system

From equation (1):  
$ C = 1 - A - B $

Substitute into equations (2) and (3):

Equation (2):
$$
4A + 2B + (1 - A - B) = 2 \\
(4A - A) + (2B - B) + 1 = 2 \\
3A + B + 1 = 2 \\
3A + B = 1 \quad \text{(i)}
$$

Equation (3):
$$
9A + 3B + (1 - A - B) = 4 \\
(9A - A) + (3B - B) + 1 = 4 \\
8A + 2B + 1 = 4 \\
8A + 2B = 3 \quad \text{(ii)}
$$

Now solve equations (i) and (ii):

From (i): $ B = 1 - 3A $

Substitute into (ii):

$$
8A + 2(1 - 3A) = 3 \\
8A + 2 - 6A = 3 \\
2A + 2 = 3 \\
2A = 1 \Rightarrow A = \frac{1}{2}
$$

Then:

$$
B = 1 - 3(\frac{1}{2}) = 1 - \frac{3}{2} = -\frac{1}{2} \\
C = 1 - A - B = 1 - \frac{1}{2} + \frac{1}{2} = 1
$$

---

### Final Rule

So the formula for the number of blocks on the $ n $-th step is:

$$
\boxed{a_n = \frac{1}{2}n^2 - \frac{1}{2}n + 1}
$$

Or, simplified:

$$
\boxed{a_n = \frac{n^2 - n + 2}{2}}
$$

---

### Check with known values:

- $ n = 1 $: $ \frac{1 - 1 + 2}{2} = \frac{2}{2} = 1 $ ✅  
- $ n = 2 $: $ \frac{4 - 2 + 2}{2} = \frac{4}{2} = 2 $ ✅  
- $ n = 3 $: $ \frac{9 - 3 + 2}{2} = \frac{8}{2} = 4 $ ✅  
- $ n = 4 $: $ \frac{16 - 4 + 2}{2} = \frac{14}{2} = 7 $ ✅  
- $ n = 5 $: $ \frac{25 - 5 + 2}{2} = \frac{22}{2} = 11 $ ✅  

Perfect!

---

### Summary

To solve this kind of problem:

1. Write out the sequence.
2. Compute first differences.
3. If they increase linearly, assume a quadratic formula.
4. Use known values to create equations.
5. Solve the system to find coefficients.
6. Verify the formula.

✅ Your final rule is:

$$
\boxed{a_n = \frac{n^2 - n + 2}{2}}
$$"
"Functional relationships (patterns and structures)","Recognising patterns and structures","F","Identify the next two rows of Pascal’s Triangle after row 1, 4, 6, 4, 1","Sure! Let's walk through how to solve this task step by step.

---

### 🔺 What is Pascal’s Triangle?

Pascal’s Triangle is a triangular array of numbers where:

- The **first row** (row 0) starts with a single `1`.
- Each subsequent row starts and ends with `1`.
- Every other number in the triangle is the **sum of the two numbers directly above it**.

---

### 📌 Given:
You're told that a row in Pascal’s Triangle is:  
**1, 4, 6, 4, 1**

This is **Row 4** of Pascal’s Triangle (since rows are numbered starting from 0).

We need to find the next **two rows** after this — that would be **Row 5** and **Row 6**.

---

## ✅ Step-by-step Process

### ➤ Step 1: Generate Row 5

To get the next row (Row 5), we add adjacent numbers from Row 4:

```
Row 4:    1     4     6     4     1
Add pairs: 1+4   4+6   6+4   4+1
Result:      5    10    10     5    1
```

So,

> **Row 5:** `1, 5, 10, 10, 5, 1`

---

### ➤ Step 2: Generate Row 6

Now use Row 5 to generate Row 6:

```
Row 5:    1     5    10    10     5     1
Add pairs: 1+5  5+10 10+10 10+5  5+1
Result:     1    6    15    20    15    6    1
```

So,

> **Row 6:** `1, 6, 15, 20, 15, 6, 1`

---

## ✅ Final Answer:

The next two rows after **1, 4, 6, 4, 1** are:

- **Row 5:** `1, 5, 10, 10, 5, 1`
- **Row 6:** `1, 6, 15, 20, 15, 6, 1`

Let me know if you'd like to understand the connection between these numbers and binomial coefficients!"
"Functional relationships (patterns and structures)","Recognising patterns and structures","F","A sequence is defined by a₁ = 2, aₙ = aₙ₋₁ + 3n. Find a₄","You're given a **recursive sequence** defined as:

- $ a_1 = 2 $
- $ a_n = a_{n-1} + 3n $ for $ n \geq 2 $

You're asked to find $ a_4 $.

---

### Step-by-step approach:

We'll compute each term of the sequence up to $ a_4 $ using the recursive formula.

#### Step 1: Start with the initial value
$$
a_1 = 2
$$

#### Step 2: Use the recursive formula to find $ a_2 $
$$
a_2 = a_1 + 3 \cdot 2 = 2 + 6 = 8
$$

#### Step 3: Find $ a_3 $
$$
a_3 = a_2 + 3 \cdot 3 = 8 + 9 = 17
$$

#### Step 4: Find $ a_4 $
$$
a_4 = a_3 + 3 \cdot 4 = 17 + 12 = 29
$$

---

### ✅ Final Answer:
$$
\boxed{29}
$$"
"Functional relationships (patterns and structures)","Recognising patterns and structures","F","Recognize the pattern: 1, 4, 9, 16, 25... What type of sequence is this?","The sequence **1, 4, 9, 16, 25...** is a well-known mathematical pattern. Let’s break it down step by step.

---

### 🔍 Step 1: Look at the terms

We are given:

- 1st term: **1**
- 2nd term: **4**
- 3rd term: **9**
- 4th term: **16**
- 5th term: **25**

---

### 🔍 Step 2: Try to find a rule

Let’s see what happens if we take the square roots of each term:

- √1 = **1**
- √4 = **2**
- √9 = **3**
- √16 = **4**
- √25 = **5**

This shows that each term in the sequence is a **perfect square** of its position in the sequence.

---

### 🧮 General Rule

If $ n $ is the position in the sequence (starting from 1), then the nth term is:

$$
a_n = n^2
$$

So:
- $ a_1 = 1^2 = 1 $
- $ a_2 = 2^2 = 4 $
- $ a_3 = 3^2 = 9 $
- $ a_4 = 4^2 = 16 $
- $ a_5 = 5^2 = 25 $
- ...

---

### 📈 Type of Sequence

This is called a **square number sequence**, or more formally:

> A **quadratic sequence**, where each term is the square of its index.

It is **not** an arithmetic sequence (no common difference) and not a geometric sequence (no common ratio), but follows a **quadratic formula**.

---

### ✅ Summary

- The sequence **1, 4, 9, 16, 25...** consists of **square numbers**.
- The nth term is given by $ a_n = n^2 $.
- It's a **quadratic sequence** (or **square number sequence**).

Let me know if you'd like to predict the next few terms or find a formula for the sum of such a sequence!"
"Functional relationships (patterns and structures)","Recognising patterns and structures","F","A sequence grows as follows: 1, 1, 2, 3, 5, 8... What is the 9th term?","The sequence you're referring to — **1, 1, 2, 3, 5, 8...** — is the **Fibonacci sequence**.

### 🌟 What is the Fibonacci Sequence?
It's a sequence where each number is the **sum of the two preceding ones**. The rule is:

$$
F(n) = F(n-1) + F(n-2)
$$

with the first two terms defined as:

$$
F(1) = 1,\quad F(2) = 1
$$

---

### 🔢 Let's find the 9th term step-by-step:

We'll list out the terms one by one using the rule:

1. $ F(1) = 1 $
2. $ F(2) = 1 $
3. $ F(3) = F(2) + F(1) = 1 + 1 = 2 $
4. $ F(4) = F(3) + F(2) = 2 + 1 = 3 $
5. $ F(5) = F(4) + F(3) = 3 + 2 = 5 $
6. $ F(6) = F(5) + F(4) = 5 + 3 = 8 $
7. $ F(7) = F(6) + F(5) = 8 + 5 = 13 $
8. $ F(8) = F(7) + F(6) = 13 + 8 = 21 $
9. $ F(9) = F(8) + F(7) = 21 + 13 = 34 $

---

### ✅ Final Answer:
**The 9th term is 34.**

Let me know if you'd like to see how this can be calculated using a formula or code!"
"Functional relationships (patterns and structures)","Recognising patterns and structures","G","Determine whether 729 can be written as 3^n for some whole number n?","Sure! Let's figure out how to determine whether **729** can be written as **3ⁿ** for some whole number **n**.

---

### 🔍 Step-by-step Approach:

We want to know if there exists a **whole number n** such that:

$$
3^n = 729
$$

This means we're trying to express **729** as a **power of 3**. Here are the ways you can approach this:

---

## ✅ Method 1: Try small powers of 3 manually

You can compute successive powers of 3 until you reach (or pass) 729:

- $ 3^1 = 3 $
- $ 3^2 = 9 $
- $ 3^3 = 27 $
- $ 3^4 = 81 $
- $ 3^5 = 243 $
- $ 3^6 = 729 $

✅ We found it!  
$$
3^6 = 729
$$

So yes, **729 can be written as 3⁶**, and therefore **n = 6** works.

---

## ✅ Method 2: Use logarithms (more advanced)

If you're familiar with logarithms, you can solve:

$$
3^n = 729 \Rightarrow n = \log_3(729)
$$

Use the change-of-base formula:

$$
n = \frac{\log_{10}(729)}{\log_{10}(3)}
$$

Using a calculator:

- $ \log_{10}(729) ≈ 2.862 $
- $ \log_{10}(3) ≈ 0.477 $
- So $ n ≈ \frac{2.862}{0.477} ≈ 6 $

Check: Is $ 3^6 = 729 $? Yes!

So again, **n = 6** is a whole number → ✅

---

## ✅ Method 3: Prime factorization

Break down 729 into prime factors:

Start dividing by the smallest prime (3 in this case):

- 729 ÷ 3 = 243  
- 243 ÷ 3 = 81  
- 81 ÷ 3 = 27  
- 27 ÷ 3 = 9  
- 9 ÷ 3 = 3  
- 3 ÷ 3 = 1

That’s six divisions by 3 ⇒ So:

$$
729 = 3^6
$$

✅ Confirmed again!

---

### ✅ Final Answer:

Yes, **729 can be written as 3⁶**, so the answer is:

$$
\boxed{Yes,\ and\ n = 6}
$$"
"Functional relationships (patterns and structures)","Recognising patterns and structures","G","Find which term in the sequence 2, 5, 10, 17, 26 has the value 101","You're given a sequence:  
**2, 5, 10, 17, 26, ...**  
and you're asked: **Which term in the sequence has the value 101?**

---

### Step 1: Understand the pattern

Let’s look at the terms and see if we can find a pattern:

- Term 1: 2  
- Term 2: 5  
- Term 3: 10  
- Term 4: 17  
- Term 5: 26  

Now calculate the **differences between consecutive terms**:

- 5 - 2 = 3  
- 10 - 5 = 5  
- 17 - 10 = 7  
- 26 - 17 = 9  

So the differences are: **3, 5, 7, 9**, which is an **arithmetic sequence increasing by 2**.

This suggests that the original sequence is **quadratic** in nature.

---

### Step 2: Assume a quadratic formula

Assume the general form of a quadratic sequence:

$$
a_n = an^2 + bn + c
$$

We’ll plug in the known values to create equations.

#### For n = 1:
$$
a(1)^2 + b(1) + c = 2 \Rightarrow a + b + c = 2 \quad \text{(Equation 1)}
$$

#### For n = 2:
$$
a(2)^2 + b(2) + c = 5 \Rightarrow 4a + 2b + c = 5 \quad \text{(Equation 2)}
$$

#### For n = 3:
$$
a(3)^2 + b(3) + c = 10 \Rightarrow 9a + 3b + c = 10 \quad \text{(Equation 3)}
$$

---

### Step 3: Solve the system of equations

Subtract Equation 1 from Equation 2:

$$
(4a + 2b + c) - (a + b + c) = 5 - 2 \\
3a + b = 3 \quad \text{(Equation 4)}
$$

Subtract Equation 2 from Equation 3:

$$
(9a + 3b + c) - (4a + 2b + c) = 10 - 5 \\
5a + b = 5 \quad \text{(Equation 5)}
$$

Now subtract Equation 4 from Equation 5:

$$
(5a + b) - (3a + b) = 5 - 3 \\
2a = 2 \Rightarrow a = 1
$$

Plug $ a = 1 $ into Equation 4:

$$
3(1) + b = 3 \Rightarrow b = 0
$$

Now plug $ a = 1 $, $ b = 0 $ into Equation 1:

$$
1 + 0 + c = 2 \Rightarrow c = 1
$$

---

### Step 4: Final formula

So the nth term of the sequence is:

$$
a_n = n^2 + 1
$$

---

### Step 5: Find which term equals 101

Set the formula equal to 101:

$$
n^2 + 1 = 101 \\
n^2 = 100 \\
n = \sqrt{100} = 10
$$

---

### ✅ Final Answer:

The **10th term** in the sequence has the value **101**."
"Functional relationships (patterns and structures)","Recognising patterns and structures","G","Determine if the sequence 2, 5, 10, 17, 26 fits a quadratic model and justify your answer","To determine if the sequence **2, 5, 10, 17, 26** fits a **quadratic model**, we can follow these steps:

---

### ✅ Step 1: Understand what a quadratic sequence is

A **quadratic sequence** is one where the **second differences between terms are constant**.

In other words:
- First, calculate the **first differences** (difference between consecutive terms).
- Then, calculate the **second differences** (differences between those first differences).
- If the second differences are constant (or approximately constant), then the sequence can be modeled by a **quadratic function** of the form:

$$
a_n = an^2 + bn + c
$$

Where:
- $ n $ is the term number (1st, 2nd, etc.),
- $ a $, $ b $, and $ c $ are constants.

---

### ✅ Step 2: List the sequence with term numbers

Let’s label each term with its position in the sequence:

| Term Number (n) | Term Value (aₙ) |
|------------------|-----------------|
| 1                | 2               |
| 2                | 5               |
| 3                | 10              |
| 4                | 17              |
| 5                | 26              |

---

### ✅ Step 3: Calculate first differences

Subtract each term from the next:

$$
\begin{align*}
5 - 2 &= 3 \\
10 - 5 &= 5 \\
17 - 10 &= 7 \\
26 - 17 &= 9 \\
\end{align*}
$$

First differences: **3, 5, 7, 9**

---

### ✅ Step 4: Calculate second differences

Now subtract each first difference from the next:

$$
\begin{align*}
5 - 3 &= 2 \\
7 - 5 &= 2 \\
9 - 7 &= 2 \\
\end{align*}
$$

Second differences: **2, 2, 2** → **Constant!**

---

### ✅ Step 5: Conclusion

Since the **second differences are constant**, this sequence **does fit a quadratic model**.

---

### 🔍 Justification Summary:

> The sequence 2, 5, 10, 17, 26 fits a quadratic model because the second differences between consecutive terms are constant (all equal to 2). This is a defining characteristic of quadratic sequences.

---

### 🧠 Optional: Find the Quadratic Model (for extra understanding)

Assume the general quadratic form:

$$
a_n = an^2 + bn + c
$$

Use the first three terms to create equations:

For $ n = 1 $, $ a_1 = 2 $:  
$$
a(1)^2 + b(1) + c = 2 \Rightarrow a + b + c = 2 \tag{1}
$$

For $ n = 2 $, $ a_2 = 5 $:  
$$
4a + 2b + c = 5 \tag{2}
$$

For $ n = 3 $, $ a_3 = 10 $:  
$$
9a + 3b + c = 10 \tag{3}
$$

Now solve the system:

From (1): $ a + b + c = 2 $  
From (2): $ 4a + 2b + c = 5 $  
From (3): $ 9a + 3b + c = 10 $

Subtract (1) from (2):

$$
(4a + 2b + c) - (a + b + c) = 5 - 2 \Rightarrow 3a + b = 3 \tag{4}
$$

Subtract (2) from (3):

$$
(9a + 3b + c) - (4a + 2b + c) = 10 - 5 \Rightarrow 5a + b = 5 \tag{5}
$$

Now subtract (4) from (5):

$$
(5a + b) - (3a + b) = 5 - 3 \Rightarrow 2a = 2 \Rightarrow a = 1
$$

Plug into (4):  
$$
3(1) + b = 3 \Rightarrow b = 0
$$

Plug into (1):  
$$
1 + 0 + c = 2 \Rightarrow c = 1
$$

✅ So the quadratic model is:

$$
\boxed{a_n = n^2 + 1}
$$

Check with all values:

- $ n = 1 $: $ 1^2 + 1 = 2 $
- $ n = 2 $: $ 4 + 1 = 5 $
- $ n = 3 $: $ 9 + 1 = 10 $
- $ n = 4 $: $ 16 + 1 = 17 $
- $ n = 5 $: $ 25 + 1 = 26 $

✔️ All match!

---

### ✅ Final Answer:

Yes, the sequence **2, 5, 10, 17, 26** fits a quadratic model because the second differences are constant. The explicit quadratic rule for the nth term is:

$$
\boxed{a_n = n^2 + 1}
$$"
"Functional relationships (patterns and structures)","Recognising patterns and structures","G","Use arithmetic structure to find the 20th term of a sequence that increases by 5 from a starting value of 7","Sure! Let's break this down step by step to solve the task:

---

### **Task:**  
Find the **20th term** of a sequence that:
- Starts at **7**, and  
- Increases by **5** each time.

---

## 🔢 Step 1: Understand the Sequence Type

This is an **arithmetic sequence**, where:
- The **first term** $ a = 7 $
- The **common difference** $ d = 5 $

An arithmetic sequence follows this pattern:
$$
a,\ a + d,\ a + 2d,\ a + 3d,\ \dots
$$

So, the general formula for the **nth term** of an arithmetic sequence is:

$$
a_n = a + (n - 1)d
$$

---

## 🧮 Step 2: Plug in the Values

We want the **20th term**, so $ n = 20 $

Use the formula:
$$
a_{20} = 7 + (20 - 1) \cdot 5
$$

$$
a_{20} = 7 + 19 \cdot 5
$$

$$
a_{20} = 7 + 95
$$

$$
a_{20} = 102
$$

---

## ✅ Final Answer:
The **20th term** of the sequence is **102**

---

Let me know if you'd like to see the full list of terms or how to use a different method (like recursive or iterative)!"
"Functional relationships (patterns and structures)","Recognising patterns and structures","H","A recursive formula is given by f(n) = f(n−1) + f(n−2); find f(6) if f(1) = 1, f(2) = 1","You're given a **recursive formula**:

$$
f(n) = f(n-1) + f(n-2)
$$

with initial values:

$$
f(1) = 1,\quad f(2) = 1
$$

This is the definition of the **Fibonacci sequence**, where each term is the sum of the two previous terms.

---

### Step-by-step Plan to Find $ f(6) $:

Use the recursive formula and the base cases to compute each value up to $ f(6) $:

1. $ f(1) = 1 $ (given)
2. $ f(2) = 1 $ (given)
3. $ f(3) = f(2) + f(1) = 1 + 1 = 2 $
4. $ f(4) = f(3) + f(2) = 2 + 1 = 3 $
5. $ f(5) = f(4) + f(3) = 3 + 2 = 5 $
6. $ f(6) = f(5) + f(4) = 5 + 3 = 8 $

---

### ✅ Final Answer:
$$
\boxed{f(6) = 8}
$$

Let me know if you'd like help visualizing or coding this!"
"Functional relationships (patterns and structures)","Recognising patterns and structures","H","The sequence 81, 27, 9, 3,... is geometric; show step by step how to calculate the sum of terms 6 through 10 using the geometric series formula","Sure! Let's walk through the steps to **calculate the sum of terms 6 through 10** in the geometric sequence:

---

### 🔢 Given Sequence:
81, 27, 9, 3, ...

This is a **geometric sequence**, which means each term is found by multiplying the previous one by a common ratio.

---

## ✅ Step 1: Identify the first term and common ratio

Let’s find:
- First term $ a $
- Common ratio $ r $

From the sequence:
- $ a = 81 $
- $ r = \frac{27}{81} = \frac{1}{3} $

So this is a geometric sequence with:
- First term $ a = 81 $
- Common ratio $ r = \frac{1}{3} $

---

## ✅ Step 2: Use the formula for the $ n $th term of a geometric sequence

The general formula for the $ n $th term of a geometric sequence is:

$$
a_n = a \cdot r^{n-1}
$$

We want to calculate the **sum of terms from the 6th to the 10th**, so we'll compute:

$$
\text{Sum} = a_6 + a_7 + a_8 + a_9 + a_{10}
$$

Alternatively, we can use the **formula for the sum of a geometric series**, applied between two terms.

---

## ✅ Step 3: Use the geometric series sum formula

To find the sum of terms from term 6 to term 10, we can do:

$$
S = a_6 + a_7 + a_8 + a_9 + a_{10}
$$

But instead of computing each term individually and adding them up, let's approach it using the **geometric series formula**:

If you know the first term of the section you're summing (here, $ a_6 $) and how many terms you're summing (5 terms), then:

$$
S_n = a_k \cdot \frac{1 - r^n}{1 - r}
$$

Where:
- $ a_k $ is the first term in the range (term 6)
- $ r $ is the common ratio
- $ n $ is the number of terms being summed

---

## ✅ Step 4: Find $ a_6 $

Using the formula:

$$
a_6 = a \cdot r^{6-1} = 81 \cdot \left( \frac{1}{3} \right)^5 = 81 \cdot \frac{1}{243} = \frac{81}{243} = \frac{1}{3}
$$

So:
- $ a_6 = \frac{1}{3} $
- $ r = \frac{1}{3} $
- $ n = 5 $

---

## ✅ Step 5: Plug into the geometric series sum formula

$$
S = a_6 \cdot \frac{1 - r^n}{1 - r}
= \frac{1}{3} \cdot \frac{1 - \left( \frac{1}{3} \right)^5 }{1 - \frac{1}{3}}
$$

Now simplify step by step:

### Step 5.1: Compute $ \left( \frac{1}{3} \right)^5 = \frac{1}{243} $

### Step 5.2: Compute numerator:
$$
1 - \frac{1}{243} = \frac{242}{243}
$$

### Step 5.3: Compute denominator:
$$
1 - \frac{1}{3} = \frac{2}{3}
$$

Now plug back in:

$$
S = \frac{1}{3} \cdot \frac{\frac{242}{243}}{\frac{2}{3}} = \frac{1}{3} \cdot \left( \frac{242}{243} \div \frac{2}{3} \right)
$$

Dividing fractions:
$$
\frac{242}{243} \div \frac{2}{3} = \frac{242}{243} \cdot \frac{3}{2} = \frac{726}{486}
$$

Simplify:
$$
\frac{726}{486} = \frac{121}{81}
$$

Then multiply by $ \frac{1}{3} $:

$$
S = \frac{1}{3} \cdot \frac{121}{81} = \frac{121}{243}
$$

---

## ✅ Final Answer:

$$
\boxed{\frac{121}{243}}
$$

This is the **sum of terms 6 through 10** of the geometric sequence.

---

Let me know if you'd like to see a breakdown of each individual term too!"
"Functional relationships (patterns and structures)","Allocations and proportionality","B","Each child gets one pencil. How many pencils for 3 children? ______","!!!!"
"Functional relationships (patterns and structures)","Allocations and proportionality","B","Is a car faster or slower than a bike? ______","!!!!"
"Functional relationships (patterns and structures)","Allocations and proportionality","B","Is a backpack heavier or lighter than a pencil case? ______","To solve the task **""Is a backpack heavier or lighter than a pencil case?""**, you can follow these simple steps:

---

### Step 1: **Understand the question**
You're being asked to compare the **weight** of two objects:
- A **backpack**
- A **pencil case**

You need to determine which one is **heavier** or **lighter**.

---

### Step 2: **Think about what each item is used for**
- A **backpack** is designed to carry books, notebooks, clothes, and other school or travel supplies. It's usually **larger** and made to hold **heavy items**.
- A **pencil case** is small and used to hold light items like pencils, pens, erasers, and maybe a ruler. It’s meant to be portable and lightweight.

So just from their **purpose and size**, you can guess that a **backpack is likely much heavier** than a pencil case.

---

### Step 3: **Compare typical weights**
Try to estimate the average weight of each:

- **Backpack (empty):** About **0.5 kg to 1.5 kg**  
  - With books/supplies inside: Can be **5 kg or more!**

- **Pencil case (empty):** Around **0.1 kg to 0.3 kg**  
  - With pens/pencils: Maybe **0.5 kg** at most

Even an empty backpack is usually heavier than a full pencil case.

---

### Step 4: **Make your conclusion**
Based on logic and typical weights:
> 🎒 A **backpack is heavier** than a pencil case.

---

### Final Answer:
**A backpack is heavier than a pencil case.**

Let me know if you want to explore how to measure them or compare in different situations!"
"Functional relationships (patterns and structures)","Allocations and proportionality","C","If 1 pencil costs 2 euros, how much do 4 pencils cost?","Sure! Let's solve the problem step by step.

### **Task:**
If 1 pencil costs **2 euros**, how much do **4 pencils** cost?

---

### **Step-by-step Solution:**

1. **Understand the price of one item:**
   - 1 pencil = 2 euros

2. **Multiply the cost of one pencil by the number of pencils you want to buy:**
   $$
   \text{Total cost} = \text{Number of pencils} \times \text{Cost per pencil}
   $$

   In this case:
   $$
   \text{Total cost} = 4 \times 2
   $$

3. **Do the multiplication:**
   $$
   \text{Total cost} = 8
   $$

---

### ✅ **Answer:**
4 pencils cost **8 euros**.

Let me know if you'd like to try more examples or practice similar problems!"
"Functional relationships (patterns and structures)","Allocations and proportionality","C","Complete the ratio: 2:4 = 3:___","To solve the task **""Complete the ratio: 2:4 = 3:___""**, you need to find the number that makes the second ratio (**3:__**) **equivalent** to the first ratio (**2:4**).

---

### Step-by-step:

#### Step 1: Understand what the ratio means
The ratio **2:4** means for every 2 units of one quantity, there are 4 units of another.

You can simplify **2:4** by dividing both sides by 2:
$$
2:4 = 1:2
$$

So, the simplified form is **1:2**. That means for every 1 unit of something, there are 2 units of something else.

---

#### Step 2: Apply this to the second ratio
We want **2:4 = 3:x**

Since **2:4 = 1:2**, we also want **3:x = 1:2**

Now solve for **x**:
$$
\frac{3}{x} = \frac{1}{2}
$$

Cross-multiply:
$$
1 \cdot x = 2 \cdot 3 \\
x = 6
$$

---

### ✅ Final Answer:
$$
2:4 = 3:\mathbf{6}
$$

This works because both ratios simplify to **1:2**."
"Functional relationships (patterns and structures)","Allocations and proportionality","C","A recipe uses 3 cups of flour for 6 pancakes. How many cups for 12 pancakes?","Sure! Let's break this down step by step.

### Given:
- **3 cups of flour** are used to make **6 pancakes**.

### Question:
How many **cups of flour** are needed to make **12 pancakes**?

---

### Step 1: Find out how much flour is needed for **1 pancake**
You do this by dividing the total amount of flour by the number of pancakes:

$$
\frac{3 \text{ cups}}{6 \text{ pancakes}} = 0.5 \text{ cups per pancake}
$$

---

### Step 2: Multiply by the new number of pancakes (12)

$$
0.5 \text{ cups/pancake} \times 12 \text{ pancakes} = 6 \text{ cups}
$$

---

### ✅ Final Answer:
You need **6 cups of flour** to make **12 pancakes**.

Let me know if you want to see this solved using proportions instead!"
"Functional relationships (patterns and structures)","Allocations and proportionality","C","Fill in the blanks:
    Minutes: 10 | 20 | 30
    Steps: 100 | ___ | ___","You're given a table with two rows:

```
Minutes: 10 | 20 | 30  
Steps:  100 | ___ | ___
```

The task is to **fill in the blanks** for the ""Steps"" row based on some kind of pattern or relationship between minutes and steps.

---

### Step 1: Understand the relationship

We are told:
- In **10 minutes**, there are **100 steps**.

So we can try to find a **pattern** or **rate** (e.g., steps per minute), then use it to calculate the number of steps for 20 and 30 minutes.

---

### Step 2: Calculate steps per minute

If **10 minutes = 100 steps**, then:

$$
\text{Steps per minute} = \frac{100}{10} = 10 \text{ steps per minute}
$$

---

### Step 3: Use this rate to fill in the blanks

Now, multiply the number of minutes by the rate:

- For **20 minutes**:  
  $$
  20 \times 10 = 200 \text{ steps}
  $$

- For **30 minutes**:  
  $$
  30 \times 10 = 300 \text{ steps}
  $$

---

### ✅ Final Answer:

```
Minutes: 10 | 20 | 30  
Steps:  100 | 200 | 300
```

Let me know if you'd like to explore different assumptions or patterns!"
"Functional relationships (patterns and structures)","Allocations and proportionality","D","A student scores 18 out of 20 on a quiz. What’s the score out of 100?","To convert the student's score of **18 out of 20** into a score **out of 100**, you can use a simple proportion or multiplication.

---

### Step-by-step:

You want to find what **18 out of 20** is equivalent to **""x out of 100""**.

#### Method 1: Using Proportion

$$
\frac{18}{20} = \frac{x}{100}
$$

Now solve for $ x $ by cross-multiplying:

$$
x = \frac{18 \times 100}{20}
$$

$$
x = \frac{1800}{20} = 90
$$

---

### ✅ Final Answer:
The student's score out of 100 is **90**.

So, **18 out of 20 = 90 out of 100**.

Let me know if you want to convert it to a letter grade or percentage too!"
"Functional relationships (patterns and structures)","Allocations and proportionality","D","If 10 apples weigh 2 kg, how much do 25 apples weigh?","To solve the problem:

> **""If 10 apples weigh 2 kg, how much do 25 apples weigh?""**

You can use **proportional reasoning**. Here's a step-by-step explanation:

---

### Step 1: Find the weight of one apple

If 10 apples weigh 2 kg, then:

$$
\text{Weight of 1 apple} = \frac{2\ \text{kg}}{10} = 0.2\ \text{kg}
$$

---

### Step 2: Multiply the weight of one apple by 25

Now that you know one apple weighs 0.2 kg, find the weight of 25 apples:

$$
\text{Weight of 25 apples} = 25 \times 0.2\ \text{kg} = 5\ \text{kg}
$$

---

### ✅ Final Answer:
**25 apples weigh 5 kg.**

---

Alternatively, you can solve it using a proportion:

$$
\frac{10\ \text{apples}}{2\ \text{kg}} = \frac{25\ \text{apples}}{x\ \text{kg}}
$$

Cross-multiply:

$$
10x = 50 \quad \Rightarrow \quad x = \frac{50}{10} = 5
$$

So again, **25 apples weigh 5 kg**."
"Functional relationships (patterns and structures)","Allocations and proportionality","D","Is the relationship y = 3x proportional?","!!!!"
"Functional relationships (patterns and structures)","Allocations and proportionality","D","The time taken to complete a job is inversely proportional to the number of workers. If 3 workers finish in 12 hours, how long for 6 workers?","This is a classic **inverse proportion** problem.

---

### 📌 **Key Idea:**
> ""The time taken to complete a job is inversely proportional to the number of workers.""

This means:
- If you **increase** the number of workers, the time needed to finish the job **decreases**, and vice versa.
- Mathematically:  
  $$
  \text{Time} \propto \frac{1}{\text{Number of workers}}
  $$

Or we can write:

$$
\text{Time} \times \text{Number of workers} = \text{Constant}
$$

---

### 🔢 Given:
- 3 workers take 12 hours to finish the job.
- You want to find how long it will take **6 workers** to do the same job.

---

### ✅ Step-by-step Solution:

Let’s first calculate the total amount of work in terms of **worker-hours**:

$$
\text{Total work} = 3 \text{ workers} \times 12 \text{ hours} = 36 \text{ worker-hours}
$$

This means the job requires **36 worker-hours** to be completed.

Now, if you have **6 workers**, then:

$$
\text{Time} = \frac{\text{Total work}}{\text{Number of workers}} = \frac{36}{6} = 6 \text{ hours}
$$

---

### ✅ Final Answer:
> It will take **6 workers** **6 hours** to complete the job.

---

### 💡 Summary:
- More workers → Less time (inversely proportional)
- Total work = constant = workers × time
- Use this to solve for unknown time or number of workers."
"Functional relationships (patterns and structures)","Allocations and proportionality","D","A job pays €240 for 8 hours of work. How much is earned in 5 hours at the same rate?","To solve this task, you need to find out how much is earned **per hour**, and then multiply that hourly rate by the number of hours worked (in this case, 5 hours).

---

### Step-by-step:

#### **Step 1: Find the hourly rate**
You are given:
- Total pay for 8 hours = €240  
- So, hourly rate = €240 ÷ 8 hours

$$
\text{Hourly rate} = \frac{240}{8} = €30 \text{ per hour}
$$

---

#### **Step 2: Multiply the hourly rate by 5 hours**

$$
\text{Earnings for 5 hours} = 30 \times 5 = €150
$$

---

### ✅ Final Answer:
**€150** is earned in 5 hours at the same rate.

Let me know if you want to see this solved using proportions instead!"
"Functional relationships (patterns and structures)","Allocations and proportionality","D","Is the relationship between speed and time (for fixed distance) direct or inverse proportion? Explain.","!!!!"
"Functional relationships (patterns and structures)","Allocations and proportionality","E","A worker earns €12 per hour. Write an equation in the form y = kx to represent total earnings","To solve this task, you need to write an equation that represents how much money the worker earns based on the number of hours worked.

### Step-by-step:

- The worker earns **€12 per hour**.
- Let **x** represent the number of **hours worked**.
- Let **y** represent the **total earnings**.
- Since the earnings are directly proportional to the number of hours worked, we can use the direct variation equation:  
  $$
  y = kx
  $$
  where **k** is the constant of proportionality — in this case, the hourly wage.

### Plug in the known value:
- The hourly wage is €12, so **k = 12**

### Final Equation:
$$
y = 12x
$$

---

### What this means:
- For every value of **x** (hours worked), multiply it by 12 to get **y** (total earnings).
- Example: If the worker works 5 hours, then $ y = 12 \times 5 = €60 $

✅ So the equation is: **$ y = 12x $**"
"Functional relationships (patterns and structures)","Allocations and proportionality","E","Plot the values (1, 2), (2, 4), (3, 6), (4, 8). Is this a proportional relationship? What is the value of k?","Sure! Let's walk through the task step by step:

---

### **Task:**
Plot the values (1, 2), (2, 4), (3, 6), (4, 8).  
Then determine:
1. Is this a **proportional relationship**?
2. What is the value of **k**?

---

## **Step 1: Understanding the Data**

You are given four coordinate pairs:

- (1, 2)
- (2, 4)
- (3, 6)
- (4, 8)

Each pair is in the form **(x, y)**.

---

## **Step 2: Plotting the Points**

To plot these points on a graph:

1. Draw an x-axis (horizontal) and y-axis (vertical).
2. Mark the x-values along the horizontal axis: 1, 2, 3, 4.
3. Mark the y-values up the vertical axis: 2, 4, 6, 8.
4. For each point:
   - Go to the x-value, then move up to the corresponding y-value.
   - Place a dot at that location.

If you connect the dots, they should form a straight line through the origin.

---

## **Step 3: Determine if It’s a Proportional Relationship**

A **proportional relationship** has two key characteristics:

1. The graph is a **straight line that passes through the origin (0, 0)**.
2. There exists a constant **k**, such that:
   $$
   y = k \cdot x
   $$

Let’s test the data:

Check if there's a consistent multiplier from x to y:

- When x = 1 → y = 2 → 2 ÷ 1 = **2**
- When x = 2 → y = 4 → 4 ÷ 2 = **2**
- When x = 3 → y = 6 → 6 ÷ 3 = **2**
- When x = 4 → y = 8 → 8 ÷ 4 = **2**

✅ All ratios are equal → This **is** a proportional relationship.

---

## **Step 4: Find the Constant of Proportionality (k)**

In a proportional relationship:

$$
y = k \cdot x
$$

We can solve for **k** using any (x, y) pair:

$$
k = \frac{y}{x} = \frac{2}{1} = 2
$$

So, the equation becomes:

$$
y = 2x
$$

✅ **k = 2**

---

## ✅ Final Answers:

- **Yes**, this is a proportional relationship.
- The **constant of proportionality (k)** is **2**.
- The relationship follows the equation:  
  $$
  y = 2x
  $$

Let me know if you'd like help drawing the graph or visualizing it!"
"Functional relationships (patterns and structures)","Allocations and proportionality","E","Write an equation in the form y = kx if 7 notebooks cost €21","To solve this task and write an equation in the form **y = kx**, let's break it down step by step.

---

### 📌 Task:  
Write an equation in the form **y = kx** if **7 notebooks cost €21**.

---

### ✅ Step 1: Understand what y = kx means

The equation **y = kx** represents a **direct variation**, where:

- **y** is the dependent variable (in this case, total cost),
- **x** is the independent variable (in this case, number of notebooks),
- **k** is the constant of proportionality (also like the ""price per notebook"").

---

### ✅ Step 2: Identify what x and y represent

Let’s define:

- **x** = number of notebooks
- **y** = total cost in euros

From the problem:

> 7 notebooks cost €21

This means when **x = 7**, then **y = 21**

---

### ✅ Step 3: Find the constant of proportionality **k**

Use the formula:

$$
k = \frac{y}{x}
$$

Plug in the values:

$$
k = \frac{21}{7} = 3
$$

So each notebook costs **€3**.

---

### ✅ Step 4: Write the equation

Now that we know **k = 3**, plug it into the equation:

$$
\boxed{y = 3x}
$$

---

### 🧾 Final Answer:

> The equation in the form **y = kx** is:  
> $$
> \boxed{y = 3x}
> $$

Where:
- **x** = number of notebooks
- **y** = total cost in euros
- **3** = cost per notebook (constant of proportionality)"
"Functional relationships (patterns and structures)","Allocations and proportionality","E","Describe how the graph of y = 2x compares to y = 0.5x in terms of steepness and meaning","To solve this task, you need to **compare the graphs of two linear equations**:  
- $ y = 2x $  
- $ y = 0.5x $

Let’s break down what this means and how to approach it.

---

### 🔹 Step 1: Understand What the Equations Represent

Both equations are in the **slope-intercept form** of a line:

$$
y = mx + b
$$

Where:
- $ m $ is the **slope** (how steep the line is)
- $ b $ is the **y-intercept** (where the line crosses the y-axis)

In both equations:
- The y-intercept $ b = 0 $, so both lines pass through the origin (0, 0).
- The only difference is the **slope** $ m $.

---

### 🔹 Step 2: Compare Steepness

The **slope** tells us how steep a line is.

- For $ y = 2x $, the slope is **2**.
- For $ y = 0.5x $, the slope is **0.5**.

👉 **A larger slope means a steeper line.**

So:
- The graph of $ y = 2x $ is **steeper** than $ y = 0.5x $.
- The graph of $ y = 0.5x $ is **flatter** or less steep.

You can also think about what the slope means numerically:
- In $ y = 2x $: For every 1 unit increase in $ x $, $ y $ increases by 2 units.
- In $ y = 0.5x $: For every 1 unit increase in $ x $, $ y $ increases by only 0.5 units.

---

### 🔹 Step 3: Explain the Meaning

Now connect the idea of steepness to **meaning** — what does that look like in real-world terms?

Imagine these equations represent something like:

- Distance traveled over time
- Money earned over hours worked
- Growth of a plant over days

Then:
- A **steeper slope** (like 2) means things are increasing **faster**.
- A **shallower slope** (like 0.5) means things are increasing **more slowly**.

So, in terms of meaning:
- If $ x $ represents time and $ y $ represents distance, then $ y = 2x $ would mean moving at **twice the speed** of $ y = 0.5x $.
- If $ x $ represents hours worked and $ y $ represents pay, then $ y = 2x $ gives **more money per hour** than $ y = 0.5x $.

---

### ✅ Final Answer Example:

> The graph of $ y = 2x $ is **steeper** than the graph of $ y = 0.5x $. This means that for every unit increase in $ x $, the value of $ y $ increases more rapidly in $ y = 2x $ compared to $ y = 0.5x $. In practical terms, if these equations represented relationships like speed or growth, $ y = 2x $ would indicate a **faster rate of change** than $ y = 0.5x $.

---

Let me know if you want help visualizing the graphs or applying this to a specific real-life example!"
"Functional relationships (patterns and structures)","Allocations and proportionality","F","6 printers working 5 hours a day finish a job in 4 days. How many days would 10 printers need if they work 3 hours a day?","To solve this type of problem, we use the concept of **total work** in terms of **printer-hours**, which is a way to measure how much total effort went into completing the job.

---

### Step 1: Understand the total work done

You're told:

- 6 printers
- Work 5 hours per day
- For 4 days

So, calculate the **total printer-hours** required to complete the job:

$$
\text{Total work} = 6 \text{ printers} \times 5 \text{ hours/day} \times 4 \text{ days} = 120 \text{ printer-hours}
$$

So, the entire job requires **120 printer-hours**.

---

### Step 2: Find how many days are needed for 10 printers working 3 hours/day

Now you have:

- 10 printers
- Working 3 hours per day
- Need to find number of days (let's call it $ x $)

We know that:

$$
\text{Printer-hours per day} = 10 \times 3 = 30 \text{ printer-hours/day}
$$

Set up the equation:

$$
30 \text{ printer-hours/day} \times x \text{ days} = 120 \text{ printer-hours}
$$

Solve for $ x $:

$$
x = \frac{120}{30} = 4
$$

---

### ✅ Final Answer:
**10 printers working 3 hours a day would need 4 days** to finish the job.

---

### Bonus Tip:
This kind of problem uses the idea of **inverse proportionality**: more workers (printers) or more time per day means less time needed to complete the task. You can also use formulas like:

$$
\frac{P_1 \cdot H_1 \cdot D_1}{W} = \frac{P_2 \cdot H_2 \cdot D_2}{W}
$$

Where:
- $ P $ = number of printers
- $ H $ = hours per day
- $ D $ = days
- $ W $ = amount of work (constant in both cases)

Let me know if you want to see how that formula works!"
"Functional relationships (patterns and structures)","Allocations and proportionality","F","In a lab, 3 chemical solutions are mixed in a ratio 2:3:5. If the total volume is 1 liter, how many mL of each solution are used?","To solve this problem, you need to determine how much of each solution (in milliliters) is used when they are mixed in the ratio **2:3:5**, and the total volume is **1 liter**.

---

### **Step 1: Understand the Ratio**
The solutions are mixed in a ratio of:

- Solution A : 2 parts  
- Solution B : 3 parts  
- Solution C : 5 parts

So, the **total number of parts** = 2 + 3 + 5 = **10 parts**

---

### **Step 2: Convert Total Volume to Milliliters**
Since 1 liter = **1000 mL**, the total volume of the mixture is **1000 mL**.

---

### **Step 3: Find How Much 1 Part Equals**
If 10 parts = 1000 mL, then:

$$
1 \text{ part} = \frac{1000}{10} = 100 \text{ mL}
$$

---

### **Step 4: Calculate Volume of Each Solution**
Now multiply each part of the ratio by 100 mL:

- Solution A: $2 \times 100 = 200$ mL  
- Solution B: $3 \times 100 = 300$ mL  
- Solution C: $5 \times 100 = 500$ mL

---

### ✅ Final Answer:
- **Solution A**: **200 mL**  
- **Solution B**: **300 mL**  
- **Solution C**: **500 mL**

These add up to 1000 mL (or 1 liter), so the answer checks out!"
"Functional relationships (patterns and structures)","Allocations and proportionality","F","A water tank is filled in 12 minutes using 3 identical taps. How long would it take using 5 taps?","Sure! Let's break this problem down step by step.

---

### **Given:**
- 3 identical taps fill a water tank in **12 minutes**.
- You want to know how long it would take to fill the same tank using **5 taps**.

---

## ✅ Step 1: Understand the Work Rate

Let’s define the **rate** at which the taps fill the tank.

We can say that:
- If **3 taps** fill the tank in **12 minutes**, then together, they do **1 job (filling the tank)** in 12 minutes.

So, the **combined rate** of 3 taps is:

$$
\text{Rate of 3 taps} = \frac{1 \text{ tank}}{12 \text{ minutes}}
$$

Therefore, the **rate of 1 tap** is:

$$
\text{Rate of 1 tap} = \frac{1}{3} \times \frac{1}{12} = \frac{1}{36} \text{ tanks per minute}
$$

---

## ✅ Step 2: Find the Rate for 5 Taps

Now, if one tap fills $\frac{1}{36}$ of the tank per minute, then 5 taps together have a combined rate of:

$$
\text{Rate of 5 taps} = 5 \times \frac{1}{36} = \frac{5}{36} \text{ tanks per minute}
$$

---

## ✅ Step 3: Calculate Time to Fill 1 Tank with 5 Taps

To find the time it takes for 5 taps to fill **1 full tank**, we use:

$$
\text{Time} = \frac{1 \text{ tank}}{\text{Rate of 5 taps}} = \frac{1}{\frac{5}{36}} = \frac{36}{5} \text{ minutes}
$$

$$
\frac{36}{5} = 7.2 \text{ minutes}
$$

---

## ✅ Final Answer:

> It would take **7.2 minutes** (or **7 minutes and 12 seconds**) to fill the tank using **5 taps**.

---

If you'd like, I can explain this using a simpler method too — like ratios or proportionally reasoning it out. Just ask!"
"Functional relationships (patterns and structures)","Allocations and proportionality","G","Two variables satisfy y = kx; if y = 12 and x = 3, find k and rewrite the equation","You're given the equation:

$$
y = kx
$$

This means that $ y $ is directly proportional to $ x $, and $ k $ is the constant of proportionality.

### Step 1: Plug in the known values  
You're told that when $ y = 12 $, then $ x = 3 $. So substitute these into the equation:

$$
12 = k \cdot 3
$$

### Step 2: Solve for $ k $  
To find $ k $, divide both sides of the equation by 3:

$$
k = \frac{12}{3} = 4
$$

### Step 3: Rewrite the equation  
Now that you know $ k = 4 $, plug it back into the original equation:

$$
y = 4x
$$

---

### ✅ Final Answer:
- **Value of $ k $:** $ k = 4 $
- **Rewritten equation:** $ y = 4x $

Let me know if you'd like to graph this or explore more examples!"
"Functional relationships (patterns and structures)","Allocations and proportionality","G","A graph passes through (0, 0) and (3, 6); determine if it shows proportionality","To determine if a graph **shows proportionality**, you need to check whether the relationship between the variables (usually $ x $ and $ y $) is **directly proportional**.

---

### ✅ **What is a directly proportional relationship?**

A relationship is **proportional** if:

- It can be written in the form:  
  $$
  y = kx
  $$
  where $ k $ is a constant.
- The graph of this relationship is a **straight line that passes through the origin (0, 0)**.

So for a graph or set of points to represent a proportional relationship:
1. The points must lie on a straight line.
2. That line must pass through the point **(0, 0)** — which you already know it does, since the graph passes through (0, 0).
3. There must be a **constant rate of change (slope)** between any two points.

---

### 🔍 Your Task:
You are given two points:
- $ (0, 0) $
- $ (3, 6) $

Let’s analyze these.

---

### Step 1: Find the slope between the two points

Use the **slope formula**:
$$
m = \frac{y_2 - y_1}{x_2 - x_1}
$$

Using $ (x_1, y_1) = (0, 0) $ and $ (x_2, y_2) = (3, 6) $:

$$
m = \frac{6 - 0}{3 - 0} = \frac{6}{3} = 2
$$

So the slope is 2.

---

### Step 2: Write the equation of the line

Since it goes through the origin and has slope 2, the equation is:

$$
y = 2x
$$

This fits the form $ y = kx $, which confirms **proportionality**.

---

### ✅ Final Answer:
Yes, the graph **does show proportionality**, because:
- It passes through the origin.
- It has a constant slope (rate of change).
- Its equation is of the form $ y = kx $, with $ k = 2 $.

---

### 📌 Summary:
To determine if a graph shows proportionality:
- Check if it's a straight line.
- Check if it passes through the origin.
- Check if the ratio $ \frac{y}{x} $ is constant.

In your case, all three conditions are satisfied. ✔️"
"Functional relationships (patterns and structures)","Allocations and proportionality","H","Quantity y varies jointly with x and z; if y = 24 when x = 2 and z = 3, find y when x = 4 and z = 5","To solve this problem, you need to understand what **""varies jointly""** means.

### 📌 Definition:
> If **y varies jointly with x and z**, it means that y is directly proportional to the product of x and z.  
This can be written as:

$$
y = kxz
$$

Where:
- $ k $ is the **constant of proportionality**
- $ x $ and $ z $ are variables
- $ y $ depends on both $ x $ and $ z $

---

### 🔢 Step-by-step Solution:

You're told:

- $ y = 24 $ when $ x = 2 $ and $ z = 3 $

So plug those values into the equation to find $ k $:

$$
24 = k \cdot 2 \cdot 3
$$
$$
24 = 6k
$$
$$
k = \frac{24}{6} = 4
$$

Now that we know $ k = 4 $, the general formula becomes:

$$
y = 4xz
$$

---

### ✅ Now use the formula to find y when $ x = 4 $ and $ z = 5 $:

$$
y = 4 \cdot 4 \cdot 5 = 4 \cdot 20 = 80
$$

---

### ✅ Final Answer:
$$
\boxed{80}
$$

Let me know if you want to see a graph or further explanation!"
"Functional relationships (patterns and structures)","Allocations and proportionality","H","The brightness of a bulb is inversely proportional to the square of distance; find brightness at 3 m if it’s 100 units at 1 m","You're given that the **brightness of a bulb is inversely proportional to the square of the distance** from the bulb. This follows the **inverse square law**, which often applies to light, sound, and gravitational intensity.

---

### Step-by-step explanation:

#### 1. **Understand what ""inversely proportional to the square of the distance"" means:**

This means:

$$
\text{Brightness} \propto \frac{1}{\text{distance}^2}
$$

Or using a formula:

$$
B = \frac{k}{d^2}
$$

Where:
- $ B $ = brightness
- $ d $ = distance
- $ k $ = constant of proportionality

---

#### 2. **Use the given values to find the constant $ k $:**

You're told:
- Brightness $ B_1 = 100 $ units at distance $ d_1 = 1 $ meter.

Plug into the equation:

$$
100 = \frac{k}{1^2} \Rightarrow k = 100
$$

---

#### 3. **Find the brightness at 3 meters:**

Now use the same formula with $ d_2 = 3 $ m and $ k = 100 $:

$$
B_2 = \frac{100}{3^2} = \frac{100}{9} \approx 11.11 \text{ units}
$$

---

### ✅ Final Answer:
The brightness at 3 meters is **approximately 11.11 units**.

Let me know if you want to solve similar problems or understand why this law works!"
"Functional relationships (patterns and structures)","Linear and other simple functions","B","Complete the table using the rule: add 3.
 Input: 1 2 3 4 → Output: ___ ___ ___ ___","To solve this task, you need to **apply the rule: ""add 3""** to each number in the input row of the table.

### Here's how you do it step by step:

#### Given:
- **Input:** 1 2 3 4
- **Rule:** Add 3 to each input number.
- **Output:** ? ? ? ?

---

### Step-by-step calculations:

1. **Input = 1 → Output = 1 + 3 = 4**
2. **Input = 2 → Output = 2 + 3 = 5**
3. **Input = 3 → Output = 3 + 3 = 6**
4. **Input = 4 → Output = 4 + 3 = 7**

---

### Final Answer:

| Input | 1 | 2 | 3 | 4 |
|-------|---|---|---|---|
| Output| 4 | 5 | 6 | 7 |

Let me know if you want to try another rule! 😊"
"Functional relationships (patterns and structures)","Linear and other simple functions","B","If the rule is x + 5, what is the output for x = 7? ______","To solve this task, you're given a **rule**:  
**x + 5**

This means you take the input value of **x**, and add 5 to it.

Now, you're asked:  
If **x = 7**, what is the output?

### Step-by-step:

1. Start with the rule:  
   $ x + 5 $

2. Substitute (replace) **x** with **7**:  
   $ 7 + 5 $

3. Perform the addition:  
   $ 7 + 5 = 12 $

---

### ✅ Final Answer:
**12**

So, the output for $ x = 7 $ using the rule $ x + 5 $ is **12**."
"Functional relationships (patterns and structures)","Linear and other simple functions","B","Draw a line through the points (1, 3), (2, 4), and (3, 5) on a grid","To **draw a line through the points (1, 3), (2, 4), and (3, 5)** on a grid, you can follow these steps:

---

### ✅ Step-by-Step Instructions:

#### 1. **Understand the Coordinate System**
Each point is in the form **(x, y)**:
- The **x** value tells you how far to move left or right from the origin.
- The **y** value tells you how far to move up or down.

---

#### 2. **Plot the Points on a Grid**

Let’s plot each of the given points:

- **(1, 3):** Move 1 unit to the right and 3 units up.
- **(2, 4):** Move 2 units to the right and 4 units up.
- **(3, 5):** Move 3 units to the right and 5 units up.

Mark each of these locations with a dot.

---

#### 3. **Check If They Lie on a Straight Line**

Let’s see if they lie in a straight pattern:

Look at the change between points:
- From (1, 3) to (2, 4): x increases by 1, y increases by 1.
- From (2, 4) to (3, 5): x increases by 1, y increases by 1.

This shows a **constant rate of change**, so the three points lie on a **straight line**.

---

#### 4. **Find the Equation of the Line (Optional but Helpful)**

Since the points are linear, we can find the equation using the **slope-intercept form**:

##### a. Find the slope (m):
$$
m = \frac{y_2 - y_1}{x_2 - x_1} = \frac{4 - 3}{2 - 1} = 1
$$

##### b. Use one point to find the y-intercept (b):

Using point (1, 3) and slope = 1:
$$
y = mx + b \\
3 = 1(1) + b \Rightarrow b = 2
$$

So the equation is:
$$
\boxed{y = x + 2}
$$

You can use this equation to verify the original points:
- For x = 1: y = 1 + 2 = 3 ✅
- For x = 2: y = 2 + 2 = 4 ✅
- For x = 3: y = 3 + 2 = 5 ✅

---

#### 5. **Draw the Line**

Now that you’ve plotted the three points and verified they lie on a straight line:
- Use a ruler to draw a straight line that passes through all three points.
- Extend the line across the grid in both directions if needed.

---

### 📌 Summary:
- Plot the points (1, 3), (2, 4), and (3, 5).
- Confirm they lie on a straight line (they do!).
- Draw a straight line through them using a ruler.
- Optional: Use the equation $ y = x + 2 $ to double-check or extend the line.

Let me know if you'd like a visual description or help drawing it digitally!"
"Functional relationships (patterns and structures)","Linear and other simple functions","B","Circle the pair that does not follow the rule x + 3: A) (2, 5) B) (4, 7) C) (3, 6) D) (5, 10)","To solve this task, you need to **identify which pair of numbers does *not* follow the rule**:

> **x + 3**

This means:  
For each pair, take the **first number (x)** and add 3 to it. If the result matches the **second number**, then the pair follows the rule.

Let’s test each pair:

---

### A) (2, 5)

- x = 2  
- 2 + 3 = 5 ✅  
✔️ This follows the rule.

---

### B) (4, 7)

- x = 4  
- 4 + 3 = 7 ✅  
✔️ This follows the rule.

---

### C) (3, 6)

- x = 3  
- 3 + 3 = 6 ✅  
✔️ This follows the rule.

---

### D) (5, 10)

- x = 5  
- 5 + 3 = 8 ❌  
✖️ But the second number is **10**, not 8.

---

### ✅ Final Answer:
**D) (5, 10)** does **not** follow the rule **x + 3**.

--- 

Let me know if you'd like help with more problems like this!"
"Functional relationships (patterns and structures)","Linear and other simple functions","C","Complete the table for the rule y = x + 3:
    x: 1 | 2 | 3 | 4
    y: ___ | ___ | ___ | ___","To complete the table for the rule **$ y = x + 3 $**, you just need to substitute each value of $ x $ into the equation and calculate the corresponding value of $ y $.

---

### Given:
Rule: **$ y = x + 3 $**  
Table:

$$
\begin{array}{c|c|c|c|c}
x & 1 & 2 & 3 & 4 \\
\hline
y & \_ & \_ & \_ & \_ \\
\end{array}
$$

---

### Step-by-step:

- For $ x = 1 $:  
  $ y = 1 + 3 = 4 $

- For $ x = 2 $:  
  $ y = 2 + 3 = 5 $

- For $ x = 3 $:  
  $ y = 3 + 3 = 6 $

- For $ x = 4 $:  
  $ y = 4 + 3 = 7 $

---

### Completed Table:

$$
\begin{array}{c|c|c|c|c}
x & 1 & 2 & 3 & 4 \\
\hline
y & 4 & 5 & 6 & 7 \\
\end{array}
$$

---

That's it! You simply apply the rule $ y = x + 3 $ to each $ x $-value. Let me know if you'd like to graph this or explore more rules!"
"Functional relationships (patterns and structures)","Linear and other simple functions","C","What is the input if the rule is y = x − 1 and the output is 6?","Sure! Let's break down the problem step by step.

### You're given:
- A **rule (equation)**:  
  $$
  y = x - 1
  $$
- An **output** value:  
  $$
  y = 6
  $$

### Your goal:
Find the **input**, which is the value of $ x $ that gives $ y = 6 $ when plugged into the rule.

---

### Step-by-step solution:

Start with the equation:
$$
y = x - 1
$$

Substitute the known output $ y = 6 $ into the equation:
$$
6 = x - 1
$$

Now solve for $ x $. To isolate $ x $, add 1 to both sides:
$$
6 + 1 = x
$$
$$
x = 7
$$

---

### ✅ Final Answer:
The **input** is $ \mathbf{7} $.

Let me know if you'd like a visual explanation or a real-world example!"
"Functional relationships (patterns and structures)","Linear and other simple functions","C","Complete: If y = x × 3, then x = 4 → y = ___","Sure! Let's break down the task step by step.

You're given the equation:

$$
y = x \times 3
$$

This means: *To find $ y $, multiply $ x $ by 3.*

You're also told:

$$
x = 4
$$

### Step-by-step:
1. Start with the original equation:
   $$
   y = x \times 3
   $$

2. Substitute $ x = 4 $ into the equation:
   $$
   y = 4 \times 3
   $$

3. Perform the multiplication:
   $$
   y = 12
   $$

### Final Answer:
$$
\boxed{12}
$$

So, when $ x = 4 $, $ y = 12 $."
"Functional relationships (patterns and structures)","Linear and other simple functions","C","A function machine multiplies by 4, then adds 1. What does it output for input 2?","To solve this task, let's break it down step by step.

You're given a **function machine** that performs two operations in order:

1. **Multiplies by 4**
2. **Adds 1**

This means whatever number you input, the machine will first multiply it by 4 and then add 1 to the result.

---

### Step-by-step with input = 2

**Step 1: Multiply by 4**  
$$
2 \times 4 = 8
$$

**Step 2: Add 1**  
$$
8 + 1 = 9
$$

---

### ✅ Final Answer:
The function machine outputs **9** when the input is **2**.

Let me know if you'd like to try more inputs or write this as a formula!"
"Functional relationships (patterns and structures)","Linear and other simple functions","C","If y = x − 5, find y when x = 11","Sure! Let's solve the task step by step.

### Given:
The equation is  
$$
y = x - 5
$$

You are asked to find the value of $ y $ when $ x = 11 $.

---

### Step-by-step solution:

**Step 1:** Start with the equation:  
$$
y = x - 5
$$

**Step 2:** Substitute $ x = 11 $ into the equation:  
$$
y = 11 - 5
$$

**Step 3:** Perform the subtraction:  
$$
y = 6
$$

---

### ✅ Final Answer:
$$
\boxed{6}
$$

Let me know if you'd like more examples or practice problems!"
"Functional relationships (patterns and structures)","Linear and other simple functions","D","Find the slope of the line passing through the points (2, 3) and (6, 7)","To find the **slope** of a line passing through two points, you can use the **slope formula**:

$$
\text{slope} \, (m) = \frac{y_2 - y_1}{x_2 - x_1}
$$

Where:
- $(x_1, y_1)$ and $(x_2, y_2)$ are the coordinates of the two points.

---

### Given Points:
- Point 1: $(x_1, y_1) = (2, 3)$
- Point 2: $(x_2, y_2) = (6, 7)$

---

### Step-by-step Calculation:

1. Identify the values:
   - $x_1 = 2$, $y_1 = 3$
   - $x_2 = 6$, $y_2 = 7$

2. Plug into the slope formula:
   $$
   m = \frac{7 - 3}{6 - 2}
   $$

3. Simplify numerator and denominator:
   $$
   m = \frac{4}{4} = 1
   $$

---

### ✅ Final Answer:
$$
\text{The slope is } \boxed{1}
$$

This means the line rises 1 unit for every 1 unit it moves to the right — a diagonal line at a 45° angle."
"Functional relationships (patterns and structures)","Linear and other simple functions","D","Find the y-intercept of the line y = −2x + 7","To find the **y-intercept** of a line, you're looking for the point where the line crosses the **y-axis**.

### Key Concept:
At the **y-intercept**, the value of **x is 0**. So to find it, you simply substitute **x = 0** into the equation of the line and solve for **y**.

---

### Given Line:
$$
y = -2x + 7
$$

### Step-by-step:

1. Substitute $ x = 0 $ into the equation:
   $$
   y = -2(0) + 7
   $$

2. Simplify:
   $$
   y = 0 + 7 = 7
   $$

---

### Final Answer:
The **y-intercept** is at the point:
$$
(0, 7)
$$

So, the line crosses the y-axis at **y = 7**.

Let me know if you'd like help finding the x-intercept too!"
"Functional relationships (patterns and structures)","Linear and other simple functions","D","Two lines are given: y = 2x + 3 and y = 2x − 1. Are they parallel? Why?","To determine whether the two lines given by the equations

- $ y = 2x + 3 $  
- $ y = 2x - 1 $

are **parallel**, we need to understand a basic rule about the **slopes** of lines.

---

### ✅ Step 1: Understand the concept
Two lines are **parallel** if and only if they have the **same slope** but different **y-intercepts**.

The general form of a line is:

$$
y = mx + b
$$

Where:
- $ m $ is the **slope**
- $ b $ is the **y-intercept**

---

### ✅ Step 2: Compare the slopes and y-intercepts

Let’s look at both equations:

1. $ y = 2x + 3 $
   - Slope ($ m_1 $) = 2
   - y-intercept ($ b_1 $) = 3

2. $ y = 2x - 1 $
   - Slope ($ m_2 $) = 2
   - y-intercept ($ b_2 $) = -1

---

### ✅ Step 3: Make your decision

- The **slopes are equal**: $ m_1 = m_2 = 2 $
- The **y-intercepts are different**: $ b_1 \ne b_2 $

So, these lines have the same slope but different intercepts — which means:

---

### ✅ Final Answer:

**Yes, the lines are parallel because they have the same slope (2) but different y-intercepts.**

Let me know if you'd like to visualize this or explore what happens when lines are not parallel!"
"Functional relationships (patterns and structures)","Linear and other simple functions","D","Graph the line y = −x + 4 by identifying slope and intercept","To graph the line **y = −x + 4**, you can use the **slope-intercept form** of a line, which is:

$$
y = mx + b
$$

Where:
- $ m $ is the **slope**
- $ b $ is the **y-intercept**

---

### Step 1: Identify the slope and y-intercept

From your equation:

$$
y = -x + 4
$$

This matches the form $ y = mx + b $, so:
- Slope ($ m $) = **−1**
- y-intercept ($ b $) = **4**

That means the line crosses the **y-axis at the point (0, 4)**.

---

### Step 2: Plot the y-intercept

On your graph, plot the point:

$$
(0, 4)
$$

---

### Step 3: Use the slope to find another point

Slope = **−1**, which can also be written as:

$$
\text{slope} = \frac{-1}{1}
$$

This tells you:
- For every **1 unit to the right**, go **down 1 unit**.

Starting from (0, 4):
- Move 1 unit right → x = 1
- Move 1 unit down → y = 3

So, another point on the line is:

$$
(1, 3)
$$

You can keep doing this to get more points:
- From (1, 3), move again 1 right and 1 down → (2, 2)
- Then (3, 1), etc.

Or go backward:
- From (0, 4), go left 1 and up 1 → (-1, 5)

---

### Step 4: Draw the line

Plot the points you found (like (0, 4), (1, 3), (2, 2), etc.), and draw a straight line through them. Make sure to extend the line in both directions with arrows to show it continues infinitely.

---

### ✅ Summary

- **Equation**: y = −x + 4  
- **Slope**: −1  
- **y-intercept**: (0, 4)  
- Use slope to find more points  
- Draw a straight line through them

Let me know if you'd like a visual explanation or how to do this on graph paper!"
"Functional relationships (patterns and structures)","Linear and other simple functions","D","Write the equation of a line with slope 3 and y-intercept 5 in the form y = mx + b","To write the equation of a line in the form **y = mx + b**, you just need to understand what each part means:

- **m** is the **slope** of the line.
- **b** is the **y-intercept**, where the line crosses the y-axis.

---

### Given:
- Slope (**m**) = 3  
- Y-intercept (**b**) = 5

---

### Step-by-step:
1. Start with the general form:  
   $$
   y = mx + b
   $$

2. Substitute the given values into the equation:  
   $$
   y = (3)x + (5)
   $$

3. Simplify (just writing it cleanly):  
   $$
   y = 3x + 5
   $$

---

### ✅ Final Answer:
$$
\boxed{y = 3x + 5}
$$

That’s the equation of the line with slope 3 and y-intercept 5."
"Functional relationships (patterns and structures)","Linear and other simple functions","E","Table of values shows: (1, 5), (2, 10), (3, 15). Write the equation and interpret the slope.","You're given a table of values:

| x | y |
|---|---|
| 1 | 5 |
| 2 | 10 |
| 3 | 15 |

### Step 1: Identify the type of relationship
Let’s see if there is a **linear relationship** between $ x $ and $ y $. A linear equation has the form:

$$
y = mx + b
$$

Where:
- $ m $ is the **slope**
- $ b $ is the **y-intercept**

---

### Step 2: Calculate the slope (m)
Use two points from the table, for example:  
Point 1: $ (x_1, y_1) = (1, 5) $  
Point 2: $ (x_2, y_2) = (2, 10) $

The formula for slope is:

$$
m = \frac{y_2 - y_1}{x_2 - x_1}
$$

$$
m = \frac{10 - 5}{2 - 1} = \frac{5}{1} = 5
$$

So the slope is **5**.

---

### Step 3: Find the y-intercept (b)
Now plug in one point and the slope into the equation $ y = mx + b $ to solve for $ b $.

Using $ x = 1, y = 5, m = 5 $:

$$
5 = 5(1) + b \\
5 = 5 + b \\
b = 0
$$

---

### Step 4: Write the equation

Now that we know $ m = 5 $ and $ b = 0 $, the equation is:

$$
\boxed{y = 5x}
$$

---

### Step 5: Interpret the slope

The slope is **5**, which means:

> For every **increase of 1 unit in x**, **y increases by 5 units**.

In real-world terms (if this were modeling something like cost vs. quantity, or distance over time), the slope would represent the **rate of change** — how fast y changes with respect to x.

---

### Final Answer:
- **Equation:** $ y = 5x $
- **Slope interpretation:** The slope of 5 means that for each unit increase in $ x $, $ y $ increases by 5."
"Functional relationships (patterns and structures)","Linear and other simple functions","E","Graph the equation y = 2x − 1 for x = −2 to x = 3","To graph the equation **y = 2x − 1** from **x = −2 to x = 3**, follow these steps:

---

### 🔹 Step 1: Understand the Equation
The equation **y = 2x − 1** is a **linear equation** in **slope-intercept form (y = mx + b)**:
- **m = 2**: slope (rise over run)
- **b = -1**: y-intercept (where the line crosses the y-axis)

This means:
- The line crosses the y-axis at (0, -1).
- For every 1 unit you move to the right (increase in x), y increases by 2 units.

---

### 🔹 Step 2: Choose x-values
You're asked to graph it from **x = -2 to x = 3**. Let's pick integer values of x within that range:

| x  | y = 2x − 1 |
|----|------------|
| -2 | 2(-2) − 1 = -5 |
| -1 | 2(-1) − 1 = -3 |
|  0 | 2(0) − 1 = -1 |
|  1 | 2(1) − 1 = 1  |
|  2 | 2(2) − 1 = 3  |
|  3 | 2(3) − 1 = 5  |

So your points are:
- (-2, -5)
- (-1, -3)
- (0, -1)
- (1, 1)
- (2, 3)
- (3, 5)

---

### 🔹 Step 3: Plot the Points
On a coordinate plane:
- Mark each (x, y) point from the table above.
- Make sure to spread out the x-axis from -2 to 3 and the y-axis wide enough to include y-values from -5 to 5.

---

### 🔹 Step 4: Draw the Line
- Connect the plotted points with a **straight line**.
- Since this is a linear equation, the points will always lie perfectly on a straight line.

---

### 📌 Optional Tip: Use the Slope
Start at the y-intercept (0, -1):
- Go **up 2 units** and **right 1 unit** to find the next point → (1, 1)
- Repeat to find more points or go backward: **down 2, left 1**

---

### ✅ Final Result
You'll have a straight line passing through the points we calculated, extending from (-2, -5) to (3, 5).

Let me know if you'd like a visual description or how to do this on graph paper or digitally!"
"Functional relationships (patterns and structures)","Linear and other simple functions","E","A function is defined as f(x) = x/2 – 3. What is f(6)?","To solve this task, you're given a function:

$$
f(x) = \frac{x}{2} - 3
$$

and asked to find the value of $ f(6) $. This means you need to **substitute** $ x = 6 $ into the function and simplify.

### Step-by-step:

1. Start with the function:
   $$
   f(x) = \frac{x}{2} - 3
   $$

2. Replace $ x $ with 6:
   $$
   f(6) = \frac{6}{2} - 3
   $$

3. Simplify the fraction:
   $$
   f(6) = 3 - 3
   $$

4. Subtract:
   $$
   f(6) = 0
   $$

### ✅ Final Answer:
$$
f(6) = 0
$$

Let me know if you'd like to explore more about functions!"
"Functional relationships (patterns and structures)","Linear and other simple functions","E","A cyclist rides 15 km in 1 hour, 30 km in 2 hours, and 45 km in 3 hours. Is this a linear relationship? Write the rule","To determine if the relationship between **time** and **distance** is **linear**, and to find the **rule (equation)** that describes it, we can follow these steps:

---

### 🚴‍♂️ Given:
- In 1 hour → 15 km  
- In 2 hours → 30 km  
- In 3 hours → 45 km

Let’s define:
- Time = $ x $ (in hours)  
- Distance = $ y $ (in km)

So the data points are:
- $ (1, 15) $
- $ (2, 30) $
- $ (3, 45) $

---

## 🔍 Step 1: Check for a Linear Relationship

A linear relationship means that the **rate of change** (or **slope**) between any two points is constant.

Let’s calculate the rate (speed) between each pair of points:

### Between (1, 15) and (2, 30):
$$
\text{Slope} = \frac{30 - 15}{2 - 1} = \frac{15}{1} = 15
$$

### Between (2, 30) and (3, 45):
$$
\text{Slope} = \frac{45 - 30}{3 - 2} = \frac{15}{1} = 15
$$

✅ The slope is the same in both cases → **This is a linear relationship**

---

## ✍️ Step 2: Write the Rule (Equation)

In a linear relationship, the general form is:
$$
y = mx + b
$$
Where:
- $ m $ = slope
- $ b $ = y-intercept (value of $ y $ when $ x = 0 $)

We already found:
- Slope $ m = 15 $

Now plug in one point to solve for $ b $. Use $ (1, 15) $:

$$
15 = 15(1) + b \\
15 = 15 + b \\
b = 0
$$

---

## ✅ Final Answer:

### ✔️ Yes, this is a linear relationship.

### 📏 The rule (equation) is:
$$
\boxed{y = 15x}
$$

Where:
- $ x $ = time in hours
- $ y $ = distance in kilometers

This means the cyclist is riding at a constant speed of **15 km/hour**."
"Functional relationships (patterns and structures)","Linear and other simple functions","E","Graph the function y = |x|. How does it compare to y = x² in shape and symmetry?","Sure! Let's walk through the task **step-by-step**:

---

### **Step 1: Understand the Function y = |x|**

This is the **absolute value function**, defined as:

$$
y = |x| = 
\begin{cases}
x & \text{if } x \geq 0 \\
-x & \text{if } x < 0
\end{cases}
$$

So:
- When $ x $ is positive or zero, $ y = x $
- When $ x $ is negative, $ y = -x $ (which makes it positive)

---

### **Step 2: Graph y = |x|**

To graph this function:

1. Choose some values of $ x $ and calculate $ y = |x| $:

| x | y = |x| |
|---|---------|
| -3 | 3      |
| -2 | 2      |
| -1 | 1      |
| 0  | 0      |
| 1  | 1      |
| 2  | 2      |
| 3  | 3      |

2. Plot these points on a coordinate plane.
3. Connect them with straight lines.

You'll get a **V-shaped graph** that opens upwards, with its vertex at the origin (0, 0).

---

### **Step 3: Compare to y = x²**

Now let's look at the **quadratic function** $ y = x^2 $.

1. Again, choose values of $ x $ and compute $ y = x^2 $:

| x | y = x² |
|---|--------|
| -3 | 9     |
| -2 | 4     |
| -1 | 1     |
| 0  | 0     |
| 1  | 1     |
| 2  | 4     |
| 3  | 9     |

2. Plotting these gives you a **U-shaped curve** called a **parabola**, also opening upwards with its vertex at the origin.

---

### **Step 4: Compare Shape and Symmetry**

#### 🔹 **Shape**
- **y = |x|**: V-shape with two straight arms meeting at the vertex.
- **y = x²**: U-shape (curved), symmetric and smooth around the vertex.

#### 🔹 **Symmetry**
- Both graphs are **symmetric about the y-axis**:
  - For any point $ (a, f(a)) $, there is a corresponding point $ (-a, f(-a)) $ such that $ f(-a) = f(a) $.
  - This is called **even symmetry**: $ f(-x) = f(x) $

So both functions are **even functions**, and their graphs are mirror images across the **y-axis**.

---

### ✅ Final Summary

- The graph of $ y = |x| $ is a **V-shape** made of two straight lines.
- The graph of $ y = x^2 $ is a **U-shape** (parabola) that curves smoothly.
- Both are symmetric about the **y-axis**, but they differ in shape:
  - $ y = |x| $ has sharp corners at the vertex.
  - $ y = x^2 $ is smooth and curved everywhere.

Let me know if you'd like to see a visual sketch or how transformations affect these graphs!"
"Functional relationships (patterns and structures)","Linear and other simple functions","E","Which function grows faster: y = 3x or y = x²? Test using x = 1 to 5","To determine which function grows faster between:

- **y = 3x** (a linear function)  
- **y = x²** (a quadratic function)

you can compare their **output values** as $ x $ increases from **1 to 5**.

---

### Step-by-step approach:

#### Step 1: Plug in each value of $ x $ from 1 to 5 into both functions.

Let’s compute the outputs:

| x | y = 3x | y = x² |
|---|--------|--------|
| 1 | 3(1) = 3 | 1² = 1 |
| 2 | 3(2) = 6 | 2² = 4 |
| 3 | 3(3) = 9 | 3² = 9 |
| 4 | 3(4) = 12 | 4² = 16 |
| 5 | 3(5) = 15 | 5² = 25 |

---

### Step 2: Compare the growth

Now look at how fast each function increases:

- At $ x = 1 $: 3x = 3, x² = 1 → 3x is larger
- At $ x = 2 $: 3x = 6, x² = 4 → 3x still larger
- At $ x = 3 $: 3x = 9, x² = 9 → equal
- At $ x = 4 $: 3x = 12, x² = 16 → x² now larger
- At $ x = 5 $: 3x = 15, x² = 25 → x² continues to grow faster

---

### Step 3: Analyze the trend

As $ x $ increases beyond 3, the **quadratic function $ y = x^2 $** starts growing **faster** than the linear function $ y = 3x $. This is because:

- Linear functions grow by a constant amount per step (here, +3).
- Quadratic functions grow by increasing amounts per step (here, +1, +3, +5, etc.).

So even though $ 3x $ starts out ahead, **$ x^2 $ eventually overtakes and grows faster**.

---

### ✅ Final Answer:

The function **$ y = x^2 $** grows faster than **$ y = 3x $** as $ x $ increases beyond 3.  
For values of $ x \geq 4 $, $ x^2 $ becomes clearly dominant.

Let me know if you'd like to see this graphed or extended for more values!"
"Functional relationships (patterns and structures)","Linear and other simple functions","E","The function y = x² models the area of a square with side length x. Graph the equation then use the plot to find y when x = 1, 2, 3, 4","Sure! Let's break down the task step-by-step.

---

### **Task Summary:**
You're given the function:

$$
y = x^2
$$

This models the **area of a square** with side length $x$. You are asked to:

1. **Graph the equation**.
2. **Use the graph** to estimate the value of $y$ when $x = 1, 2, 3, 4$.

---

## 🔹 Step 1: Understand the Function

The function $y = x^2$ is a **quadratic function**, and its graph is a **parabola** that opens upwards.

- The **input** (or independent variable) is $x$, which represents the side length of the square.
- The **output** (or dependent variable) is $y$, which represents the area of the square.

So, for any value of $x$, the area $y$ is just $x^2$.

---

## 🔹 Step 2: Make a Table of Values

Before drawing the graph, create a table of values for $x$ and $y$:

| $x$ | $y = x^2$ |
|------|------------|
| 0    | 0          |
| 1    | 1          |
| 2    | 4          |
| 3    | 9          |
| 4    | 16         |

These points will help you plot the graph accurately.

---

## 🔹 Step 3: Graph the Equation

Now, plot the points from your table on a coordinate plane:

- Label the horizontal axis as $x$, and the vertical axis as $y$.
- Plot the points:
  - (0, 0)
  - (1, 1)
  - (2, 4)
  - (3, 9)
  - (4, 16)

Then, connect these points with a smooth curve — this is the graph of $y = x^2$.

It should look like a U-shaped curve starting at the origin and curving upward.

---

## 🔹 Step 4: Use the Graph to Find y When x = 1, 2, 3, 4

Once the graph is drawn:

- Locate each $x$ value on the **horizontal axis**.
- Move vertically up until you reach the curve.
- Then move horizontally left or right to read off the corresponding $y$ value.

From the graph (and confirmed by the table), you’ll find:

| $x$ | $y = x^2$ |
|------|------------|
| 1    | 1          |
| 2    | 4          |
| 3    | 9          |
| 4    | 16         |

---

## ✅ Final Answer

When:

- $x = 1$, $y = 1$
- $x = 2$, $y = 4$
- $x = 3$, $y = 9$
- $x = 4$, $y = 16$

These values match the formula $y = x^2$, and can be visually verified using your graph.

---

Let me know if you'd like help drawing the graph digitally or interpreting it further!"
"Functional relationships (patterns and structures)","Linear and other simple functions","F","Translate y = x² three units left and two down. What’s the new equation?","To translate the graph of a function, you apply **shifts** to the original equation. In this case, you want to **translate the parabola** $ y = x^2 $:

- **Three units to the left**
- **Two units down**

---

### Step-by-step:

#### 1. **Horizontal shift (left or right)**

To shift a graph **horizontally**, you **change the input variable** $ x $. The rule is:

- To shift **right** by $ a $ units: replace $ x $ with $ x - a $
- To shift **left** by $ a $ units: replace $ x $ with $ x + a $

So to move **3 units left**, replace $ x $ with $ x + 3 $:

$$
y = (x + 3)^2
$$

---

#### 2. **Vertical shift (up or down)**

To shift a graph **vertically**, you add or subtract from the whole expression:

- To shift **up** by $ b $ units: add $ b $ to the function
- To shift **down** by $ b $ units: subtract $ b $ from the function

So to move the graph **2 units down**, subtract 2:

$$
y = (x + 3)^2 - 2
$$

---

### ✅ Final Answer:
The new equation after translating $ y = x^2 $ three units left and two units down is:

$$
\boxed{y = (x + 3)^2 - 2}
$$

Let me know if you'd like to see a visual explanation or graph!"
"Functional relationships (patterns and structures)","Linear and other simple functions","F","Determine if the table represents a linear function: x: 1, 2, 3, 4 | y: 2, 4, 8, 16","To determine if the table represents a **linear function**, you need to check whether the **rate of change** (or **slope**) between consecutive $ x $ and $ y $ values is **constant**.

---

### Step-by-step:

You're given this table:

| x | 1 | 2 | 3 | 4 |
|---|---|---|---|---|
| y | 2 | 4 | 8 | 16 |

---

### Step 1: Understand what a linear function is

A **linear function** has a constant rate of change. This means that for every unit increase in $ x $, $ y $ changes by the same amount.

This can be checked by calculating the **difference** in $ y $-values ($ \Delta y $) over the difference in $ x $-values ($ \Delta x $), which should be the same for all pairs.

---

### Step 2: Calculate the differences between consecutive $ x $ and $ y $

We'll look at each pair of consecutive points:

1. From $ x = 1 $ to $ x = 2 $:
   - $ \Delta x = 2 - 1 = 1 $
   - $ \Delta y = 4 - 2 = 2 $
   - Rate of change = $ \frac{\Delta y}{\Delta x} = \frac{2}{1} = 2 $

2. From $ x = 2 $ to $ x = 3 $:
   - $ \Delta x = 3 - 2 = 1 $
   - $ \Delta y = 8 - 4 = 4 $
   - Rate of change = $ \frac{4}{1} = 4 $

3. From $ x = 3 $ to $ x = 4 $:
   - $ \Delta x = 4 - 3 = 1 $
   - $ \Delta y = 16 - 8 = 8 $
   - Rate of change = $ \frac{8}{1} = 8 $

---

### Step 3: Analyze the results

The rate of change is **not constant**:
- First interval: 2
- Second interval: 4
- Third interval: 8

Since the rate of change increases, the function is **not linear**.

---

### Step 4: Optional – Identify the pattern

Looking at the $ y $-values:  
$ 2, 4, 8, 16 $ — these are powers of 2.

So this looks like an **exponential function**, specifically $ y = 2^x $.

---

### ✅ Final Answer:

**No**, the table does **not** represent a linear function. The rate of change increases, so it's not linear — it follows an exponential pattern instead."
"Functional relationships (patterns and structures)","Linear and other simple functions","F","The graph of y = f(x) is shifted 3 units up to form y = f(x) + 3. If f(x) = 2x – 4, write the new equation","You're given a function:

$$
f(x) = 2x - 4
$$

You're told that the graph of $ y = f(x) $ is **shifted 3 units up**, which means you add 3 to the output (i.e., to the entire function).

### Step-by-step:
1. Start with the original equation:
   $$
   f(x) = 2x - 4
   $$

2. To shift it **3 units up**, add 3 to the whole function:
   $$
   y = f(x) + 3
   $$

3. Substitute $ f(x) $ into the equation:
   $$
   y = (2x - 4) + 3
   $$

4. Simplify:
   $$
   y = 2x - 1
   $$

---

### ✅ Final Answer:
The new equation is:
$$
\boxed{y = 2x - 1}
$$"
"Functional relationships (patterns and structures)","Linear and other simple functions","F","A population grows linearly from 200 to 500 in 10 years. Another grows exponentially, doubling every 5 years from 200. Which population is larger after 15 years?","Let's break this problem down step by step and figure out **which population is larger after 15 years**.

---

## 🧮 Problem Summary:

- **Population A**: Grows **linearly** from **200 to 500 in 10 years**.
- **Population B**: Grows **exponentially**, **doubling every 5 years**, starting at **200**.
- We want to compare the two populations **after 15 years**.

---

## 🔹 Population A: Linear Growth

### Step 1: Understand linear growth
Linear growth means the population increases by a constant amount each year.

We're told:
- Starts at 200 (at year 0)
- Reaches 500 (at year 10)

### Step 2: Find the yearly increase

$$
\text{Increase over 10 years} = 500 - 200 = 300
$$

$$
\text{Yearly increase} = \frac{300}{10} = 30
$$

### Step 3: Write the formula

$$
P_A(t) = 200 + 30t
$$

Where $ t $ is the number of years since the start.

### Step 4: Find population after 15 years

$$
P_A(15) = 200 + 30 \times 15 = 200 + 450 = 650
$$

✅ So, **Population A = 650 after 15 years**

---

## 🔸 Population B: Exponential Growth

### Step 1: Understand exponential growth

This population **doubles every 5 years**, starting at 200.

So:
- At year 0 → 200
- At year 5 → 400
- At year 10 → 800
- At year 15 → 1600

That’s exponential growth!

### Step 2: Use formula for exponential growth

The general formula when something doubles every fixed period is:

$$
P_B(t) = P_0 \cdot 2^{t/T}
$$

Where:
- $ P_0 = 200 $ (initial value)
- $ T = 5 $ (doubling time)
- $ t = 15 $

$$
P_B(15) = 200 \cdot 2^{15/5} = 200 \cdot 2^3 = 200 \cdot 8 = 1600
$$

✅ So, **Population B = 1600 after 15 years**

---

## ✅ Final Comparison:

- Population A (linear): **650**
- Population B (exponential): **1600**

🟩 **Answer:** The **exponentially growing population** is **larger** after 15 years.

---

## 📌 Key Takeaway:

Even though both populations start at the same size, **exponential growth overtakes linear growth quickly over time**. This is a fundamental concept in math, biology, finance, and many real-world applications.

Let me know if you'd like to see a graph or explore further!"
"Functional relationships (patterns and structures)","Linear and other simple functions","G","Write the equation of a line with slope 4 passing through (1, –2)","To write the **equation of a line** with a given **slope** and that passes through a specific **point**, you can use the **point-slope form** of a line. Here's how to do it step by step:

---

### Step 1: Recall the point-slope form

The **point-slope form** of a line is:

$$
y - y_1 = m(x - x_1)
$$

Where:
- $ m $ is the slope,
- $ (x_1, y_1) $ is a point on the line.

---

### Step 2: Plug in the values

You're told:
- The slope $ m = 4 $
- The point $ (x_1, y_1) = (1, -2) $

Substitute into the formula:

$$
y - (-2) = 4(x - 1)
$$

Simplify:

$$
y + 2 = 4(x - 1)
$$

---

### Step 3: Simplify to slope-intercept form (optional)

Distribute the 4 on the right-hand side:

$$
y + 2 = 4x - 4
$$

Subtract 2 from both sides:

$$
y = 4x - 6
$$

---

### ✅ Final Answer:

The equation of the line is:

$$
\boxed{y = 4x - 6}
$$

Let me know if you'd like this in another form (like standard form)!"
"Functional relationships (patterns and structures)","Linear and other simple functions","G","Determine if the line y = 2x + 1 is parallel to y = 2x – 4","To determine if two lines are **parallel**, you need to compare their **slopes**.

### Step-by-step:

#### 1. Understand the equation of a line:
The general form of a straight line in **slope-intercept form** is:

$$
y = mx + b
$$

Where:
- $ m $ is the **slope** of the line
- $ b $ is the **y-intercept** (where the line crosses the y-axis)

---

#### 2. Identify the slopes of both lines:

Given:
- Line 1: $ y = 2x + 1 $
  - Slope ($ m_1 $) = **2**

- Line 2: $ y = 2x - 4 $
  - Slope ($ m_2 $) = **2**

---

#### 3. Compare the slopes:

- If the **slopes are equal** ($ m_1 = m_2 $), then the lines are **parallel**.
- If the slopes are **not equal**, the lines will intersect at some point and are **not parallel**.

In this case:
- Both lines have slope = **2**
- So, they are **parallel**

---

### ✅ Final Answer:
**Yes, the line $ y = 2x + 1 $ is parallel to the line $ y = 2x - 4 $** because they have the same slope (both have slope = 2)."
"Functional relationships (patterns and structures)","Linear and other simple functions","G","Sketch the piecewise function f(x) = x for x < 2, f(x) = 3 for x ≥ 2","To solve the task of **sketching the piecewise function**  
$$ f(x) = \begin{cases} 
x & \text{if } x < 2 \\
3 & \text{if } x \geq 2 
\end{cases} $$

you can follow these steps:

---

### ✅ Step 1: Understand the Function

This function behaves differently depending on whether $ x $ is **less than 2** or **greater than or equal to 2**.

- For all values **less than 2**, $ f(x) = x $, which is a straight line with slope 1.
- For all values **2 and greater**, $ f(x) = 3 $, which is a constant horizontal line at height 3.

---

### ✅ Step 2: Plot the First Part (f(x) = x for x < 2)

- This is just the line $ y = x $, but **only for values of x less than 2**.
- So you draw a straight line starting from negative infinity up to, **but not including**, the point where $ x = 2 $.
- At $ x = 2 $, this part of the function ends **with an open circle** (because it's not defined there).

Example points:
- When $ x = 0 $, $ f(x) = 0 $
- When $ x = 1 $, $ f(x) = 1 $
- As $ x \to 2^- $, $ f(x) \to 2 $

So plot a line going through those points, ending with an **open circle at (2, 2)**.

---

### ✅ Step 3: Plot the Second Part (f(x) = 3 for x ≥ 2)

- This is a horizontal line at $ y = 3 $, starting at $ x = 2 $ and continuing forever.
- Since this includes $ x = 2 $, we place a **closed (filled) circle at (2, 3)**.

Example points:
- When $ x = 2 $, $ f(x) = 3 $
- When $ x = 3 $, $ f(x) = 3 $
- When $ x = 5 $, $ f(x) = 3 $

So draw a horizontal line starting at $ x = 2 $, beginning with a **filled dot at (2, 3)**.

---

### ✅ Step 4: Combine Both Parts

Now you should have:

- A diagonal line (from bottom left to near point (2,2)) with an **open circle at (2, 2)**
- A horizontal line starting at (2, 3), going right, with a **filled circle at (2, 3)**

---

### 📌 Important Notes:
- There is a **jump discontinuity** at $ x = 2 $. The function jumps from value 2 to 3.
- The function is **not continuous** at $ x = 2 $, but it is defined there as $ f(2) = 3 $.

---

### 🧠 Summary of Sketching Strategy:

| Interval | Rule | Graph Type | Point at x = 2 |
|----------|------|-------------|----------------|
| $ x < 2 $ | $ f(x) = x $ | Line with slope 1 | Open circle at (2, 2) |
| $ x \geq 2 $ | $ f(x) = 3 $ | Horizontal line | Filled circle at (2, 3) |

---

If you'd like, I can help you describe how to sketch this by hand or even provide a text-based graph. Let me know!"
"Functional relationships (patterns and structures)","Linear and other simple functions","H","The line y = 5x + b passes through (2, 11); find b","You're given the equation of a line in **slope-intercept form**:

$$
y = 5x + b
$$

and you're told that this line **passes through the point (2, 11)**. This means when $ x = 2 $, $ y = 11 $. You're asked to find the value of $ b $, which is the **y-intercept** of the line.

---

### Step-by-step:

**1. Substitute the point (2, 11) into the equation:**

$$
y = 5x + b
$$

Substitute $ x = 2 $ and $ y = 11 $:

$$
11 = 5(2) + b
$$

**2. Simplify the right-hand side:**

$$
11 = 10 + b
$$

**3. Solve for $ b $:**

$$
b = 11 - 10 = 1
$$

---

### ✅ Final Answer:
$$
\boxed{b = 1}
$$

So, the full equation of the line is:

$$
\boxed{y = 5x + 1}
$$"
"Functional relationships (patterns and structures)","Linear and other simple functions","H","Determine the domain and range of the rational function f(x) = (3x + 2)⁄(x − 1)","To determine the **domain** and **range** of the rational function  
$$
f(x) = \frac{3x + 2}{x - 1},
$$  
we'll go step by step.

---

### ✅ Step 1: Determine the Domain

The **domain** of a function is the set of all possible input values (x-values) for which the function is defined.

For rational functions like this one, we must avoid **division by zero**, so we need to find any x-value that would make the **denominator zero**.

#### Denominator:
$$
x - 1 = 0 \Rightarrow x = 1
$$

So, the function is **undefined at $ x = 1 $**.

#### Therefore, the domain is:
$$
\text{Domain: } x \in \mathbb{R}, \quad x \ne 1
$$
Or in interval notation:
$$
(-\infty, 1) \cup (1, \infty)
$$

---

### ✅ Step 2: Determine the Range

The **range** is the set of all possible output values (y-values) the function can take.

One way to find the range of a rational function is to **solve for x in terms of y**, then find any restrictions on y.

Let’s start:

$$
y = \frac{3x + 2}{x - 1}
$$

Multiply both sides by $ x - 1 $ to eliminate the denominator:

$$
y(x - 1) = 3x + 2
$$

Now expand the left-hand side:

$$
yx - y = 3x + 2
$$

Bring all terms to one side:

$$
yx - 3x = y + 2
$$

Factor out $ x $ from the left-hand side:

$$
x(y - 3) = y + 2
$$

Now solve for $ x $:

$$
x = \frac{y + 2}{y - 3}
$$

We now look for what values of $ y $ would cause a problem — specifically, when the **denominator becomes zero**.

$$
y - 3 = 0 \Rightarrow y = 3
$$

So, there's **no solution for $ y = 3 $**. That means the function never equals 3.

#### Therefore, the range is:
$$
\text{Range: } y \in \mathbb{R}, \quad y \ne 3
$$
Or in interval notation:
$$
(-\infty, 3) \cup (3, \infty)
$$

---

### ✅ Final Answer:

- **Domain:** $ x \in \mathbb{R},\ x \ne 1 $ or $ (-\infty, 1) \cup (1, \infty) $
- **Range:** $ y \in \mathbb{R},\ y \ne 3 $ or $ (-\infty, 3) \cup (3, \infty) $

---

### 📝 Additional Insight:
This function has:
- A **vertical asymptote** at $ x = 1 $
- A **horizontal asymptote** at $ y = 3 $ (from comparing leading coefficients of numerator and denominator)

These help confirm the domain and range visually if you graph the function.

Let me know if you'd like to see a graph or further explanation!"
"Functional relationships (patterns and structures)","Linear and other simple functions","H","Sketch the graph of the exponential function f(x) = eˣ − 2 and describe its end behavior as x increases","Sure! Let's walk through the task **step-by-step**: sketching the graph of the exponential function  
$$
f(x) = e^x - 2
$$  
and describing its **end behavior** as $ x \to \infty $ (i.e., as $ x $ increases without bound).

---

### 🔹 Step 1: Understand the Parent Function

The function $ f(x) = e^x - 2 $ is a transformation of the **parent exponential function**:
$$
f(x) = e^x
$$

This parent function has the following key characteristics:

- Passes through the point $ (0, 1) $
- Increases rapidly for large positive $ x $
- Approaches zero as $ x \to -\infty $
- Domain: all real numbers ($ (-\infty, \infty) $)
- Range: $ (0, \infty) $

---

### 🔹 Step 2: Apply the Transformation

The function  
$$
f(x) = e^x - 2
$$  
is a **vertical shift down by 2 units**.

So, take the graph of $ e^x $ and move it **down** by 2.

#### New Characteristics After Shifting Down:

- The original point $ (0, 1) $ becomes $ (0, -1) $
- The horizontal asymptote (originally at $ y = 0 $) shifts to $ y = -2 $
- Domain remains all real numbers
- Range becomes $ (-2, \infty) $

---

### 🔹 Step 3: Sketch the Graph

To sketch the graph:

1. Start with the standard shape of $ e^x $: increasing curve passing through $ (0,1) $.
2. Shift this entire graph **down by 2 units**.
   - So every point $ (x, y) $ on $ e^x $ becomes $ (x, y - 2) $
3. Asymptote changes from $ y = 0 $ to $ y = -2 $

You can plot a few key points:

| x | $ e^x $ | $ e^x - 2 $ |
|---|----------|--------------|
| -2 | ~0.135 | ~-1.865 |
| -1 | ~0.368 | ~-1.632 |
| 0 | 1 | -1 |
| 1 | ~2.718 | ~0.718 |
| 2 | ~7.389 | ~5.389 |

Plot these points and draw a smooth curve that approaches the line $ y = -2 $ from above as $ x \to -\infty $, and rises sharply as $ x \to \infty $.

---

### 🔹 Step 4: Describe End Behavior

Now, let’s describe the **end behavior**, especially as $ x \to \infty $.

#### As $ x \to \infty $:

- $ e^x \to \infty $, so $ f(x) = e^x - 2 \to \infty $
- So the function **increases without bound**

#### As $ x \to -\infty $:

- $ e^x \to 0 $, so $ f(x) = e^x - 2 \to -2 $
- So the function **approaches -2** (but never touches it)

---

### ✅ Final Answer Summary

**Graph Description**:
- The graph of $ f(x) = e^x - 2 $ is an exponential growth curve shifted **down by 2 units**
- It has a horizontal asymptote at $ y = -2 $
- It passes through the point $ (0, -1) $

**End Behavior**:
- As $ x \to \infty $, $ f(x) \to \infty $ (function increases without bound)
- As $ x \to -\infty $, $ f(x) \to -2 $ (function approaches the horizontal asymptote)

Let me know if you'd like a visual description or how to sketch this on paper!"
"Functional relationships (patterns and structures)","Linear and other simple functions","H","Show all steps to compute the area under the curve f(x) = 2x from x = 1 to x = 4 using definite integration","To compute the **area under the curve** $ f(x) = 2x $ from $ x = 1 $ to $ x = 4 $ using **definite integration**, follow these steps:

---

### 🔹 Step 1: Understand the Problem

You are asked to find the area between the graph of the function $ f(x) = 2x $ and the x-axis, from $ x = 1 $ to $ x = 4 $. This is done by evaluating the **definite integral** of $ f(x) $ over that interval.

$$
\text{Area} = \int_{1}^{4} 2x \, dx
$$

---

### 🔹 Step 2: Find the Antiderivative (Indefinite Integral)

We need to find a function whose derivative is $ 2x $. That’s the antiderivative of $ 2x $.

Recall the **power rule for integration**:
$$
\int x^n \, dx = \frac{x^{n+1}}{n+1} + C \quad \text{(for } n \ne -1)
$$

Apply this to $ 2x $:

$$
\int 2x \, dx = 2 \int x \, dx = 2 \cdot \frac{x^2}{2} + C = x^2 + C
$$

So, the **antiderivative** of $ 2x $ is $ x^2 $.

---

### 🔹 Step 3: Apply the Fundamental Theorem of Calculus

Use the definite integral formula:

$$
\int_{a}^{b} f(x) \, dx = F(b) - F(a)
$$

Where $ F(x) $ is the antiderivative of $ f(x) $.

Here, $ F(x) = x^2 $, $ a = 1 $, and $ b = 4 $:

$$
\int_{1}^{4} 2x \, dx = F(4) - F(1) = (4)^2 - (1)^2 = 16 - 1 = 15
$$

---

### ✅ Final Answer:

$$
\boxed{15}
$$

This means the **area under the curve** $ f(x) = 2x $ from $ x = 1 $ to $ x = 4 $ is **15 square units**.

---

Let me know if you'd like to see a visual explanation or verify it geometrically!"
"Functional relationships (patterns and structures)","Linear and other simple functions","H","Use the first derivative test to determine where the function f(x) = x⁴ − 8x² increases and decreases","To solve the task **""Use the first derivative test to determine where the function $ f(x) = x^4 - 8x^2 $ increases and decreases""**, follow these step-by-step instructions:

---

### 🔹 Step 1: Understand What You're Looking For

You are trying to determine:
- Where the function is **increasing** (i.e., slope > 0)
- Where the function is **decreasing** (i.e., slope < 0)

This can be done using the **first derivative**, which gives the **slope of the function at any point**.

---

### 🔹 Step 2: Find the First Derivative

Given:
$$
f(x) = x^4 - 8x^2
$$

Differentiate:
$$
f'(x) = \frac{d}{dx}(x^4 - 8x^2) = 4x^3 - 16x
$$

---

### 🔹 Step 3: Find Critical Points

Set the derivative equal to zero to find critical points:

$$
f'(x) = 4x^3 - 16x = 0
$$

Factor:
$$
4x(x^2 - 4) = 0
\Rightarrow 4x(x - 2)(x + 2) = 0
$$

So, the critical points are:
$$
x = -2,\ 0,\ 2
$$

These divide the number line into intervals. We will test each interval to see if the derivative is positive or negative.

---

### 🔹 Step 4: Test Intervals Around Critical Points

The critical points divide the real line into intervals:

1. $ (-\infty, -2) $
2. $ (-2, 0) $
3. $ (0, 2) $
4. $ (2, \infty) $

Choose a test point in each interval and plug it into $ f'(x) = 4x(x - 2)(x + 2) $. Determine the sign of $ f'(x) $ in each interval.

#### Interval 1: $ (-\infty, -2) $ → choose $ x = -3 $
$$
f'(-3) = 4(-3)((-3)-2)((-3)+2) = 4(-3)(-5)(-1) = -60 \quad (\text{Negative})
$$
→ Function is **decreasing**

#### Interval 2: $ (-2, 0) $ → choose $ x = -1 $
$$
f'(-1) = 4(-1)((-1)-2)((-1)+2) = 4(-1)(-3)(1) = 12 \quad (\text{Positive})
$$
→ Function is **increasing**

#### Interval 3: $ (0, 2) $ → choose $ x = 1 $
$$
f'(1) = 4(1)((1)-2)((1)+2) = 4(1)(-1)(3) = -12 \quad (\text{Negative})
$$
→ Function is **decreasing**

#### Interval 4: $ (2, \infty) $ → choose $ x = 3 $
$$
f'(3) = 4(3)((3)-2)((3)+2) = 4(3)(1)(5) = 60 \quad (\text{Positive})
$$
→ Function is **increasing**

---

### 🔹 Step 5: Summarize Results

| Interval        | Sign of $ f'(x) $ | Behavior of $ f(x) $ |
|----------------|---------------------|-------------------------|
| $ (-\infty, -2) $ | Negative             | Decreasing              |
| $ (-2, 0) $       | Positive             | Increasing              |
| $ (0, 2) $        | Negative             | Decreasing              |
| $ (2, \infty) $   | Positive             | Increasing              |

---

### ✅ Final Answer:

- The function **increases** on the intervals:  
  $$
  (-2, 0) \cup (2, \infty)
  $$

- The function **decreases** on the intervals:  
  $$
  (-\infty, -2) \cup (0, 2)
  $$

Let me know if you'd like help graphing this or identifying local extrema!"
"Functional relationships (patterns and structures)","Linear and other simple functions","H","Determine the x-intercepts and asymptotes of the logarithmic function f(x) = ln(x − 2)","To determine the **x-intercepts** and **asymptotes** of the logarithmic function:

$$
f(x) = \ln(x - 2)
$$

we can follow a step-by-step process.

---

### 🔹 Step 1: Understand the Basic Function

The basic natural logarithm function is:

$$
f(x) = \ln(x)
$$

This function has:
- A **vertical asymptote** at $ x = 0 $
- An **x-intercept** at $ x = 1 $ (since $ \ln(1) = 0 $)

Now, your function is:

$$
f(x) = \ln(x - 2)
$$

This is a **horizontal shift** of the basic $ \ln(x) $ graph to the **right by 2 units**.

---

### 🔸 Step 2: Find the Vertical Asymptote

Since the parent function $ \ln(x) $ has a vertical asymptote at $ x = 0 $, shifting it right by 2 gives:

$$
\text{Vertical asymptote at } x = 2
$$

> 📌 This happens because the expression inside the log becomes zero or negative when $ x - 2 \leq 0 $, which is not allowed for real-valued logs.

---

### 🔸 Step 3: Find the x-Intercept

The **x-intercept** occurs when $ f(x) = 0 $, so solve:

$$
\ln(x - 2) = 0
$$

Use the definition of the natural logarithm:

$$
x - 2 = e^0 = 1
\Rightarrow x = 3
$$

✅ So, the **x-intercept is at** $ \boxed{(3, 0)} $

---

### 🔸 Step 4: Check for Horizontal Asymptotes

Logarithmic functions like $ \ln(x - 2) $ do **not have horizontal asymptotes**. They grow slowly as $ x \to \infty $, but they don't approach any finite value.

So:

- ✅ **Vertical asymptote**: $ \boxed{x = 2} $
- ❌ **No horizontal asymptote**

---

### ✅ Final Answer Summary:

- **x-intercept**: $ \boxed{(3, 0)} $
- **Vertical asymptote**: $ \boxed{x = 2} $
- **Domain**: $ x > 2 $ (since the argument of the log must be positive)

Let me know if you'd like to see a graph or more examples!"
"Functional relationships (patterns and structures)","Equations and algebra","B","Make both sides equal: 5 + 5 = ___ + 4","You're given the equation:

**5 + 5 = ___ + 4**

Your task is to fill in the blank so that **both sides of the equation are equal**.

---

### Step-by-step:

1. **Simplify the left side:**
   $$
   5 + 5 = 10
   $$

   So now the equation looks like:
   $$
   10 = \text{___} + 4
   $$

2. **Now solve for the blank:**
   You need to find a number that, when added to 4, gives 10.

   $$
   \text{___} + 4 = 10
   $$

   Subtract 4 from both sides:
   $$
   \text{___} = 10 - 4 = 6
   $$

---

### Final Answer:
$$
5 + 5 = 6 + 4
$$

✅ Both sides equal **10**."
"Functional relationships (patterns and structures)","Equations and algebra","B","Fill in the blank: 5 + ___ = 12","Sure! Let's break down the problem **step by step**.

You're given this equation:

```
5 + ___ = 12
```

### Step 1: Understand what the equation is asking
You need to find a number that, when added to 5, gives you 12.

### Step 2: Use subtraction to solve
To find the missing number, subtract 5 from 12:

```
12 - 5 = 7
```

### Step 3: Fill in the blank
So, the missing number is **7**.

✅ Final Answer:
```
5 + ___ = 12   becomes   5 + 7 = 12
```

Let me know if you'd like to try more problems like this!"
"Functional relationships (patterns and structures)","Equations and algebra","B","I had x apples. I got 3 more, now I have 7. What is x? ______","!!!!"
"Functional relationships (patterns and structures)","Equations and algebra","B","Mia baked x cookies. She gave away 4 and had 6 left. What is x? ______","To solve this task, let's break it down step by step.

### Problem:
Mia baked **x cookies**.  
She **gave away 4** cookies.  
She had **6 left**.

We need to find the value of **x**, which is the number of cookies she originally baked.

---

### Step-by-step:

- Mia started with **x** cookies.
- She gave away **4**, so we subtract:  
  $ x - 4 $
- After giving away 4, she had **6** left:  
  $ x - 4 = 6 $

---

### Solve the equation:

$$
x - 4 = 6
$$

Add 4 to both sides:

$$
x = 6 + 4
$$

$$
x = 10
$$

---

### ✅ Final Answer:
**x = 10**

So, Mia originally baked **10 cookies**."
"Functional relationships (patterns and structures)","Equations and algebra","B","If x = 7, what is x – 3? ______","Sure! Let's solve the expression step by step.

You are given:

> If **x = 7**, what is **x – 3**?

### Step 1: Understand the expression
You have the expression **x – 3**, and you're told that **x = 7**.

### Step 2: Substitute the value of x
Replace **x** with **7** in the expression:

$$
x - 3 = 7 - 3
$$

### Step 3: Perform the subtraction
$$
7 - 3 = 4
$$

### ✅ Final Answer:
$$
\boxed{4}
$$

Let me know if you'd like to try more problems like this!"
"Functional relationships (patterns and structures)","Equations and algebra","C","Solve for x: x + 5 = 12","Sure! Let's go through the steps to solve the equation:

### Equation:
$$
x + 5 = 12
$$

### Goal:
We want to **solve for x**, which means we need to get $ x $ by itself on one side of the equation.

### Step-by-step:

**Step 1: Subtract 5 from both sides**  
To isolate $ x $, we do the opposite of addition, which is subtraction. So we subtract 5 from both sides of the equation:

$$
x + 5 - 5 = 12 - 5
$$

**Step 2: Simplify both sides**

On the left side:  
$$
x + 5 - 5 = x
$$

On the right side:  
$$
12 - 5 = 7
$$

So now the equation is:
$$
x = 7
$$

### ✅ Final Answer:
$$
x = 7
$$

Let me know if you'd like help with more problems like this!"
"Functional relationships (patterns and structures)","Equations and algebra","C","Which value of x makes this true: x ÷ 3 = 4","To solve the equation:

$$
x \div 3 = 4
$$

You want to find the value of **x** that makes this equation true.

### Step-by-step:

The equation says: ""When you divide **x** by 3, you get 4.""

To find **x**, you do the **opposite** of dividing — which is **multiplying**.

So, multiply both sides of the equation by 3:

$$
x \div 3 = 4
$$
$$
x = 4 \times 3
$$
$$
x = 12
$$

### ✅ Final Answer:
$$
\mathbf{x = 12}
$$

This means when **x = 12**, then **12 ÷ 3 = 4**, which is true."
"Functional relationships (patterns and structures)","Equations and algebra","C","If x = 2, solve: x + 4 = ___","Sure! Let's walk through the problem step by step.

### Problem:
If **x = 2**, solve:  
**x + 4 = ___**

---

### Step 1: Understand what is given
You are told that **x = 2**. This means wherever you see the variable **x**, you can replace it with the number **2**.

---

### Step 2: Substitute the value of x into the equation
The expression is:

**x + 4**

Now substitute **2** in place of **x**:

**2 + 4**

---

### Step 3: Perform the addition
Now just do the math:

**2 + 4 = 6**

---

### Final Answer:
**x + 4 = 6**

✅ So, the blank should be filled with **6**.

Let me know if you want to try more problems like this!"
"Functional relationships (patterns and structures)","Equations and algebra","C","Complete the equation: x + x = 16","Sure! Let's solve the equation:

$$
x + x = 16
$$

### Step 1: Combine like terms  
On the left side of the equation, you have two identical terms: **x** and **x**. You can combine them:

$$
x + x = 2x
$$

So now the equation becomes:

$$
2x = 16
$$

### Step 2: Solve for **x**  
To isolate **x**, divide both sides of the equation by 2:

$$
x = \frac{16}{2}
$$

$$
x = 8
$$

---

### ✅ Final Answer:
$$
x = 8
$$

Let me know if you'd like to explore this further!"
"Functional relationships (patterns and structures)","Equations and algebra","D","Solve: 2x + 3 = 11","Sure! Let's walk through how to solve the equation:

### Equation:
$$
2x + 3 = 11
$$

### Step 1: Subtract 3 from both sides  
We want to isolate the term with the variable $ x $, so we get rid of the constant (+3) by subtracting 3 from both sides.

$$
2x + 3 - 3 = 11 - 3
$$

$$
2x = 8
$$

### Step 2: Divide both sides by 2  
Now, to solve for $ x $, divide both sides of the equation by 2:

$$
\frac{2x}{2} = \frac{8}{2}
$$

$$
x = 4
$$

---

### Final Answer:
$$
x = 4
$$

Let me know if you'd like to check the answer or see more examples!"
"Functional relationships (patterns and structures)","Equations and algebra","D","Solve: 4(x − 2) = 12","Sure! Let's walk through how to solve the equation:

### **Equation:**
$$
4(x - 2) = 12
$$

---

### **Step 1: Distribute the 4**
Multiply the number outside the parentheses (which is 4) by each term inside the parentheses.

$$
4(x - 2) = 4 \cdot x - 4 \cdot 2 = 4x - 8
$$

Now your equation looks like this:
$$
4x - 8 = 12
$$

---

### **Step 2: Add 8 to both sides**
We want to isolate the term with $x$, so let's get rid of the $-8$ on the left side by adding 8 to both sides:

$$
4x - 8 + 8 = 12 + 8
$$

Simplifies to:
$$
4x = 20
$$

---

### **Step 3: Divide both sides by 4**
To solve for $x$, divide both sides of the equation by 4:

$$
\frac{4x}{4} = \frac{20}{4}
$$

Simplifies to:
$$
x = 5
$$

---

### ✅ **Final Answer:**
$$
x = 5
$$

Let me know if you'd like to check the answer or see another method!"
"Functional relationships (patterns and structures)","Equations and algebra","D","Simplify 2x+3x=5x","Let's take a look at the expression:

**2x + 3x = 5x**

---

### Step-by-step Explanation:

#### Step 1: Understand what like terms are
- **Like terms** are terms that have the same variable raised to the same power.
- In this case:
  - `2x` means ""2 times x""
  - `3x` means ""3 times x""
  - Both have the same variable `x`, so they are **like terms** and can be combined.

#### Step 2: Combine like terms
- Add the coefficients (the numbers in front of the `x`):
  - `2 + 3 = 5`
- Keep the variable `x` the same.

So,  
**2x + 3x = 5x**

---

### Step 3: Compare both sides
Now you see:
- Left side: `2x + 3x`
- Right side: `5x`

This equation is saying that combining `2x` and `3x` gives `5x`. That’s **true**, so it's more of an identity or a true statement than something to solve like an equation with an unknown.

---

### Final Answer:
✅ The simplified form of `2x + 3x` is **5x**.

Let me know if you were given a different kind of problem — for example, if there was an equation where you had to solve for `x`."
"Functional relationships (patterns and structures)","Equations and algebra","D","Find the missing value: 2x = x + 6","Sure! Let's solve the equation step by step:

### Given Equation:
$$
2x = x + 6
$$

### Step 1: Get all terms with **x** on one side
To do this, subtract **x** from both sides of the equation:

$$
2x - x = x + 6 - x
$$

Simplify both sides:

$$
x = 6
$$

---

### ✅ Final Answer:
$$
x = 6
$$

Let me know if you'd like to check the answer or need help with similar problems!"
"Functional relationships (patterns and structures)","Equations and algebra","E","Solve for x: 5(x – 1) = 3x + 7","Sure! Let's walk through solving the equation step by step:

### Given:
$$
5(x - 1) = 3x + 7
$$

---

### Step 1: Distribute the 5 on the left side
Multiply 5 by both $x$ and $-1$:

$$
5 \cdot x = 5x \\
5 \cdot (-1) = -5
$$

So now the equation is:

$$
5x - 5 = 3x + 7
$$

---

### Step 2: Move all terms with $x$ to one side
Subtract $3x$ from both sides:

$$
5x - 3x - 5 = 7
\Rightarrow 2x - 5 = 7
$$

---

### Step 3: Move constant term to the other side
Add 5 to both sides:

$$
2x - 5 + 5 = 7 + 5 \Rightarrow 2x = 12
$$

---

### Step 4: Solve for $x$
Divide both sides by 2:

$$
x = \frac{12}{2} = 6
$$

---

### ✅ Final Answer:
$$
\boxed{x = 6}
$$

Let me know if you want to check the solution or need more explanation!"
"Functional relationships (patterns and structures)","Equations and algebra","E","Solve the system: x + y = 10 and x – y = 2","To solve the system of equations:

$$
\begin{cases}
x + y = 10 \quad \text{(Equation 1)} \\
x - y = 2 \quad \text{(Equation 2)}
\end{cases}
$$

You can use the **elimination method**, which works well here because the coefficients of $ y $ in the two equations are opposites (+1 and –1). Here's how to do it step-by-step:

---

### Step 1: Add the two equations together

$$
(x + y) + (x - y) = 10 + 2
$$

This simplifies to:

$$
2x = 12
$$

---

### Step 2: Solve for $ x $

$$
x = \frac{12}{2} = 6
$$

---

### Step 3: Substitute $ x = 6 $ into one of the original equations

Use Equation 1: $ x + y = 10 $

$$
6 + y = 10
$$

$$
y = 10 - 6 = 4
$$

---

### ✅ Final Answer:
$$
x = 6, \quad y = 4
$$

So the solution to the system is **(6, 4)**.

Let me know if you'd like to see the substitution method or graphing method too!"
"Functional relationships (patterns and structures)","Equations and algebra","E","A movie ticket costs €x for adults and €y for students. If 3 adults and 2 students pay €40, and 1 adult and 3 students pay €30, find x and y","You're given a system of two equations based on the prices of movie tickets for adults and students. Let's break it down step-by-step.

---

### **Given:**
- A movie ticket costs €**x** for adults and €**y** for students.
- 3 adults and 2 students pay €40:
  $$
  3x + 2y = 40 \quad \text{(Equation 1)}
  $$
- 1 adult and 3 students pay €30:
  $$
  x + 3y = 30 \quad \text{(Equation 2)}
  $$

We need to solve this system of equations to find the values of **x** and **y**.

---

## **Step 1: Use substitution or elimination**

We'll use the **elimination method** here.

We want to eliminate one variable. To eliminate **x**, we can multiply Equation 2 by 3 so that the coefficients of **x** in both equations match:

$$
\text{Equation 2} \times 3: \quad 3x + 9y = 90 \quad \text{(Equation 3)}
$$

Now subtract Equation 1 from Equation 3:

$$
(3x + 9y) - (3x + 2y) = 90 - 40
$$

$$
3x + 9y - 3x - 2y = 50
$$

$$
7y = 50 \Rightarrow y = \frac{50}{7} \approx 7.14
$$

---

## **Step 2: Substitute back to find x**

Now plug $ y = \frac{50}{7} $ into Equation 2:

$$
x + 3\left(\frac{50}{7}\right) = 30
\Rightarrow x + \frac{150}{7} = 30
\Rightarrow x = 30 - \frac{150}{7}
= \frac{210 - 150}{7} = \frac{60}{7} \approx 8.57
$$

---

### ✅ Final Answer:
- Adult ticket price: $ x = \frac{60}{7} \approx €8.57 $
- Student ticket price: $ y = \frac{50}{7} \approx €7.14 $

Let me know if you'd like to see how to solve this using substitution instead!"
"Functional relationships (patterns and structures)","Equations and algebra","E","Two linear functions are given by: f(x) = 2x + 1 and g(x) = –x + 7. Find the x-value where f(x) = g(x) and interpret it graphically","To solve the task **""Find the x-value where $ f(x) = g(x) $""** for the functions:

- $ f(x) = 2x + 1 $
- $ g(x) = -x + 7 $

You're being asked to find the **point of intersection** of these two linear functions — that is, the x-value (and eventually y-value) where both functions have the same output.

---

### ✅ Step-by-step solution:

Set the two functions equal to each other:

$$
f(x) = g(x)
\Rightarrow 2x + 1 = -x + 7
$$

Now solve for $ x $:

#### Step 1: Move all x terms to one side
Add $ x $ to both sides:
$$
2x + x + 1 = 7 \Rightarrow 3x + 1 = 7
$$

#### Step 2: Isolate $ x $
Subtract 1 from both sides:
$$
3x = 6
$$

Divide both sides by 3:
$$
x = 2
$$

---

### ✅ Find the corresponding y-value (optional but useful):

Plug $ x = 2 $ into either function to get the y-value. Let's use $ f(x) = 2x + 1 $:

$$
f(2) = 2(2) + 1 = 4 + 1 = 5
$$

So the point of intersection is at $ (2, 5) $

---

### 📊 Graphical Interpretation:

Graphically, this means:

- The line $ f(x) = 2x + 1 $ has a **slope of 2** and a **y-intercept of 1**
- The line $ g(x) = -x + 7 $ has a **slope of –1** and a **y-intercept of 7**
- These two lines intersect at the point $ (2, 5) $
- At $ x = 2 $, both functions give the same output: $ f(2) = g(2) = 5 $

So visually, if you were to graph both lines on the coordinate plane, they would cross at the point $ (2, 5) $

---

### ✅ Final Answer:

The **x-value where $ f(x) = g(x) $** is:

$$
\boxed{2}
$$

And the graphs of $ f(x) $ and $ g(x) $ intersect at the point $ (2, 5) $."
"Functional relationships (patterns and structures)","Equations and algebra","F","Solve the following equation: 2x² + 5x + 3 = 0 by factoring","To solve the quadratic equation **2x² + 5x + 3 = 0** by **factoring**, follow these steps:

---

### 🔍 Step 1: Identify coefficients
We are given:
$$
2x^2 + 5x + 3 = 0
$$

We want to factor this into two binomials of the form:
$$
(ax + b)(cx + d) = 0
$$

So we need to find numbers $ a, b, c, d $ such that:
- $ a \cdot c = 2 $ (the coefficient of $ x^2 $)
- $ b \cdot d = 3 $ (the constant term)
- The middle term $ 5x $ comes from combining the outer and inner products: $ adx + bcx = (ad + bc)x $

---

### 🧠 Step 2: Find factors of the product of first and last coefficients

Multiply the leading coefficient and the constant:
$$
2 \times 3 = 6
$$

Now look for two numbers that multiply to **6** and add up to the **middle coefficient**, which is **5**.

✅ Those numbers are **2 and 3**, since:
- $ 2 \times 3 = 6 $
- $ 2 + 3 = 5 $

---

### 🔁 Step 3: Split the middle term using those numbers

Rewrite the middle term $ 5x $ as $ 2x + 3x $:
$$
2x^2 + 2x + 3x + 3 = 0
$$

---

### ✂️ Step 4: Factor by grouping

Group the terms in pairs:
$$
(2x^2 + 2x) + (3x + 3) = 0
$$

Factor each group:
$$
2x(x + 1) + 3(x + 1) = 0
$$

Now factor out the common binomial:
$$
(2x + 3)(x + 1) = 0
$$

---

### 📌 Step 5: Use the zero-product property

Set each factor equal to zero:
1. $ 2x + 3 = 0 $ → $ x = -\frac{3}{2} $
2. $ x + 1 = 0 $ → $ x = -1 $

---

### ✅ Final Answer:
$$
\boxed{x = -\frac{3}{2}} \quad \text{or} \quad x = -1
$$

Let me know if you'd like to see how to check the solutions or use the quadratic formula instead!"
"Functional relationships (patterns and structures)","Equations and algebra","F","Simplify: 3(x + 2) – 2(2x – 1)","To simplify the expression:

$$
3(x + 2) - 2(2x - 1)
$$

You need to follow these steps:

---

### **Step 1: Distribute the numbers outside the parentheses**

Multiply each term inside the parentheses by the number in front of it.

- First part:  
  $$
  3(x + 2) = 3 \cdot x + 3 \cdot 2 = 3x + 6
  $$

- Second part:  
  $$
  -2(2x - 1) = -2 \cdot 2x + (-2) \cdot (-1) = -4x + 2
  $$

Now your expression looks like this:
$$
3x + 6 - 4x + 2
$$

---

### **Step 2: Combine like terms**

Group and combine the $ x $-terms and constant terms:

- $ 3x - 4x = -x $
- $ 6 + 2 = 8 $

So, putting it all together:

$$
3(x + 2) - 2(2x - 1) = -x + 8
$$

---

### ✅ Final Answer:
$$
\boxed{-x + 8}
$$"
"Functional relationships (patterns and structures)","Equations and algebra","F","Use the quadratic formula to solve: x² + 6x + 1 = 0","To solve the quadratic equation:

$$
x^2 + 6x + 1 = 0
$$

you can use the **quadratic formula**, which is:

$$
x = \frac{-b \pm \sqrt{b^2 - 4ac}}{2a}
$$

### Step 1: Identify a, b, and c
In any quadratic equation of the form:

$$
ax^2 + bx + c = 0
$$

- $ a = 1 $ (coefficient of $ x^2 $)
- $ b = 6 $ (coefficient of $ x $)
- $ c = 1 $ (constant term)

### Step 2: Plug values into the quadratic formula

$$
x = \frac{-6 \pm \sqrt{6^2 - 4(1)(1)}}{2(1)}
$$

### Step 3: Simplify under the square root (the discriminant)

$$
x = \frac{-6 \pm \sqrt{36 - 4}}{2}
$$
$$
x = \frac{-6 \pm \sqrt{32}}{2}
$$

### Step 4: Simplify the square root

$$
\sqrt{32} = \sqrt{16 \cdot 2} = 4\sqrt{2}
$$

So now:

$$
x = \frac{-6 \pm 4\sqrt{2}}{2}
$$

### Step 5: Simplify the expression

Divide both terms in the numerator by 2:

$$
x = \frac{-6}{2} \pm \frac{4\sqrt{2}}{2} = -3 \pm 2\sqrt{2}
$$

### ✅ Final Answer:

$$
x = -3 + 2\sqrt{2} \quad \text{or} \quad x = -3 - 2\sqrt{2}
$$

Let me know if you want a decimal approximation or a step-by-step explanation of any part!"
"Functional relationships (patterns and structures)","Equations and algebra","G","Simplify: (3x² – 2x + 1) – (x² + 4x – 5)","Sure! Let's walk through how to **simplify** the expression:

$$
(3x^2 - 2x + 1) - (x^2 + 4x - 5)
$$

### Step 1: Distribute the minus sign
Subtracting a whole expression means you need to **distribute the negative sign** (which is the same as multiplying by -1) to **each term inside the second set of parentheses**.

So:

$$
(3x^2 - 2x + 1) - (x^2 + 4x - 5) = (3x^2 - 2x + 1) + (-1)(x^2) + (-1)(4x) + (-1)(-5)
$$

This simplifies to:

$$
3x^2 - 2x + 1 - x^2 - 4x + 5
$$

### Step 2: Combine like terms
Now group and combine the terms that are alike:

- $3x^2 - x^2 = 2x^2$
- $-2x - 4x = -6x$
- $1 + 5 = 6$

### Final Answer:
$$
2x^2 - 6x + 6
$$

Let me know if you want to see this done step-by-step in another way!"
"Functional relationships (patterns and structures)","Equations and algebra","G","Solve the inequality: 5 – 2x > 3","Sure! Let's solve the inequality **5 – 2x > 3** step by step.

---

### Step 1: Subtract 5 from both sides
We want to isolate the term with **x**, so let's move the constant on the left side to the right:

$$
5 - 2x > 3
$$

Subtract 5 from both sides:

$$
-2x > 3 - 5
$$

$$
-2x > -2
$$

---

### Step 2: Divide both sides by -2

Now we want to solve for **x**, so divide both sides by **-2**.  
⚠️ Important rule: **When you divide or multiply both sides of an inequality by a negative number, you must reverse the inequality sign.**

So:

$$
x < \frac{-2}{-2}
$$

$$
x < 1
$$

---

### ✅ Final Answer:
$$
\boxed{x < 1}
$$

This means all values of **x** that are **less than 1** satisfy the inequality.

Let me know if you'd like this explained in words or graphed on a number line!"
"Functional relationships (patterns and structures)","Equations and algebra","H","Solve the following equation: x⁴ − 5x² + 4 = 0","You're given the equation:

$$
x^4 - 5x^2 + 4 = 0
$$

This is a **quartic equation**, but it's also a special type that can be solved using **substitution**. Here's how to solve it step-by-step.

---

### 🔁 Step 1: Use substitution

Let’s make a substitution to simplify the equation:

$$
u = x^2
$$

Then:

$$
x^4 = u^2
$$

Substitute into the original equation:

$$
u^2 - 5u + 4 = 0
$$

Now you have a **quadratic equation** in terms of $ u $.

---

### 🧮 Step 2: Solve the quadratic equation

Use factoring or the quadratic formula. Let's factor this one:

$$
u^2 - 5u + 4 = (u - 4)(u - 1) = 0
$$

So:

$$
u = 4 \quad \text{or} \quad u = 1
$$

---

### 🔁 Step 3: Substitute back to find $ x $

Recall that $ u = x^2 $. So now solve for $ x $ from each value of $ u $:

#### Case 1: $ x^2 = 4 $

$$
x = \pm\sqrt{4} = \pm 2
$$

#### Case 2: $ x^2 = 1 $

$$
x = \pm\sqrt{1} = \pm 1
$$

---

### ✅ Final Answer:

$$
\boxed{x = -2,\ -1,\ 1,\ 2}
$$

These are all the real solutions to the equation $ x^4 - 5x^2 + 4 = 0 $."
"Functional relationships (patterns and structures)","Equations and algebra","H","Write x³ − 27 as a product of factors","To factor the expression $ x^3 - 27 $, you can use a special factoring formula called the **difference of cubes**.

---

### 🔧 **Difference of Cubes Formula:**

$$
a^3 - b^3 = (a - b)(a^2 + ab + b^2)
$$

---

### Step-by-step:

Your expression is:

$$
x^3 - 27
$$

Notice that:

- $ x^3 $ is a cube: $ a^3 $ where $ a = x $
- $ 27 = 3^3 $, so this is a **difference of cubes**

So apply the formula with:

- $ a = x $
- $ b = 3 $

Now plug into the formula:

$$
x^3 - 27 = x^3 - 3^3 = (x - 3)(x^2 + x \cdot 3 + 3^2)
$$

Simplify the second factor:

$$
(x - 3)(x^2 + 3x + 9)
$$

---

### ✅ Final Answer:

$$
x^3 - 27 = (x - 3)(x^2 + 3x + 9)
$$

This is fully factored over the real numbers."
"Functional relationships (patterns and structures)","Equations and algebra","H","Solve the equation with fractions: (x⁄2) + (1⁄3) = (5⁄6)","Sure! Let's solve the equation step by step:

### Given Equation:
$$
\frac{x}{2} + \frac{1}{3} = \frac{5}{6}
$$

---

### Step 1: Eliminate the denominators by finding a common denominator.

The denominators are **2**, **3**, and **6**.  
The **least common denominator (LCD)** is **6**.

We will multiply **every term** in the equation by **6** to eliminate the fractions:

$$
6 \cdot \left( \frac{x}{2} \right) + 6 \cdot \left( \frac{1}{3} \right) = 6 \cdot \left( \frac{5}{6} \right)
$$

Now simplify each term:

- $6 \cdot \frac{x}{2} = 3x$
- $6 \cdot \frac{1}{3} = 2$
- $6 \cdot \frac{5}{6} = 5$

So now the equation becomes:

$$
3x + 2 = 5
$$

---

### Step 2: Solve for $x$

Subtract 2 from both sides:

$$
3x = 5 - 2 = 3
$$

Now divide both sides by 3:

$$
x = \frac{3}{3} = 1
$$

---

### ✅ Final Answer:
$$
x = 1
$$

Let me know if you'd like to check the solution or see it done another way!"
"Functional relationships (patterns and structures)","Equations and algebra","H","Rewrite the fraction 3⁄(2 + √5) so that the denominator has no square root","To rewrite the fraction $\frac{3}{2 + \sqrt{5}}$ so that the **denominator has no square root**, you need to **rationalize the denominator**. This is done by eliminating the square root from the denominator using a technique called **multiplying by the conjugate**.

---

### Step-by-step Process:

#### 1. Identify the conjugate of the denominator:
The denominator is $2 + \sqrt{5}$.  
Its **conjugate** is $2 - \sqrt{5}$.

> Multiplying a binomial by its conjugate gives a difference of squares:  
> $(a + b)(a - b) = a^2 - b^2$

---

#### 2. Multiply numerator and denominator by the conjugate:

$$
\frac{3}{2 + \sqrt{5}} \cdot \frac{2 - \sqrt{5}}{2 - \sqrt{5}}
$$

This doesn't change the value of the expression because you're just multiplying by 1 in disguise.

---

#### 3. Multiply both numerator and denominator:

**Numerator:**
$$
3(2 - \sqrt{5}) = 6 - 3\sqrt{5}
$$

**Denominator (use the difference of squares):**
$$
(2 + \sqrt{5})(2 - \sqrt{5}) = 2^2 - (\sqrt{5})^2 = 4 - 5 = -1
$$

---

#### 4. Put it all together:

$$
\frac{3}{2 + \sqrt{5}} = \frac{6 - 3\sqrt{5}}{-1} = -(6 - 3\sqrt{5}) = -6 + 3\sqrt{5}
$$

Or written more neatly:
$$
= 3\sqrt{5} - 6
$$

---

### ✅ Final Answer:
$$
\boxed{\frac{3}{2 + \sqrt{5}} = 3\sqrt{5} - 6}
$$"
"Functional relationships (patterns and structures)","Other functional relationships","B","If you double 2, then double again, what number do you get?","!!!!"
"Functional relationships (patterns and structures)","Other functional relationships","C","Fill in the blanks: x: 1 | 2 | 3 | 4 | 5 → y: 2 | 4 | 8 | 16 | ___","This task involves identifying the **pattern** or **rule** that transforms the values of $ x $ into the corresponding values of $ y $, then using that rule to determine the missing value in the sequence.

---

### Given:

- Input ($ x $): 1 | 2 | 3 | 4 | 5  
- Output ($ y $): 2 | 4 | 8 | 16 | ___

Let’s look at how each $ x $ maps to $ y $:

| $ x $ | $ y $ |
|--------|--------|
| 1      | 2      |
| 2      | 4      |
| 3      | 8      |
| 4      | 16     |
| 5      | ?      |

---

### Step 1: Identify the Pattern

Look at the outputs:
- $ 2 = 2^1 $
- $ 4 = 2^2 $
- $ 8 = 2^3 $
- $ 16 = 2^4 $

So we can see a pattern:
> $ y = 2^x $

Now plug in $ x = 5 $:

$$
y = 2^5 = 32
$$

---

### ✅ Final Answer:

$$
\boxed{32}
$$

So the completed sequence is:
- $ x $: 1 | 2 | 3 | 4 | 5  
- $ y $: 2 | 4 | 8 | 16 | **32**

Let me know if you'd like help visualizing this or turning it into an equation!"
"Functional relationships (patterns and structures)","Other functional relationships","C","Complete the pattern: 1, 4, 9, 16, ___, ___ (hint: square numbers)","Sure! Let's look at the pattern:

**1, 4, 9, 16, ___, ___**

The hint says ""**square numbers**"", which means each number in the pattern is a square of a whole number.

Let’s break it down:

- **1** = $1^2$
- **4** = $2^2$
- **9** = $3^2$
- **16** = $4^2$

So you can see we are squaring the numbers **1 through 4**.

Following this pattern, the next two square numbers would be:

- $5^2 = 25$
- $6^2 = 36$

### Final Answer:
**1, 4, 9, 16, 25, 36**

Let me know if you'd like to explore more about patterns or sequences!"
"Functional relationships (patterns and structures)","Other functional relationships","D","Identify the pattern: y = 2^x","Sure! Let's break down the task **""Identify the pattern: y = 2^x""** and explain how you can approach it step by step.

---

### 🔍 **Task Explanation: ""Identify the Pattern: y = 2^x""**

This means you're being asked to **understand and describe the relationship between x and y** in the equation:

$$
y = 2^x
$$

In other words, if you plug different values of $ x $ into this equation, what happens to $ y $? What kind of **pattern** does this create?

---

## ✅ Step-by-Step Guide to Solving This Task

### **Step 1: Plug in some values for x**

Start by choosing a few integer values for $ x $, both positive and negative, and calculate the corresponding $ y $ value.

| $ x $ | $ y = 2^x $ |
|--------|---------------|
| -3     | $ 2^{-3} = \frac{1}{8} $ |
| -2     | $ 2^{-2} = \frac{1}{4} $ |
| -1     | $ 2^{-1} = \frac{1}{2} $ |
| 0      | $ 2^0 = 1 $ |
| 1      | $ 2^1 = 2 $ |
| 2      | $ 2^2 = 4 $ |
| 3      | $ 2^3 = 8 $ |
| 4      | $ 2^4 = 16 $ |

---

### **Step 2: Observe the pattern**

From the table above, you can see that:

- As $ x $ increases by 1, $ y $ **doubles**.
- As $ x $ decreases by 1 (into negatives), $ y $ becomes **half** as much.
- At $ x = 0 $, $ y = 1 $. This is a key property of exponents: anything raised to 0 is 1.

So the **pattern** is:
> Every time $ x $ increases by 1, $ y $ gets multiplied by 2.  
> This is called **exponential growth**.

---

### **Step 3: Describe the type of function**

The function $ y = 2^x $ is an **exponential function**, where:

- The base is constant (in this case, 2),
- The exponent is the variable $ x $,
- It grows very quickly as $ x $ increases.

---

### **Step 4: Graph the function (optional)**

If you were to graph this function, you’d see:

- A curve that starts near zero when $ x $ is very negative,
- Crosses through $ (0, 1) $,
- Then rises rapidly as $ x $ becomes positive.

This shape confirms the **exponential growth** pattern.

---

## 🧠 Summary

To **identify the pattern** in $ y = 2^x $:

- Recognize it's an exponential function.
- Use a table of values to observe how $ y $ changes with $ x $.
- Notice that each increase in $ x $ by 1 causes $ y $ to double.
- Describe the pattern in words or visually (e.g., exponential growth).

---

### 📌 Final Answer Example:

> The pattern in the equation $ y = 2^x $ is exponential growth. For every increase of 1 in $ x $, the value of $ y $ doubles. When $ x $ is negative, $ y $ becomes a fraction, decreasing by half for each decrease of 1 in $ x $.

Let me know if you want to explore this further — like comparing it to other exponential functions (like $ y = 3^x $) or logarithmic patterns!"
"Functional relationships (patterns and structures)","Other functional relationships","D","Which graph shows exponential growth: y = 2^x or y = x + 2?","To determine **which graph shows exponential growth** between the two functions:

- $ y = 2^x $
- $ y = x + 2 $

Let's break it down step by step.

---

### 🔍 Step 1: Understand the Types of Functions

#### A. $ y = 2^x $
This is an **exponential function** because the variable $ x $ is in the exponent. The base (2) is a positive number greater than 1.

- As $ x $ increases, $ y $ grows **very quickly** — this is the definition of **exponential growth**.
- Example values:
  - If $ x = 0 $, $ y = 2^0 = 1 $
  - If $ x = 1 $, $ y = 2^1 = 2 $
  - If $ x = 2 $, $ y = 2^2 = 4 $
  - If $ x = 3 $, $ y = 8 $
  - If $ x = 4 $, $ y = 16 $
  - And so on...

> 📈 The graph of $ y = 2^x $ gets **steeper** as $ x $ increases — that’s exponential growth.

---

#### B. $ y = x + 2 $
This is a **linear function** because the variable $ x $ has an exponent of 1.

- It increases at a **constant rate** — for every increase in $ x $ by 1, $ y $ increases by 1.
- Example values:
  - If $ x = 0 $, $ y = 0 + 2 = 2 $
  - If $ x = 1 $, $ y = 1 + 2 = 3 $
  - If $ x = 2 $, $ y = 2 + 2 = 4 $
  - If $ x = 3 $, $ y = 5 $
  - And so on...

> 📉 The graph of $ y = x + 2 $ is a **straight line** — no exponential growth here.

---

### ✅ Final Answer:

The graph that shows **exponential growth** is:

> **$ y = 2^x $**

Because:
- It's an exponential function (variable in the exponent),
- Its values increase rapidly as $ x $ increases,
- The graph becomes steeper over time.

In contrast, $ y = x + 2 $ is linear and does **not** show exponential growth.

---

### 📊 Bonus Tip: How to Spot Exponential Growth on a Graph
Look for:
- A curve (not a straight line)
- Slow growth at first, then a rapid upward rise
- The graph ""taking off"" as $ x $ increases

Let me know if you'd like to see a visual comparison or how to graph these yourself!"
"Functional relationships (patterns and structures)","Other functional relationships","D","What kind of function is y = 3^x — linear, quadratic, or exponential?","To determine whether the function $ y = 3^x $ is **linear**, **quadratic**, or **exponential**, let’s break down what each type of function looks like and how to recognize it.

---

### 🔍 Definitions:

1. **Linear Function**  
   - General form: $ y = mx + b $  
   - The variable $ x $ is to the **first power** (not an exponent).  
   - Graph: A straight line.

2. **Quadratic Function**  
   - General form: $ y = ax^2 + bx + c $  
   - The variable $ x $ is **squared** (has a power of 2).  
   - Graph: A parabola.

3. **Exponential Function**  
   - General form: $ y = ab^x $, where $ b > 0 $ and $ b \neq 1 $  
   - The variable $ x $ is in the **exponent**.  
   - Graph: A curve that grows or decays rapidly.

---

### 🧠 Analyzing Your Function:

You're given:
$$
y = 3^x
$$

- Here, the **base** is 3 (a constant), and the **variable** $ x $ is in the **exponent**.
- This matches the general form of an exponential function: $ y = ab^x $

In this case:
- $ a = 1 $
- $ b = 3 $

---

### ✅ Final Answer:

The function $ y = 3^x $ is an **exponential function**.

---

Let me know if you'd like help graphing it or comparing it to linear or quadratic functions!"
"Functional relationships (patterns and structures)","Other functional relationships","D","Sketch or describe how the graph of y = x² is different from y = 2x.","To understand how the graph of **y = x²** is different from the graph of **y = 2x**, let’s break it down step by step.

---

### 🔹 Step 1: Understand what each equation represents

- **y = x²**: This is a **quadratic equation**. It forms a **parabola** when graphed.
- **y = 2x**: This is a **linear equation**. It forms a **straight line** when graphed.

---

### 🔹 Step 2: Compare their shapes

| Feature              | y = x² (Quadratic)        | y = 2x (Linear)         |
|----------------------|----------------------------|--------------------------|
| Shape                | Parabola (U-shaped curve) | Straight line           |
| Direction            | Opens upward               | Constant slope           |
| Symmetry             | Symmetric about y-axis     | Not symmetric            |

---

### 🔹 Step 3: Look at key points on each graph

Let's plug in some values for **x** and find corresponding **y** values:

#### For y = x²:
| x | y = x² |
|---|--------|
| -2| 4      |
| -1| 1      |
| 0 | 0      |
| 1 | 1      |
| 2 | 4      |

This gives you a U-shaped curve passing through these points.

#### For y = 2x:
| x | y = 2x |
|---|--------|
| -2| -4     |
| -1| -2     |
| 0 | 0      |
| 1 | 2      |
| 2 | 4      |

This gives you a straight line that increases at a constant rate.

---

### 🔹 Step 4: Compare growth behavior

- In **y = x²**, as **x** gets larger, **y** grows **faster and faster** (non-linear growth).
- In **y = 2x**, as **x** increases, **y** increases at a **constant rate** (linear growth).

---

### 🔹 Step 5: Describe or sketch the graphs

If you're asked to **describe**:
> The graph of **y = x²** is a U-shaped parabola that opens upwards and becomes steeper as |x| increases. The graph of **y = 2x** is a straight line that passes through the origin with a constant slope of 2. Unlike the parabola, the line increases at the same rate for all x-values.

If you're asked to **sketch**:
1. On the same coordinate plane:
   - Draw the **parabola** for y = x²: Start at the origin (0,0), then plot points like (-2, 4), (-1, 1), (1, 1), (2, 4), and connect them in a smooth U-shape.
   - Draw the **line** for y = 2x: Pass a straight line through the origin and the point (1, 2), extending it in both directions.

---

### ✅ Summary

- **y = x²** is a **curve** (parabola), while **y = 2x** is a **straight line**.
- The **rate of change** in y = x² increases as x increases, but in y = 2x, the rate is always constant.
- They intersect at two points: (0, 0) and (2, 4).

Let me know if you want help sketching it visually or finding where they intersect!"
"Functional relationships (patterns and structures)","Other functional relationships","E","A savings account offers 4% interest compounded annually. If you deposit €1,000, how much is in the account after 3 years? Use A = P(1 + r)ⁿ","Sure! Let's break down the problem step by step using the **compound interest formula**:

$$
A = P(1 + r)^n
$$

### Step 1: Understand what each variable means

- $ A $: Final amount in the account after $ n $ years (what we're trying to find)
- $ P $: Principal amount (the initial deposit) = €1,000
- $ r $: Annual interest rate (in decimal form) = 4% = 0.04
- $ n $: Number of years = 3

---

### Step 2: Plug the values into the formula

$$
A = 1000 \times (1 + 0.04)^3
$$

$$
A = 1000 \times (1.04)^3
$$

---

### Step 3: Calculate $ (1.04)^3 $

$$
(1.04)^3 = 1.04 \times 1.04 \times 1.04 = 1.124864
$$

---

### Step 4: Multiply by the principal

$$
A = 1000 \times 1.124864 = 1124.864
$$

---

### Step 5: Round to two decimal places (since we’re dealing with money)

$$
A \approx €1,124.86
$$

---

### ✅ Final Answer:
After 3 years, there will be **€1,124.86** in the savings account.

Let me know if you want to see how it grows year by year!"
"Functional relationships (patterns and structures)","Other functional relationships","E","A function is given as y = 100(0.85)ˣ. Is it exponential growth or decay? Justify","To determine whether the function  
$$
y = 100(0.85)^x
$$  
represents **exponential growth** or **exponential decay**, you need to understand the general form of an exponential function.

---

### 🔹 General Form:
An exponential function is typically written as:

$$
y = ab^x
$$

Where:
- $ a $ is the **initial value** (the value of $ y $ when $ x = 0 $),
- $ b $ is the **base** or **growth/decay factor**,
- $ x $ is the exponent, often representing time.

---

### 🔸 Step-by-step Analysis:

#### 1. Identify $ a $ and $ b $ in your equation:
From:
$$
y = 100(0.85)^x
$$
We can see:
- $ a = 100 $
- $ b = 0.85 $

#### 2. Determine if it's growth or decay:
- If $ b > 1 $: **Exponential Growth**
- If $ 0 < b < 1 $: **Exponential Decay**

Here, $ b = 0.85 $, which is between 0 and 1.

---

### ✅ Final Answer:
This function represents **exponential decay** because the base $ 0.85 $ is less than 1.

---

### 🧠 Justification:
Each time $ x $ increases by 1, the value of $ y $ is multiplied by 0.85 — meaning it **decreases** by 15% each time. This constant **percent decrease** over equal intervals is the hallmark of **exponential decay**.

---

### 💡 Example:
Let’s test a few values to see the trend:
- When $ x = 0 $: $ y = 100(0.85)^0 = 100 $
- When $ x = 1 $: $ y = 100(0.85) = 85 $
- When $ x = 2 $: $ y = 100(0.7225) = 72.25 $

You can see the value of $ y $ is **getting smaller** over time — confirming **decay**.

--- 

Let me know if you'd like to graph this or explore real-world applications!"
"Functional relationships (patterns and structures)","Other functional relationships","E","Complete the table for y = √x, for x = 0, 1, 4, 9, 16","Sure! You're asked to complete a table for the equation:

$$
y = \sqrt{x}
$$

for specific values of $ x $:  
$$
x = 0, 1, 4, 9, 16
$$

### Step-by-step Instructions:

#### Step 1: Understand the Equation
The equation $ y = \sqrt{x} $ means that for each value of $ x $, you need to find the **positive square root** of $ x $. That is, what number multiplied by itself gives $ x $.

#### Step 2: Plug in Each Value of $ x $

| $ x $ | $ y = \sqrt{x} $ | Calculation |
|--------|---------------------|-------------|
| 0      | $ \sqrt{0} $       | $ 0 $     |
| 1      | $ \sqrt{1} $       | $ 1 $     |
| 4      | $ \sqrt{4} $       | $ 2 $     |
| 9      | $ \sqrt{9} $       | $ 3 $     |
| 16     | $ \sqrt{16} $      | $ 4 $     |

#### Step 3: Final Table

| $ x $ | $ y = \sqrt{x} $ |
|--------|---------------------|
| 0      | 0                   |
| 1      | 1                   |
| 4      | 2                   |
| 9      | 3                   |
| 16     | 4                   |

---

### Summary:
You just need to compute the square root of each given $ x $-value and fill it in the table. Since these are all perfect squares, their square roots are whole numbers, making this task straightforward.

Let me know if you'd like help graphing this or exploring more values!"
"Functional relationships (patterns and structures)","Other functional relationships","E","Identify whether the function y = 1/x² represents growth, decay, or neither as x → ∞. Justify your answer","To determine whether the function  
$$
y = \frac{1}{x^2}
$$  
represents **growth**, **decay**, or **neither** as $ x \to \infty $, we need to analyze how the value of $ y $ behaves as $ x $ becomes very large (i.e., increases without bound).

---

### Step 1: Understand the Function

The function is:
$$
y = \frac{1}{x^2}
$$

This means:

- As $ x $ gets larger, $ x^2 $ also gets larger.
- Since $ y $ is the **reciprocal** of $ x^2 $, it gets **smaller and smaller** as $ x \to \infty $.

---

### Step 2: Take the Limit as $ x \to \infty $

We can compute:
$$
\lim_{x \to \infty} \frac{1}{x^2} = 0
$$

So as $ x \to \infty $, $ y \to 0 $. That means the function **decreases** toward zero.

---

### Step 3: Define Growth and Decay

In this context:

- **Growth** would mean $ y \to \infty $ as $ x \to \infty $
- **Decay** would mean $ y \to 0 $ as $ x \to \infty $
- If $ y $ approaches a constant or oscillates, then it's **neither**

Since $ y \to 0 $, the function **decays** to zero.

---

### ✅ Final Answer:

The function  
$$
y = \frac{1}{x^2}
$$  
**represents decay as $ x \to \infty $** because its value decreases and approaches zero.

---

### 🔍 Justification Summary:

- As $ x \to \infty $, $ x^2 \to \infty $, so $ \frac{1}{x^2} \to 0 $
- Therefore, the function decreases toward zero
- This behavior matches the definition of **decay**

Let me know if you'd like to explore this graphically or compare with other functions!"
"Functional relationships (patterns and structures)","Other functional relationships","F","Evaluate y = 1/x for x = 0.5, 1, 2, 4. What happens as x increases?","To solve the task **""Evaluate $ y = \frac{1}{x} $ for $ x = 0.5, 1, 2, 4 $""**, you just need to substitute each value of $ x $ into the equation and compute the corresponding $ y $. Then we'll analyze what happens as $ x $ increases.

---

### Step-by-step Evaluation:

Given function:  
$$
y = \frac{1}{x}
$$

#### 1. For $ x = 0.5 $:
$$
y = \frac{1}{0.5} = 2
$$

#### 2. For $ x = 1 $:
$$
y = \frac{1}{1} = 1
$$

#### 3. For $ x = 2 $:
$$
y = \frac{1}{2} = 0.5
$$

#### 4. For $ x = 4 $:
$$
y = \frac{1}{4} = 0.25
$$

---

### Summary Table:

| $ x $ | $ y = \frac{1}{x} $ |
|--------|------------------------|
| 0.5    | 2                      |
| 1      | 1                      |
| 2      | 0.5                    |
| 4      | 0.25                   |

---

### What Happens as $ x $ Increases?

As $ x $ increases, the value of $ y = \frac{1}{x} $ **decreases**.

- This is because dividing 1 by a larger number gives a smaller result.
- As $ x \to \infty $, $ y \to 0 $ (but never actually reaches zero).

So, in summary:
> As $ x $ increases, $ y = \frac{1}{x} $ gets smaller and approaches zero.

This behavior describes a **hyperbolic decay** — a classic inverse relationship between two variables.

Let me know if you'd like to graph this or explore more values!"
"Functional relationships (patterns and structures)","Other functional relationships","F","Use a calculator to approximate x if 3^x = 20","To solve the equation **3<sup>x</sup> = 20** and approximate the value of **x**, you can use **logarithms**. Here's a step-by-step explanation:

---

### Step 1: Take the logarithm of both sides

We start with:
$$
3^x = 20
$$

Take the logarithm (you can use either base 10 or natural log — we'll use natural log, `ln`, here):

$$
\ln(3^x) = \ln(20)
$$

---

### Step 2: Use the logarithmic identity

Use the identity:
$$
\ln(a^b) = b \cdot \ln(a)
$$

So:
$$
x \cdot \ln(3) = \ln(20)
$$

---

### Step 3: Solve for x

Now divide both sides by $\ln(3)$:
$$
x = \frac{\ln(20)}{\ln(3)}
$$

---

### Step 4: Use a calculator to compute

Now plug this into your calculator:

- $\ln(20) \approx 2.9957$
- $\ln(3) \approx 1.0986$

Then:
$$
x \approx \frac{2.9957}{1.0986} \approx 2.727
$$

---

### ✅ Final Answer:
$$
x \approx 2.727
$$

This means $ 3^{2.727} \approx 20 $."
"Functional relationships (patterns and structures)","Other functional relationships","F","An isotope has a half-life of 6 hours. How much remains of 200 g after 18 hours?","To solve this problem, you can use the concept of **half-life**, which is the time it takes for half of a radioactive substance to decay.

---

### **Given:**
- Half-life = 6 hours  
- Initial amount = 200 grams  
- Time elapsed = 18 hours  

---

### **Step 1: Determine how many half-lives have passed**

$$
\text{Number of half-lives} = \frac{\text{Time elapsed}}{\text{Half-life}} = \frac{18 \text{ hours}}{6 \text{ hours}} = 3
$$

So, **3 half-lives** have passed.

---

### **Step 2: Apply the half-life formula**

After each half-life, the amount of substance is halved. So after $ n $ half-lives:

$$
\text{Remaining amount} = \text{Initial amount} \times \left( \frac{1}{2} \right)^n
$$

Plug in the values:

$$
\text{Remaining amount} = 200 \times \left( \frac{1}{2} \right)^3 = 200 \times \frac{1}{8} = 25 \text{ grams}
$$

---

### ✅ **Final Answer:**
**25 grams** remain after 18 hours.

Let me know if you'd like to see a step-by-step breakdown using a table or exponential decay formula!"
"Functional relationships (patterns and structures)","Other functional relationships","F","Graph y = –1/x and describe its symmetry","Let's break down the task **""Graph $ y = -\frac{1}{x} $ and describe its symmetry""** step by step.

---

### 🔹 Step 1: Understand the Function

We are given the function:

$$
y = -\frac{1}{x}
$$

This is a **reciprocal function**, similar to $ y = \frac{1}{x} $, but with a negative sign in front. This means it's a reflection of $ y = \frac{1}{x} $ across the x-axis.

---

### 🔹 Step 2: Domain and Range

- **Domain**: All real numbers except $ x = 0 $ (since division by zero is undefined)
- So, $ x \in (-\infty, 0) \cup (0, \infty) $
- **Range**: Similarly, $ y \in (-\infty, 0) \cup (0, \infty) $

There is a vertical asymptote at $ x = 0 $, and a horizontal asymptote at $ y = 0 $.

---

### 🔹 Step 3: Plot Key Points

Let’s plug in some values for $ x $ to find corresponding $ y $ values:

| $ x $ | $ y = -\frac{1}{x} $ |
|--------|-------------------------|
| -4     | $ -\frac{1}{-4} = 0.25 $ |
| -2     | $ -\frac{1}{-2} = 0.5 $  |
| -1     | $ -\frac{1}{-1} = 1 $    |
| -0.5   | $ -\frac{1}{-0.5} = 2 $  |
| 0.5    | $ -\frac{1}{0.5} = -2 $  |
| 1      | $ -\frac{1}{1} = -1 $    |
| 2      | $ -\frac{1}{2} = -0.5 $  |
| 4      | $ -\frac{1}{4} = -0.25 $ |

Plotting these points will show two branches of a hyperbola — one in Quadrants II (negative $ x $, positive $ y $), and the other in Quadrant IV (positive $ x $, negative $ y $).

---

### 🔹 Step 4: Draw the Graph

- Draw the vertical asymptote at $ x = 0 $ (a dashed line along the y-axis).
- Draw the horizontal asymptote at $ y = 0 $ (a dashed line along the x-axis).
- Sketch the curve passing through the plotted points:
  - In the second quadrant: as $ x \to 0^- $, $ y \to +\infty $; as $ x \to -\infty $, $ y \to 0^- $
  - In the fourth quadrant: as $ x \to 0^+ $, $ y \to -\infty $; as $ x \to +\infty $, $ y \to 0^+ $

---

### 🔹 Step 5: Describe the Symmetry

To determine symmetry, test for:

#### ✅ **Symmetry about the origin**

Check if replacing $ x $ with $ -x $ and $ y $ with $ -y $ gives the same equation:

$$
y = -\frac{1}{x} \Rightarrow -y = -\frac{1}{-x} \Rightarrow -y = \frac{1}{x} \Rightarrow y = -\frac{1}{x}
$$

✅ Yes! The graph is symmetric about the **origin**.

This means that if you rotate the graph 180° around the origin, it looks the same.

#### ❌ Not symmetric about the x-axis or y-axis

You can verify this by plugging in only $ x \to -x $ or $ y \to -y $ alone — they won’t yield the same function.

---

### ✅ Final Summary

- The graph of $ y = -\frac{1}{x} $ is a **hyperbola**.
- It has **two branches** in quadrants II and IV.
- Asymptotes: $ x = 0 $ and $ y = 0 $
- **Symmetric about the origin**
- Similar to $ y = \frac{1}{x} $, but reflected over the x-axis.

Let me know if you'd like a visual sketch or more details!"
"Functional relationships (patterns and structures)","Other functional relationships","G","Identify whether the function f(x) = √(x – 1) is defined at x = 0","To determine whether the function $ f(x) = \sqrt{x - 1} $ is **defined at** $ x = 0 $, we need to check if substituting $ x = 0 $ into the function results in a valid mathematical expression — specifically, whether it avoids operations like taking the square root of a negative number (in real numbers), division by zero, etc.

---

### Step-by-step:

#### Step 1: Plug in $ x = 0 $
$$
f(0) = \sqrt{0 - 1} = \sqrt{-1}
$$

#### Step 2: Analyze the result
- The square root of a negative number ($ \sqrt{-1} $) is **not defined in the set of real numbers**.
- However, in the complex number system, $ \sqrt{-1} $ is defined as the imaginary unit $ i $.

So now we ask:

---

### Is the function defined **in the context of real numbers or complex numbers**?

#### Case 1: Real Numbers
- If you're working with **real-valued functions**, then:
  - $ f(x) = \sqrt{x - 1} $ is only defined when the expression inside the square root is **greater than or equal to zero**:
    $$
    x - 1 \geq 0 \quad \Rightarrow \quad x \geq 1
    $$
  - Since $ 0 < 1 $, the function is **not defined at** $ x = 0 $ in the real number system.

#### Case 2: Complex Numbers
- If you're allowing **complex outputs**, then:
  - $ f(0) = \sqrt{-1} = i $, which **is defined** in the complex plane.

---

### Final Answer:

> The function $ f(x) = \sqrt{x - 1} $ is **not defined at** $ x = 0 $ **if we are considering real numbers only**.  
> However, it **is defined at** $ x = 0 $ **if complex numbers are allowed**, and in that case, $ f(0) = i $.

Let me know if you want help finding the domain of this function too!"
"Functional relationships (patterns and structures)","Other functional relationships","G","Solve the following equation: log₂(x) = 4","To solve the logarithmic equation:

$$
\log_2(x) = 4
$$

Let’s break it down step by step.

---

### 🔍 Step 1: Understand what the logarithm means

The expression $\log_2(x)$ means:  
**""To what power must we raise 2 to get $x$?""**

So, $\log_2(x) = 4$ means:
> **2 raised to the power of 4 equals $x$**

---

### 🔄 Step 2: Convert the logarithmic equation to exponential form

The general rule is:

$$
\log_b(a) = c \quad \text{is equivalent to} \quad b^c = a
$$

Applying this to our equation:

$$
\log_2(x) = 4 \quad \Rightarrow \quad 2^4 = x
$$

---

### 🧮 Step 3: Evaluate the exponent

$$
2^4 = 2 \times 2 \times 2 \times 2 = 16
$$

So,

$$
x = 16
$$

---

### ✅ Final Answer:

$$
\boxed{16}
$$"
"Functional relationships (patterns and structures)","Other functional relationships","G","Evaluate sin(30°), cos(60°), and tan(45°)","Sure! Let's evaluate the trigonometric values of these common angles:

### 1. **sin(30°)**

- The sine of an angle in a right triangle is defined as the ratio of the length of the **opposite side** to the **hypotenuse**.
- In a standard 30°-60°-90° triangle, the sides are in the ratio:
  $$
  1 : \sqrt{3} : 2
  $$
  where:
  - Side opposite 30° = 1
  - Hypotenuse = 2

So:
$$
\sin(30^\circ) = \frac{\text{opposite}}{\text{hypotenuse}} = \frac{1}{2}
$$

✅ **Answer:**  
$$
\sin(30^\circ) = \frac{1}{2}
$$

---

### 2. **cos(60°)**

- Cosine of an angle is the ratio of the **adjacent side** to the **hypotenuse**.
- Again using the 30°-60°-90° triangle:
  - Side adjacent to 60° = 1
  - Hypotenuse = 2

So:
$$
\cos(60^\circ) = \frac{\text{adjacent}}{\text{hypotenuse}} = \frac{1}{2}
$$

✅ **Answer:**
$$
\cos(60^\circ) = \frac{1}{2}
$$

---

### 3. **tan(45°)**

- Tangent is the ratio of sine to cosine, or **opposite over adjacent**.
- In a 45°-45°-90° triangle, both legs are equal, so:
  - Opposite = 1
  - Adjacent = 1

So:
$$
\tan(45^\circ) = \frac{\text{opposite}}{\text{adjacent}} = \frac{1}{1} = 1
$$

✅ **Answer:**
$$
\tan(45^\circ) = 1
$$

---

### ✅ Final Answers:
- $\sin(30^\circ) = \frac{1}{2}$
- $\cos(60^\circ) = \frac{1}{2}$
- $\tan(45^\circ) = 1$

Let me know if you want to understand how these values relate to the unit circle or radians!"
"Functional relationships (patterns and structures)","Other functional relationships","G","Solve the system: y = x² and y = 2x + 3","To solve the system of equations:

$$
y = x^2 \tag{1}
$$
$$
y = 2x + 3 \tag{2}
$$

You are looking for values of $ x $ and $ y $ that satisfy **both** equations at the same time. Here's how you can do it step-by-step:

---

### **Step 1: Set the equations equal to each other**

Since both expressions equal $ y $, you can set the right-hand sides equal:

$$
x^2 = 2x + 3
$$

---

### **Step 2: Move all terms to one side**

Bring everything to one side of the equation to form a quadratic equation:

$$
x^2 - 2x - 3 = 0
$$

---

### **Step 3: Solve the quadratic equation**

Now solve the quadratic equation:

$$
x^2 - 2x - 3 = 0
$$

This factors nicely:

$$
(x - 3)(x + 1) = 0
$$

Set each factor equal to zero:

- $ x - 3 = 0 \Rightarrow x = 3 $
- $ x + 1 = 0 \Rightarrow x = -1 $

---

### **Step 4: Find corresponding y-values**

Plug each value of $ x $ into either original equation (usually the simpler one — in this case, Equation 2 is linear and easier):

Use $ y = 2x + 3 $:

- If $ x = 3 $:  
  $ y = 2(3) + 3 = 6 + 3 = 9 $

- If $ x = -1 $:  
  $ y = 2(-1) + 3 = -2 + 3 = 1 $

---

### ✅ Final Answer:

The solutions to the system are:

$$
\boxed{(3,\ 9) \quad \text{and} \quad (-1,\ 1)}
$$

These are the points where the parabola $ y = x^2 $ intersects the line $ y = 2x + 3 $."
"Functional relationships (patterns and structures)","Other functional relationships","G","Identify the intervals where f(x) = x² – 4x is increasing","To determine **where the function $ f(x) = x^2 - 4x $** is **increasing**, you'll follow a process that involves calculus — specifically, analyzing the **first derivative** of the function.

---

### 🔍 Step-by-step Guide:

#### ✅ Step 1: Understand what it means for a function to be increasing
A function is **increasing** on an interval if its slope (derivative) is **positive** on that interval. So we need to find where the **first derivative** $ f'(x) > 0 $.

---

#### ✅ Step 2: Find the first derivative

Given:
$$
f(x) = x^2 - 4x
$$

Differentiate using basic rules:
$$
f'(x) = 2x - 4
$$

---

#### ✅ Step 3: Find critical points

Set the derivative equal to zero to find where the slope changes:
$$
2x - 4 = 0 \\
2x = 4 \\
x = 2
$$

This gives us a **critical point at $ x = 2 $**.

---

#### ✅ Step 4: Determine intervals around the critical point

The critical point divides the number line into two intervals:
- Interval 1: $ (-\infty, 2) $
- Interval 2: $ (2, \infty) $

We will test each interval to see whether $ f'(x) > 0 $ in that region.

---

#### ✅ Step 5: Test the sign of $ f'(x) $ in each interval

Pick a value from each interval and plug it into $ f'(x) = 2x - 4 $:

- For $ x = 0 $ (from $ (-\infty, 2) $):  
  $ f'(0) = 2(0) - 4 = -4 $ → **Negative**, so function is **decreasing**

- For $ x = 3 $ (from $ (2, \infty) $):  
  $ f'(3) = 2(3) - 4 = 6 - 4 = 2 $ → **Positive**, so function is **increasing**

---

#### ✅ Step 6: Conclusion

The function $ f(x) = x^2 - 4x $ is:

- **Decreasing** on $ (-\infty, 2) $
- **Increasing** on $ (2, \infty) $

At $ x = 2 $, the function has a **minimum point**, since the function changes from decreasing to increasing there.

---

### 📌 Final Answer:
> The function $ f(x) = x^2 - 4x $ is **increasing on the interval** $ (2, \infty) $.

Let me know if you want to also identify where it's decreasing or find its minimum value!"
"Functional relationships (patterns and structures)","Other functional relationships","G","If f(x) = x² + 2 and g(x) = x – 1, find (f ∘ g)(3)","To solve this task, you need to find the **composition** of two functions, written as:

$$
(f \circ g)(3)
$$

This means:  
$$
(f \circ g)(x) = f(g(x))
$$

So you're plugging the output of $ g(x) $ into $ f(x) $. Let's go step by step.

---

### Step 1: Understand the functions

You're given:

- $ f(x) = x^2 + 2 $
- $ g(x) = x - 1 $

---

### Step 2: Find $ g(3) $

Since $ g(x) = x - 1 $, plug in $ x = 3 $:

$$
g(3) = 3 - 1 = 2
$$

---

### Step 3: Plug $ g(3) $ into $ f(x) $

Now compute $ f(g(3)) = f(2) $

Since $ f(x) = x^2 + 2 $, plug in $ x = 2 $:

$$
f(2) = 2^2 + 2 = 4 + 2 = 6
$$

---

### ✅ Final Answer:

$$
(f \circ g)(3) = 6
$$

Let me know if you'd like to see how to find the general form of $ (f \circ g)(x) $ too!"
"Functional relationships (patterns and structures)","Other functional relationships","H","Simplify: log₂(32) + log₂(4)","To simplify the expression:

$$
\log_2(32) + \log_2(4)
$$

### Step 1: Understand the properties of logarithms

One important property of logarithms is:

$$
\log_b(a) + \log_b(c) = \log_b(a \cdot c)
$$

So, we can **combine** the two logs into one:

$$
\log_2(32) + \log_2(4) = \log_2(32 \cdot 4) = \log_2(128)
$$

### Step 2: Simplify $\log_2(128)$

Now, try to express 128 as a power of 2:

$$
128 = 2^7
$$

Therefore:

$$
\log_2(128) = \log_2(2^7) = 7
$$

### ✅ Final Answer:
$$
\boxed{7}
$$

Let me know if you'd like a breakdown using each logarithm separately instead!"
"Functional relationships (patterns and structures)","Other functional relationships","H","Determine the x-intercepts of f(x) = (x − 1)(x + 2)(x − 3)","To determine the **x-intercepts** of the function  
$$
f(x) = (x - 1)(x + 2)(x - 3),
$$  
you need to find the values of $ x $ for which **$ f(x) = 0 $**.

---

### Step-by-step:

#### Step 1: Set the function equal to zero:
$$
(x - 1)(x + 2)(x - 3) = 0
$$

#### Step 2: Use the **Zero Product Property**, which says:
> If a product of factors equals zero, then **at least one of the factors must be zero**.

So, set each factor equal to zero:

1. $ x - 1 = 0 $ → $ x = 1 $
2. $ x + 2 = 0 $ → $ x = -2 $
3. $ x - 3 = 0 $ → $ x = 3 $

---

### Final Answer:
The **x-intercepts** are at:
$$
\boxed{x = -2,\; x = 1,\; x = 3}
$$

Or as coordinate points:
$$
\boxed{(-2, 0),\; (1, 0),\; (3, 0)}
$$

---

Let me know if you'd like help graphing this or finding other key features of the function!"
"Functional relationships (patterns and structures)","Other functional relationships","H","If g(x) = √x and h(x) = x + 2, find the composition g(h(x))","To solve this task, you're being asked to **find the composition** of two functions:  
- $ g(x) = \sqrt{x} $  
- $ h(x) = x + 2 $

---

### Step 1: Understand Function Composition

Function composition $ g(h(x)) $ means that you plug the **output of $ h(x) $** into the **input of $ g(x) $**.

In symbols:

$$
g(h(x)) = g\left( h(x) \right)
$$

So wherever you see an $ x $ in the function $ g(x) $, you replace it with $ h(x) $, which is $ x + 2 $.

---

### Step 2: Substitute h(x) into g(x)

We know:
- $ g(x) = \sqrt{x} $
- $ h(x) = x + 2 $

Now compute:

$$
g(h(x)) = g(x + 2) = \sqrt{x + 2}
$$

---

### ✅ Final Answer:

$$
g(h(x)) = \sqrt{x + 2}
$$

---

Let me know if you'd like help with finding the domain or evaluating at a specific value!"
"Functional relationships (patterns and structures)","Other functional relationships","H","Find the value of y if y = x² + ln(x), and x = 2","Sure! Let's break down the problem step by step.

You're given the equation:

$$
y = x^2 + \ln(x)
$$

and you're told that:

$$
x = 2
$$

### Step 1: Substitute $ x = 2 $ into the equation

Replace every instance of $ x $ in the equation with 2:

$$
y = (2)^2 + \ln(2)
$$

### Step 2: Calculate each part

- $ (2)^2 = 4 $
- $ \ln(2) $ is a mathematical constant, approximately equal to **0.6931**

### Step 3: Add the two values together

$$
y = 4 + 0.6931 = 4.6931
$$

### ✅ Final Answer:

$$
\boxed{4.6931}
$$

Let me know if you want to compute this more precisely or understand what the natural logarithm ($ \ln $) means!"
"Functional relationships (patterns and structures)","Other functional relationships","H","Solve for x: log₃(x − 1) = 2","Sure! Let's solve the equation step by step:

### Given:
$$
\log_3(x - 1) = 2
$$

---

### Step 1: Understand what this logarithmic equation means.

The logarithmic equation:

$$
\log_b(a) = c
$$

means the same as:

$$
b^c = a
$$

So applying that to our problem:

$$
\log_3(x - 1) = 2 \quad \Rightarrow \quad 3^2 = x - 1
$$

---

### Step 2: Simplify the exponential expression.

$$
3^2 = 9
$$

So,

$$
9 = x - 1
$$

---

### Step 3: Solve for $ x $

Add 1 to both sides:

$$
x = 9 + 1 = 10
$$

---

### ✅ Final Answer:
$$
\boxed{10}
$$

Let me know if you want to verify the solution or learn how to check your answer!"
