"Topic Area","Topic","Progress Level","Exercise","qwen-plus solution"
"Numbers and Operations","Understanding and representing numbers","B","اكتب الرقم الذي يأتي بعد ٤٨","بالطبع! 😊  
المسألة تقول: **اكتب الرقم الذي يأتي بعد ٤٨**.

هنا نقوم ببساطة بإضافة **1** إلى العدد ٤٨، لأن العدد الذي يليه هو أكبر منه بوحدة واحدة.

$$
48 + 1 = 49
$$

إذن، **الرقم الذي يأتي بعد ٤٨ هو: ٤٩**

هل ترغب أن أشرحها بطريقة أخرى أو باستخدام الأعداد المُرتّبة في جدول مثلاً؟"
"Numbers and Operations","Understanding and representing numbers","B","أظهر الرقم 28 باستخدام العشرات والآحاد.","بالطبع! دعني أشرح لك كيفية حل المسألة:  
**""أظهر الرقم 28 باستخدام العشرات والآحاد.""**

### الفكرة الأساسية:
العدد **28** يتكون من رقمين:  
- **الرقم 2** وهو في خانة العشرات.  
- **الرقم 8** وهو في خانة الآحاد.

---

### الخطوة الأولى: فهم قيمة كل خانة

- الخانة الأولى من اليمين هي **خانة الآحاد**.
- التي تليها مباشرة هي **خانة العشرات**.

إذن:

| العشرات | الآحاد |
|--------|--------|
|   2    |   8    |

---

### الخطوة الثانية: تحويل ذلك إلى قيم عددية

- العدد 2 في خانة العشرات يعني:  
  $ 2 \times 10 = 20 $

- العدد 8 في خانة الآحاد يعني:  
  $ 8 \times 1 = 8 $

---

### الخطوة الثالثة: جمع القيمتين

$$
20 + 8 = 28
$$

---

### إذًا، كيف نُظهر الرقم 28 باستخدام العشرات والآحاد؟

نقول:
> **28 يساوي 2 عشرات وـ 8 آحاد.**

أو يمكن كتابته على شكل:
$$
28 = 2 \times 10 + 8 \times 1
$$

---

### مثال عملي (لو كنت تعمل مع عملات أو أشياء):

لو كان عندك:
- **2 عملات من فئة العشرة** (2 × 10 = 20)
- **8 عملات من فئة الواحد** (8 × 1 = 8)

فالمجموع = 20 + 8 = **28**

---

هل تحب أن أشرحها بطريقة مرئية أو باستخدام رسومات أو أشياء منزلية؟"
"Numbers and Operations","Understanding and representing numbers","B","ضع دائرة حول جميع الأعداد الزوجية: ١٢، ١٥، ١٨، ٢١","بالطبع! دعني أشرح لك كيفية حل هذه المسألة خطوة بخطوة.

### السؤال:
**""ضع دائرة حول جميع الأعداد الزوجية"":**  
الأعداد المعطاة هي:  
١٢، ١٥، ١٨، ٢١

---

### أولًا: ما هي الأعداد الزوجية؟
- الأعداد **الزوجية** هي الأعداد التي **تقبل القسمة على 2 بدون باقٍ**.
- أي أنها تُكتب على شكل:  
  $ 2n $ حيث $ n $ عدد صحيح.

أمثلة على أعداد زوجية: ٢، ٤، ٦، ٨، ١٠، ...

---

### ثانيًا: كيف نحدد إذا كان العدد زوجيًا؟
ننظر إلى **الرقم الأخير** من العدد.  
إذا كان الرقم الأخير هو: **٠، ٢، ٤، ٦، أو ٨** ➜ فالعدد زوجي.

---

### ثالثًا: نطبق ذلك على الأعداد المعطاة:

1. **١٢** ➜ رقم الآحاد هو ٢ → ✅ عدد زوجي
2. **١٥** ➜ رقم الآحاد هو ٥ → ❌ عدد فردي
3. **١٨** ➜ رقم الآحاد هو ٨ → ✅ عدد زوجي
4. **٢١** ➜ رقم الآحاد هو ١ → ❌ عدد فردي

---

### إذن، الأعداد الزوجية هي:
✅ **١٢** و ✅ **١٨**

---

### الإجابة النهائية:
ضع دائرة حول: **١٢، ١٨**

---

هل تحب أن أوضح لك أيضًا كيف تعرف الأعداد الفردية؟ 😊"
"Numbers and Operations","Understanding and representing numbers","B","أي عدد يحتوي على 5 عشرات و2 وحدات؟","بالطبع! لنحلّ هذه المسألة خطوة بخطوة.

المسألة تقول:

> **""أي عدد يحتوي على 5 عشرات و2 وحدات؟""**

### 1. فهم المقصود من ""5 عشرات و2 وحدات"":

- **العشرات**: كل عشرة تعني 10، فإذا كان لدينا **5 عشرات** فهذا يعني:
  $$
  5 \times 10 = 50
  $$

- **الوحدات**: الوحدة تعني العدد نفسه، فإذا كان لدينا **2 وحدات** فهذا يعني:
  $$
  2 \times 1 = 2
  $$

### 2. جمع القيم:

نجمع العشرات مع الوحدات:
$$
50 + 2 = 52
$$

### ✅ إذًا العدد هو: **52**

هل ترغب أن أشرح لك كيف نكتب هذا العدد بالكلمات أو في صورة ممتدة (Expanded Form) أيضًا؟"
"Numbers and Operations","Understanding and representing numbers","B","أكمل الفراغ: 40، 50، ___، 70","بالطبع! لننظر إلى المتتالية التالية:

**40، 50، ___، 70**

نلاحظ أن الأعداد تزداد بترتيب معين. فلنحسب الفرق بين العددين الأول والثاني:

**50 - 40 = 10**

إذن هناك زيادة قدرها **10** بين كل عدد و الذي يليه.

فلو استمررنا بنفس الزيادة:

- بعد 50 نضيف 10 → **50 + 10 = 60**
- ثم نضيف 10 على 60 → **60 + 10 = 70** (وهذا يتطابق مع العدد الموجود في المتتالية)

إذًا العدد الناقص هو: **60**

### الجواب النهائي:
**40، 50، 60، 70**

هل تحب أن أشرح لك كيف نحل مثل هذه المسائل بشكل عام؟ 😊"
"Numbers and Operations","Understanding and representing numbers","B","اكتب الرقم المفقود: ___، ٩١، ٩٢، ٩٣","بالنظر إلى الأرقام المعطاة:  
**___، ٩١، ٩٢، ٩٣**

نلاحظ أن الأرقام تزداد بمقدار **1** في كل مرة، أي أن هناك تسلسلاً عادياً بالأرقام:

- من ٩١ إلى ٩٢ → زيادة بمقدار 1  
- من ٩٢ إلى ٩٣ → زيادة بمقدار 1

إذًا، لتكون السلسلة متصلة ومنطقية، يجب أن يكون الرقم قبل ٩١ أقل منه بمقدار 1.

أي أن:
**٩٠، ٩١، ٩٢، ٩٣**

لذا، **الرقم المفقود هو: ٩٠**

✅ **الإجابة النهائية: ٩٠**"
"Numbers and Operations","Understanding and representing numbers","B","ضع دائرة حول جميع الأعداد التي تزيد عن 25: 14، 26، 30، 19","بالطبع! لنحل هذه المسألة خطوة بخطوة:

### المطلوب:
**ضع دائرة حول جميع الأعداد التي تزيد عن 25 من القائمة التالية:**
> 14 ، 26 ، 30 ، 19

---

### الخطوة الأولى: فهم الشرط
المطلوب هو **تحديد الأعداد التي تكون أكبر من 25** (أي أكثر من 25، لا تساويها).

---

### الخطوة الثانية: مراجعة كل عدد في القائمة

- **14**: هل 14 > 25؟ ❌ لا، أصغر من 25.
- **26**: هل 26 > 25؟ ✅ نعم، أكبر من 25.
- **30**: هل 30 > 25؟ ✅ نعم، أكبر من 25.
- **19**: هل 19 > 25؟ ❌ لا، أصغر من 25.

---

### الخطوة الثالثة: تحديد الإجابة
إذن، الأعداد التي يجب أن تضع حولها دائرة هي:

> **26 و 30**

---

### الإجابة النهائية:
✅ الأعداد التي تزيد عن 25 هي: **26 ، 30**

هل ترغب أن أوضح لك كيف تُظهر ذلك بصريًا أو على شكل جدول؟"
"Numbers and Operations","Understanding and representing numbers","B","اكتب العدد ٤٦ بالشكل المفكك: ٤٦ = ___ + ___","لحل المسألة:  
**""اكتب العدد ٤٦ بالشكل المفكك: ٤٦ = ___ + ___""**،  
نقوم بتفكيك العدد إلى **عشرات** و**آحاد**.

### الخطوة 1: فهم تركيب العدد
العدد **٤٦** يتكون من:
- رقم **٤** في خانة العشرات → أي يمثل **٤٠**
- رقم **٦** في خانة الآحاد → أي يمثل **٦**

### الخطوة 2: كتابة العدد بشكل مفكك
إذًا نستطيع كتابته كما يلي:

$$
٤٦ = ٤٠ + ٦
$$

### ✅ الإجابة النهائية:
**٤٦ = ٤٠ + ٦**

هل ترغب في تفكيكه بطريقة أخرى (مثلاً إلى مئات أو بطريقة غير تقليدية)؟"
"Numbers and Operations","Understanding and representing numbers","C","ما قيمة المنزلة للرقم 6 في العدد 6,524؟","بالطبع! لحل هذه المسألة:  
**""ما قيمة المنزلة للرقم 6 في العدد 6,524؟""**  
لنبدأ بتفكيك العدد وتحليل منازل الأرقان:

### أولاً: تحليل العدد 6,524 إلى منازله:
العدد: **6,524**

يمكننا تقسيمه كما يلي:

| المنزلة       | الرقم |
|---------------|--------|
| الآلاف        | 6      |
| المئات        | 5      |
| العشرات       | 2      |
| الآحاد         | 4      |

إذن، الرقم **6** موجود في **منزلة الآلاف**.

### ثانيًا: حساب قيمته:
بما أن الـ **6** في منزلة **الآلاف**، فقيمتها تكون:
$$
6 \times 1000 = 6000
$$

### ✅ إذن الإجابة النهائية هي:
**6000** (ستة آلاف)

هل ترغب في شرح مماثل لأمثلة أخرى؟ 😊"
"Numbers and Operations","Understanding and representing numbers","C","قُم بتقريب العدد 8,649 إلى أقرب مئة.","لحل المسألة: **تقريب العدد 8,649 إلى أقرب مئة**، اتبع الخطوات التالية:

---

### 🔹 الخطوة 1: فهم المطلوب
المطلوب هو تقريب العدد إلى **أقرب مئة**، أي لأقرب عدد من مضاعفات الـ **100** مثل:  
..., 8500، 8600، 8700، 8800

---

### 🔹 الخطوة 2: تحديد المئة التي يقع بينها العدد

العدد 8,649 يقع بين:
- **8,600** (المئة الأدنى)
- **8,700** (المئة الأعلى)

---

### 🔹 الخطوة 3: انظر إلى **رقم العشرات**

عند التقريب إلى أقرب مئة، ننظر إلى **الرقم في خانة العشرات** (وهو الرقم الثاني من اليمين).

في العدد **8,649**:
- خانة المئات: 6 (أي 600)
- خانة العشرات: **4**
- خانة الآحاد: 9

---

### 🔹 الخطوة 4: قاعدة التقريب

- إذا كان رقم العشرات **أقل من 5** (أي 0 إلى 4)، نقرب إلى **المئة الأدنى**.
- إذا كان رقم العشرات **5 أو أكثر** (أي 5 إلى 9)، نقرب إلى **المئة الأعلى**.

هنا رقم العشرات = **4** → إذًا نقرب إلى **المئة الأدنى**.

---

### ✅ الإجابة النهائية:
$$
\boxed{8,600}
$$

---

هل ترغب أن أشرح لك التقريب إلى أقرب عشرة أو ألف بنفس الطريقة؟"
"Numbers and Operations","Understanding and representing numbers","C","كم عدد المئات في 6400؟","لحل المسألة: **""كم عدد المئات في 6400؟""**، نريد أن نعرف كم مرة العدد **100** يتكرر في العدد **6400**.

### الطريقة:
نقسم العدد 6400 على 100:

$$
\frac{6400}{100} = 64
$$

إذن، عدد المئات في 6400 هو **64 مائة**.

### تفسير بسيط:
- كل 100 تعني ""مائة"".
- 6400 يعني 64 مرة من الـ 100.
- أي أن 6400 يحتوي على 64 مائة.

✅ **الجواب النهائي هو:**  
$$
\boxed{64}
$$"
"Numbers and Operations","Understanding and representing numbers","C","كمال الفراغ: ٧٠٠٠ + ٦٠٠ + ___ + ٥ = ٧٦٨٥","بالطبع! دعني أشرح لك خطوة بخطوة كيف تحل هذه المسألة البسيطة التي تُسمى ""كمال الفراغ"" (أي إيجاد العدد المفقود).

المعادلة هي:

**٧٠٠٠ + ٦٠٠ + ___ + ٥ = ٧٦٨٥**

### أولًا: نجمع الأعداد المعروفة:
٧٠٠٠ + ٦٠٠ + ٥ = **٧٦٠٥**

### ثانيًا: نطرح من الناتج الكلي:
الناتج الكلي هو ٧٦٨٥  
المجموع الحالي (بدون العدد المجهول) هو ٧٦٠٥  
إذن العدد المفقود = ٧٦٨٥ − ٧٦٠٥ = **٨٠**

### إذًا الإجابة هي:
**٧٠٠٠ + ٦٠٠ + ٨٠ + ٥ = ٧٦٨٥**

هل تريد أن أشرح لك الأمر بطريقة أخرى أو بالتفصيل أكثر؟"
"Numbers and Operations","Understanding and representing numbers","C","اكتب أصغر عدد مكون من 4 أرقام يمكنك تشكيله باستخدام الأرقام 4، 1، 8، 0.","لحل هذه المسألة:  
**""اكتب أصغر عدد مكون من 4 أرقام يمكنك تشكيله باستخدام الأرقام 4، 1، 8، 0.""**

### الخطوة 1: فهم الشرط
نريد **عددًا مكوَّنًا من 4 أرقام مختلفة تمامًا** (وهي: 4، 1، 8، 0)، ويجب أن يكون:
- **أصغر عدد ممكن**.
- **لا يجوز تكرار أي رقم**.
- **العدد لا يمكن أن يبدأ بصفر** (لأن الأعداد لا تُكتب برقم 0 في أولها).

### الخطوة 2: التفكير في كيفية ترتيب الأرقام
لكي نحصل على **أصغر عدد**:
- نحاول أن تكون الأرقام مرتبة **من الأصغر إلى الأكبر**، **لكن مع الانتباه إلى أن الصفر لا يمكن أن يكون في الخانة الأولى**.

### الخطوة 3: اختر أول رقم غير صفر وأصغر ما يمكن
الأرقام المتاحة: **0، 1، 4، 8**

- لا يمكن وضع **0** في أول العدد.
- إذًا أول رقم يجب أن يكون **1** (هو أصغر رقم غير صفر).
  
الآن الأرقام المتبقية للترتيب: **0، 4، 8**

### الخطوة 4: رتّب باقي الأرقام تصاعديًا
نضع بقية الأرقام بعد الرقم الأول **من الأصغر إلى الأكبر**:

- بعد الـ 1 نضع: **0، 4، 8**

إذًا العدد سيكون:

👉 **1048**

---

### ✅ الإجابة النهائية:
**1048**

هو **أصغر عدد مكون من 4 أرقام مختلفة** يمكن تشكيله باستخدام الأرقام: 4، 1، 8، 0."
"Numbers and Operations","Understanding and representing numbers","C","أظهر الكسر (½) باستخدام شريط الكسور.","بالطبع! سأشرح لك كيفية **إظهار الكسر ½ (نصف) باستخدام شريط الكسور** بطريقة بسيطة وواضحة.

---

### 📌 ما هو شريط الكسور؟

شريط الكسور (Fraction Strip) هو أداة مرئية تُستخدم لفهم الكسور وتوضيحها. يتكوّن من أشرطة متساوية الطول، ويتم تقسيم كل شريط إلى أجزاء متساوية لتمثيل كسور مختلفة مثل:  
- 1 (الكل)  
- ½ (نصف)  
- ⅓ (ثلث)  
- ¼ (ربع)  
- وهكذا.

---

### ✅ خطوات إظهار الكسر ½ باستخدام شريط الكسور:

1. **ابدأ بشريط يمثل الكل (1)**:
   - خذ شريطًا كاملاً غير مقسوم، ويمثل العدد 1 أو ""الكل"".

2. **اقسم الشريط إلى جزأين متساويين**:
   - خذ نفس الشريط أو شريط آخر بنفس الطول، وقم بتقسيمه إلى **جزأين متساويين**.
   - كل جزء منهما يمثل **½** من الشريط الكامل.

3. **ظلل أحد الجزأين**:
   - لتوضيح الكسر ½، يمكنك **تلوين أو تظليل نصف الشريط فقط** (أي جزء واحد من أصل جزأين).
   - هذا الجزء المظلل يمثل الكسر:  
     $$
     \frac{1}{2}
     $$

4. **قارن مع باقي الأجزاء**:
   - يمكنك وضع الجزء المظلل (½) جانبًا لتلاحظ أنه يساوي نصف طول الشريط الكامل.

---

### 🎯 مثال توضيحي:

| الشريط | التفسير |
|--------|---------|
| ██████████ | يمثل العدد 1 (الكل) |
| ██ | يمثل ½ (نصف الشريط) |

---

### 💡 نصيحة:

يمكنك استخدام أوراق ملونة أو أدوات تعليمية جاهزة لشريط الكسور، أو حتى رسمه على ورقة بنفسك!

---

هل ترغب أن أساعدك في رسم هذا الشريط أو تصميم نموذج له على الورق؟ 😊"
"Numbers and Operations","Understanding and representing numbers","C","اكتب 234 بالشكل الموسع.","بالطبع! لحل المسألة ""اكتب العدد **234** بالشكل الموسع""، نقوم بتحليل العدد إلى قيم الأرقام حسب مواضعها (خانات الآحاد، والعشرات، والمئات).

### الخطوة 1: فهم قيم الأرقام في العدد 234

العدد **234** يتكون من ثلاثة أرقام:

- الرقم **2** في خانة **المئات**
- الرقم **3** في خانة **العشرات**
- الرقم **4** في خانة **الآحاد**

نحسب قيمة كل رقم حسب مكانته:

- **2** في خانة المئات = 2 × 100 = **200**
- **3** في خانة العشرات = 3 × 10 = **30**
- **4** في خانة الآحاد = 4 × 1 = **4**

### الخطوة 2: كتابة العدد بالشكل الموسع

الشكل الموسع هو جمع هذه القيم:

$$
234 = 200 + 30 + 4
$$

أو يمكنك كتابته على شكل ضرب:

$$
234 = (2 × 100) + (3 × 10) + (4 × 1)
$$

### ✅ الإجابة النهائية:
العدد **234** بالشكل الموسع هو:

$$
200 + 30 + 4
$$

أو

$$
(2 × 100) + (3 × 10) + (4 × 1)
$$

هل ترغب أن أشرح لك كيف تطبق هذا المفهوم على أعداد عشرية أو أكبر أيضًا؟"
"Numbers and Operations","Understanding and representing numbers","D","عبّر عن 3.75 على صورة كسر اعتيادي.","لحل هذه المسألة والتعبير عن العدد **3.75** على صورة **كسر اعتيادي**، يمكنك اتباع الخطوات التالية:

---

### ✅ الخطوة 1: فهم العدد

العدد **3.75** هو عدد عشري مكوّن من:
- **العدد الصحيح:** 3
- **الجزء العشري:** 0.75

---

### ✅ الخطوة 2: تحويل العدد العشري إلى كسر

يمكننا كتابة:

$$
3.75 = \frac{375}{100}
$$

لأن 3.75 يساوي 375 ÷ 100.

---

### ✅ الخطوة 3: تبسيط الكسر

نقوم بتبسيط الكسر $\frac{375}{100}$ عن طريق قسمة البسط والمقام على **أكبر عامل مشترك** بينهما.

#### إيجاد القاسم المشترك الأكبر (QSAG) لـ 375 و 100:
- QSAG(375, 100) = **25**

#### نقسم البسط والمقام على 25:

$$
\frac{375 \div 25}{100 \div 25} = \frac{15}{4}
$$

---

### ✅ الخطوة 4: (اختياري) تحويله إلى كسر مختلط

إذا أردت كتابته كـ **كسر مختلط** (عدد صحيح وكسر):

$$
\frac{15}{4} = 3 \frac{3}{4}
$$

لأن 15 ÷ 4 = 3 والباقي 3.

---

### ✅ الإجابة النهائية:

- **كسر اعتيادي غير مختلط:** $\boxed{\frac{15}{4}}$
- أو كـ **كسر مختلط:** $3 \frac{3}{4}$

هل تفضل الشكل غير المختلط أم المختلط؟"
"Numbers and Operations","Understanding and representing numbers","D","قارن باستخدام <، >، أو =: 3.25 ___ 3.205","بالطبع! دعني أشرح لك خطوة بخطوة كيف تقارن بين العددين:

**المعطى:**  
نريد مقارنة العددين:  
**3.25 ___ 3.205**

### الخطوة 1: قارن الأجزاء الصحيحة
- الجزء الصحيح من **3.25** هو **3**
- الجزء الصحيح من **3.205** هو **3**

الأجزاء الصحيحة متساوية، ننتقل إلى الأجزاء العشرية.

---

### الخطوة 2: قارن الأجزاء العشرية

لكي يكون التفسير سهلاً، يمكننا جعل عدد الأرقام بعد الفاصلة العشرية متساويًا بإضافة أصفار لا تؤثر على القيمة:

- **3.25 = 3.250**
- **3.205** (يبقى كما هو)

الآن نقارن:
- **3.250** vs **3.205**

نقارن الرقمين من اليسار إلى اليمين:

1. بعد 3. — نفس الرقم.
2. بعد الفاصلة:
   - في **3.250**: الأرقام هي **2، 5، 0**
   - في **3.205**: الأرقام هي **2، 0، 5**

نبدأ المقارنة:

- أول رقم بعد الفاصلة: **2 = 2** → متساويان
- ثاني رقم: **5 > 0** → هنا نجد أن **3.250** أكبر

---

### النتيجة:
إذن:

$$
3.25 > 3.205
$$

✅ **الإجابة الصحيحة هي:**  
**3.25 > 3.205**

هل ترغب أن أشرح لك بطريقة أخرى أو باستخدام الكسور؟"
"Numbers and Operations","Understanding and representing numbers","D","حوّل العدد ٢٧ من النظام العشري (الأساس ١٠) إلى النظام الثنائي (الأساس ٢).","لتحويل العدد **٢٧** من النظام العشري (الأساس ١٠) إلى النظام الثنائي (الأساس ٢)، يمكنك اتباع طريقة **القسمة على ٢ مع أخذ الباقي**. إليك الخطوات بالتفصيل:

---

### ✳️ الخطوة 1: اقسم العدد على ٢

تبدأ بقسمة العدد على ٢، وتسجل الباقي في كل مرة، ثم تستمر بقسمة الناتج الصحيح على ٢ مجددًا.

#### لنبدأ:
1. **٢٧ ÷ ٢ = ١٣** والباقي = **١**
2. **١٣ ÷ ٢ = ٦** والباقي = **١**
3. **٦ ÷ ٢ = ٣** والباقي = **٠**
4. **٣ ÷ ٢ = ١** والباقي = **١**
5. **١ ÷ ٢ = ٠** والباقي = **١**

---

### ✳️ الخطوة 2: اقرأ الباقي من الأسفل إلى الأعلى

الآن نأخذ الأرقام من البقايا التي حصلنا عليها، ولكن **نبدأ من آخر باقي إلى أول واحد**.

إذن:
- آخر باقي = **١**
- ثم **١**
- ثم **٠**
- ثم **١**
- ثم **١**

إذاً العدد في النظام الثنائي هو:  
**١١٠١١**

---

### ✅ الإجابة النهائية:

> $$
\boxed{11011_2}
$$

وهذا يعني أن:  
**(٢٧) في النظام العشري = (١١٠١١) في النظام الثنائي**

---

هل تريد شرحًا بطريقة أخرى مثل استخدام القوى؟"
"Numbers and Operations","Understanding and representing numbers","D","اكتب 0.007 على شكل كسر في أبسط صورة.","بالطبع! دعني أشرح لك كيفية تحويل العدد العشري **0.007** إلى كسر في أبسط صورة، خطوة بخطوة:

---

### ✅ الخطوة 1: اكتب العدد العشري على شكل كسر

العدد **0.007** يعني أن العُشر موجود في المرتبة الألفية، أي أنه يحتل الموقع الثالث بعد الفاصلة العشرية.

إذن:
$$
0.007 = \frac{7}{1000}
$$

---

### ✅ الخطوة 2: تحقق من اختزال الكسر

نقوم بالتحقق مما إذا كان يمكننا تبسيط الكسر $\frac{7}{1000}$، وذلك بإيجاد القاسم المشترك الأكبر (ق.م.أ) بين البسط (7) والمقام (1000).

- العدد **7** هو عدد أولي.
- العدد **1000** لا يقبل القسمة على 7.
- إذًا القاسم المشترك بينهما هو **1** فقط.

وبالتالي، الكسر $\frac{7}{1000}$ **في أبسط صورته ولا يمكن تبسيطه أكثر**.

---

### ✅ الإجابة النهائية:

$$
\boxed{\frac{7}{1000}}
$$

هل ترغب في معرفة كيف تقرأ هذا الكسر بالعربية أو كيف تحوّل كسور عشريّة أخرى مشابهة؟"
"Numbers and Operations","Understanding and representing numbers","D","مثّل العدد -5 على خط الأعداد.","بالطبع! إليك شرحًا مبسطًا لكيفية تمثيل العدد **-5** على **خط الأعداد**:

---

### 🔹 أولاً: ما هو خط الأعداد؟
خط الأعداد هو خط مستقيم يُستخدم لتمثيل الأعداد، حيث:
- توضع الأعداد **الموجبة** على يمين الصفر.
- توضع الأعداد **السالبة** على يسار الصفر.
- والصفر يكون في المنتصف.

مثلاً:
```
... ← -6  -5  -4  -3  -2  -1  0  +1  +2  +3  +4  +5  +6 → ...
```

---

### 🔹 ثانياً: خطوات تمثيل العدد -5 على خط الأعداد

1. **ارسم خطًا أفقيًا** (يمكنك رسمه بيدك أو تخيله).
2. **ضع نقطة في منتصف الخط** وسمها ""0"" (وهو الصفر).
3. **قسّم الخط إلى وحدات متساوية** على جانبي الصفر:
   - على اليسار: -1, -2, -3, ...
   - على اليمين: +1, +2, +3, ...

4. **ابحث عن العدد -5**: وهو خامس خطوة إلى **اليسار** من الصفر.
5. **ضع دائرة أو علامة** على المكان الذي يمثل العدد -5.

---

### 🔹 مثال بصري بسيط:
```
←───●───●───●───●───●───●───●───●───●───●───→
   -6  -5  -4  -3  -2  -1   0  +1  +2  +3  +4  +5
               ↑
              -5
```

---

### ✅ الخلاصة:
لتمثيل العدد **-5** على خط الأعداد:
- ابدأ من الصفر.
- تحرك 5 وحدات إلى **اليسار**.
- ضع علامة في ذلك المكان، وهذا هو موقع -5.

هل ترغب أن أساعدك في حل مسائل مشابهة أو تمارين إضافية؟ 😊"
"Numbers and Operations","Understanding and representing numbers","D","حوّل 3/4 إلى عدد عشري.","بالطبع! لتحويل الكسر **3/4** إلى عدد عشري، ما عليك سوى إجراء عملية **القسمة** البسيطة:

### الخطوة 1: اقسم البسط على المقام  
أي تقسم العدد 3 على العدد 4:
$$
3 ÷ 4 = 0.75
$$

### إذًا:
$$
\frac{3}{4} = 0.75
$$

### شرح بسيط:
- الكسر يعني ""على""، أي القسمة.
- فـ 3/4 تعني 3 مقسومًا على 4.
- وعند قسمة 3 على 4 تحصل على 0.75.

هل تود أن أشرح لك كيف تُجري القسمة اليدوية إذا لم تكن متمكنًا منها؟"
"Numbers and Operations","Understanding and representing numbers","D","أي الأعداد أقرب إلى الصفر: -3 أم -0.7؟","لحل هذه المسألة: **""أي الأعداد أقرب إلى الصفر: -3 أم -0.7؟""**  
نحتاج إلى مقارنة **البعد عن الصفر** لكل عدد، أي ننظر إلى **القيمة المطلقة** لكل عدد.

### ما هي القيمة المطلقة؟
القيمة المطلقة لعدد ما (ويرمز لها بالرمز $ |x| $) هي **المسافة بين هذا العدد والصفر** على خط الأعداد، بغض النظر عن الإشارة.

#### لنحسب القيمتين المطلقتين:
- $ |-3| = 3 $
- $ |-0.7| = 0.7 $

### الآن نقارن:
- بما أن $ 0.7 < 3 $، فهذا يعني أن العدد **-0.7** أقرب إلى الصفر من العدد **-3**.

### إذًا:
✅ **الإجابة الصحيحة:**  
**-0.7 أقرب إلى الصفر من -3.**

هل تحب أن أوضح لك ذلك على خط الأعداد أيضًا؟"
"Numbers and Operations","Understanding and representing numbers","E","اكتب العدد 4.56 ككسر في أبسط صورة.","لتحويل العدد العشري **4.56** إلى كسر في أبسط صورة، اتبع الخطوات التالية:

---

### ✅ **الخطوة 1: اكتب العدد العشري ككسر**
العدد **4.56** يعني أنه يوجد جزء صحيح (**4**) وجزء عشري (**0.56**).

نبدأ بكتابة العدد ككسر:

$$
4.56 = \frac{456}{100}
$$

كيف؟ لأن 4.56 = 456 ÷ 100

---

### ✅ **الخطوة 2: اختصر الكسر**
نريد تبسيط الكسر $\frac{456}{100}$ لأبسط صورة، أي نبحث عن **القاسم المشترك الأكبر (GCF)** للعددين 456 و 100.

#### إيجاد GCF لـ 456 و 100:
- العوامل الأولية لـ 456:  
  $456 = 2^3 × 3 × 19$
- العوامل الأولية لـ 100:  
  $100 = 2^2 × 5^2$

إذًا القاسم المشترك الأكبر هو:
$$
GCF = 2^2 = 4
$$

---

### ✅ **الخطوة 3: قسّم البسط والمقام على GCF = 4**

$$
\frac{456 ÷ 4}{100 ÷ 4} = \frac{114}{25}
$$

---

### ✅ **النتيجة النهائية:**

$$
\boxed{\frac{114}{25}}
$$

وهذا هو الكسر في أبسط صورة.

---

### ✅ **يمكنك أيضًا كتابته كعدد مخلوط:**

$$
\frac{114}{25} = 4 \frac{14}{25}
$$

لأن 114 ÷ 25 = 4 والباقي 14.

---

### ✅ **الخلاصة:**

- **4.56 = 114⁄25** ← الكسر غير الفعلي
- أو **4.56 = 4 14⁄25** ← عدد مخلوط

هل تحب أن أشرح لك كيف تُحوَّل الكسور العشرية إلى كسور بطريقة سريعة ذهنيًا؟"
"Numbers and Operations","Understanding and representing numbers","E","حوّل 125% إلى عدد عشري.","لتحويل النسبة المئوية **125%** إلى عدد عشري، اتبع الخطوات التالية:

---

### 🔹 الخطوة 1: تذكّر أن ""النسبة المئوية"" تعني ""من مائة""
أي أن:
$$
\%1 = \frac{1}{100} = 0.01
$$

---

### 🔹 الخطوة 2: قم بقسمة العدد على 100

لتحويل **125%** إلى عدد عشري، نقسم 125 على 100:

$$
125\% = \frac{125}{100} = 1.25
$$

---

### ✅ إذًا:  
**125% في الشكل العشري هو:**  
$$
\boxed{1.25}
$$

---

هل تحب أن أشرح لك كيف يمكنك تحويل أي نسبة مئوية إلى كسر عادي أيضًا؟ 😊"
"Numbers and Operations","Understanding and representing numbers","E","ما هي القيمة المطلقة للعدد -1309؟","بالطبع! لحل هذه المسألة وفهمها جيدًا، دعني أشرح لك مفهوم **القيمة المطلقة** أولًا.

---

### 🔹 ما هي القيمة المطلقة؟

القيمة المطلقة لأي عدد هي **مسافته عن الصفر** على خط الأعداد، بغض النظر عن اتجاه العدد (سواء كان موجبًا أو سالبًا).  
وهي دائمًا عدد **موجب** أو تساوي **صفرًا**.

يرمز للقيمة المطلقة بالعلامة:  
$$
|x| = 
\begin{cases} 
x & \text{إذا } x \geq 0 \\
-x & \text{إذا } x < 0 
\end{cases}
$$

---

### 🔹 الآن لنطبق ذلك على العدد -1309:

لدينا العدد:  
$$
-1309
$$

نظرًا لأن هذا العدد **سالب**، فإننا نأخذ سالبه لنحصل على قيمته الموجبة:

$$
|-1309| = -(-1309) = 1309
$$

---

### ✅ إذن، القيمة المطلقة للعدد -1309 هي:
$$
\boxed{1309}
$$

هل ترغب في حل أمثلة إضافية لتتأكد من الفهم؟ 😊"
"Numbers and Operations","Understanding and representing numbers","E","حوّل ٢.١٢٥ إلى عدد كسري مختلط.","بالطبع! دعني أشرح لك كيفية تحويل العدد **2.125** إلى عدد كسري مختلط خطوة بخطوة:

---

### 🔹 الخطوة 1: فهم العدد

العدد **2.125** هو عدد عشري، ونريد تحويله إلى **عدد كسري مختلط** (أي يحتوي على عدد صحيح وكسر بسيط).

---

### 🔹 الخطوة 2: فصل الجزء الصحيح عن الكسر

- نبدأ بفصل **الجزء الصحيح** من **الجزء العشري**:
  
  $$
  2.125 = 2 + 0.125
  $$

- الآن سنحول **0.125** إلى كسر.

---

### 🔹 الخطوة 3: تحويل 0.125 إلى كسر

- بما أن 0.125 له **ثلاثة أرقام بعد الفاصلة العشرية**، نضعه على **1000**:

  $$
  0.125 = \frac{125}{1000}
  $$

---

### 🔹 الخطوة 4: تبسيط الكسر

- نبسط الكسر $\frac{125}{1000}$ بالقسمة على القاسم المشترك الأكبر، وهو **125**:

  $$
  \frac{125 ÷ 125}{1000 ÷ 125} = \frac{1}{8}
  $$

---

### 🔹 الخطوة 5: دمج الجزء الصحيح مع الكسر

- الآن نعيد جمع كل شيء:

  $$
  2 + \frac{1}{8} = 2\frac{1}{8}
  $$

---

### ✅ الإجابة النهائية:

$$
\boxed{2\frac{1}{8}}
$$

---

إذا كانت لديك أي أسئلة أخرى أو تريد شرح لتحويلات أخرى، فأنا هنا للمساعدة! 😊"
"Numbers and Operations","Understanding and representing numbers","E","ما قيمة المنزل للعدد 6 في 3.067؟","بالطبع! دعنا نحل المسألة خطوة بخطوة.

السؤال هو:  
**ما قيمة المنزل للعدد 6 في العدد 3.067؟**

### أولاً: فهم العدد
العدد المعطى هو: **3.067**

هذا عدد عشري، ونستطيع تفكيكه إلى أجزائه كالتالي:

| المنزلة        | الرقم |
|----------------|-------|
| الآحاد          | 3     |
| جزء من عشرة     | 0     |
| جزء من مائة      | 6     |
| جزء من ألف       | 7     |

أي أن:
- 3 هي الآحاد.
- 0 هي جزء من عشرة (أجزاء العشر).
- **6 هي جزء من مائة** (أجزاء المائة).
- 7 هي جزء من ألف (أجزاء الألف).

### إذًا، ما هي ""قيمة المنزل"" للرقم 6؟

الرقم **6** موجود في منزلة **أجزاء المائة**، أي أنه يمثل **6 من مائة**.

ويمكن كتابة ذلك بالشكل:
$$
6 \times \frac{1}{100} = 0.06
$$

### ✅ الإجابة النهائية:
**قيمة الرقم 6 في العدد 3.067 هي 0.06 (ستة من مائة)**

هل تحب أن أشرح لك كيفية قراءة الأعداد العشرية بشكل عام؟"
"Numbers and Operations","Understanding and representing numbers","E","عبر عن 7/8 كعدد عشري.","بالطبع! دعني أشرح لك كيفية تحويل الكسر **7/8** إلى عدد عشري بطريقة بسيطة.

---

### الطريقة الأولى: القسمة المباشرة

لتحويل الكسر **7/8** إلى عدد عشري، ما عليك سوى قسمة البسط (7) على المقام (8):

$$
7 \div 8 = 0.875
$$

إذن:

$$
\frac{7}{8} = 0.875
$$

---

### الطريقة الثانية: استخدام مكافئات الكسور

يمكنك أيضًا التفكير في تحويل المقام (8) إلى 1000 أو 10 أو 100 عن طريق الضرب، لكن هذه الطريقة أصعب قليلًا مع 8، لذا يُفضل استخدام القسمة.

---

### للتأكد من الحل:

يمكنك ضرب العدد العشري مرة أخرى بالمقام وتشوف إذا كنت ستعيد البسط:

$$
0.875 \times 8 = 7
$$

وهذا يؤكد أن الحل صحيح ✅

---

### الإجابة النهائية:

$$
\boxed{0.875}
$$

هل تحب أن أشرح كيف تتحول أي كسر إلى عدد عشري بشكل عام؟"
"Numbers and Operations","Understanding and representing numbers","F","اكتب 3.2 × 10³ بالصورة العشرية العادية.","بالطبع! لنحل هذه المسألة خطوة بخطوة:

### السؤال:
**اكتب 3.2 × 10³ بالصورة العشرية العادية.**

---

### التفسير:

المعطى هو عدد مكتوب **بالصيغة العلمية** (Scientific Notation):  
$$
3.2 \times 10^3
$$

والمراد هو تحويله إلى **الصورة العشرية العادية** (أي الصورة التي نستخدمها في الحياة اليومية).

---

### الخطوات:

- $10^3$ تعني:  
$$
10 \times 10 \times 10 = 1000
$$

- الآن نضرب:
$$
3.2 \times 1000
$$

- عند ضرب أي عدد في 1000، نحرك الفاصلة العشرية 3 خانات إلى اليمين.

$$
3.2 \times 1000 = 3200
$$

---

### الإجابة النهائية:

$$
\boxed{3200}
$$

---

إذا كانت لديك أسئلة مشابهة أو أردت شرحًا أكثر عن الصيغة العلمية، فأنا هنا للمساعدة! 😊"
"Numbers and Operations","Understanding and representing numbers","F","اكتب الجذر التربيعي لـ 50 كعدد عشري مع التقريب إلى منزلتين عشريتين.","بالطبع! دعني أشرح لك خطوة بخطوة كيفية كتابة **الجذر التربيعي لـ 50** كعدد عشري، **مع التقريب إلى منزلتين عشريتين**.

---

### ✅ الخطوة 1: فهم ما المطلوب
المطلوب هو حساب:

$$
\sqrt{50}
$$

ثم تقريب الناتج إلى **أقرب جزء من مائة (منزلتين عشريتين)**.

---

### ✅ الخطوة 2: تبسيط الجذر إن أمكن

يمكننا تبسيط $\sqrt{50}$ رياضيًا قبل استخدام الآلة الحاسبة:

$$
\sqrt{50} = \sqrt{25 \times 2} = \sqrt{25} \cdot \sqrt{2} = 5\sqrt{2}
$$

نعرف أن:

$$
\sqrt{2} \approx 1.4142
$$

إذن:

$$
5\sqrt{2} \approx 5 \times 1.4142 = 7.071
$$

---

### ✅ الخطوة 3: التقريب إلى منزلتين عشريتين

لدينا:
$$
7.071
$$

- الرقم في المنزلة الثانية: **7**
- الرقم التالي (للتقريب): **1** وهو أقل من 5، فلا نضيف شيئًا.

إذن بعد التقريب:

$$
\sqrt{50} \approx 7.07
$$

---

### ✅ الإجابة النهائية:

$$
\boxed{7.07}
$$

هل تحب أن أوضح كيف نحسب الجذر التربيعي بدون آلة حاسبة بطريقة اليد؟"
"Numbers and Operations","Understanding and representing numbers","F","قدر قيمة √65 بدون استخدام الآلة الحاسبة.","لحساب قيمة √65 بدون استخدام الآلة الحاسبة، يمكنك استخدام طريقة **التقدير والتحسين التدريجي** (أو ما يُعرف بـ *طريقة التجربة والخطأ المُنظمة*). إليك خطوات مبسطة لتقدر الجذر التربيعي لـ 65:

---

### 🔹 الخطوة 1: حدد الأرقام المربعة القريبة من 65

نبحث عن أرقام تُرفع تربيعًا وتقع بالقرب من 65:

- $ 8^2 = 64 $
- $ 9^2 = 81 $

إذن:
$$
\sqrt{64} = 8 \quad \text{و} \quad \sqrt{81} = 9
\Rightarrow \sqrt{65} \text{ تقع بين } 8 \text{ و } 9
$$

---

### 🔹 الخطوة 2: قدر أولي

بما أن 65 قريبة جدًا من 64، فإن √65 ستكون قريبة من 8، لكنها أكبر قليلًا.

جرب:
$$
8.1^2 = 65.61 \quad (\text{أكبر من } 65)
$$

إذن:
$$
\sqrt{65} < 8.1
$$

جرب:
$$
8.0^2 = 64 \\
8.05^2 = (8 + 0.05)^2 = 8^2 + 2(8)(0.05) + 0.05^2 = 64 + 0.8 + 0.0025 = 64.8025
$$

ما زلنا أقل من 65.

جرب:
$$
8.06^2 = (8.05 + 0.01)^2 = 8.05^2 + 2(8.05)(0.01) + 0.0001 = 64.8025 + 0.161 + 0.0001 = 64.9636
$$

لا نصل بعد.

جرب:
$$
8.07^2 = 65.1249 \quad (\text{أكبر من } 65)
$$

إذن:
$$
\sqrt{65} \text{ بين } 8.06 \text{ و } 8.07
$$

---

### 🔹 الخطوة 3: استخدم التقريب الخطي أو المتوسط

بما أن:
- $ 8.06^2 = 64.9636 $
- $ 8.07^2 = 65.1249 $

نحسب الفرق:
- المسافة من 64.9636 إلى 65 هي: $ 65 - 64.9636 = 0.0364 $
- المسافة بين المربعين: $ 65.1249 - 64.9636 = 0.1613 $

النسبة:
$$
\frac{0.0364}{0.1613} \approx 0.226
$$

إذن، القيمة التقريبية:
$$
\sqrt{65} \approx 8.06 + 0.226 \times 0.01 = 8.06 + 0.00226 = \boxed{8.062}
$$

---

### ✅ النتيجة النهائية:

$$
\sqrt{65} \approx \boxed{8.06}
$$

وهذه قيمة تقريبية جيدة دون استخدام الآلة الحاسبة.

هل تحب أن أشرح لك أيضًا طريقة القسمة الطويلة لحساب الجذور التربيعية؟"
"Numbers and Operations","Understanding and representing numbers","F","اكتب 0.00072 بالصيغ العلمية.","بالطبع! سأشرح لك **كيفية كتابة العدد 0.00072 بالصيغة العلمية** خطوة بخطوة.

---

### 📌 أولاً: ما هي الصيغة العلمية؟
الصيغة العلمية هي طريقة لكتابة الأعداد الكبيرة جداً أو الصغيرة جداً على شكل:

$$
a \times 10^n
$$

حيث:
- $ a $ عدد بين 1 و 10 (أكبر من أو يساوي 1 وأصغر من 10).
- $ n $ عدد صحيح (موجب أو سالب).

---

### 🔢 المثال: تحويل 0.00072 إلى صيغة علمية

#### ✅ الخطوة 1: حرك الفاصلة العشرية
نريد تحويل العدد **0.00072** إلى عدد بين 1 و 10.

نحرك الفاصلة العشرية **4 خانات إلى اليمين** لنحصل على:

$$
7.2
$$

(لأن 0.00072 = 7.2 ÷ 10000)

#### ✅ الخطوة 2: عد عدد الخانات التي حركت الفاصلة فيها
لقد حركنا الفاصلة 4 خانات → هذا يعني أن الأس سيكون **-4**

(لأننا نتحرك نحو اليمين في عدد أصغر من 1، وبالتالي الأس يكون سالباً)

---

### ✅ إذن، الصيغة العلمية للعدد 0.00072 هي:

$$
\boxed{7.2 \times 10^{-4}}
$$

---

هل تريد أن أشرح لك مثالاً آخر لتتأكد أنك فهمت؟ 😊"
"Numbers and Operations","Understanding and representing numbers","F","حوّل العدد 125 إلى النظام الثنائي.","لحل هذه المسألة وتحويل العدد **125** من النظام العشري إلى النظام **الثنائي**، يمكنك اتباع خطوات بسيطة باستخدام **القسمة على 2 مع أخذ الباقي** في كل مرة، حتى تصل إلى صفر. ثم تقرأ الباقي من الأسفل إلى الأعلى.

### الخطوات:

1. **125 ÷ 2 = 62** والباقي **1**
2. **62 ÷ 2 = 31** والباقي **0**
3. **31 ÷ 2 = 15** والباقي **1**
4. **15 ÷ 2 = 7** والباقي **1**
5. **7 ÷ 2 = 3** والباقي **1**
6. **3 ÷ 2 = 1** والباقي **1**
7. **1 ÷ 2 = 0** والباقي **1**

### الآن نجمع الباقي من الأسفل إلى الأعلى:
**1111101**

---

### إذًا:
**العدد 125 في النظام العشري يساوي 1111101 في النظام الثنائي.**

✅ **الإجابة النهائية:**
$$
\boxed{1111101_2}
$$

هل ترغب أن أشرح لك الطريقة بطريقة أخرى، مثل استخدام القوى؟"
"Numbers and Operations","Understanding and representing numbers","F","هل 4.333... (المتكررة) عدد نسبي أم عدد غير نسبي؟ ولماذا؟","لحل هذه المسألة وتحديد ما إذا كان العدد **4.333... (المتكرر)** عددًا **نسبيًّا** أو **غير نسبي**، دعنا نبدأ بفهم المفاهيم الأساسية:

---

### 🔹 أولاً: ما هو العدد النسبي وغير النسبي؟

- **العدد النسبي (Rational Number):**
  هو عدد يمكن كتابته على صورة كسر **أ/ب** حيث:
  - أ و ب عددان صحيحان (Integers)
  - ب ≠ 0
  - الكسر يُكتب بالشكل $\frac{a}{b}$

  مثال:  
  - $ \frac{1}{2} = 0.5 $
  - $ \frac{2}{3} = 0.\overline{6} $
  - الأعداد العشرية المنتهية أو الدورية (متكررة) هي نسبية.

- **العدد غير النسبي (Irrational Number):**
  لا يمكن كتابته على صورة كسر.
  - له توسع عشري غير منتهٍ **ولا يتكرر بشكل دوري**.
  
  مثال:
  - π = 3.141592653...
  - √2 = 1.41421356...

---

### 🔹 ثانيًا: تحليل العدد المعطى: **4.333...**

هذا العدد هو عدد **عشري متكرر**، أي أن الرقم 3 بعد الفاصلة يعيد نفسه إلى ما لا نهاية.

نكتبه رياضيًا مثلًا:
$$
4.\overline{3}
$$

وهذا يشير إلى أن العدد **دوري**، وبالتالي يمكن تحويله إلى كسر (أي أنه عدد نسبي).

---

### 🔹 ثالثًا: كيف نحول 4.333... إلى كسر؟

لنستخدم طريقة جبرية لتحويل العدد الدوري إلى كسر:

#### الخطوة 1:
ليكن:
$$
x = 4.33333...
$$

#### الخطوة 2:
نلاحظ أن العدد المتكرر هو رقم واحد (3)، فنضرب الطرفين في 10:

$$
10x = 43.33333...
$$

#### الخطوة 3:
نطرح المعادلة الأولى من الثانية:

$$
10x - x = 43.33333... - 4.33333...
\Rightarrow 9x = 39
$$

#### الخطوة 4:
نحل لإيجاد x:

$$
x = \frac{39}{9} = \frac{13}{3}
$$

---

### 🔹 رابعًا: الاستنتاج

لقد تمكنا من كتابة العدد **4.333...** على شكل كسر:
$$
\frac{13}{3}
$$

وهو على الصورة $\frac{a}{b}$ حيث $a = 13$ و $b = 3$ عددان صحيحان و $b \neq 0$

إذًا:

✅ **العدد 4.333... هو عدد نسبي**.

---

### ✅ الإجابة النهائية:

> **العدد 4.333... (المتكرر) هو عدد نسبي، لأنه يمكن كتابته على شكل كسر $\frac{13}{3}$، وكل عدد يمكن كتابته على صورة كسر بين عددين صحيحين هو عدد نسبي.**"
"Numbers and Operations","Understanding and representing numbers","F","أي الأعداد ليست عددًا صحيحًا: 3.14159، 22/7، π؟","بالطبع! دعني أشرح لك المسألة خطوة بخطوة.

السؤال: **أي الأعداد التالية ليست عددًا صحيحًا؟**

الأعداد المعطاة:

1. $ 3.14159 $
2. $ \frac{22}{7} $
3. $ \pi $

---

### أولًا: ما هو العدد الصحيح؟

**العدد الصحيح (Integer)** هو عدد لا يحتوي على كسر أو فاصلة عشرية، مثل:
$$
\{\ldots, -3, -2, -1, 0, 1, 2, 3, \ldots\}
$$

---

### الآن لنحلل كل عدد من الأعداد المعطاة:

#### 1. $ 3.14159 $

- هذا عدد **عشري غير دوري** (فاصلة عشرية منتهية).
- ليس عددًا صحيحًا لأنه يحتوي على كسور عشرية.
- لكنه عدد **نَسْبي** (يمكن كتابته ككسر عشري منتهٍ).

✅ **ليس عددًا صحيحًا**

---

#### 2. $ \frac{22}{7} $

- هذا عدد **كسري**، وهو تقريب شائع لقيمة $ \pi $.
- لكنه في الحقيقة عدد **نَسْبي** (ناتج قسمة عددين صحيحين).
- ليس عددًا صحيحًا لأنه ناتج القسمة لا يساوي عددًا بدون كسور.

✅ **ليس عددًا صحيحًا**

---

#### 3. $ \pi $

- $ \pi $ هو أحد أشهر **الأعداد غير الجذرية (Irrational Numbers)**.
- لا يمكن كتابته ككسر بين عددين صحيحين.
- قيمته تقريبًا تساوي $ 3.14159... $، لكنها تستمر بلا نهاية وبلا تكرار.
- بالتالي، ليس عددًا صحيحًا ولا حتى نسبيًا.

✅ **ليس عددًا صحيحًا**

---

### إذًا، هل أي من هذه الأعداد عدد صحيح؟

❌ لا واحد منها عدد صحيح!

لكن السؤال يقول: ""**أي الأعداد ليست عددًا صحيحًا**"" — وهذا يعني أنك تبحث عن **كل عدد ليس صحيحًا**.

وبما أن الثلاثة **ليست أعدادًا صحيحة**، فالإجابة الدقيقة تعتمد على نوعية الاختيار المطلوب.

---

### الخلاصة:

جميع الأعداد الثلاثة **ليست أعدادًا صحيحة**:

- $ 3.14159 $ ➡️ ليس صحيحًا ✅
- $ \frac{22}{7} $ ➡️ ليس صحيحًا ✅
- $ \pi $ ➡️ ليس صحيحًا ✅

إذا كان عليك اختيار واحد فقط (كما في بعض الأسئلة المتعددة الخيارات)، فغالبًا المقصود هو الذي **ليس نسبيًا أيضًا**، وهو:

🟩 **$ \pi $**، لأنه عدد غير نسبي ( Irrational )

---

هل تحب أن أوضح الفرق بين الأعداد النسبية وغير النسبية أيضًا؟ 😊"
"Numbers and Operations","Understanding and representing numbers","G","حوّل 5¼ إلى كسر غير حقيقي.","بالطبع! سأشرح لك كيفية تحويل العدد **الكسري 5¼** (وهو عدد مكون من عدد صحيح وجزء كسري) إلى **كسر غير حقيقي** (أي كسر بسطه أكبر من مقامه).

---

### أولاً: فهم ما هو 5¼  
العدد **5¼** يعني:  
**5 + ¼**  
أي: 5 + ربع واحد.

---

### ثانيًا: طريقة التحويل إلى كسر غير حقيقي

لتحويل **5¼** إلى كسر غير حقيقي، اتبع هذه الخطوات:

1. اضرب **العدد الصحيح (5)** في **مقام الكسر (4)**:
   $$
   5 × 4 = 20
   $$

2. أضف **بسط الكسر (1)** إلى الناتج:
   $$
   20 + 1 = 21
   $$

3. اجعل الناتج الجديد هو **البسط**، مع الحفاظ على **المقام نفسه (4)**:
   $$
   \frac{21}{4}
   $$

---

### إذًا:
$$
\boxed{5\frac{1}{4} = \frac{21}{4}}
$$

وهذا هو الشكل غير الحقيقي للكسر.

---

هل ترغب أن أشرحها بطريقة مرئية أو باستخدام مثال عملي؟"
"Numbers and Operations","Understanding and representing numbers","G","ارسم الأعداد ٣/٤، √٢، و -١.٥ على خط الأعداد","بالطبع! دعني أشرح لك **خطوة بخطوة** كيف يمكنك رسم الأعداد التالية على خط الأعداد:

الأعداد التي تريد رسمها هي:
1. $ \frac{3}{4} $
2. $ \sqrt{2} $
3. $ -1.5 $

---

### 🔹 أولًا: ما هو خط الأعداد؟
خط الأعداد هو خط أفقي يُستخدم لتمثيل الأعداد الحقيقية، حيث:
- الأعداد الموجبة تكون على يمين الصفر.
- الأعداد السالبة تكون على يسار الصفر.
- كلما ذهبت إلى اليمين، زادت قيمة العدد.

---

## ✅ الخطوات لرسم هذه الأعداد على خط الأعداد

### ١. تحديد مدى (نطاق) خط الأعداد
نظرًا لأن أصغر عدد هو $-1.5$ وأكبر عدد هو حوالي $ \sqrt{2} \approx 1.41 $، فيمكنك رسم خط الأعداد من $-2$ إلى $+2$ لتغطية جميع هذه القيم.

ارسم خطًا أفقيًا وقم بتقسيمه بشكل منظم من $-2$ إلى $+2$، مثلاً بفواصل كل $0.5$ أو $0.25$ حسب دقة الرسم المطلوبة.

---

### ٢. تحويل الكسور والجذور إلى صيغة عشرية (لتسهيل الرسم)

#### أ. $ \frac{3}{4} = 0.75 $
سهل الرسم، لأنه رقم عشري واضح.

#### ب. $ \sqrt{2} \approx 1.414 $
الجذر التربيعي لـ 2 ليس عددًا نسبيًا، لكن يمكننا تقريب قيمته بالآلة الحاسبة أو من الذاكرة إذا كنت تعرف أنه بين 1.4 و 1.5.

#### ج. $ -1.5 $
وهو سالب واحد ونصف، أي بين $-2$ و $-1$.

---

### ٣. وضع العلامات على خط الأعداد

الآن، ضع نقطة لكل عدد في مكانه الصحيح على خط الأعداد:

| العدد | القيمة العشرية | موقعه على خط الأعداد |
|------|----------------|------------------------|
| $ \frac{3}{4} $ | 0.75 | على يمين الصفر، بين 0.5 و 1 |
| $ \sqrt{2} $    | ~1.414 | على يمين الصفر، بين 1 و 1.5 |
| $ -1.5 $        | -1.5 | على يسار الصفر، بين -2 و -1 |

---

### ٤. رسم توضيحي (وصف فقط لأنني لا أستطيع رسم صورة)

تخيل خط الأعداد الأفقي كالتالي:

```
<---(-2)----(-1.5)----(-1)----(0)----(0.5)----(0.75)----(1)----(1.414)----(2)--->
```

ضع نقاط صغيرة أو دوائر حول الأماكن التالية:
- عند **-1.5**: نقطة للعدد السالب.
- عند **0.75**: نقطة قريبة من 1 على يمين الصفر.
- عند **1.414**: نقطة قريبة من 1.5 على يمين الصفر أيضًا، لكن قبل 1.5.

---

### 🎯 خلاصة:
لقد قمت برسم الأعداد الثلاثة على خط الأعداد عن طريق:
1. تحويلها إلى صيغة عشرية.
2. اختيار مدى مناسب لخط الأعداد.
3. وضع كل عدد في مكانه الصحيح.

إذا كنت ستكتب هذا في ورقة، فتأكد أن:
- تُظهر التقسيم بدقة.
- تُشير لكل عدد بنقطة وعلامة (مثل دائرة أو خط عمودي).
- تكتب اسم العدد أسفل النقطة.

هل تريد أن أشرح لك كيف ترسم هذا خطوة بخطوة على ورقة بيضاء؟"
"Numbers and Operations","Understanding and representing numbers","G","قدر موقع الجذر التربيعي ٥ على خط الأعداد.","لحل مسألة **""تقدير موقع الجذر التربيعي لـ 5 (√5) على خط الأعداد""**، يمكنك اتباع الخطوات التالية:

---

### 🔹 أولاً: فهم المطلوب

المطلوب هو **تحديد مكان تقريبي للعدد √5 على خط الأعداد الحقيقي**.

الجذر التربيعي لـ 5 (√5) هو عدد **غير نسبي (Irrational)**، أي لا يمكن كتابته ككسر عشري منتهٍ أو دوري. لكنه يُمكن تقديره.

---

### 🔹 ثانياً: حدد بين أي عددين صحيحين يقع √5

نعلم أن:
- √4 = 2  
- √9 = 3  

وبما أن:
> 4 < 5 < 9  
فإن:
> √4 < √5 < √9  
أي أن:
> 2 < √5 < 3

إذن الجذر التربيعي لـ 5 يقع **بين العددين 2 و 3** على خط الأعداد.

---

### 🔹 ثالثاً: قدر القيمة التقريبية لـ √5

نريد تحديد مكانه بدقة أكبر داخل هذا الفاصل.

نجرب بعض القيم بين 2 و 3:

- (2.2)² = 4.84
- (2.3)² = 5.29

نلاحظ أن:
> 4.84 < 5 < 5.29  
إذن:
> 2.2 < √5 < 2.3

نأخذ المتوسط:
- (2.2 + 2.3)/2 = 2.25  
- (2.25)² = 5.0625 ← أكبر من 5

نحاول بـ 2.24:
- (2.24)² = 5.0176 ← قريب جداً

نحاول بـ 2.23:
- (2.23)² = 4.9729 ← أقل قليلاً من 5

إذن:
> √5 ≈ 2.236 (قيمة معروفة)

---

### 🔹 رابعاً: مثل √5 على خط الأعداد

1. ارسم خط أعداد أفقي.
2. ضع العلامات للأعداد الصحيحة مثل: 0، 1، 2، 3، ...
3. عيّن المكان بين 2 و 3.
4. بما أن √5 ≈ 2.236، فضع نقطة تبعد حوالي **ربع المسافة** بين 2 و 3 (أي أقرب إلى 2).

---

### ✅ خلاصة الحل:

- √5 ≈ 2.236
- يقع بين 2 و 3
- أقرب إلى 2 منه إلى 3
- يمكنك تمثيله تقريباً على خط الأعداد في هذه المنطقة

---

هل ترغب أن أساعدك برسم تخطيطي بسيط باستخدام النصوص؟"
"Numbers and Operations","Understanding and representing numbers","G","هل العدد ١١/٧ أقرب إلى ١ أم ٢؟ أظهر خطوات الحل.","لحل هذه المسألة:  
**هل العدد ١١⁄٧ أقرب إلى ١ أم ٢؟**

### ✅ الخطوة 1: فهم الكسر

العدد المعطى هو:

$$
\frac{11}{7}
$$

وهو كسر عادي. لفهم قيمته الحقيقية، نقوم بتحويله إلى عدد عشري عن طريق القسمة.

---

### ✅ الخطوة 2: تحويل الكسر إلى عدد عشري

نقسم 11 على 7:

$$
\frac{11}{7} \approx 1.5714
$$

إذن:
$$
\frac{11}{7} \approx 1.5714
$$

---

### ✅ الخطوة 3: مقارنة القيمة بالعددين 1 و 2

نريد أن نعرف هل 1.5714 **أقرب إلى 1 أم إلى 2**.

- المسافة من 1:
  $$
  |1.5714 - 1| = 0.5714
  $$

- المسافة من 2:
  $$
  |1.5714 - 2| = 0.4286
  $$

---

### ✅ الخطوة 4: المقارنة

- 0.5714 > 0.4286  
إذن المسافة إلى **2** أقل من المسافة إلى **1**

---

### ✅ النتيجة النهائية:

$$
\boxed{\text{العدد } \frac{11}{7} \text{ أقرب إلى } 2}
$$

هل ترغب أن أشرح لك ذلك بطريقة رسوم أو باستخدام خط الأعداد أيضًا؟"
"Numbers and Operations","Understanding and representing numbers","H","حول العدد العشري 156 إلى النظام الثنائي والست عشري.","بالطبع! دعني أشرح لك خطوة بخطوة كيفية تحويل العدد العشري **156** إلى النظام **الثنائي (Base 2)** والنظام **السداسي العشري (Base 16)**.

---

## ✅ التحويل من العشري إلى الثنائي (Binary):

### الطريقة: القسمة على 2 وتسجيل الباقي

نقوم بقسمة العدد على 2 باستمرار، ونسجل الباقي في كل مرة حتى يصبح الناتج صفرًا. ثم نقرأ الأرقام من **الآخر إلى الأول**.

#### الخطوات:

1. 156 ÷ 2 = 78 → الباقي **0**
2. 78 ÷ 2 = 39 → الباقي **0**
3. 39 ÷ 2 = 19 → الباقي **1**
4. 19 ÷ 2 = 9 → الباقي **1**
5. 9 ÷ 2 = 4 → الباقي **1**
6. 4 ÷ 2 = 2 → الباقي **0**
7. 2 ÷ 2 = 1 → الباقي **0**
8. 1 ÷ 2 = 0 → الباقي **1**

نقرأ الباقي من أسفل إلى أعلى:

> **(156)₁₀ = (10011100)₂**

---

## ✅ التحويل من العشري إلى الست عشري (Hexadecimal):

### الطريقة: القسمة على 16 وتسجيل الباقي

نقسم العدد على 16 ونسجل الباقي، ثم نستمر حتى يصبح الناتج صفرًا. الأرقام التي تزيد عن 9 تمثل بالحروف:
- 10 → A
- 11 → B
- 12 → C
- 13 → D
- 14 → E
- 15 → F

#### الخطوات:

1. 156 ÷ 16 = 9 → الباقي **12** → (12 = C)
2. 9 ÷ 16 = 0 → الباقي **9**

نقرأ من أسفل إلى أعلى:

> **(156)₁₀ = (9C)₁₆**

---

## ✅ الخلاصة:

- **الثنائي:** ‭**(10011100)₂**  
- **السداسي العشري:** **(9C)₁₆**

إذا كانت لديك أي أسئلة إضافية أو تريد شرحًا بصريًا أو باستخدام جدول، فمرحبًا دائمًا! 😊"
"Numbers and Operations","Understanding and representing numbers","H","مثل الرقم الست عشري 1A3 بالنظام الثنائي.","لحل هذه المسألة وتحويل العدد **السداسي العشري** `1A3` إلى النظام **الثنائي**، نتبع خطوات بسيطة. إليك التوضيح بالتفصيل:

---

### 🔢 أولاً: فهم النظامين

- **النظام السداسي العشري (Hexadecimal)** يستخدم 16 رمزًا:  
  الأرقام من `0` إلى `9` وثم الحروف من `A` إلى `F`، حيث:
  - A = 10
  - B = 11
  - C = 12
  - D = 13
  - E = 14
  - F = 15

- **النظام الثنائي (Binary)** يستخدم فقط الرقمان `0` و `1`.

---

### 📝 الخطوة 1: تحويل كل رقم سداسي عشري إلى 4 بت (ثنائي)

كل رقم في النظام السداسي العشري يُمثَّل بـ **4 خانات ثنائية** (4 bits).  
نبدأ بتحويل كل رقم من `1A3` على حدة:

| الرقم السداسي العشري | القيمة العشرية | تمثيله الثنائي (4 بت) |
|------------------|--------------|---------------------|
| 1                | 1            | `0001`              |
| A                | 10           | `1010`              |
| 3                | 3            | `0011`              |

---

### 🧮 الخطوة 2: دمج النتائج الثنائية

نجمع النواتج من الجدول أعلاه:

```
1    →   0001  
A    →   1010  
3    →   0011  
--------------
المجموع = 0001 1010 0011
```

يمكننا إزالة الصفر الزائد في الأمام (إن لم تكن هناك حاجة إليه):

```
1A3 (Hex) = 110100011 (Binary)
```

---

### ✅ الإجابة النهائية:

> العدد السداسي العشري **1A3** يساوي في النظام الثنائي:  
> **110100011**

---

هل تريد شرح كيفية التحويل من ثنائي إلى سداسي عشري أيضًا؟ 😊"
"Numbers and Operations","Understanding and representing numbers","H","اكتب العدد الثنائي 101101.11 كعدد عشري.","لتحويل العدد الثنائي **101101.11** إلى عدد عشري، نقوم باتباع خطوات تحويل الأرقام من النظام الثنائي (Base 2) إلى النظام العشري (Base 10).  
سأشرح لك الطريقة بالتفصيل:

---

### 🔹 أولاً: فهم العدد

العدد الثنائي المعطى هو:  
**101101.11**

- الجزء الأيسر من الفاصلة هو **الجزء الصحيح**: **101101**
- الجزء الأيمن من الفاصلة هو **الجزء الكسري**: **.11**

---

## ✳️ الخطوة 1: تحويل الجزء الصحيح (101101)

نبدأ من اليمين ونضرب كل رقم في **2 مرفوعة لأس يمثل موقعه** (بدءًا من 0).

| الموضع | الرقم | الحساب |
|-------|------|--------|
|   5   |  1   | $1 \times 2^5 = 32$ |
|   4   |  0   | $0 \times 2^4 = 0$   |
|   3   |  1   | $1 \times 2^3 = 8$   |
|   2   |  1   | $1 \times 2^2 = 4$   |
|   1   |  0   | $0 \times 2^1 = 0$   |
|   0   |  1   | $1 \times 2^0 = 1$   |

نجمع النتائج:
$$
32 + 0 + 8 + 4 + 0 + 1 = 45
$$

إذًا: **الجزء الصحيح = 45**

---

## ✳️ الخطوة 2: تحويل الجزء الكسري (.11)

نأخذ الأرقام بعد الفاصلة، ونضرب كل رقم في **2 مرفوعة لأس سالب** يعبر عن موقعه (يبدأ من -1 من اليسار إلى اليمين):

| الموضع | الرقم | الحساب |
|-------|------|--------|
|  -1   |  1   | $1 \times 2^{-1} = 0.5$ |
|  -2   |  1   | $1 \times 2^{-2} = 0.25$ |

نجمع النتائج:
$$
0.5 + 0.25 = 0.75
$$

إذًا: **الجزء الكسري = 0.75**

---

## ✅ الخطوة 3: جمع الجزئين

$$
45 + 0.75 = 45.75
$$

---

### 🎉 الإجابة النهائية:

العدد الثنائي **101101.11** يساوي في النظام العشري:

$$
\boxed{45.75}
$$

إذا كانت لديك أي أسئلة إضافية حول التحويل بين الأنظمة العددية، فأنا هنا للمساعدة! 😊"
"Numbers and Operations","Understanding and representing numbers","H","حدد أي من الأعداد التالية يعتبر عددًا غير نسبي: π، 22/7، √2، √16","لحل هذه المسألة، نحتاج أولًا إلى فهم الفرق بين **العدد النسبي** و**العدد غير النسبي**.

---

### 🔹 تعريف العدد النسبي:
هو عدد يمكن كتابته على صورة كسر $\frac{a}{b}$ حيث $a$ و$b$ أعداد صحيحة و$b ≠ 0$.  
مثال: $ \frac{3}{4} $، $5$ (وهي تساوي $\frac{5}{1}$)، أو $-2.5 = \frac{-5}{2}$.

---

### 🔹 تعريف العدد غير النسبي:
هو عدد **لا يمكن** كتابته على صورة كسر بين عددين صحيحين.  
أي أن الكسر غير ممكن، والعدد يكون له فاصلة عشرية لا منتهية **ولا دورية**.  
مثال: $\pi$, $\sqrt{2}$

---

### 🔍 الآن لننظر للأعداد المعطاة:

#### 1. **$\pi$**
- $\pi$ هو عدد غير نسبي.
- قيمته تقريبًا: $3.141592653...$
- الرقم مستمر بلا نهاية **ولا يتكرر بشكل دوري**.
✅ **عدد غير نسبي**

---

#### 2. **$\frac{22}{7}$**
- هذا عدد **نسبي** لأنه كسر بين عددين صحيحين.
- يستخدم غالبًا كتقريب لقيمة $\pi$، لكنه ليس $\pi$ نفسه.
❌ **عدد نسبي**

---

#### 3. **$\sqrt{2}$**
- الجذر التربيعي لـ 2 لا يمكن كتابته بشكل دقيق ككسر.
- قيمته: $1.41421356...$ وهي مستمرة وغير منتهية **ولا دورية**.
✅ **عدد غير نسبي**

---

#### 4. **$\sqrt{16}$**
- $\sqrt{16} = 4$ لأن $4^2 = 16$
- العدد 4 هو عدد صحيح وبالتالي عدد نسبي.
❌ **عدد نسبي**

---

### ✅ الإجابة النهائية:
من الأعداد المعطاة، **الأعداد غير النسبية هي**:
- $\pi$
- $\sqrt{2}$

---

### 📌 ملخص سريع:

| العدد         | نوعه           |
|--------------|----------------|
| $\pi$       | غير نسبي ✅     |
| $22/7$      | نسبي ❌         |
| $\sqrt{2}$  | غير نسبي ✅     |
| $\sqrt{16}$ | نسبي ❌         |

هل تريد أن أشرح لك لماذا $\sqrt{2}$ غير نسبي؟"
"Numbers and Operations","Understanding and representing numbers","H","قارن بين 0x2F (نظام العد الست عشري) و47 (نظام العد العشري) – هل هما متساويان؟","بالطبع! دعني أشرح لك خطوة بخطوة كيف تقارن بين العددين:  
- **0x2F** (وهو عدد في نظام العد الست عشري – Hexadecimal)  
- و**47** (وهو عدد في نظام العد العشري – Decimal)

وسنقوم بتحويل **0x2F** إلى النظام العشري ثم نقارن.

---

### 🔹 أولاً: فهم الترميز
- **0x** هو رمز يُستخدم ليدل على أن العدد التالي له هو في **نظام العد الست عشري**.
- إذًا:  
  **0x2F = 2Fₐₓ** (الرقم 2F في النظام الست عشري)

---

### 🔹 ثانياً: تحويل 2F من الست عشري إلى العشري

#### 💡 تذكير:
في النظام الست عشري، الأرقام تبدأ من 0 إلى 9 ثم تستمر بالأحرف A-F كالتالي:

| الرقم (Hex) | قيمته العشرية |
|-------------|----------------|
| 0           | 0              |
| ...         | ...            |
| 9           | 9              |
| A           | 10             |
| B           | 11             |
| C           | 12             |
| D           | 13             |
| E           | 14             |
| F           | 15             |

#### ✏️ الآن نحلل الرقم 2F:
- الرقم **2** يقع في الخانة الثانية (من اليمين)، أي أنه مضروب في $16^1 = 16$  
  → $2 × 16 = 32$
- الرقم **F** يساوي 15، ويقع في الخانة الأولى (أقصى اليمين)، أي مضروب في $16^0 = 1$  
  → $15 × 1 = 15$

#### 📌 نجمع النتائج:
$$
32 + 15 = 47
$$

إذًا:
> **(0x2F)₁₆ = (47)₁₀**

---

### 🔸 المقارنة:

- **0x2F = 47**
- والعدد الثاني هو **47** أيضًا

---

### ✅ الإجابة النهائية:

> **نعم، العددان متساويان.**

هل ترغب أن أشرح لك كيف يتم العكس؟ أي كيف تحوّل العدد 47 إلى النظام الست عشري؟"
"Numbers and Operations","Understanding and representing numbers","H","اكتب الكسر العشري الدوري 0.142857... على صورة كسر اعتيادي.","لتحويل الكسر العشري الدوري **0.142857...** إلى كسر اعتيادي، نقوم باتباع خطوات رياضية بسيطة. هذا العدد عشري غير منتهٍ ويُظهر دورانًا في الأرقام:  
$$
0.142857142857\ldots
$$  
أي أن الدورة (التكرار) هي: **142857**، وطولها 6 أرقام.

---

### ✳️ الخطوة 1: نضع المتغير

نفترض أن:
$$
x = 0.142857142857\ldots
$$

---

### ✳️ الخطوة 2: نضرب في قوة من 10 لإزاحة الفاصلة

لأن هناك 6 أرقام متكررة، نضرب الطرفين في $10^6 = 1000000$:

$$
1000000x = 142857.142857142857\ldots
$$

ونكتب أيضًا:
$$
x = 0.142857142857\ldots
$$

---

### ✳️ الخطوة 3: نطرح المعادلتين

نطرح المعادلة الثانية من الأولى:

$$
1000000x - x = 142857.142857\ldots - 0.142857\ldots
$$

$$
999999x = 142857
$$

---

### ✳️ الخطوة 4: نجد قيمة $x$

$$
x = \frac{142857}{999999}
$$

---

### ✳️ الخطوة 5: نختصر الكسر

نبحث عن **القاسم المشترك الأكبر (ق.م.أ)** للعددين 142857 و 999999.

نجري القسمة أو نستخدم خوارزمية إقليدس:

- $ 999999 ÷ 142857 = 7 $ تمامًا (لا يوجد باقي)
- أي أن:
$$
\frac{142857}{999999} = \frac{1}{7}
$$

---

### ✅ الإجابة النهائية:

$$
\boxed{\frac{1}{7}}
$$

إذن، الكسر العشري الدوري $0.142857...$ يساوي الكسر الاعتيادي $\frac{1}{7}$."
"Numbers and Operations","Understanding and performing operations","B","ما هو 6 + 7؟ ______","بالطبع! لحل المسألة البسيطة **6 + 7**، يمكنك اتباع طريقة سهلة:

### الطريقة الأولى: الجمع المباشر
 просто تضيف العددين إلى بعض:
- 6 + 7 = **13**

### الطريقة الثانية: استخدام الحقائق المعروفة
يمكنك أن تفكر:
- أنا أعرف أن 6 + 6 = 12  
- إذًا 6 + 7 هي فقط 12 + 1 = **13**

### الطريقة الثالثة: استخدام الأصابع أو الأشياء
- خذ 6 أشياء (مثل أقلام)، ثم أضف إليها 7 أخرى.
- بعد العد، ستصل إلى العدد **13**.

إذًا، الإجابة النهائية هي:

 ______  
**13**  

هل تحب أن أشرح بطريقة معينة أكثر؟ 😊"
"Numbers and Operations","Understanding and performing operations","B","املأ الفراغ: 9 + ___ = 14","بالطبع! دعني أشرح لك كيفية حل هذه المسألة البسيطة خطوة بخطوة.

لدينا المعادلة:

$$
9 + \_\_\_ = 14
$$

### الهدف:
نريد إيجاد العدد الذي إذا أضفناه إلى **9** نحصل على **14**.

### الطريقة:
يمكنك استخدام عملية **الطرح** لإيجاد العدد المفقود. فقط اطرح 9 من 14:

$$
14 - 9 = 5
$$

### إذًا:
العدد الذي يُملأ في الفراغ هو **5**.

### الإجابة النهائية:
$$
9 + \mathbf{5} = 14
$$

هل تحب أن أشرحها بطريقة أخرى، مثل استخدام الأصابع أو الخطوات؟"
"Numbers and Operations","Understanding and performing operations","B","احسب ناتج 25 + 10 = ______","بالطبع! دعني أشرح لك كيفية حل المسألة الرياضية التالية:

**المسألة:**  
احسب ناتج  
$$ 25 + 10 = \_\_\_\_ $$

### الخطوة الأولى: فهم المسألة
أنت مطلوب منك أن تجمع العدد **25** مع العدد **10**.

### الخطوة الثانية: طريقة الجمع
يمكنك جمع الأعداد بطريقة بسيطة كالتالي:

- ابدأ من العدد **25**
- أضف إليه **10**

أو بمعنى آخر:  
$$ 25 + 10 = 35 $$

### التفسير:
- الرقم **25** يتكون من **20 + 5**
- عندما تضيف **10** إليه، تضيف 10 على الـ 20 فتصبح **30**
- ثم تضيف الـ 5 المتبقية، فيصبح الناتج **35**

---

### ✅ الإجابة النهائية:
$$
\boxed{35}
$$

إذا كنت تريد طريقة الحل بشكل عمودي (للتدرب على الجمع)، فإليك:

```
  25
+ 10
-----
  35
```

هل تحب أن أشرح لك طريقة الجمع بالتفصيل أكثر أو تساعدك في مسائل مشابهة؟ 😊"
"Numbers and Operations","Understanding and performing operations","B","ما هو 6 + 6 + 6؟ ______","بالطبع! دعني أساعدك في حل هذه المسألة الرياضية البسيطة.

المسألة هي:

**6 + 6 + 6 = ?**

### خطوات الحل:

1. أولاً، نبدأ بجمع أول عددين:
   **6 + 6 = 12**

2. ثم نضيف العدد الثالث إلى الناتج:
   **12 + 6 = 18**

### إذن:
**6 + 6 + 6 = 18**

هل ترغب أن أشرح لك كيف يمكن حساب ذلك بطريقة أخرى (مثل استخدام الضرب)؟"
"Numbers and Operations","Understanding and performing operations","B","تبلغ تكلفة لعبة 12 دينارًا.إذا دفعت بفئة 20 دينارًا، فكم سيكون المبلغ المتبقي؟","لحل هذه المسألة الرياضية، نقوم باتباع خطوة بسيطة وهي:

### طرح تكلفة اللعبة من المبلغ الذي دفعته.

#### المعطيات:
- تكلفة اللعبة = **12 دينارًا**
- المبلغ الذي دفعته = **20 دينارًا**

#### الحل:
المبلغ المتبقي = المبلغ الذي دفعته − تكلفة اللعبة  
أي:

$$
20 - 12 = 8
$$

### إذًا، المبلغ المتبقي هو: **8 دنانير**.

هل ترغب أن أشرحها بطريقة أخرى أو تضيف شروحاً مرئية؟"
"Numbers and Operations","Understanding and performing operations","B","اكتب جملة عددية تعبر عن العبارة التالية: 'سام لديه ٤ تفاحات. حصل على ٣ تفاحات أخرى.'","بالطبع! لنحلّ هذه المسألة خطوة بخطوة.

### العبارة هي:
**""سام لديه ٤ تفاحات. حصل على ٣ تفاحات أخرى.""**

### الهدف:
كتابة **جملة عددية** (أي معادلة رياضية) تعبر عن ما حدث.

---

### الخطوات:

1. **في البداية**: سام لديه 4 تفاحات.
2. **ثم**: حصل على 3 تفاحات أخرى.
3. **إذًا**: نحتاج إلى **جمع** العدد 4 مع العدد 3.

---

### الجملة العددية:

$$
4 + 3 = 7
$$

---

### تفسير الجملة:
- الرقم **4** يمثل عدد التفاح الذي لدى سام في البداية.
- الرقم **3** يمثل عدد التفاح الذي أُضيف إليه.
- عملية **الجمع (+)** تعني أنه اكتسب تفاحات جديدة.
- الناتج **7** هو عدد التفاح الكلي بعد الحصول على التفاحات الجديدة.

---

### إذًا الجملة العددية التي تعبر عن العبارة هي:
$$
\boxed{4 + 3 = 7}
$$

هل ترغب أن أساعدك في كتابة جمل عددية لعبارات مشابهة؟"
"Numbers and Operations","Understanding and performing operations","B","اختر الجملة العددية التي تساوي 12: أ) 8 + 4 ب) 5 + 5 ج) 6 + 3","لحل هذه المسألة، عليك أن تبحث عن الجملة العددية (أي عملية جمع) التي **ناتجها يساوي 12**.

لدينا ثلاث اختيارات:

أ) $ 8 + 4 $

ب) $ 5 + 5 $

ج) $ 6 + 3 $

### نحسب كل خيار على حدة:

- أ) $ 8 + 4 = 12 $ ✅  
- ب) $ 5 + 5 = 10 $ ❌  
- ج) $ 6 + 3 = 9 $ ❌

### إذًا:
الجملة العددية الوحيدة التي تعطي 12 هي:  
**أ) $ 8 + 4 $**

✅ **الإجابة الصحيحة: أ) 8 + 4**."
"Numbers and Operations","Understanding and performing operations","B","أيّهما أكبر: ٤ + ٣ أم ٩ - ٢؟ ______","بالطبع! لنحلّ هذه المسألة خطوة بخطوة:

المطلوب هو مقارنة بين نتائج هذين التعبيرين:

- **العبارة الأولى:** ٤ + ٣  
- **العبارة الثانية:** ٩ − ٢

### الخطوة ١: نحسب قيمة كل تعبير

**٤ + ٣ = ٧**

**٩ − ٢ = ٧**

### الخطوة ٢: نقارن بين النتائج

كلا التعبيرين يعطيان نفس الناتج وهو **٧**.

إذًا:
> **٤ + ٣ = ٩ − ٢**

### ✅ الإجابة النهائية:
**٤ + ٣ ـ ٩ − ٢**  
(اكتب علامة ""تساوي"" بينهما، أي: **=**)"
"Numbers and Operations","Understanding and performing operations","C","احسب ناتج 324 + 178 = ___","بالطبع! دعني أشرح لك كيفية حل المسألة الرياضية التالية خطوة بخطوة:

**المسألة:**  
احسب ناتج:  
$$ 324 + 178 = \, ? $$

---

### ✅ الطريقة: الجمع العمودي (خوارزمية جمع الأعداد متعددة الأرقام)

نقوم بترتيب الأرقام رأسياً بحيث تكون الآحاد تحت الآحاد، والعشرات تحت العشرات، والمئات تحت المئات، ثم نجمع كل عمود من اليمين إلى اليسار.

```
   324
+  178
-------
```

#### **الخطوة 1: جمع الآحاد**
$$ 4 + 8 = 12 $$
نكتب الرقم **2** في خانة الآحاد، ونحمل **1** إلى خانة العشرات.

#### **الخطوة 2: جمع العشرات**
$$ 2 + 7 + 1 (المحمول) = 10 $$
نكتب الرقم **0** في خانة العشرات، ونحمل **1** إلى خانة المئات.

#### **الخطوة 3: جمع المئات**
$$ 3 + 1 + 1 (المحمول) = 5 $$

نكتب الرقم **5** في خانة المئات.

---

### ✅ الناتج النهائي:
```
   324
+  178
-------
   502
```

إذن:

$$
\boxed{324 + 178 = 502}
$$

هل تحب أن أشرحها بطريقة أخرى، مثل تحليل الأعداد أو استخدام الخط للأعداد؟"
"Numbers and Operations","Understanding and performing operations","C","احسب الناتج: ٥٠٠٠ − ١٢٣٧ = ___","بالطبع! سأشرح لك **كيفية حل المسألة** خطوة بخطوة:

المطلوب:  
حساب الناتج  
$$
5000 - 1237 = \, ?
$$

### الطريقة:
نقوم بعملية **الطرح العمودي**، بحيث نضع الأرقام تحت بعضها حسب القيم المنزلية (آحاد، عشرات، مئات، آلاف).

```
  5000
- 1237
-------
```

لن نبدأ بالحساب مباشرةً لأن الصفر في الخانات العليا لا يسمح لنا بالطرح بشكل مباشر، لذا سنستخدم **إعادة التجميع (استلاف)**.

### الخطوات:

#### 1. ابدأ من خانة الآحاد:
- نريد أن نحسب: 0 − 7 → لا يمكن، لذلك نستلف من العشرات.
- لكن خانة العشرات فيها صفر أيضًا، وكذلك المئات! إذًا يجب أن نستلف من خانة **الألاف**.

نأخذ 1 من الخانة ""5"" في الألوف (تصبح 4)، ثم نعطي 10 إلى خانة المئات.  
لكن خانة المئات ستُعطي 1 إلى العشرات، وهكذا حتى نصل إلى الآحاد.

النتيجة النهائية بعد إعادة التجميع:

```
   4 9 9 10
   5 0 0 0
-  1 2 3 7
-----------
   3 7 6 3
```

### التفسير:
- 10 - 7 = 3 ✅  
- 9 - 3 = 6 ✅  
- 9 - 2 = 7 ✅  
- 4 - 1 = 3 ✅  

### إذًا الناتج هو:
$$
\boxed{3763}
$$

هل تحب أن أشرحها بطريقة أخرى مثل الجمع أو التقريب؟"
"Numbers and Operations","Understanding and performing operations","C","احسب حاصل ضرب 36 × 4 = ___","بالطبع! دعني أشرح لك طريقة بسيطة لحساب حاصل ضرب:

$$
36 \times 4
$$

### الطريقة الشفهية (تفكيك العدد):
يمكننا تفكيك العدد 36 إلى 30 + 6، ثم نضرب كل جزء في 4 ونجمع النتائج:

$$
36 \times 4 = (30 + 6) \times 4 = (30 \times 4) + (6 \times 4)
$$

$$
= 120 + 24 = 144
$$

### إذًا:  
$$
\boxed{144}
$$

هل تحب أن أشرحها بطريقة الضرب العمودي أيضًا؟"
"Numbers and Operations","Understanding and performing operations","C","احسب ناتج 48 ÷ 6 = ___","بالطبع! دعني أشرح لك كيفية حل المسألة:

**المسألة:**  
احسب ناتج:  
$$ 48 \div 6 = \, ? $$

### الخطوة 1: فهم عملية القسمة
عملية القسمة تعني أنك تقسم العدد 48 إلى مجموعات كل منها يحتوي على 6 وحدات، وتريد أن تعرف كم مجموعة يمكنك تكوينها.

أو بمعنى آخر:  
كم مرة يتكرر العدد 6 في العدد 48؟

### الخطوة 2: إجراء الحساب
يمكنك استخدام جدول الضرب لمساعدتك:

$$
6 \times 8 = 48
$$

إذن:
$$
48 \div 6 = 8
$$

### ✅ الإجابة النهائية هي:
$$
\boxed{8}
$$

هل تحب أن أشرحها بطريقة أخرى مثل التوزيع أو باستخدام الأصابع أو الرسوم التوضيحية؟"
"Numbers and Operations","Understanding and performing operations","C","ما هو الباقي عند قسمة 25 على 4؟","بالطبع! لحل هذه المسألة: **ما هو الباقي عند قسمة 25 على 4؟**  
نقوم باتباع خطوات بسيطة لفهم القسمة والباقي.

---

### أولاً: ما المقصود بالباقي في القسمة؟

عند قسمة عدد على آخر، فإن **الباقي** هو ما يبقى بعد إجراء القسمة بشكل صحيح دون الوصول إلى رقم سالب.

والقاعدة العامة هي:

> **المقسوم = (المقسوم عليه × خارج القسمة) + الباقي**

حيث:
- الباقي دائماً أقل من المقسوم عليه.
- جميع الأعداد هنا أعداد صحيحة موجبة.

---

### ثانياً: حل المسألة – قسمة 25 على 4

1. نقسم 25 ÷ 4:
   - كم مرة يتكرر العدد 4 في 25؟
   - نجد أن: $ 4 \times 6 = 24 $، و $ 4 \times 7 = 28 $ (وهو أكبر من 25).
   - إذًا: **خارج القسمة = 6**

2. نحسب ما تم توزيعه:
   - $ 4 \times 6 = 24 $

3. نحسب ما تبقى:
   - $ 25 - 24 = 1 $

إذًا:
- **الباقي = 1**

---

### ✅ الإجابة النهائية:
$$
\boxed{1}
$$"
"Numbers and Operations","Understanding and performing operations","D","استخدم الخوارزمية القياسية (الضرب المطوّل خطوة بخطوة) لحساب ١٢ × ٢٣٤","بالطبع! سأشرح لك كيفية حل المسألة **١٢ × ٢٣٤** باستخدام **الخوارزمية القياسية للضرب المطول (خطوة بخطوة)**. هذه الطريقة تُستخدم لضرب عدد مكوّن من رقمين بعدد مكوّن من ثلاثة أرقام، وهي تعتمد على التوالي في كتابة الأرقام وتحريك المنازل.

---

### 📝 المعطى:
> ١٢ × ٢٣٤

نبدأ بكتابة الأعداد عمودياً، بحيث يكون العدد الأكبر في الأعلى:

```
    234
×   12
-------
```

---

## ✏️ الخطوات:

### 🔹 **الخطوة 1: اضرب 2 (من 12) في 234**

نأخذ الرقم السفلي من اليمين إلى اليسار. أول رقم هو **2**.

```
    234
×    12
-------
    468   ← (لأن 2 × 234 = 468)
```

---

### 🔹 **الخطوة 2: اضرب 1 (من 12) في 234**

الآن نأخذ الرقم الثاني من 12 وهو **1**، لكن يجب وضع **صفر واحد تحته عند البدء** لأننا ننتقل إلى منزلة العشرات.

```
     234
×    12
-------
     468
    2340   ← (لأن 1 × 234 = 234، لكن نضع صفرًا على اليمين لأنها عشرات)
```

---

### 🔹 **الخطوة 3: جمع النتائج**

الآن نجمع:

```
     234
×    12
-------
     468
+  2340
-------
    2808
```

---

## ✅ الإجابة النهائية:
> **١٢ × ٢٣٤ = ٢٨٠٨**

---

هل تحب أن أشرح لك هذا بطريقة الفيديو أو تفضل رسمة توضيحية لو كنت تكتب على ورقة؟"
"Numbers and Operations","Understanding and performing operations","D","استخدم القسمة المطوّلة لحساب: 75.6 ÷ 3.2","بالطبع! دعني أشرح لك خطوة بخطوة كيف يمكنك استخدام **القسمة المطولة** لحساب:

$$
75.6 \div 3.2
$$

---

### ✅ **الخطوة 1: إزالة الفاصلة العشرية**

لتسهيل القسمة، نقوم بتحويل العددين إلى أعداد صحيحة عن طريق ضرب **كل من المقسوم والمقسوم عليه بنفس العدد** (وهو 10 في هذه الحالة) لإزالة الفاصلة العشرية.

- $ 75.6 \times 10 = 756 $
- $ 3.2 \times 10 = 32 $

إذن:
$$
75.6 \div 3.2 = 756 \div 32
$$

---

### ✅ **الخطوة 2: نبدأ القسمة المطولة للعدد 756 ÷ 32**

#### أولًا:  
كم مرة يتكرر العدد 32 في أول رقمين من 756؟  
- 32 يدخل في 75 مرتين (لأن $ 32 × 2 = 64 $، و$ 32 × 3 = 96 $ وهو أكبر من 75)

نكتب 2 في الناتج.

$$
\begin{array}{r}
\quad \quad 2 \\
32 \overline{\smash{\begin{array}{r} \\[-2pt] 756 \end{array}}}
\end{array}
$$

نحسب:  
$ 2 × 32 = 64 $  
ثم نطرح:  
$ 75 - 64 = 11 $

نُنزل الرقم التالي وهو 6:

$$
\begin{array}{r}
\quad \quad 2 \\
32 \overline{\smash{\begin{array}{r} \\[-2pt] 756 \end{array}}} \\
\quad \underline{-64} \\
\quad \; 116
\end{array}
$$

---

#### ثانيًا:  
كم مرة يدخل 32 في 116؟  
- $ 32 × 3 = 96 $  
- $ 32 × 4 = 128 $ → أكبر من 116، إذًا نستخدم 3

نضيف 3 إلى الناتج:

$$
\text{الناتج حتى الآن: } 23
$$

نحسب:  
$ 3 × 32 = 96 $  
نطرح:  
$ 116 - 96 = 20 $

لا يوجد أرقام أخرى لنزلها، لكن يمكن الاستمرار بإضافة أصفار بعد الفاصلة لتقريب الناتج.

نضيف فاصلة ونضع صفرًا:

$$
\begin{array}{r}
\quad \quad 23. \\
32 \overline{\smash{\begin{array}{r} \\[-2pt] 756.00 \end{array}}} \\
\quad \underline{-64} \\
\quad \; 116 \\
\quad \underline{-96} \\
\quad \; 200
\end{array}
$$

(لاحظ أن 116 أصبح 200 بعد إضافة الصفر)

#### ثالثًا:  
كم مرة يدخل 32 في 200؟  
- $ 32 × 6 = 192 $  
- $ 32 × 7 = 224 $ → أكبر من 200 ⇒ نستخدم 6

نضيف 6 بعد الفاصلة في الناتج:

$$
\text{الناتج حتى الآن: } 23.6
$$

نحسب:  
$ 6 × 32 = 192 $  
نطرح:  
$ 200 - 192 = 8 $

نضيف صفرًا آخر:

$$
\begin{array}{r}
\quad \quad 23.6 \\
32 \overline{\smash{\begin{array}{r} \\[-2pt] 756.00 \end{array}}} \\
\quad \underline{-64} \\
\quad \; 116 \\
\quad \underline{-96} \\
\quad \; 200 \\
\quad \underline{-192} \\
\quad \; 80
\end{array}
$$

#### رابعًا:  
كم مرة يدخل 32 في 80؟  
- $ 32 × 2 = 64 $  
- $ 32 × 3 = 96 $ → أكبر ⇒ نستخدم 2

نضيف 2 في الناتج:

$$
\text{الناتج حتى الآن: } 23.62
$$

نحسب:  
$ 2 × 32 = 64 $  
نطرح:  
$ 80 - 64 = 16 $

نضيف صفرًا جديدًا:

$$
\begin{array}{r}
\quad \quad 23.62 \\
32 \overline{\smash{\begin{array}{r} \\[-2pt] 756.000 \end{array}}} \\
\quad \underline{-64} \\
\quad \; 116 \\
\quad \underline{-96} \\
\quad \; 200 \\
\quad \underline{-192} \\
\quad \; 80 \\
\quad \underline{-64} \\
\quad \; 160
\end{array}
$$

#### خامسًا:  
كم مرة يدخل 32 في 160؟  
- $ 32 × 5 = 160 $ ← تمامًا!

نضيف 5 في الناتج:

$$
\text{الناتج النهائي: } 23.625
$$

نحسب:  
$ 5 × 32 = 160 $  
نطرح:  
$ 160 - 160 = 0 $

---

### ✅ **النتيجة النهائية:**
$$
75.6 \div 3.2 = 23.625
$$

---

هل ترغب أن أشرح الطريقة بطريقة أخرى أو برسوم توضيحية؟"
"Numbers and Operations","Understanding and performing operations","D","اضرب: ¾ × ⅖","بالطبع! سأشرح لك خطوة بخطوة كيف تحل المسألة:

### المسألة:
> اضرب: $ \frac{3}{4} \times \frac{2}{5} $

---

## ✳️ الخطوة 1: اضرب البسطين
بسط الناتج = حاصل ضرب البسين:

$$
3 \times 2 = 6
$$

---

## ✳️ الخطوة 2: اضرب المقامين  
مقام الناتج = حاصل ضرب المقامين:

$$
4 \times 5 = 20
$$

---

## ✳️ الخطوة 3: اكتب الكسر الجديد
الناتج حتى الآن هو:

$$
\frac{6}{20}
$$

---

## ✳️ الخطوة 4: اختصر الكسر (إن أمكن)
نقسم البسط والمقام على العامل المشترك الأكبر بينهما، وهو **2**:

$$
\frac{6 \div 2}{20 \div 2} = \frac{3}{10}
$$

---

## ✅ الإجابة النهائية:
$$
\boxed{\frac{3}{10}}
$$

يمكنك أيضًا كتابتها في صورة عدد عشري إذا أردت:

$$
\frac{3}{10} = 0.3
$$

هل تحب أن أشرح لك الأمر بطريقة أخرى أو باستخدام أشكال أو أمثلة؟"
"Numbers and Operations","Understanding and performing operations","D","جد ناتج القسمة: 9 ½ ÷ 3","بالطبع! دعني أشرح لك كيفية حل المسألة:

### المسألة:  
جد ناتج القسمة:  
$$
9 \frac{1}{2} \div 3
$$

---

## **الخطوة 1: تحويل الكسر المخلوط إلى كسر غير حقيقي**

العدد  
$$
9 \frac{1}{2}
$$  
هو كسر مخلوط، ويمكن تحويله إلى كسر غير حقيقي على النحو التالي:

$$
9 \frac{1}{2} = \frac{9 \times 2 + 1}{2} = \frac{18 + 1}{2} = \frac{19}{2}
$$

---

## **الخطوة 2: قسمة الكسر على العدد 3**

عند قسمة كسر على عدد صحيح، يمكنك اعتبار أن العدد الصحيح هو كسر مقامه 1، ثم تضرب في مقلوب:

$$
\frac{19}{2} \div 3 = \frac{19}{2} \div \frac{3}{1} = \frac{19}{2} \times \frac{1}{3}
$$

---

## **الخطوة 3: إجراء الضرب**

$$
\frac{19}{2} \times \frac{1}{3} = \frac{19}{6}
$$

---

## **الخطوة 4: (اختياري) تحويل الناتج إلى كسر مخلوط**

$$
\frac{19}{6} = 3 \frac{1}{6}
$$  
لأن $ 19 \div 6 = 3 $ والباقي 1.

---

## ✅ **الإجابة النهائية:**
$$
\boxed{3 \frac{1}{6}}
$$

هل تحب أن أشرحها بطريقة أخرى أو باستخدام الأعداد العشرية؟"
"Numbers and Operations","Understanding and performing operations","D","أضف: ٢(١/٣) + ٤(٢/٣)","بالطبع! سأشرح لك كيفية حل المسألة خطوة بخطوة:

المسألة هي:

$$
2\left(\frac{1}{3}\right) + 4\left(\frac{2}{3}\right)
$$

هنا المقصود هو أنك تضرب الأعداد الصحيحة في الكسور، ثم تجمع الناتجين.

---

### **الخطوة 1: احسب كل جزء على حدة**

#### أولًا:
$$
2 \times \frac{1}{3} = \frac{2}{3}
$$

#### ثانيًا:
$$
4 \times \frac{2}{3} = \frac{8}{3}
$$

---

### **الخطوة 2: اجمع الكسرين**

الآن نجمع:
$$
\frac{2}{3} + \frac{8}{3} = \frac{10}{3}
$$

بما أن المقامين متساويان، قمنا فقط بجمع البسطين.

---

### **الخطوة 3: (اختياري) تحويل الكسر إلى عدد كسري**

$$
\frac{10}{3} = 3 \frac{1}{3}
$$

لأن 10 ÷ 3 = 3 والباقي 1.

---

### ✅ **الإجابة النهائية هي**:
$$
\boxed{3\frac{1}{3}}
$$

إذا كانت لديك أي أسئلة إضافية أو تريد شرح طريقة أخرى، أخبرني!"
"Numbers and Operations","Understanding and performing operations","E","استخدم خاصية التبادلية لتبسيط: (س + ٥) + ٧","بالطبع! دعيني أشرح لك كيف تُستخدم **خاصية التبادلية** لتبسيط العبارة:

### المعطى:
العبارة:  
$$
(س + 5) + 7
$$

### المطلوب:
استخدام **خاصية التبادلية** (أو ما يُعرف بـ Commutative Property) لتبسيط هذه العبارة.

---

## أولًا: ما هي خاصية التبادلية؟

**خاصية التبادلية في الجمع** تقول إن:

$$
a + b = b + a
$$

أي يمكننا **تبديل أماكن الأعداد** في عملية جمع دون أن يتغير الناتج.

مثال:
$$
3 + 5 = 5 + 3
$$

---

## الآن نطبق على المسألة:

لدينا:
$$
(س + 5) + 7
$$

هذا يعني أننا نجمع س مع 5 أولًا، ثم نضيف 7.

لكن باستخدام خواص الجمع (مثل **الدمج Associative**) و**التبادلية (Commutative)**، يمكننا إعادة ترتيب الحدود.

### الخطوة 1: استخدم خاصية الدمج (Associative)
يمكننا إزالة الأقواس لأن الجمع عملية تجميعية:

$$
س + 5 + 7
$$

### الخطوة 2: استخدم خاصية التبادلية
نُعيد ترتيب الأرقام فقط (لأن المتغير س لا نعرف قيمته):

$$
س + 5 + 7 = س + 7 + 5
$$

(هنا استخدمنا التبادلية بين 5 و7)

### الخطوة 3: اجمع الأرقام

$$
س + 7 + 5 = س + (7 + 5) = س + 12
$$

---

## إذن الجواب النهائي هو:
$$
\boxed{س + 12}
$$

✅ استخدمنا خاصية التبادلية عندما قمنا بتغيير ترتيب 5 و7.  
✅ واستخدمنا خاصية الدمج عندما حذفنا الأقواس.

هل تحب أن أشرح الفرق بين خاصية التبادلية والدمج بشكل مبسط أيضًا؟"
"Numbers and Operations","Understanding and performing operations","E","قميص ثمنه 40 دينار معروض للبيع بخصم نسبته 25%. ما قيمة الخصم؟","لحساب **قيمة الخصم** على القميص، يمكنك استخدام صيغة بسيطة لحساب النسبة المئوية.

### المعطيات:
- سعر القميص الأصلي = **40 دينار**
- نسبة الخصم = **25%**

### الخطوة 1: تحويل النسبة المئوية إلى رقم عشري
قسمتها على 100:

$$
25\% = \frac{25}{100} = 0.25
$$

### الخطوة 2: احسب قيمة الخصم
بضرب السعر الأصلي في نسبة الخصم:

$$
\text{قيمة الخصم} = 40 \times 0.25 = 10 \text{ دنانير}
$$

### إذًا:
**قيمة الخصم هي: 10 دنانير**

ويمكنك أيضًا حساب السعر بعد الخصم إذا أردت:

$$
\text{السعر بعد الخصم} = 40 - 10 = 30 \text{ دينار}
$$

هل ترغب في شرح الطريقة بأكثر تفصيل أو لديك مسائل مشابهة؟"
"Numbers and Operations","Understanding and performing operations","E","فاتورة مطعم تبلغ 72 دينار. ما هو المبلغ المُستَحق عن 10% كإكرامية؟","لحساب الإكرامية بنسبة 10% من فاتورة المطعم التي تبلغ **72 دينار**، يمكنك اتباع الخطوات التالية:

### الخطوة 1: فهم النسبة
النسبة 10% تعني **10 من كل 100**، ويمكن كتابتها في صورة كسر عشري على الشكل التالي:
$$
10\% = 0.10
$$

### الخطوة 2: ضرب الفاتورة بالنسبة
تحسب الإكرامية بضرب مبلغ الفاتورة × النسبة:
$$
72 \times 0.10 = 7.2
$$

### إذًا:
المبلغ المستحق كإكرامية هو **7.2 دينار**.

### المبلغ الكلي (اختياري):
إذا أردت حساب المبلغ الكلي الذي ستدفعه بعد إضافة الإكرامية:
$$
72 + 7.2 = 79.2 \text{ دينار}
$$

هل تريد أن أساعدك في حساب نسب أخرى أيضًا؟"
"Numbers and Operations","Understanding and performing operations","F","اجمع: (–3/4) + (2/5)","بالطبع! دعني أشرح لك كيفية جمع الكسرين التاليين:

$$
\left(-\frac{3}{4}\right) + \frac{2}{5}
$$

### الخطوة 1: إيجاد المقام المشترك
لجمع كسور، نحتاج إلى **مقام مشترك**.  
المقامات هنا هي: 4 و 5  
أصغر مضاعف مشترك بين 4 و 5 هو **20**.

### الخطوة 2: تحويل الكسور لتصبح مقاماتها 20

- تحويل $-\frac{3}{4}$:
$$
-\frac{3}{4} = -\frac{3 \times 5}{4 \times 5} = -\frac{15}{20}
$$

- تحويل $\frac{2}{5}$:
$$
\frac{2}{5} = \frac{2 \times 4}{5 \times 4} = \frac{8}{20}
$$

### الخطوة 3: جمع الكسور

$$
-\frac{15}{20} + \frac{8}{20} = \frac{-15 + 8}{20} = \frac{-7}{20}
$$

### الإجابة النهائية:

$$
\left(-\frac{3}{4}\right) + \frac{2}{5} = -\frac{7}{20}
$$

هل ترغب أن أشرح لك الطريقة بطريقة بصرية أو باستخدام أشياء من الحياة اليومية؟"
"Numbers and Operations","Understanding and performing operations","F","قم بحساب: 3(2 + 5) - 4(1 - 2)","بالطبع! دعني أشرح لك خطوة بخطوة كيفية حل المسألة التالية:

$$
3(2 + 5) - 4(1 - 2)
$$

### **الخطوة 1: احسب ما داخل الأقواس أولًا**
وفقًا لترتيب العمليات الرياضية (الأولوية للأقواس أولًا):

- $2 + 5 = 7$
- $1 - 2 = -1$

إذن تصبح المسألة:

$$
3(7) - 4(-1)
$$

### **الخطوة 2: اضرب الأعداد**

- $3 \times 7 = 21$
- $4 \times (-1) = -4$

### **الخطوة 3: قم بالطرح**

$$
21 - (-4)
$$

نلاحظ أن طرح عدد سالب يُعادل جمع العدد الموجب، إذن:

$$
21 + 4 = 25
$$

---

### ✅ **النتيجة النهائية هي:**
$$
\boxed{25}
$$

هل تحب أن أشرحها بطريقة الكلمات فقط أو بطريقة مطوله أكثر؟"
"Numbers and Operations","Understanding and performing operations","F","اكتب الناتج في أبسط صورة: (–4)² + 3³ – 5²","بالطبع! دعني أشرح لك خطوة بخطوة كيف تحل هذه المسألة:

المسألة هي:

$$
(–4)^2 + 3^3 – 5^2
$$

### الخطوة 1: احسب كل قوة على حدة

1. $(–4)^2$  
   هذا يعني: $-4 × -4 = 16$  
   (لأن ضرب عددين سالبين يعطي عددًا موجبًا)

2. $3^3$  
   هذا يعني: $3 × 3 × 3 = 27$

3. $5^2$  
   هذا يعني: $5 × 5 = 25$

### الخطوة 2: عوّض القيم في المعادلة

$$
(–4)^2 + 3^3 – 5^2 = 16 + 27 – 25
$$

### الخطوة 3: اجمع واطرح الأعداد

$$
16 + 27 = 43
$$
$$
43 – 25 = 18
$$

### ✅ الإجابة النهائية:
$$
\boxed{18}
$$"
"Numbers and Operations","Understanding and performing operations","F","اكتب الناتج في أبسط صورة: [(4/5) + (1/2)] ÷ (3/10)","لحل المسألة التالية:

$$
\left(\frac{4}{5} + \frac{1}{2}\right) \div \frac{3}{10}
$$

سنقوم باتباع الخطوات التالية:

---

### **الخطوة 1: جمع الكسور داخل القوسين**

نجمع:

$$
\frac{4}{5} + \frac{1}{2}
$$

لجمع الكسور، نحتاج إلى **مقام مشترك**.  
أصغر مضاعف مشترك بين 5 و 2 هو **10**.

نحول الكسرين إلى مقام 10:

$$
\frac{4}{5} = \frac{8}{10}, \quad \frac{1}{2} = \frac{5}{10}
$$

الآن نجمع:

$$
\frac{8}{10} + \frac{5}{10} = \frac{13}{10}
$$

---

### **الخطوة 2: قسمة الناتج على الكسر**

الآن نقسم الناتج على:

$$
\frac{3}{10}
$$

أي أننا نحسب:

$$
\frac{13}{10} \div \frac{3}{10}
$$

**تذكر:** عند قسمة كسر على كسر آخر، نضرب في مقلوب الكسر الثاني:

$$
\frac{13}{10} \div \frac{3}{10} = \frac{13}{10} \times \frac{10}{3}
$$

نضرب البسط × البسط، والمقام × المقام:

$$
= \frac{13 \times 10}{10 \times 3} = \frac{130}{30}
$$

---

### **الخطوة 3: تبسيط الكسر**

نبسط:

$$
\frac{130}{30}
$$

نقسم البسط والمقام على 10:

$$
= \frac{13}{3}
$$

هذا هو أبسط شكل.

---

### ✅ **الإجابة النهائية:**
$$
\boxed{\frac{13}{3}}
$$

ويمكنك أيضًا تحويلها إلى عدد كسري إذا أردت:

$$
\frac{13}{3} = 4 \frac{1}{3}
$$"
"Numbers and Operations","Understanding and performing operations","F","ما قيمة –√36؟","بالطبع! لنشرح لك هذه المسألة خطوة بخطوة:

المسألة هي:

> ما قيمة $ -\sqrt{36} $؟

---

### أولًا: فهم الرمز
- العلامة $ \sqrt{} $ ترمز إلى **الجذر التربيعي**.
- الجذر التربيعي لعدد هو العدد الذي إذا ضُرب في نفسه يعطي ذلك العدد.

مثلاً:
$$
\sqrt{36} = 6 \quad \text{لأن } 6 \times 6 = 36
$$

لكن هنا لدينا:
$$
-\sqrt{36}
$$
أي أننا نأخذ **سالب الجذر التربيعي لـ 36**.

---

### ثانيًا: احسب الجذر التربيعي

$$
\sqrt{36} = 6
$$

ثم نضع الإشارة السالبة:

$$
-\sqrt{36} = -6
$$

---

### إذًا، الإجابة النهائية هي:
$$
\boxed{-6}
$$

هل تحب أن أشرح لك الفرق بين $ \sqrt{36} $ و $ \pm\sqrt{36} $ أيضًا؟"
"Numbers and Operations","Understanding and performing operations","F","اضرب: (–0.6) × (–2.5)","بالطبع! دعني أشرح لك كيفية حل المسألة:

### السؤال:
احسب:  
$$
(–0.6) × (–2.5)
$$

---

### الخطوة 1: تذكر قاعدة إشارات الضرب
عند ضرب عددين:

- **سالب × سالب = موجب**
- **موجب × موجب = موجب**
- **سالب × موجب = سالب**

في هذه الحالة:
$$
(–0.6) × (–2.5) \Rightarrow سالب × سالب = موجب
$$

إذًا الناتج سيكون عددًا **موجبًا**.

---

### الخطوة 2: اضرب الأعداد بدون الإشارة

نقوم بضرب القيمتين العدديتين فقط:

$$
0.6 × 2.5
$$

يمكنك حساب ذلك كالتالي:

$$
0.6 × 2.5 = (6 × 2.5) ÷ 10 = 15 ÷ 10 = 1.5
$$

أو بطريقة أخرى:

$$
0.6 × 2.5 = 1.5
$$

---

### الخطوة 3: ضع الإشارة

كما قلنا من قبل، سالب × سالب = موجب، إذًا:

$$
(–0.6) × (–2.5) = +1.5
$$

---

### ✅ الإجابة النهائية:
$$
\boxed{1.5}
$$

هل تحب أن أشرح لك كيف تحول الكسور العشرية إلى كسور عادية لتسهل عليك الفهم؟"
"Numbers and Operations","Understanding and performing operations","G","باستخدام قواعد الأسس، اكتب الناتج في أبسط صورة 3² × 3⁴.","بالطبع! لنحل المسألة خطوة بخطوة باستخدام **قواعد الأسس**.

لدينا العبارة:

$$
3^2 \times 3^4
$$

### القاعدة المستخدمة:
عند ضرب قوتين لهما **نفس الأساس**، نجمع الأسس:

$$
a^m \times a^n = a^{m+n}
$$

### تطبيق القاعدة على المسألة:
الأساس في الحالتين هو **3**، إذن:

$$
3^2 \times 3^4 = 3^{2+4} = 3^6
$$

### الإجابة النهائية في أبسط صورة:
$$
\boxed{3^6}
$$

إذا أردت كتابة القيمة العددية:

$$
3^6 = 729
$$

لكن بما أن السؤال يطلب **أبسط صورة باستخدام قواعد الأسس**، فالإجابة المناسبة هي:

$$
\boxed{3^6}
$$"
"Numbers and Operations","Understanding and performing operations","G","اكتب الناتج في أبسط صورة: (2س⁵)³","بالطبع! دعني أشرح لك كيفية حل المسألة:

المعادلة:  
$$
(2x^5)^3
$$

### الخطوة 1: فهم القاعدة
عندك قوس به حدين: عدد (2) ومتغير (س⁵)، وكل القوس مرفوع للأس 3.

قاعدة الأسس تقول:
$$
(ab)^n = a^n \cdot b^n
$$

وأيضًا:
$$
(x^m)^n = x^{m \cdot n}
$$

### الخطوة 2: طبق القاعدة
نرفع كل جزء داخل القوس إلى القوة 3:

- $2^3 = 8$
- $(x^5)^3 = x^{5 \cdot 3} = x^{15}$

إذن:
$$
(2x^5)^3 = 8x^{15}
$$

### ✅ الإجابة النهائية في أبسط صورة:
$$
\boxed{8x^{15}}
$$

إذا كانت لديك أي أسئلة إضافية أو تريد شرح لمسائل مشابهة، أنا هنا للمساعدة 😊"
"Numbers and Operations","Understanding and performing operations","G","اضرب و اختصر: (3س²/2ص)(4ص²/9س)","بالطبع! دعني أشرح لك كيفية حل هذه المسألة خطوة بخطوة:

المسألة هي:

$$
\left( \frac{3x^2}{2y} \right) \left( \frac{4y^2}{9s} \right)
$$

### الخطوة 1: ضرب الكسور
عند ضرب كسرين، نضرب البسط مع البسط والمقام مع المقام:

$$
\frac{3x^2 \cdot 4y^2}{2y \cdot 9s}
$$

نحسب الضرب في البسط والمقام:

- البسط: $3 \cdot 4 = 12$ و $x^2 \cdot y^2 = x^2 y^2$
- المقام: $2 \cdot 9 = 18$ و $y \cdot s = ys$

إذًا:

$$
\frac{12x^2 y^2}{18ys}
$$

### الخطوة 2: تبسيط الكسر

نقوم بتقسيم العوامل المشتركة:

- $\frac{12}{18} = \frac{2}{3}$ (نقسم البسط والمقام على 6)
- $y^2 ÷ y = y$
- $x^2$ و $s$ لا يمكن تبسيطها مع شيء

إذًا بعد التبسيط:

$$
\frac{2x^2 y}{3s}
$$

### الإجابة النهائية:
$$
\boxed{\frac{2x^2 y}{3s}}
$$

هل تريد أن أشرح لك خطوة من الخطوات بشكل أكثر تفصيلاً؟"
"Numbers and Operations","Understanding and performing operations","G","قم بتبسيط الكسر الآتي بتحويل المقام إلى عدد نسبي: 3 / √5","لتبسيط الكسر:  
$$
\frac{3}{\sqrt{5}}
$$  
وتحويل **المقام** إلى عدد **نسبي** (أي غير جذر)، نقوم بعملية تُسمى **إنزال الجذر من المقام**، وذلك عن طريق **ضرب البسط والمقام** في نفس الجذر الموجود في المقام، وهو هنا $\sqrt{5}$.

### الخطوة 1: ضرب البسط والمقام في $\sqrt{5}$
$$
\frac{3}{\sqrt{5}} \times \frac{\sqrt{5}}{\sqrt{5}} = \frac{3\sqrt{5}}{(\sqrt{5})^2}
$$

### الخطوة 2: تبسيط المقام
$$
(\sqrt{5})^2 = 5
$$

إذًا:
$$
\frac{3\sqrt{5}}{5}
$$

### النتيجة النهائية:
$$
\boxed{\frac{3\sqrt{5}}{5}}
$$

وهذا هو الشكل المبسط للكسر، حيث أصبح المقام عددًا نسبيًا (5) وليس جذرًا."
"Numbers and Operations","Understanding and performing operations","H","اكتب الناتج في أبسط صورة: (2س² − 8)⁄(س² − 4)","بالطبع! دعنا نحل المسألة خطوة بخطوة:

لدينا التعبير التالي:

$$
\frac{2x^2 - 8}{x^2 - 4}
$$

### الخطوة 1: **تحليل البسط والمقام**

#### تحليل البسط:
البسط هو:  
$$
2x^2 - 8
$$  
نلاحظ أن هناك عاملًا مشتركًا وهو **2**، فنأخذ العامل المشترك:

$$
= 2(x^2 - 4)
$$

#### تحليل المقام:
المقام هو:  
$$
x^2 - 4
$$  
وهذا فرق بين مربعين، ويمكن تحليله كما يلي:

$$
x^2 - 4 = (x - 2)(x + 2)
$$

### الخطوة 2: **إعادة كتابة الكسر بعد التحليل**

الآن نضع ما حصلنا عليه:

$$
\frac{2(x^2 - 4)}{x^2 - 4} = \frac{2\cancel{(x^2 - 4)}}{\cancel{x^2 - 4}} = 2
$$

**شرط مهم:** لا ننسى أن نذكر أن القيمتين $ x = 2 $ و $ x = -2 $ **مُستبعدَتين**، لأن المقام الأصلي يكون صفرًا عند هاتين القيمتين، مما يجعل الكسر غير معرّف.

### ✅ الإجابة النهائية في أبسط صورة:

$$
\boxed{2}, \quad \text{حيث } x \neq \pm 2
$$

هل تحب أن أشرح لك الفكرة بصريًا أو بمثال آخر؟"
"Numbers and Operations","Understanding and performing operations","H","اكتب الناتج في أبسط صورة: (5√12 + 3√27)⁄√3","لحل المسألة:

$$
\frac{5\sqrt{12} + 3\sqrt{27}}{\sqrt{3}}
$$

وسنقوم بتبسيط التعبير خطوة بخطوة.

---

### **الخطوة 1: تبسيط الجذور داخل البسط**

#### أولًا:  
$$
\sqrt{12}
$$
نلاحظ أن:
$$
12 = 4 \times 3 \Rightarrow \sqrt{12} = \sqrt{4 \cdot 3} = \sqrt{4} \cdot \sqrt{3} = 2\sqrt{3}
$$

إذًا:
$$
5\sqrt{12} = 5 \cdot 2\sqrt{3} = 10\sqrt{3}
$$

#### ثانيًا:  
$$
\sqrt{27}
$$
نلاحظ أن:
$$
27 = 9 \times 3 \Rightarrow \sqrt{27} = \sqrt{9 \cdot 3} = \sqrt{9} \cdot \sqrt{3} = 3\sqrt{3}
$$

إذًا:
$$
3\sqrt{27} = 3 \cdot 3\sqrt{3} = 9\sqrt{3}
$$

---

### **الخطوة 2: جمع الحدود في البسط**

الآن نجمع الحدين في البسط:

$$
10\sqrt{3} + 9\sqrt{3} = (10 + 9)\sqrt{3} = 19\sqrt{3}
$$

---

### **الخطوة 3: قسمة الناتج على المقام**

الآن نقسم على $\sqrt{3}$:

$$
\frac{19\sqrt{3}}{\sqrt{3}} = 19
$$

---

### ✅ **النتيجة النهائية هي**:

$$
\boxed{19}
$$"
"Numbers and Operations","Understanding and performing operations","H","قم بتوسيع وتبسيط (أ + ب + ج)²","بالطبع! دعني أشرح لك كيفية **توسيع وتبسيط** التعبير $(a + b + c)^2$ خطوة بخطوة.

---

### 📌 الفكرة الأساسية:

نريد حساب مربع ثلاث حدود:  
$$
(a + b + c)^2
$$

وهذا يعني أننا نضرب الثلاثة حدود بنفسها:
$$
(a + b + c)(a + b + c)
$$

---

### ✳️ طريقة التوسيع:

نقوم بتوزيع كل حد من القوس الأول على جميع حدود القوس الثاني، كما نفعل في ضرب كثيرات الحدود.

أي:
$$
a(a + b + c) + b(a + b + c) + c(a + b + c)
$$

ثم نُوزِّع كل حد:

- $a(a + b + c) = a^2 + ab + ac$
- $b(a + b + c) = ab + b^2 + bc$
- $c(a + b + c) = ac + bc + c^2$

---

### 🔍 الآن نجمع كل الحدود:

$$
a^2 + ab + ac + ab + b^2 + bc + ac + bc + c^2
$$

---

### 🧮 نجمع الحدود المتشابهة:

- $ab + ab = 2ab$
- $ac + ac = 2ac$
- $bc + bc = 2bc$

والحدود غير المتشابهة تبقى كما هي: $a^2, b^2, c^2$

---

### ✅ النتيجة النهائية بعد التبسيط:

$$
\boxed{a^2 + b^2 + c^2 + 2ab + 2ac + 2bc}
$$

---

### 📝 ملحوظة:

يمكنك استخدام هذه الصيغة العامة مباشرة عند توسيع أي تعبير على شكل $(a + b + c)^2$.

هل تحب أن أشرح لك كيف تتذكر هذه الصيغة بسهولة؟ 😊"
"Numbers and Operations","Understanding and performing operations","H","احسب الباقي عند قسمة 2⁵ على 7","لحساب **الباقي عند قسمة $2^5$ على $7$**، نقوم باتباع الخطوات التالية:

---

### 1. احسب $2^5$:
$$
2^5 = 2 \times 2 \times 2 \times 2 \times 2 = 32
$$

---

### 2. اقسم 32 على 7 وجد الباقي:
نقسم 32 على 7:

$$
32 \div 7 = 4 \text{ والباقي } 4
$$

لأن:
$$
7 \times 4 = 28 \quad \text{و} \quad 32 - 28 = 4
$$

---

### ✅ إذًا، الباقي هو:
$$
\boxed{4}
$$

---

هل ترغب أن أشرح لك طريقة أكثر تقدمًا باستخدام **نظرية المودولو** أو **نظرية فيرما الصغيرة**؟"
"Numbers and Operations","Ordering numbers","B","رتب الأعداد التالية من الأصغر إلى الأكبر: 42، 15، 37","بالطبع! دعني أشرح لك خطوة بخطوة كيف يمكنك حل هذه المسألة وترتيب الأعداد من **الأصغر إلى الأكبر**.

الأعداد المعطاة هي:  
**42، 15، 37**

### الخطوة 1: تفهم المطلوب
المطلوب هو أن ترتب هذه الأعداد بحيث يبدأ الترتيب من **أصغر عدد** إلى **أكبر عدد**.

### الخطوة 2: قارن بين الأعداد
لديك ثلاثة أعداد:

- 42
- 15
- 37

الآن نبحث عن **أصغر عدد**:
- هل 15 أصغر من 42؟ نعم ✅
- هل 15 أصغر من 37؟ نعم ✅  
إذًا: **15 هو أصغر الأعداد**.

الآن نبحث عن **ثاني أصغر عدد** بين العددين المتبقيين: 42 و 37:
- هل 37 أصغر من 42؟ نعم ✅  
إذًا: **37 هو ثاني أصغر عدد**.

ويبقى **42 هو الأكبر**.

### الخطوة 3: رتب الأعداد
الترتيب من الأصغر إلى الأكبر سيكون:

👉 **15، 37، 42**

---

هل ترغب أن أشرح لك بطريقة أخرى مثل استخدام خط الأعداد أو الرسم؟"
"Numbers and Operations","Ordering numbers","B","ضع دائرة حول أكبر عدد: 63، 56، 61","بالطبع! دعني أشرح لك كيفية حل هذه المسألة خطوة بخطوة:

### السؤال:
**ضع دائرة حول أكبر عدد من الأعداد التالية:**
- 63
- 56
- 61

---

### الحل:

1. أول شيء عليك أن تقارن بين الأعداد الثلاثة.
2. انظر إلى كل عدد وافهم قيمته.

الأعداد هي:  
**63** و **56** و **61**

3. يمكنك مقارنتها كالتالي:

   - 63 = ستة وستون
   - 56 = ستة وخمسون
   - 61 = واحد وستون

4. الآن رتّبها من الأصغر إلى الأكبر:

   **56 < 61 < 63**

إذًا، **أكبر عدد هو: 63**

---

### الإجابة النهائية:
**ضع دائرة حول العدد 63 لأنه الأكبر بين الأعداد المعطاة.**

✅ **63** ← هذا هو أكبر عدد

هل تحب أن أشرح لك بطريقة أخرى، مثل استخدام القيم المنزلية؟"
"Numbers and Operations","Ordering numbers","B","رتب الأعداد التالية من الأصغر إلى الأكبر: 100، 10، 50","بالطبع! 😊  
لحل هذه المسألة و**ترتيب الأعداد من الأصغر إلى الأكبر**، اتبع الخطوات التالية:

###给你提供的数字是：
- 100  
- 10  
- 50

---

### الخطوة 1: انظر إلى كل عدد
قم بمراجعة كل عدد وتفكر في قيمته الحقيقية:
- 100 = مائة  
- 10 = عشرة  
- 50 = خمسون

---

### الخطوة 2: قارن بين الأعداد
الآن نقارن:
- أصغر عدد هو **10** (لأنه أقل من 50 و 100)
- بعده comes **50**
- وأكبرها هو **100**

---

### الخطوة 3: رتب من الأصغر إلى الأكبر
الترتيب الصحيح يكون كالتالي:

👉 **10 ، 50 ، 100**

---

### ✅ الإجابة النهائية:
**10 ➜ 50 ➜ 100**

إذا كانت لديك أي أسئلة أخرى أو أردت ترتيب أعداد أكبر أو تحتوي على فواصل عشرية، فأنا هنا للمساعدة! 🌟"
"Numbers and Operations","Ordering numbers","B","أي رقم لا ينتمي إلى المجموعة؟ 41، 43، 46، 45","لحل هذا النوع من المسائل، نحتاج إلى البحث عن **نمط** أو **قاعدة** تربط بين الأرقام، ثم نحدد الرقم الذي **لا يتبع هذا النمط**.

الأرقام المعطاة:  
**41، 43، 46، 45**

### الخطوة 1: رتب الأرقام تصاعديًا
ربما يكون من الأسهل ملاحظة العلاقة إذا قمنا بترتيبها:

**41، 43، 45، 46**

### الخطوة 2: ابحث عن الفروقات بين كل رقم وآخر

- 43 - 41 = 2  
- 45 - 43 = 2  
- 46 - 45 = 1  

نلاحظ أن:
- بين 41 و43: فرق 2  
- بين 43 و45: فرق 2  
- بين 45 و46: فرق 1  

إذاً، هناك نوع من التسلسل حتى 45 (يزيد بمقدار 2 في كل مرة)، لكن بعد ذلك ينكسر النمط عند 46.

### هل هناك نمط آخر؟

هل هذه أعداد **أولية**؟  
دعنا نتحقق:

- 41 ➜ عدد أولي ✅  
- 43 ➜ عدد أولي ✅  
- 45 ➜ ليس عددًا أوليًا ❌ (يمكن قسمته على 3، 5، 9...)  
- 46 ➜ ليس عددًا أوليًا ❌ (يمكن قسمته على 2 و23)

لكن الـ46 لم تعد ضمن الأعداد الأولية أيضًا، وكذلك الـ45.

لكن لو نظرنا للتسلسل:

**41، 43، 45، 46**  
فإن **45** هو الوحيد **الذي لا يتبع زيادة بمقدار 2**، لأنه يأتي بعد 43، ويكون متوقعًا أن يكون **45** هو التالي في حالة وجود تسلسل زائد 2، لكنه موجود بالفعل.

لكن **46** هو الذي يكسر التسلسل.

### إذًا، ما هو النمط المتوقع؟

لو كان النمط هو ""زيادة بمقدار 2""، لكان التسلسل:
**41، 43، 45، 47...**

لكن لدينا:
**41، 43، 45، 46**

إذن:  
**46** هو الصحيح  
**45** هو المتوقع  
**46** لا يتبع النمط

### الإجابة الصحيحة:
✅ **الرقم الذي لا ينتمي إلى المجموعة هو: 46**

لأنه يكسر التسلسل العددي المنتظم (الفرق بين الأرقام السابقة كان 2، بينما هنا الفرق أصبح 1)."
"Numbers and Operations","Ordering numbers","B","ضع دائرة حول الأعداد المرتّبة ترتيبًا صحيحًا: أ) 34، 36، 35 ب) 22، 24، 26","لحل هذه المسألة، عليك **وضع دائرة حول المجموعة التي تحتوي على الأعداد المرتبة ترتيبًا صحيحًا**، إما تصاعديًا (من الأصغر إلى الأكبر) أو تنازليًا (من الأكبر إلى الأصغر).  
المطلوب هو أن تحدد أي من المجموعتين (أ) أو (ب) هي **مرتّبة ترتيبًا صحيحًا**.

### لننظر إلى الخيارات:

#### أ) 34، 36، 35  
- نرتبها حسب القيمة:  
  34 ← 35 ← 36  
- لكن الترتيب المعطى هو: 34، 36، 35  
  → وهذا **ليس ترتيبًا تصاعديًا صحيحًا** لأن 36 أكبر من 35، ثم جاء العدد 35 بعد 36.  
  إذًا: **الخيار (أ) غير مرتب ترتيبًا صحيحًا**.

#### ب) 22، 24، 26  
- نلاحظ أن الأعداد تزداد بمقدار 2 في كل مرة:
  22 ← 24 ← 26  
- هذا **ترتيب تصاعدي صحيح** (كل عدد أكبر من الذي قبله).  
  إذًا: **الخيار (ب) هو المجموعة المرتبة ترتيبًا صحيحًا**.

---

### ✅ الإجابة الصحيحة:
**ضع دائرة حول الخيار (ب): 22، 24، 26**

لأنها الأعداد مرتبة ترتيبًا تصاعديًا بشكل صحيح."
"Numbers and Operations","Ordering numbers","C","قم بترتيب هذه الأعداد من الأصغر إلى الأكبر: ٤،٢٠٩؛ ٣،٨٩٢؛ ٤،١٠٢","بالطبع! دعني أشرح لك خطوة بخطوة كيفية ترتيب هذه الأعداد من **الأصغر إلى الأكبر**:

الأعداد المعطاة هي:

- ٤،٢٠٩  
- ٣،٨٩٢  
- ٤،١٠٢  

---

### أولًا: فهم الترميز

في هذه الحالة يبدو أن الفاصلة (،) تُستخدم كـ **فاصل آلاف**، أي:

- ٤،٢٠٩ تعني **4209**
- ٣،٨٩٢ تعني **3892**
- ٤،١٠٢ تعني **4102**

---

### ثانيًا: مقارنة الأعداد

الآن نحول الأعداد إلى الشكل المألوف ونقارنها:

| الرقم كما هو مع الفاصلة | الرقم العشري | القيمة |
|----------------------|--------------|--------|
| ٤،٢٠٩              | 4,209        | 4209   |
| ٣،٨٩٢              | 3,892        | 3892   |
| ٤،١٠٢              | 4,102        | 4102   |

الآن نرتبها من **الأصغر إلى الأكبر** بناءً على القيمة:

1. **٣،٨٩٢ → 3892**
2. **٤،١٠٢ → 4102**
3. **٤،٢٠٩ → 4209**

---

### ✅ إذن، الترتيب الصحيح من الأصغر إلى الأكبر هو:

> **٣،٨٩٢ ؛ ٤،١٠٢ ؛ ٤،٢٠٩**

إذا كانت لديك أسئلة إضافية أو تريد شرح طريقة مفصلة للمقارنة بين الأرقام، فأنا هنا للمساعدة! 😊"
"Numbers and Operations","Ordering numbers","C","رتب الأعداد التالية بشكل تنازلي: ٥٬٠٠٠؛ ٥٬٣٠٠؛ ٤٬٩٠٠؛ ٥٬١٠٠","بالطبع! لحل هذه المسألة و**ترتيب الأعداد بشكل تنازلي** (من الأكبر إلى الأصغر)، يمكنك اتباع الخطوات التالية:

### الأعداد المعطاة:
- ٥٬٠٠٠  
- ٥٬٣٠٠  
- ٤٬٩٠٠  
- ٥٬١٠٠  

---

### الخطوة 1: مقارنة الأعداد

نقوم بمقارنة الأعداد مع بعضها البعض. كل الأعداد قريبة من بعضها، لذا يمكننا مقارنتها مباشرة:

- ٥٬٣٠٠ هو الأكبر
- ثم يليه ٥٬١٠٠
- ثم ٥٬٠٠٠
- وأخيرًا ٤٬٩٠٠ وهو الأصغر

---

### الخطوة 2: ترتيب الأعداد من الأكبر إلى الأصغر

إذن الترتيب التنازلي يكون كالتالي:

> **٥٬٣٠٠ ؛ ٥٬١٠٠ ؛ ٥٬٠٠٠ ؛ ٤٬٩٠٠**

---

### خلاصة:
لقد قمت بـ:
1. مقارنة كل عدد بالآخر.
2. بدأت من الأكبر فالأكبر.
3. ووضعت النتيجة النهائية في شكل ترتيب تنازلي.

هل تحب أن أشرح لك الطريقة بطريقة مرئية أو باستخدام جدول؟ 😊"
"Numbers and Operations","Ordering numbers","C","املأ الفراغ: ٢٣٤٥ < ___ < ٢٧٨٩","المسألة تطلب منك **إيجاد عددٍ واحد على الأقل** يقع بين العددين:

$$
2345 \quad \text{و} \quad 2789
$$

أي أنك تحتاج إلى عدد أكبر من **٢٣٤٥** وأصغر من **٢٧٨٩**.

---

### الخطوة 1: تأكد من أن هناك أعدادًا بين العددين  
بما أن:
$$
2345 < 2789
$$
فهناك فجوة بين العددين، وبالتالي هناك **عدد لا نهائي** من الأعداد التي يمكن أن تملأ الفراغ.

---

### الخطوة 2: اختر أي عدد في هذا النطاق  
مثلاً:

- ٢٤٠٠ ✅ (أكبر من ٢٣٤٥ وأصغر من ٢٧٨٩)
- ٢٥٠٠ ✅
- ٢٦٠٠ ✅
- ٢٧٠٠ ✅
- حتى ٢٣٤٦ ✅ (أول عدد بعد ٢٣٤٥)

أو حتى أعداد عشرية مثل:

- ٢٣٤٥.٥ ✅
- ٢٥٠٠.١ ✅
- ٢٧٨٨.٩ ✅

---

### مثال على إجابة صحيحة:
يمكنك كتابة:

$$
٢٣٤٥ < \boxed{٢٥٠٠} < ٢٧٨٩
$$

أو:

$$
٢٣٤٥ < \boxed{٢٣٤٦} < ٢٧٨٩
$$

أو حتى:

$$
٢٣٤٥ < \boxed{٢٧٨٨.٥} < ٢٧٨٩
$$

كل هذه إجابات صحيحة.

---

### خلاصة:
لحل المسألة، فقط اختر **أي عدد** بين ٢٣٤٥ و٢٧٨٩ وضعه في الفراغ. لا يوجد إجابة واحدة فقط، بل **إجابات كثيرة جدًا**.

هل تحب أن أختار لك أكثر من إجابة ممكنة؟ 😊"
"Numbers and Operations","Ordering numbers","D","قُم بتقريب العدد 345.67 إلى أقرب عدد صحيح أو إلى أقرب عشري.","بالطبع! لنشرح كيف يمكنك **تقريب العدد 345.67** إلى:

1. **أقرب عدد صحيح**
2. **أقرب جزء من عشرة (أي رقم عشري واحد)**

---

### 🔹 أولاً: التقريب إلى **أقرب عدد صحيح**

العدد هو:  
$$
345.67
$$

- ننظر إلى الرقم بعد الفاصلة العشرية، أي الجزء العشري.
- في هذا العدد: **.67** وهو أكبر من أو يساوي **0.5**، لذا نُقرّب **للأعلى**.

✅ إذًا:
$$
\text{التقريب إلى أقرب عدد صحيح} = 346
$$

---

### 🔹 ثانيًا: التقريب إلى **أقرب عشري (رقم واحد بعد الفاصلة)**

نريد أن يكون عندنا عدد به **رقم واحد فقط بعد الفاصلة العشرية**.

العدد الحالي:  
$$
345.67
$$

- ننظر إلى **الرقم الثاني بعد الفاصلة**، أي الرقم 7.
- إذا كان ≥ 5 → نُقرّب الرقم الأول للإعلى.
- هنا: 7 ≥ 5 → نضيف 1 على الرقم 6.

✅ إذًا:
$$
\text{التقريب إلى أقرب عشري} = 345.7
$$

---

### ✅ الإجابة النهائية:

- **إلى أقرب عدد صحيح:** 🟩 346  
- **إلى أقرب عشري:** 🟩 345.7

هل ترغب في معرفة الطريقة بالتفصيل خطوة بخطوة؟"
"Numbers and Operations","Ordering numbers","D","ضع الأعداد التالية على الخط الرقمي: -1، ½، 0.25، -0.75","بالطبع! إليك شرحًا مُفصّلًا لكيفية **وضع الأعداد التالية على الخط الرقمي**:  
$$
-1,\quad \frac{1}{2},\quad 0.25,\quad -0.75
$$

---

### 🔹 أولاً: ما هو الخط الرقمي؟
الخط الرقمي هو خط أفقي يُستخدم لتمثيل الأعداد، حيث:

- تزداد القيم إلى اليمين.
- تقل القيم إلى اليسار.
- الصفر (0) هو نقطة الوسط.
- الأعداد الموجبة تقع على يمين الصفر.
- الأعداد السالبة تقع على يسار الصفر.

---

### 🔹 ثانيًا: تحويل الأعداد إلى صيغة موحدة (اختياري)

من الأسهل أحيانًا تحويل جميع الأعداد إلى صيغة **десяمية (عشرية)** حتى نتمكن من مقارنتها بسهولة:

| العدد | الصيغة العشرية |
|-------|----------------|
| -1    | -1.0           |
| ½     | 0.5            |
| 0.25  | 0.25           |
| -0.75 | -0.75          |

---

### 🔹 ثالثًا: ترتيب الأعداد من الأصغر إلى الأكبر

نرتب هذه الأعداد تصاعديًا بناءً على قيمتها:

$$
-1.0 < -0.75 < 0.25 < 0.5
$$

إذن الترتيب الصحيح على الخط الرقمي من اليسار إلى اليمين يكون كالتالي:

$$
-1 \quad , \quad -0.75 \quad , \quad 0.25 \quad , \quad \frac{1}{2}
$$

---

### 🔹 رابعًا: كيف تضعها على الخط الرقمي عمليًا؟

1. ارسم خطًا أفقيًا.
2. ضع علامة عند النقطة 0 (الصفر).
3. ضع علامات للأعداد السالبة على يسار الصفر (مثل -1، -0.75).
4. ضع علامات للأعداد الموجبة على يمين الصفر (مثل 0.25، 0.5).
5. حدد كل عدد بدقة وفق المسافة التي تمثل قيمته.

#### مثال تقريبي:
```
<---|-----|-----|-----|-----|-----|-----|--->
   -1  -0.75   0   0.25   0.5   0.75    1
```

ضع دائرة أو نقطة على كل عدد من الأعداد الأربعة كما يلي:

- ● عند -1
- ● عند -0.75
- ● عند 0.25
- ● عند 0.5

---

### ✅ خلاصة:

لحل المسألة، عليك فقط:

1. تحويل الأعداد إلى صيغة عشرية.
2. ترتيبها من الأصغر إلى الأكبر.
3. وضع كل عدد في مكانه المناسب على الخط الرقمي.

هل ترغب أن أساعدك برسم تخطيطي بسيط بالرموز لتتخيل الشكل النهائي؟"
"Numbers and Operations","Ordering numbers","D","رتب الأعداد التالية من الأكبر إلى الأصغر: -5، 7، -2، -8، 0","بالطبع! لحل هذه المسألة و**ترتيب الأعداد من الأكبر إلى الأصغر**، اتبع الخطوات التالية:

### الأعداد المعطاة:
-5 ، 7 ، -2 ، -8 ، 0

---

### الخطوة 1: تذكر قواعد ترتيب الأعداد
- أي عدد **موجب** (أكبر من الصفر) أكبر من أي عدد **سالب**.
- العدد **صفر** ليس موجبًا ولا سالبًا، وأكبر من أي عدد سالب وأصغر من أي عدد موجب.
- بين الأعداد **الموجبة**: كلما زادت القيمة العددية، زاد العدد.
- بين الأعداد **السالبة**: كلما **اقترب العدد من الصفر**، كان **أكبر**.  
  مثال: -1 > -5

---

### الخطوة 2: حدد الأعداد الموجبة والسالبة والصفر
- **الموجبة**: 7  
- **الصفر**: 0  
- **السالبة**: -5، -2، -8

---

### الخطوة 3: رتب الأعداد السالبة
نقارن بين: -5، -2، -8  
من الأكبر إلى الأصغر:
- -2 (أقرب للصفر)
- -5
- -8 (أبعد عن الصفر)

---

### الخطوة 4: ضع الجميع معًا من الأكبر إلى الأصغر
1. 7 (الأكبر)
2. 0
3. -2
4. -5
5. -8 (الأصغر)

---

### ✅ الإجابة النهائية:
**7، 0، -2، -5، -8**

هل تريد أن أشرح لك كيف تُرتبها على خط الأعداد أيضًا؟"
"Numbers and Operations","Ordering numbers","D","أكمل الفراغ: ___ < 0.5 < ¾","لحل هذه المسألة الرياضية:

> **أكمل الفراغ: ___ < 0.5 < ¾**

نحن بحاجة لإيجاد عدد يكون **أصغر من 0.5**، بحيث يصبح الترتيب الصحيح كما يلي:

> **(العدد الذي نبحث عنه) < 0.5 < ¾**

### أولًا: فهم المعطيات
- 0.5 = نصف = $ \frac{1}{2} $
- ¾ = ثلاثة أرباع = $ \frac{3}{4} $

ونحن نريد عدد **أصغر من 0.5**.

### ثانيًا: أمثلة على أعداد تحقق الشرط
أي عدد أقل من 0.5 يمكن أن يوضع في الفراغ. مثلاً:

- 0.4
- 0.3
- 0.25 (وهو نفسه $ \frac{1}{4} $)
- 0.1
- 0
- -0.5

كل هذه الأعداد تناسب المتباينة.

### ثالثًا: كتابة الحل بشكل رياضي
يمكننا كتابة الجملة الكاملة مثلًا كالتالي:

> **0.4 < 0.5 < ¾**

أو:

> **$ \frac{1}{4} $ < 0.5 < ¾**

### ✅ إذن، الإجابة النهائية:
يمكنك وضع أي عدد **أقل من 0.5** في الفراغ، مثلاً:

> **0.4 < 0.5 < ¾**

وهذا صحيح لأن:
- 0.4 < 0.5 ✔️
- 0.5 < 0.75 (وهو ما يعادل ¾) ✔️

هل تريد إجابة معينة تكون كسرًا أو عدد عشري؟"
"Numbers and Operations","Ordering numbers","D","رتب الكسور التالية: 5/6، 2/3، 3/4","بالطبع! لحل هذه المسألة و**ترتيب الكسور**:  
$$ \frac{5}{6},\ \frac{2}{3},\ \frac{3}{4} $$  
نحتاج إلى **مقارنة قيمتها**. هناك طريقتان شائعتان لذلك:

---

### ✅ الطريقة الأولى: توحيد المقامات

عندما نوحد المقامات، يصبح من السهل مقارنة الكسور، لأننا نقارن فقط البسط.

#### الخطوة 1: إيجاد المضاعف المشترك الأصغر (م.م.أ) للمقامات
المقامات هي:  
6, 3, 4

المضاعف المشترك الأصغر بينها هو:
- عوامل 6 = $ 2 \times 3 $
- عوامل 3 = $ 3 $
- عوامل 4 = $ 2^2 $

إذًا المضاعف المشترك الأصغر = $ 2^2 \times 3 = 12 $

#### الخطوة 2: تحويل كل كسر ليكون مقامه 12

- $ \frac{5}{6} = \frac{5 \times 2}{6 \times 2} = \frac{10}{12} $
- $ \frac{2}{3} = \frac{2 \times 4}{3 \times 4} = \frac{8}{12} $
- $ \frac{3}{4} = \frac{3 \times 3}{4 \times 3} = \frac{9}{12} $

#### الخطوة 3: مقارنة الكسور الجديدة
الآن لدينا:
- $ \frac{8}{12},\ \frac{9}{12},\ \frac{10}{12} $

مرتبة تصاعديًا (من الأصغر للأكبر):
$$ \frac{8}{12},\ \frac{9}{12},\ \frac{10}{12} $$

أي أن الترتيب الأصلي يكون:
$$ \frac{2}{3},\ \frac{3}{4},\ \frac{5}{6} $$

---

### ✅ الطريقة الثانية: تحويل الكسور إلى أرقام عشرية

هذه طريقة بسيطة أيضًا.

- $ \frac{5}{6} = 0.833... $
- $ \frac{2}{3} = 0.666... $
- $ \frac{3}{4} = 0.75 $

بالتالي الترتيب من الأصغر للأكبر:
$$ \frac{2}{3},\ \frac{3}{4},\ \frac{5}{6} $$

---

### ✅ الإجابة النهائية:

**مرتبة تصاعديًا (من الأصغر للأكبر):**
$$
\boxed{\frac{2}{3},\ \frac{3}{4},\ \frac{5}{6}}
$$

هل ترغب أن أشرح لك كيف تُرتبها تنازليًا أيضًا؟"
"Numbers and Operations","Ordering numbers","E","رتب الأعداد التالية تنازلياً: ¾، 0.66، ⅔","بالطبع! دعني أشرح لك طريقة حل هذه المسألة خطوة بخطوة، وهي:  
**رتب الأعداد التالية تنازلياً (من الأكبر إلى الأصغر):**  
$$ \frac{3}{4}،\ 0.66،\ \frac{2}{3} $$

---

### ✅ **الخطوة الأولى: حوّل جميع الأعداد إلى نفس الشكل**
للتسهيل المقارنة، نحول جميع الأعداد إما إلى **أعداد عشرية** أو إلى **كسور**.

#### لنحولها جميعاً إلى كسور عشرية:

1. $ \frac{3}{4} = 0.75 $
2. $ 0.66 $ = كما هي (وهي تقريب للكسر $ \frac{2}{3} $)
3. $ \frac{2}{3} \approx 0.6667 $

---

### ✅ **الخطوة الثانية: رتب الأعداد العشرية من الأكبر إلى الأصغر**

لدينا الآن:
- $ \frac{3}{4} = 0.75 $
- $ \frac{2}{3} \approx 0.6667 $
- $ 0.66 $

نقارن القيم:
- $ 0.75 > 0.6667 > 0.66 $

إذن الترتيب **تنازلياً** هو:
$$
\frac{3}{4} > \frac{2}{3} > 0.66
$$

---

### ✅ **الجواب النهائي:**

> **الترتيب التنازلي للأعداد هو:**  
> $$ \frac{3}{4}،\ \frac{2}{3}،\ 0.66 $$

هل تحب أن أوضح بطريقة الكسور بدلاً من الأعداد العشرية؟ 😊"
"Numbers and Operations","Ordering numbers","E","قُم بتقريب المبالغ التالية إلى أقرب دينار كامل: ١٣.٧٨ دينار، ١٣.٢١ دينار، و ١٣.٥٠ دينار، ثم رتبها من الأقل إلى الأكثر.","بالطبع! دعني أشرح لك خطوة بخطوة كيفية حل هذه المسألة:

### المطلوب:
١. **تقريب** كل مبلغ من المبالغ التالية إلى **أقرب دينار كامل**.
٢. ثم **ترتيبها من الأقل إلى الأكثر**.

---

### المبالغ المعطاة:
- ١٣.٧٨ دينار  
- ١٣.٢١ دينار  
- ١٣.٥٠ دينار

---

## 🔹 أولًا: كيف نُقرّب إلى أقرب دينار؟

عند التقريب إلى **أقرب عدد صحيح (دينار كامل)**، ننظر إلى **الرقم الذي بعد الفاصلة العشرية (أي الجزء من الدنانير الأقل من الدينار)**:

- إذا كان **أقل من 0.50** ➜ نُقرّب لأسفل.
- إذا كان **0.50 أو أكثر** ➜ نُقرّب لأعلى.

---

### 1. تقريب ١٣.٧٨ دينار:

الجزء بعد الفاصلة هو **0.78** وهو **أكثر من 0.50**  
إذن نُقرّب لأعلى ➜ **١٤ دينار**

---

### 2. تقريب ١٣.٢١ دينار:

الجزء بعد الفاصلة هو **0.21** وهو **أقل من 0.50**  
إذن نُقرّب لأسفل ➜ **١٣ دينار**

---

### 3. تقريب ١٣.٥٠ دينار:

الجزء بعد الفاصلة هو **0.50** وهو **يساوي 0.50**  
في هذه الحالة نُقرّب لأعلى ➜ **١٤ دينار**

---

## 🔸 ثانيًا: رتّب المبالغ المُقرّبة من الأقل إلى الأكثر:

المبالغ بعد التقريب:
- ١٣ دينار
- ١٤ دينار
- ١٤ دينار

إذن الترتيب من الأقل إلى الأكثر:

### ✅ **١٣ دينار، ١٤ دينار، ١٤ دينار**

---

## 📌 الإجابة النهائية:

بعد تقريب المبالغ إلى أقرب دينار كامل وترتيبها من الأقل إلى الأكثر، تكون النتيجة:

> **١٣ دينار، ١٤ دينار، ١٤ دينار**

هل ترغب أن أشرح لك كيف تُقرّب أي رقم آخر بنفس الطريقة؟ 😊"
"Numbers and Operations","Ordering numbers","E","قم بترتيب الأعداد التالية: 3/4، 0.79، 76%","بالطبع! لحل هذه المسألة وترتيب الأعداد:  
**3/4**، **0.79**، **76%**  
نقوم بتحويل جميع القيم إلى نفس الشكل، مثلاً نحولها كلها إلى **أعداد عشرية** حتى يسهل مقارنتها.

---

### الخطوة 1: تحويل الكسور والنسب المئوية إلى أعداد عشرية

#### 1. الكسر: 3/4
نقسم البسط على المقام:
$$
\frac{3}{4} = 0.75
$$

#### 2. العدد العشري: 0.79
هو بالفعل عدد عشري، لا نحتاج إلى تحويله.

#### 3. النسبة المئوية: 76%
لتحويل النسبة المئوية إلى عدد عشري، نقسم على 100:
$$
76\% = \frac{76}{100} = 0.76
$$

---

### الخطوة 2: ترتيب الأعداد العشرية من الأصغر إلى الأكبر

الآن لدينا:
- 0.75 (وهي 3/4)
- 0.76 (وهي 76%)
- 0.79 (وهي كما هي)

نرتبها تصاعديًا:

$$
0.75 < 0.76 < 0.79
$$

---

### الخطوة 3: كتابة الترتيب بالأعداد الأصلية

إذن الترتيب من الأصغر إلى الأكبر هو:

$$
\frac{3}{4} \quad , \quad 76\% \quad , \quad 0.79
$$

---

### ✅ الإجابة النهائية:
**3/4 < 76% < 0.79**

هل ترغب في ترتيبها من الأكبر إلى الأصغر أيضًا؟"
"Numbers and Operations","Ordering numbers","F","قارن: ٣² ___ ٢³","بالطبع! لنحل هذه المسألة الرياضية خطوة بخطوة.

المطلوب هو **مقارنة** العددين:

$$
٣^٢ \quad \text{و} \quad ٢^٣
$$

### أولًا: نحسب قيمة كل من الأسيين

#### 1. حساب $ ٣^٢ $:
هذا يعني أننا نضرب 3 في نفسها مرتين:
$$
٣^٢ = ٣ × ٣ = ٩
$$

#### 2. حساب $ ٢^٣ $:
هذا يعني أننا نضرب 2 في نفسها 3 مرات:
$$
٢^٣ = ٢ × ٢ × ٢ = ٨
$$

### ثانيًا: نقارن النتائج
- $ ٣^٢ = ٩ $
- $ ٢^٣ = ٨ $

وبالتالي:
$$
٩ > ٨
$$

### إذًا الإجابة هي:
$$
٣^٢ > ٢^٣
$$

هل ترغب أن أساعدك في حل مسائل مشابهة؟ 😊"
"Numbers and Operations","Ordering numbers","F","حدد موقع الأعداد التالية على خط الأعداد: π، 3.14، √10","بالطبع! لحل هذه المسألة الرياضية وتحديد موقع الأعداد التالية على **خط الأعداد**:

$$
\pi,\quad 3.14,\quad \sqrt{10}
$$

فلنقوم بشرح الخطوات، ثم نوضح كيفية تحديد مواقعها على خط الأعداد.

---

### 🔹 أولاً: فهم كل عدد من هذه الأعداد

#### 1. **π (باي)**:
- هو عدد غير نسبي.
- قيمته التقريبية:  
  $$
  \pi \approx 3.1415926535...
  $$

#### 2. **3.14**:
- هو تقريب عشري للعدد π، لكنه أقل دقة.
- إذًا:
  $$
  3.14 < \pi
  $$

#### 3. **√10 (الجذر التربيعي لـ 10)**:
- هو أيضًا عدد غير نسبي.
- نعرف أن:
  $$
  \sqrt{9} = 3,\quad \sqrt{16} = 4
  $$
  إذًا:
  $$
  \sqrt{10} \approx 3.16227766...
  $$
  أي أنه أكبر من π قليلاً.

---

### 🔹 ثانيًا: ترتيب الأعداد من الأصغر إلى الأكبر

من القيم التقريبية:

- $ 3.14 $
- $ \pi \approx 3.14159 $
- $ \sqrt{10} \approx 3.16228 $

إذًا الترتيب هو:

$$
3.14 < \pi < \sqrt{10}
$$

---

### 🔹 ثالثًا: رسمها على خط الأعداد

لرسم هذه الأعداد على **خط الأعداد**:

1. ارسم خطًا أفقيًا.
2. ضع علامات للأعداد الصحيحة من 3 إلى 4 (لأن جميع الأعداد بين 3 و 4).
3. قم بتقسيم الجزء بين 3 و 4 إلى أجزاء صغيرة (أجزاء من 0.01 أو أكثر حسب الدقة المطلوبة).
4. ضع النقاط في أماكنها بناءً على القيم التقريبية:

| العدد        | القيمة التقريبية     |
|--------------|------------------------|
| 3.14         | 3.14                   |
| π            | ≈ 3.14159              |
| √10          | ≈ 3.16228              |

---

### ✏️ مثال عملي لخط الأعداد:

```
<---|-----|-----|-----|-----|-----|-----|-----|-----|-----|---->
   3.14 3.142       3.15        3.16    3.162      3.17
    ↑      ↑                     ↑
 3.14     π                    √10
```

(الرسم هنا تقريبي بسبب حدود النص، لكن يمكنك رسمه بدقة أكبر على ورقة)

---

### 📌 خلاصة:

- **ترتيب الأعداد**:  
  $ 3.14 < \pi < \sqrt{10} $

- **كيفية الرسم على خط الأعداد**:
  - ارسم خطًا وقسمه إلى وحدات عشرية دقيقة بين 3 و 4.
  - ضع كل عدد في مكانه الصحيح حسب قيمته العشرية.

---

هل ترغب أن أساعدك برسم تخطيطي يُظهر ذلك بشكل بصري؟"
"Numbers and Operations","Ordering numbers","F","صحيح أم خطأ: √3 > 1.7","لحل هذه المسألة الرياضية:  
**هل √3 > 1.7 ؟**  
نقوم بخطوات بسيطة:

---

### **الخطوة 1: احسب قيمة √3 تقريباً**

الجذر التربيعي لـ 3 (√3) هو عدد غير نسبي، لكن يمكننا استخدام قيمته التقريبية المعروفة:

$$
\sqrt{3} \approx 1.732
$$

---

### **الخطوة 2: قارن بين القيمتين**

نقارن الآن:
$$
1.732 \quad \text{و} \quad 1.7
$$

نلاحظ أن:
$$
1.732 > 1.7
$$

---

### **الاستنتاج:**

إذن الجملة:  
**""√3 > 1.7""**  
هي **صحيحة ✅**

---

هل ترغب أن أوضح لك كيف تحسب الجذر التربيعي يدويًا أو بطريقة التقريب؟"
"Numbers and Operations","Ordering numbers","F","رتب الأعداد التالية من الأكبر إلى الأصغر: √11، 3.3، 10/3","بالطبع! دعني أشرح لك خطوة بخطوة كيف يمكنك حل هذه المسألة ومقارنة الأعداد:  
**√11، 3.3، 10/3**  
ومن ثم ترتيبها **من الأكبر إلى الأصغر**.

---

### ✅ الخطوة الأولى: فهم كل عدد

لدينا ثلاثة أعداد:

1. **√11** (الجذر التربيعي لـ 11)  
2. **3.3** (عدد عشري)  
3. **10⁄3** (كسر)

لكي نستطيع مقارنتها، من الأفضل تحويل جميع الأعداد إلى **صورة عشرية تقريبية**.

---

### ✅ الخطوة الثانية: حساب القيم العشرية

#### 1. √11:
- نعرف أن:
  - √9 = 3
  - √16 = 4
- إذًا √11 بين 3 و 4.
- إذا استخدمنا الآلة الحاسبة:  
  **√11 ≈ 3.3166**

#### 2. 3.3:
- هذا العدد بالفعل في صورة عشرية:  
  **3.3000**

#### 3. 10⁄3:
- نقسم 10 على 3:  
  **10 ÷ 3 ≈ 3.3333**

---

### ✅ الخطوة الثالثة: مقارنة الأعداد العشرية

الآن بعد التحويل:

| العدد       | القيمة العشرية |
|------------|----------------|
| √11        | ≈ 3.3166       |
| 3.3        | = 3.3000       |
| 10⁄3       | ≈ 3.3333       |

---

### ✅ الخطوة الرابعة: ترتيب الأعداد من الأكبر إلى الأصغر

نرتب القيم العشرية:

1. **10⁄3 ≈ 3.3333** → الأكبر  
2. **√11 ≈ 3.3166**  
3. **3.3 = 3.3000** → الأصغر

---

### ✅ الإجابة النهائية:

> **ترتيب الأعداد من الأكبر إلى الأصغر هو:**  
**10⁄3 > √11 > 3.3**

هل تحب أن أشرح بطريقة أخرى، مثل رسم الأعداد على خط الأعداد؟ 😊"
"Numbers and Operations","Ordering numbers","G","حدد ما إذا كانت العبارة x < y < z صحيحة حيث أن x = 0.66، و y = 2/3، و z = 67%.","لحل هذه المسألة وتحديد ما إذا كانت العبارة **x < y < z** صحيحة، نحتاج إلى مقارنة القيم الثلاث:  
- $ x = 0.66 $  
- $ y = \frac{2}{3} $  
- $ z = 67\% $

### الخطوة 1: تحويل جميع القيم إلى رقم عشري
لكي نتمكن من المقارنة بسهولة، نحول كل القيم إلى الشكل العشري.

#### 1. $ x = 0.66 $  
هي بالفعل على شكل عشري.

#### 2. $ y = \frac{2}{3} $  
نحسب:
$$
\frac{2}{3} = 0.666\ldots
$$

#### 3. $ z = 67\% $  
النسبة المئوية تعني ""من مئة""، إذًا:
$$
67\% = \frac{67}{100} = 0.67
$$

### الخطوة 2: ترتيب القيم العشرية
الآن أصبحت القيم:

- $ x = 0.66 $
- $ y = 0.666\ldots $
- $ z = 0.67 $

نقوم بمقارنة هذه الأرقام:

- هل $ 0.66 < 0.666\ldots $?  
  نعم، لأن $ 0.66 < 0.666... $

- هل $ 0.666\ldots < 0.67 $?  
  نعم أيضًا، لأن $ 0.666... < 0.67 $

### الاستنتاج:
بما أن كلا الشرطين صحيحان، فإن الترتيب **x < y < z** صحيح.

### ✅ الإجابة النهائية:
**العبارة $ x < y < z $ صحيحة.**"
"Numbers and Operations","Ordering numbers","G","اكتب متباينة تقارن بين x = -3، y = 1، z = 4.","لديك ثلاثة أعداد:

- $ x = -3 $
- $ y = 1 $
- $ z = 4 $

المطلوب هو **كتابة متباينة تُقارن بين هذه الأعداد**. هذا يعني أننا نريد ترتيب هذه القيم من الأصغر إلى الأكبر، أو العكس، باستخدام إشارات **أصغر من** $ (<) $ أو **أكبر من** $ (>) $.

---

### أولًا: نرتب الأعداد من الأصغر إلى الأكبر

نعلم أن:

$$
-3 < 1 < 4
$$

إذًا:

$$
x < y < z
$$

---

### ثانيًا: يمكن كتابة المتباينة بشكل آخر مثل:

- $ x < y $ و $ y < z $ ⇒ إذًا $ x < y < z $
- أو بشكل معكوس: $ z > y > x $

---

### خلاصة:

يمكنك كتابة المتباينة كالتالي:

$$
\boxed{-3 < 1 < 4} \quad \text{أو} \quad \boxed{x < y < z}
$$

وهذا يُظهر الترتيب الصحيح للأعداد من الأصغر إلى الأكبر.

هل تريد كتابة المتباينة بطريقة أخرى أو استخدام علامات مختلفة؟"
"Numbers and Operations","Ordering numbers","G","رتب الأعداد التالية من الأكبر إلى الأصغر: 4²، 2⁴، و16","بالطبع! دعني أشرح لك خطوة بخطوة كيفية حل هذه المسألة:

المطلوب هو: **ترتيب الأعداد من الأكبر إلى الأصغر** بين:

- $4^2$
- $2^4$
- $16$

### أولًا: نحسب قيمة كل عدد

#### 1. $4^2$
هذا يعني $4 \times 4 = 16$

#### 2. $2^4$
هذا يعني $2 \times 2 \times 2 \times 2 = 16$

#### 3. $16$
هي مجرد عدد معطى، قيمته هي $16$

### ثانيًا: نقارن القيم
بعد الحساب، نجد أن:

- $4^2 = 16$
- $2^4 = 16$
- $16 = 16$

إذن جميعها **تساوي 16**.

### ثالثًا: الترتيب من الأكبر إلى الأصغر

بما أن الثلاثة متساوية في القيمة، فإن ترتيبها من الأكبر إلى الأصغر سيكون:

> **$4^2 = 2^4 = 16$**

أو يمكن كتابتها بهذا الشكل عند الترتيب:
> $4^2$، $2^4$، $16$

(مع ملاحظة أن الترتيب بينهم غير مهم لأنها متساوية).

---

هل تريد أن أشرح لك لماذا $4^2 = 2^4$؟ 😊"
"Numbers and Operations","Ordering numbers","H","رتب الأعداد 2i و 3 + 2i و 3 - i حسب المقدار.","لحل هذه المسألة الرياضية و**ترتيب الأعداد المركبة** حسب **المقدار (القيمة المطلقة)**، نقوم باتباع الخطوات التالية:

### المعطيات:
الأعداد المركبة الثلاثة هي:
- $ 2i $
- $ 3 + 2i $
- $ 3 - i $

---

## ✅ الخطوة الأولى: احسب مقدار كل عدد مركب

مقدار العدد المركب $ a + bi $ يُحسب باستخدام الصيغة:

$$
|a + bi| = \sqrt{a^2 + b^2}
$$

### 1. مقدار $ 2i $:

يمكننا كتابتها على الشكل $ 0 + 2i $، إذًا:

$$
|2i| = \sqrt{0^2 + 2^2} = \sqrt{4} = 2
$$

---

### 2. مقدار $ 3 + 2i $:

$$
|3 + 2i| = \sqrt{3^2 + 2^2} = \sqrt{9 + 4} = \sqrt{13} \approx 3.605
$$

---

### 3. مقدار $ 3 - i $:

$$
|3 - i| = \sqrt{3^2 + (-1)^2} = \sqrt{9 + 1} = \sqrt{10} \approx 3.162
$$

---

## ✅ الخطوة الثانية: رتب الأعداد حسب المقدار تصاعديًا

نقارن القيم التي حصلنا عليها:
- $ |2i| = 2 $
- $ |3 - i| \approx 3.162 $
- $ |3 + 2i| \approx 3.605 $

إذًا الترتيب من الأصغر إلى الأكبر هو:

$$
\boxed{2i \quad < \quad 3 - i \quad < \quad 3 + 2i}
$$

---

## ✅ الإجابة النهائية:

> ترتيب الأعداد حسب المقدار (من الأصغر إلى الأكبر) هو:
$$
\boxed{2i,\quad 3 - i,\quad 3 + 2i}
$$"
"Numbers and Operations","Ordering numbers","H","قم بترتيب الأعداد المركبة: i، −1 + i، 2i بناءً على القيمة المطلقة.","لحل هذه المسألة الرياضية وتتمكن من **ترتيب الأعداد المركبة** بناءً على **القيمة المطلقة (المعيار)**، دعنا نشرح أولًا مفهوم القيمة المطلقة للعدد المركب.

---

### 🔹 أولاً: تعريف القيمة المطلقة لعدد مركب

إذا كان لدينا عدد مركب على الصورة:

$$
z = a + bi
$$

فإن **القيمة المطلقة (|z|)** تُحسب باستخدام العلاقة:

$$
|z| = \sqrt{a^2 + b^2}
$$

---

### 🔹 الآن، لنحسب القيم المطلقة للأعداد المعطاة:

#### 1. العدد الأول: $ z_1 = i $

يمكن كتابته كـ:  
$$
z_1 = 0 + 1i
\Rightarrow |z_1| = \sqrt{0^2 + 1^2} = \sqrt{1} = 1
$$

#### 2. العدد الثاني: $ z_2 = -1 + i $

$$
|z_2| = \sqrt{(-1)^2 + 1^2} = \sqrt{1 + 1} = \sqrt{2} \approx 1.414
$$

#### 3. العدد الثالث: $ z_3 = 2i $

$$
z_3 = 0 + 2i
\Rightarrow |z_3| = \sqrt{0^2 + 2^2} = \sqrt{4} = 2
$$

---

### 🔹 ثالثًا: قم بترتيب الأعداد تصاعديًا حسب القيمة المطلقة

نقارن بين القيم المطلقة التي حسبناها:

- $ |z_1| = 1 $
- $ |z_2| \approx 1.414 $
- $ |z_3| = 2 $

إذًا الترتيب **من الأصغر إلى الأكبر** حسب القيمة المطلقة هو:

$$
\boxed{i \quad < \quad -1 + i \quad < \quad 2i}
$$

أو بالرموز:

$$
\boxed{i,\quad -1 + i,\quad 2i}
$$

---

هل تريد أن أشرح لك كيف نمثل هذه الأعداد في المستوى المركب أيضًا؟"
"Numbers and Operations","Ordering numbers","H","رتّب القيم التالية: لو₂ (3)، لو₃ (2)، لو₅ (5).","حسنًا! دعنا نحل هذه المسألة خطوة بخطوة، حيث المطلوب هو **ترتيب القيم التالية**:  
$$
\log_2 (3)، \quad \log_3 (2)، \quad \log_5 (5)
$$

---

### أولًا: فهم كل قيمة على حدة

#### 1. $\log_5 (5)$

هذا أبسط واحد، لأنه لوغاريتم العدد نفسه في أي أساس:

$$
\log_5 (5) = 1
$$

لأن $5^1 = 5$

---

#### 2. $\log_2 (3)$

هذا يعني: ""إلى أي قوة نرفع 2 لنحصل على 3؟""

- نعلم أن:
  $$
  2^1 = 2 \quad \text{و} \quad 2^2 = 4
  $$
- إذن $\log_2(3)$ بين 1 و2، أي:
  $$
  1 < \log_2(3) < 2
  $$
- يمكننا تقديرها أكثر:  
  بما أن $2^{1.5} = \sqrt{2^3} = \sqrt{8} \approx 2.828$  
  وهذا أقل من 3، إذن $\log_2(3) > 1.5$

  ونجد أن:
  $$
  \log_2(3) \approx 1.58496
  $$

---

#### 3. $\log_3 (2)$

هذا يعني: ""إلى أي قوة نرفع 3 لنحصل على 2؟""

- نعلم أن:
  $$
  3^0 = 1 \quad \text{و} \quad 3^1 = 3
  $$
- إذن $\log_3(2)$ بين 0 و1.

- نقدرها أيضًا:
  مثلاً، نعلم أن $3^{0.6} \approx 2$ تقريبًا (يمكنك استخدام الآلة الحاسبة أو خوارزميات التقريب)

  وفي الواقع:
  $$
  \log_3(2) \approx 0.6309
  $$

---

### الآن نجمع النتائج:

| التعبير | القيمة التقريبية |
|--------|------------------|
| $\log_3 (2)$ | ≈ 0.6309 |
| $\log_5 (5)$ | = 1 |
| $\log_2 (3)$ | ≈ 1.585 |

---

### إذًا، الترتيب من الأصغر إلى الأكبر:

$$
\boxed{\log_3(2) \quad < \quad \log_5(5) \quad < \quad \log_2(3)}
$$

---

هل تحب أن أشرح لك كيف نحسب $\log_3(2)$ بدون آلة حاسبة؟"
"Numbers and Operations","Ordering numbers","H","قم بتحديد الجذور التكعبية لـ 5 و 6 والعدد 2 على خط الأعداد.","لحل هذه المسألة:  
**""قم بتحديد الجذور التكعبية لـ 5 و 6 والعدد 2 على خط الأعداد.""**

### أولاً: فهم المطلوب
المطلوب هو تحديد مواقع **الجذور التكعيبية للأعداد 5، 6، و2** على **خط الأعداد**.

---

## الخطوة 1: تذكر مفهوم الجذر التكعيبي

الجذر التكعيبي للعدد $ x $ هو العدد الذي إذا رفعناه إلى القوة الثالثة نحصل على $ x $.  
يرمز له بالرمز:

$$
\sqrt[3]{x}
$$

أي أن:

$$
\left( \sqrt[3]{x} \right)^3 = x
$$

---

## الخطوة 2: حساب الجذور التكعيبية

نحسب القيم التقريبية لكل جذر تكعيبي:

### 1. الجذر التكعيبي لـ 5:
$$
\sqrt[3]{5} \approx 1.7099
$$

### 2. الجذر التكعيبي لـ 6:
$$
\sqrt[3]{6} \approx 1.8171
$$

### 3. الجذر التكعيبي لـ 2:
$$
\sqrt[3]{2} \approx 1.2599
$$

---

## الخطوة 3: رسمها على خط الأعداد

### كيف ترسم الأعداد على خط الأعداد؟

1. ارسم خطًا أفقيًا.
2. ضع علامات على هذا الخط تمثل الأعداد الصحيحة (مثلاً من 1 إلى 2).
3. قم بتقسيم المسافة بين كل عدد وآخر إلى أجزاء عشرية (مثل 1.1، 1.2، ...).
4. ضع دائرة صغيرة أو نقطة على المواضع التالية:

- عند تقريباً **1.26** → لِـ $\sqrt[3]{2}$
- عند تقريباً **1.71** → لِـ $\sqrt[3]{5}$
- عند تقريباً **1.82** → لِـ $\sqrt[3]{6}$

---

## الخطوة 4: ملاحظات مهمة

- الجذور التكعيبية للأعداد الموجبة تكون موجبة.
- يمكنك استخدام الآلة الحاسبة أو برامج مثل Excel أو Google لحساب القيم التقريبية بدقة.
- لا تحتاج لحساب الجذر التكعيبي يدويًا، إلا في حال طُلب ذلك صراحة.

---

## خلاصة

| العدد | الجذر التكعيبي | القيمة التقريبية |
|-------|----------------|------------------|
| 2     | $\sqrt[3]{2}$ | ≈ 1.26           |
| 5     | $\sqrt[3]{5}$ | ≈ 1.71           |
| 6     | $\sqrt[3]{6}$ | ≈ 1.82           |

ثم قم برسم هذه القيم على خط الأعداد كما هو موضح.

هل تريد أن أساعدك برسم تخطيطي بسيط لها باستخدام ASCII أو وصف دقيق لكيفية رسمها؟"
"Numbers and Operations","Ordering numbers","H","رتب الأعداد التالية: 0b1010، 0xF، 13 (ثنائي، ست عشري، عشري)","بالطبع! دعني أشرح لك خطوة بخطوة كيف تحل هذه المسألة:

### المطلوب:
**رتب الأعداد التالية**:  
- 0b1010 (عدد **ثنائي**)  
- 0xF (عدد **سداسي عشري**)  
- 13 (عدد **عشري**)

---

## ✅ الخطوة الأولى: تحويل جميع الأعداد إلى النظام العشري

### 1. تحويل `0b1010` من ثنائي إلى عشري:

العدد `0b1010` يعني أنه عدد **ثنائي**.

نحوله إلى عشري كالتالي:

```
   1    0    1    0
 2^3 2^2  2^1  2^0
  8    0    2    0
```

نجمع القيم:  
$ 8 + 0 + 2 + 0 = 10 $

إذًا:  
**0b1010 = 10 (عشري)**

---

### 2. تحويل `0xF` من سداسي عشري إلى عشري:

في النظام السداسي العشري:
- الحرف `F` يمثل الرقم **15**

إذًا:  
**0xF = 15 (عشري)**

---

### 3. العدد `13` هو بالفعل عدد **عشري**، لا حاجة لتحويله.

---

## ✅ الخطوة الثانية: الآن لدينا الأعداد الثلاثة بالعشري:

- 0b1010 = **10**
- 0xF = **15**
- 13 = **13**

---

## ✅ الخطوة الثالثة: رتّب الأعداد تصاعديًا (من الأصغر إلى الأكبر):

الترتيب:

**10 < 13 < 15**

أي:

**0b1010 < 13 < 0xF**

---

## ✅ الإجابة النهائية:

> ترتيب الأعداد تصاعديًا هو:  
**0b1010 ، 13 ، 0xF**

أو بالأرقام بعد التحويل:
**10، 13، 15**

هل تريد أن أشرح لك كيف تحوّل بين الأنظمة الثنائية والسداسي عشري والعشري بشكل عام؟"
"Numbers and Operations","Applying Calculation Strategies","B","استخدم خط الأعداد لإيجاد ناتج 9 + 6 = ______","بالطبع! دعني أشرح لك كيفية حل المسألة **9 + 6** باستخدام **خط الأعداد** خطوة بخطوة بطريقة سهلة وواضحة.

---

### ✅ **ما هو خط الأعداد؟**
خط الأعداد هو أداة تُستخدم لتمثيل الأعداد على خط مستقيم، حيث تزداد الأعداد إلى اليمين وتقل إلى اليسار. نستخدمه لفهم الجمع والطرح بشكل بصري.

---

### 📌 **المطلوب: استخدم خط الأعداد لإيجاد ناتج 9 + 6**

#### ✏️ **الخطوات:**

1. **ارسم خط أعداد** (يمكنك رسمه على ورقة أو تخيله في ذهنك).
2. **ابدأ من العدد 9**: ضع نقطة عند العدد 9 على الخط.
3. **حرك 6 خطوات نحو اليمين**: لأنك تجمع (وتريد الوصول إلى عدد أكبر).
4. **عد كل خطوة**:  
   - من 9 → 10 (1)  
   - من 10 → 11 (2)  
   - من 11 → 12 (3)  
   - من 12 → 13 (4)  
   - من 13 → 14 (5)  
   - من 14 → 15 (6)

5. **النقطة التي وصلت إليها هي 15**.

---

### ✅ **إذًا:**
$$
\boxed{9 + 6 = 15}
$$

---

### 💡 **نصيحة إضافية:**
يمكنك دائمًا استخدام خط الأعداد لحل مسائل الجمع البسيطة، فكلما زاد العدد الذي تضيفه، تحركت خطوات أكثر إلى اليمين.

هل تحب أن أريك كيف ترسم هذا على ورقة أو تصوره ذهنيًا؟ 😊"
"Numbers and Operations","Applying Calculation Strategies","B","حل المسألة التالية عن طريق جمع العشرات والآحاد: 27 + 35","بالطبع! سنقوم بحل المسألة **27 + 35** عن طريق **جمع العشرات والآحاد** خطوة بخطوة.

---

### 📌 أولاً: فصل العشرات والآحاد

لنبدأ بتقسيم كل عدد إلى **عشراته وآحاده**:

- العدد **27** = **20 (عشرات)** + **7 (آحاد)**
- العدد **35** = **30 (عشرات)** + **5 (آحاد)**

---

### 📌 ثانيًا: جمع العشرات مع العشرات، والآحاد مع الآحاد

- العشرات:  
  **20 + 30 = 50**

- الآحاد:  
  **7 + 5 = 12**

---

### 📌 ثالثًا: جمع النتائج

نجمع ما جمعناه من عشرات وآحاد:

**50 + 12 = 62**

---

### ✅ إذن، الإجابة النهائية هي:
$$
\boxed{62}
$$

هل تحب أن أشرح لك الطريقة بطريقة مرتبطة بالأصابع أو التصوير الذهني أيضًا؟ 😊"
"Numbers and Operations","Applying Calculation Strategies","B","أظهر ناتج جمع العددين التاليين عن طريق تقريب إلى أقرب عشرة: 46 + 9","بالطبع! دعني أشرح لك كيفية حل المسألة:  
**46 + 9**  
وذلك **باستخدام التقريب إلى أقرب عشرة**.

---

### الخطوة 1: فهم المطلوب
المطلوب هو:
- تقريب كل عدد إلى **أقرب عشرة** أولًا.
- ثم جمع الأعداد بعد تقريبها.
- مقارنة الناتج المقرب مع الناتج الحقيقي (لمراجعة الفرق).

---

### الخطوة 2: تقريب الأعداد إلى أقرب عشرة

#### العدد الأول: 46  
- هل 46 أقرب إلى 40 أم 50؟
- بما أن 46 تبعد 4 عن 50 و6 عن 40، فهي **أقرب إلى 50**.

✅ إذن، **46 ≈ 50** (بعد التقريب إلى أقرب عشرة)

#### العدد الثاني: 9  
- هل 9 أقرب إلى 0 أم 10؟
- بما أنها قريبة جدًا من 10، فهي **أقرب إلى 10**

✅ إذن، **9 ≈ 10** (بعد التقريب إلى أقرب عشرة)

---

### الخطوة 3: جمع الأعداد بعد التقريب

$$
50 + 10 = 60
$$

✅ إذن، ناتج الجمع بالتقريب = **60**

---

### الخطوة 4: حساب الناتج الحقيقي للمقارنة

$$
46 + 9 = 55
$$

✅ الناتج الحقيقي = **55**

---

### الخلاصة:

- **الحساب الحقيقي**: 46 + 9 = 55  
- **الحساب بالتقريب**: 50 + 10 = 60  
- الفرق بينهما = 60 - 55 = 5

---

### ✅ الإجابة النهائية:
> عند تقريب الأعداد إلى أقرب عشرة:
> - 46 ≈ 50  
> - 9 ≈ 10  
> - إذن 50 + 10 = **60**

هل تريد أن أشرح لك أيضًا كيف تُقدّر ناتج جمع أو طرح بطريقة أخرى؟"
"Numbers and Operations","Applying Calculation Strategies","C","ما هي الاستراتيجية التي ستستخدمها لحل المسألة 400 − 198 بسرعة؟","لحل المسألة **400 − 198** بسرعة، يمكنك استخدام **استراتيجية التبسيط أو التعديل العددي** لجعل الحساب أسهل ذهنيًا. إليك خطوات واضحة:

---

### ✅ الطريقة الأولى: تعديل المطروح (198) ليصبح عددًا أجمل (200)

**الفكرة:**  
بدلًا من أن تطرح 198 مباشرة من 400، يمكنك جعل 198 تشبه 200، وهي عملية طرح أسهل.

لكن لأنك طرحت 2 إضافية (لأن 198 + 2 = 200)، فسوف تعيد هذه الـ 2 في النهاية.

#### الخطوات:
1. 400 − 200 = 200  
2. لكنك طرحت 2 أكثر مما يجب، إذن أضف 2:  
   200 + 2 = **202**

✅ إذًا:  
**400 − 198 = 202**

---

### ✅ الطريقة الثانية: استخدام العلاقة مع الأعداد العشرية

يمكنك أيضًا التفكير كالتالي:
- كم ينقص 198 ليصل إلى 400؟
- نبدأ من 198 ونضيف حتى نصل إلى 400:
  - من 198 إلى 200: نضيف 2
  - من 200 إلى 400: نضيف 200
  - المجموع: 2 + 200 = **202**

---

### ✅ الطريقة الثالثة: بطريقة الطرح العمودي (إن كنت تكتب):

```
  400
− 198
─────
```

- لا يمكن طرح 8 من 0، فنستلف من الـ 40 (الصفات كلها صفر)
- نحول 400 إلى 300 + 100، ثم نستلف 10 من العشرات ونضعها على الآحاد
- فيصبح عندنا:
  - الآحاد: 10 − 8 = 2
  - العشرات: 9 − 9 = 0 (لأننا استلفنا منها 1 للآحاد)
  - المئات: 3 − 1 = 2

إذًا: **202**

---

### ✅ الخلاصة:

أفضل استراتيجية سريعة هي:

> ❗ ""عَدِّل 198 إلى 200، اطرح، ثم أضف الفرق""

**400 − 198 = (400 − 200) + 2 = 200 + 2 = 202**

---

هل تحب أن أشرح لك كيف تتدرب على مثل هذه الحسابات ذهنيًا بسرعة؟ 😊"
"Numbers and Operations","Applying Calculation Strategies","C","ما هو تقدير جيد للعدد 612 ÷ 9؟","لحل المسألة: **ما هو تقدير جيد للعدد 612 ÷ 9؟**  
نريد إيجاد **تقدير جيد**، أي لا نحتاج إلى الناتج الدقيق، بل ناتج قريب من القيمة الحقيقية وسهل الحساب ذهنيًا.

---

### الخطوة 1: فهم المسألة
نحن نقسم العدد **612** على **9**، ونريد **تقديرًا جيدًا** للناتج.

---

### الخطوة 2: استخدم أعدادًا أقرب وأسهل في الحساب

العدد **612** قريب من **610** أو **630**، وهذان عددان أسهل في القسمة على 9.

- لنحاول تقسيم 630 ÷ 9:
  $$
  630 ÷ 9 = 70
  $$

لكن 630 أكبر قليلًا من 612، إذًا الناتج سيكون أقل بقليل من 70.

- جرب 612 ÷ 9:
  يمكنك حساب التقسيم بشكل دقيق كما يلي:

  $$
  612 ÷ 9 = 68
  $$

(لأن: $ 9 × 68 = 612 $)

---

### الخطوة 3: اختر تقديرًا جيدًا

الناتج الدقيق هو **68**، لذا فإن:

- **تقدير جيد** يمكن أن يكون **70** (وهو تقريب لأعلى)
- أو **65** (تقريب لأسفل)
- لكن الأفضل والأقرب هو **70** لأننا نقرب للأعداد المضاعفة للـ 5 أو 10 عادةً.

---

### ✅ الإجابة النهائية:

> **تقدير جيد للعدد 612 ÷ 9 هو 70.**

إذا كنت تريد تفسير كيفية الوصول إلى 68 بالضبط، أخبرني!"
"Numbers and Operations","Applying Calculation Strategies","C","استخدم الجمع المتكرر لإيجاد ناتج 7 × 6 = ___","بالطبع! يمكننا حل المسألة الرياضية **7 × 6** باستخدام **الجمع المتكرر**، وهذا يعني أننا نجمع العدد **6 سبع مرات** أو نجمع العدد **7 ست مرات**. لنشرح كلا الطريقتين:

---

### 📌 الطريقة الأولى: جمع العدد 6 سبع مرات

لأن الضرب هو جمع متكرر، إذن:

$$
7 \times 6 = 6 + 6 + 6 + 6 + 6 + 6 + 6
$$

نحسب الناتج:

$$
6 + 6 = 12  
\\
12 + 6 = 18  
\\
18 + 6 = 24  
\\
24 + 6 = 30  
\\
30 + 6 = 36  
\\
36 + 6 = 42
$$

إذًا:

$$
7 \times 6 = 42
$$

---

### 📌 الطريقة الثانية: جمع العدد 7 ست مرات

يمكننا أيضًا كتابة:

$$
7 \times 6 = 7 + 7 + 7 + 7 + 7 + 7
$$

نحسب:

$$
7 + 7 = 14  
\\
14 + 7 = 21  
\\
21 + 7 = 28  
\\
28 + 7 = 35  
\\
35 + 7 = 42
$$

أيضًا نحصل على نفس النتيجة:

$$
7 \times 6 = 42
$$

---

### ✅ الإجابة النهائية:

$$
\boxed{42}
$$

هل تحب أن أشرح لك أيضًا كيف تُستخدم خطوات الجمع المتكرر في الحياة اليومية أو في مسائل أخرى؟"
"Numbers and Operations","Applying Calculation Strategies","C","استخدم استراتيجية المضاعفة والتقليل للنصف: 25 × 8 = ___","بالطبع! استراتيجية **المضاعفة والتقليل للنصف** هي طريقة ذكية لتبسيط عمليات الضرب، وتعتمد على نقل العامل من عدد إلى آخر بطريقة تجعل الحساب أسهل.

### المبدأ الأساسي:
يمكنك **تقليل أحد العددين للنصف** و**مضاعفة العدد الآخر** دون أن يتغير الناتج.  
بمعنى:  
> إذا كان لديك ضرب مثل:  
> $ a × b $  
> فيمكنك جعل:  
> $ (a ÷ 2) × (b × 2) $ أو العكس، والناتج يبقى نفسه.

---

### لنطبق ذلك على المسألة:  
$ 25 × 8 = ? $

#### الخطوة 1: نأخذ نصف العدد 8
- نصف 8 هو 4

#### الخطوة 2: مضاعفة العدد 25
- مضاعفة 25 هي 50

#### الآن نحسب:
$ 50 × 4 $

وهذا أسهل بالحساب الذهني.

#### الخطوة 3: نحسب الناتج
$ 50 × 4 = 200 $

---

### إذن:
$$
25 × 8 = (25 × 2) × (8 ÷ 2) = 50 × 4 = 200
$$

✅ **الإجابة النهائية: 200**

هل تحب أن أشرح لك كيف تعمل هذه الاستراتيجية رياضيًا؟ 😊"
"Numbers and Operations","Applying Calculation Strategies","C","ما الخطوتان اللتان ستستخدمهما لحل 75 × 12؟","بالطبع! لحل المسألة **75 × 12**، هناك عدة طرق يمكنك استخدامها. سأشرح لك **خطوتين بسيطتين** يمكن أن تساعدك في حل هذه المسألة بسهولة:

---

### ✅ **الخطوة الأولى: استخدام خاصية التوزيع**
يمكنك تبسيط الضرب عن طريق تقسيم العدد 12 إلى جزأين أسهل للحساب، مثل:  
$$
12 = 10 + 2
$$

ثم تستخدم خاصية التوزيع:
$$
75 \times 12 = 75 \times (10 + 2) = (75 \times 10) + (75 \times 2)
$$

---

### ✅ **الخطوة الثانية: إجراء عمليات الضرب والجمع**
الآن نحسب كل جزء على حدة:

- $ 75 \times 10 = 750 $
- $ 75 \times 2 = 150 $

ثم نجمع النتائج:
$$
750 + 150 = 900
$$

---

### ✅ **الإجابة النهائية:**
$$
\boxed{900}
$$

---

هل تحب طريقة أخرى؟ مثلاً باستخدام القسمة أو التحليل؟ يمكنني شرح ذلك أيضًا! 😊"
"Numbers and Operations","Applying Calculation Strategies","C","استخدم التقدير عن طريق التقريب: 51 × 19، ثم تحقق من الإجابة.","بالطبع! دعني أشرح لك خطوة بخطوة كيف يمكنك **حل المسألة الرياضية باستخدام التقدير عن طريق التقريب**، ثم نتحقق من الإجابة.

---

### 📌 المسألة:  
احسب تقديرًا لـ **51 × 19** باستخدام **التقريب**، ثم تحقق من الإجabaد الفعلي.

---

## ✅ الجزء الأول: التقدير بالتقريب

عند استخدام **التقدير**، فإن الهدف هو تسهيل الحسابات العقلية عن طريق **تقريب الأعداد إلى أقرب عدد مكوّن من رقم واحد أو صفرين (عدد مدور)**.

### الخطوة 1: قرب الأعداد
- 51 ≈ 50 (لأن 51 أقرب إلى 50 منه إلى 60)
- 19 ≈ 20 (لأن 19 أقرب إلى 20 منه إلى 10)

### الخطوة 2: اضرب الأعداد المُقرَّبة
$$
50 × 20 = 1000
$$

### ✅ إذًا: التقدير هو: **1000**

---

## ✅ الجزء الثاني: التحقق من الإجابة الفعلية

الآن نحسب الناتج الحقيقي بدون تقريب:

$$
51 × 19 = ?
$$

يمكنك حساب ذلك بطريقتين:

### الطريقة 1: الضرب العادي

$$
51 × 19 = (50 + 1) × 19 = 50×19 + 1×19 = 950 + 19 = 969
$$

### الطريقة 2: استخدام الآلة الحاسبة (أو ذهنيًا)

$$
51 × 19 = 969
$$

### ✅ إذًا: الإجابة الفعلية هي: **969**

---

## ✅ المقارنة بين التقدير والقيمة الحقيقية:

| نوع الحساب      | النتيجة     |
|------------------|-------------|
| التقدير بالتقريب | 1000        |
| القيمة الحقيقية   | 969         |

### 📌 الفرق:
$$
1000 - 969 = 31
$$

التقدير كان أعلى من القيمة الحقيقية بمقدار **31**، وهذا فرق معقول عند استخدام التقريب.

---

## ✅ خلاصة:

- **التقدير بالتقريب:** 50 × 20 = **1000**
- **الحساب الدقيق:** 51 × 19 = **969**
- الفرق بينهما هو **31**، وهذا يُظهر أن التقدير كان قريبًا ويعطي فكرة جيدة عن نتيجة الضرب.

هل تحب أن أشرح لك طريقة سريعة لحساب مثل هذا الضرب ذهنيًا؟ 😊"
"Numbers and Operations","Applying Calculation Strategies","C","استخدم خاصية التوزيع لتسهيل عملية الضرب: 23 × 4 = ___","بالطبع! سنستخدم **خاصية التوزيع** لتسهيل عملية حساب:

$$
23 \times 4
$$

---

### أولًا: ما هي خاصية التوزيع؟

خاصية التوزيع تقول إن:

$$
a \times (b + c) = (a \times b) + (a \times c)
$$

أي أننا نقسم أحد العددين المضروبين إلى مجموع جزأين، ثم نضرب كل جزء على حدة بالعدد الثاني، ونجمع النتائج.

---

### الآن لنطبّق ذلك على المسألة:

$$
23 \times 4
$$

نقسم العدد 23 إلى مجموع عددين سهلين، مثل:

$$
23 = 20 + 3
$$

الآن نطبق خاصية التوزيع:

$$
(20 + 3) \times 4 = (20 \times 4) + (3 \times 4)
$$

نحسب كل جزء:

- $20 \times 4 = 80$
- $3 \times 4 = 12$

ثم نجمع الناتجين:

$$
80 + 12 = 92
$$

---

### إذًا:
$$
23 \times 4 = 92
$$

وقد استخدمنا خاصية التوزيع لتسهيل الحساب!

هل تحب أن أريك طريقة أخرى بنفس الأسلوب؟ 😊"
"Numbers and Operations","Applying Calculation Strategies","D","قدر ناتج ضرب 398 في 52 من خلال تقريب كلا العددين، ثم احسب الناتج الدقيق للتحقق.","بالطبع! سنقوم بحل المسألة على جزأين:

### 1. **التقدير عن طريق التقريب:**

نريد تقدير ناتج ضرب العددين:
$$
398 \times 52
$$

#### أولاً: نقرب كل عدد إلى أقرب مئة أو عشرة حسب المعطيات أو بطريقة معقولة للتقدير:

- العدد **398** قريب جداً من **400**، فنقربه إلى **400**
- العدد **52** يمكن تقريبه إلى **50**

الآن نحسب:
$$
400 \times 50 = 20,000
$$

إذًا **الناتج المقدّر هو: 20,000**

---

### 2. **الحساب الدقيق:**

نحسب الناتج الحقيقي لـ:
$$
398 \times 52
$$

نستخدم الضرب العمودي أو التوزيع:

#### طريقة التوزيع (تحليل العددين):

$$
398 \times 52 = 398 \times (50 + 2) = (398 \times 50) + (398 \times 2)
$$

- $398 \times 50 = (398 \times 5) \times 10 = (1990) \times 10 = 19,900$
- $398 \times 2 = 796$

نجمع:
$$
19,900 + 796 = 20,696
$$

---

### ✅ الإجابة النهائية:

- **التقدير:** 20,000  
- **الناتج الدقيق:** 20,696

كما ترى، التقدير قريب من القيمة الحقيقية وهو يساعد في التحقق من معقولية النتيجة.

هل تحب أن أوضح الطريقة باستخدام الضرب العمودي أيضاً؟"
"Numbers and Operations","Applying Calculation Strategies","D","اطرح: −15 − (−8)","بالطبع! دعني أشرح لك كيفية حل هذه المسألة خطوة بخطوة:

المسألة هي:

$$
-15 - (-8)
$$

### الخطوة 1: فهم عملية الطرح للموجب والسالب

عندك هنا **عدد سالب** وهو $-15$، وتطالب بـ **طرح عدد سالب** وهو $-8$.

وتذكّر أن:
$$
\text{طرح عدد سالب} = \text{جمع الموجب المقابل}
$$

أي أن:
$$
-15 - (-8) = -15 + 8
$$

### الخطوة 2: اجمع الأعداد

الآن عليك فقط حساب:
$$
-15 + 8
$$

هذا يعني أنك تبدأ من $-15$ وتتحرك 8 خطوات إلى اليمين على خط الأعداد.

أو بطريقة أخرى:
$$
-15 + 8 = -(15 - 8) = -7
$$

### الإجابة النهائية:

$$
\boxed{-7}
$$

إذا كانت لديك أي أسئلة أخرى أو تريد شرحًا على خط الأعداد، فأنا جاهز! 😊"
"Numbers and Operations","Applying Calculation Strategies","D","طبق ترتيب العمليات: 6 + 3 × (8 − 5)²","بالطبع! سنحل هذه المسألة الرياضية بتطبيق **ترتيب العمليات** الصحيح، والذي يُعرف غالبًا باسم:

> ""**PEMDAS**"" أو ""**العمليات بين القوسين أولًا، ثم الأسس، ثم الضرب والقسمة، وأخيرًا الجمع والطرح.**""

### المعادلة:
$$ 6 + 3 \times (8 - 5)^2 $$

---

## الخطوة 1: حل ما داخل القوسين
$$
(8 - 5) = 3
$$

المعادلة تصبح:
$$
6 + 3 \times 3^2
$$

---

## الخطوة 2: حساب الأس (التربع)
$$
3^2 = 9
$$

المعادلة تصبح:
$$
6 + 3 \times 9
$$

---

## الخطوة 3: تنفيذ عملية الضرب
$$
3 \times 9 = 27
$$

المعادلة تصبح:
$$
6 + 27
$$

---

## الخطوة 4: تنفيذ عملية الجمع
$$
6 + 27 = 33
$$

---

### ✅ الإجابة النهائية هي:
$$
\boxed{33}
$$

إذا عندك أي سؤال على نفس النوع، أقدر أساعدك بكل سرور! 😊"
"Numbers and Operations","Applying Calculation Strategies","D","استخدم القسمة المطولة لحل: ٣٦٧٢ ÷ ١٦","بالطبع! سنقوم بحل المسألة **٣٦٧٢ ÷ ١٦** باستخدام **القسمة المطولة** خطوة بخطوة.

---

### 📌 الخطوة 1: كتابة المسألة
نريد أن نقسم العدد:

$$
3672 \div 16
$$

أي نقسم 3672 على 16، ونبحث عن الناتج (المكون) والباقي إن وُجد.

---

### 📌 الخطوة 2: نبدأ من اليسار

نأخذ أول رقمين من العدد المقسم (من اليسار):

- الرقمان الأوليان هما **36**
- نسأل: كم مرة يتكرر 16 في 36؟

$$
16 \times 2 = 32 \\
16 \times 3 = 48 > 36
$$

إذًا يمكننا وضع **2** في ناتج القسمة.

نكتب:
- 2 × 16 = 32
- نطرح: 36 − 32 = 4

ثم ننزّل الرقم التالي وهو **7**

الآن لدينا **47**

---

### 📌 الخطوة 3: نقسم 47 ÷ 16

$$
16 \times 2 = 32 \\
16 \times 3 = 48 > 47
$$

نضع 2 في ناتج القسمة

نضرب: 2 × 16 = 32  
نطرح: 47 − 32 = 15

ننزل الرقم التالي وهو **2**

الآن أصبح عندنا **152**

---

### 📌 الخطوة 4: نقسم 152 ÷ 16

$$
16 \times 9 = 144 \\
16 \times 10 = 160 > 152
$$

نضع **9** في ناتج القسمة

نضرب: 9 × 16 = 144  
نطرح: 152 − 144 = 8

---

### 📌 الخطوة 5: تجميع النتيجة

حتى الآن، كان ناتج القسمة:

$$
2\quad2\quad9
$$

والباقي هو **8**

---

### ✅ الإجابة النهائية:

$$
3672 \div 16 = 229 \text{ والباقي } 8
$$

أو بصيغة الكسر:

$$
3672 \div 16 = 229 \frac{8}{16} = 229.5
$$

---

هل تحب أن أشرح لك الطريقة بشكل رأسي كما يُكتب في القسمة المطولة؟"
"Numbers and Operations","Applying Calculation Strategies","E","سعر سترة هو ٨٠ دينار، وقد تم تخفيض سعرها بنسبة ٢٥٪، ثم تم إضافة ضريبة قدرها ١٠٪. ما هو السعر النهائي؟","بالطبع! دعني أشرح لك خطوة بخطوة كيفية حساب السعر النهائي للسترة بعد التخفيض وإضافة الضريبة.

### المعطيات:
- **السعر الأصلي**: ٨٠ دينار  
- **نسبة التخفيض**: ٢٥٪  
- **نسبة الضريبة**: ١٠٪  

---

## 🔹 الخطوة ١: احسب قيمة التخفيض
نحسب ٢٥٪ من السعر الأصلي:

$$
\text{قيمة التخفيض} = 80 \times \frac{25}{100} = 80 \times 0.25 = 20 \text{ دينار}
$$

---

## 🔹 الخطوة ٢: احسب السعر بعد التخفيض

$$
\text{السعر بعد التخفيض} = 80 - 20 = 60 \text{ دينار}
$$

---

## 🔹 الخطوة ٣: احسب قيمة الضريبة على السعر الجديد (بعد التخفيض)

$$
\text{قيمة الضريبة} = 60 \times \frac{10}{100} = 60 \times 0.10 = 6 \text{ دينار}
$$

---

## 🔹 الخطوة ٤: احسب السعر النهائي بعد إضافة الضريبة

$$
\text{السعر النهائي} = 60 + 6 = 66 \text{ دينار}
$$

---

### ✅ الإجابة النهائية:
**السعر النهائي هو: ٦٦ دينار**

إذا عندك أي سؤال على خطوة معينة، ممكن تطلب شرح أكثر تفصيلًا 😊"
"Numbers and Operations","Applying Calculation Strategies","E","قدّر التكلفة الإجمالية لمبالغ ٧.٨٥ دينار، ١٢.٤٩ دينار، و٤.٣٠ دينار عن طريق تقريبها لأقرب دينار.","لحل هذه المسألة، سنقوم بتقدير التكلفة الإجمالية عن طريق **تقريب كل مبلغ إلى أقرب دينار**، ثم نجمع المبالغ المُقربة.

### الخطوة 1: تقريب كل مبلغ لأقرب دينار

- **٧.٨٥ دينار**: الرقم بعد الفاصلة هو (٠.٨٥) وهو أكثر من ٠.٥، إذًا نقرب إلى **٨ دنانير**.
- **١٢.٤٩ دينار**: الرقم بعد الفاصلة هو (٠.٤٩) وهو أقل من ٠.٥، إذًا نقرب إلى **١٢ دينارًا**.
- **٤.٣٠ دينار**: الرقم بعد الفاصلة هو (٠.٣٠) وهو أقل من ٠.٥، إذًا نقرب إلى **٤ دنانير**.

### الخطوة 2: جمع المبالغ بعد التقريب

$$
٨ + ١٢ + ٤ = ٢٤ \text{ دينار}
$$

### ✅ إذًا، التكلفة الإجمالية المقدرة هي:
**٢٤ دينار**.

هل ترغب أن أشرح لك كيف تُستخدم طريقة التقريب بشكل عام؟"
"Numbers and Operations","Applying Calculation Strategies","E","جهاز لابتوب كان سعره في الأصل ٨٥٠ دينار، وتم خصم ٢٠٪ من السعر. بعد ذلك، تم استخدام قسيمة بقيمة ٥٠ دينار. ما السعر النهائي؟","لحساب **السعر النهائي** لجهاز اللابتوب بعد الخصومات، نتبع الخطوات التالية:

---

### ✅ المعطيات:
- السعر الأصلي = **٨٥٠ دينار**
- الخصم الأول = **٢٠٪ من السعر الأصلي**
- قسيمة خصم إضافية = **٥٠ دينار**

---

### 🔹 الخطوة 1: حساب الخصم الأول (٢٠٪ من ٨٥٠)

نحسب ٢٠٪ من ٨٥٠ كالتالي:

$$
\text{قيمة الخصم} = \frac{20}{100} \times 850 = 0.2 \times 850 = 170 \text{ دينار}
$$

---

### 🔹 الخطوة 2: طرح الخصم من السعر الأصلي

$$
\text{السعر بعد الخصم الأول} = 850 - 170 = 680 \text{ دينار}
$$

---

### 🔹 الخطوة 3: استخدام القسيمة بقيمة ٥٠ دينار

$$
\text{السعر النهائي} = 680 - 50 = 630 \text{ دينار}
$$

---

### ✅ الإجابة النهائية:
> **السعر النهائي هو: ٦٣٠ دينار**

هل تريد أن أشرح لك كيف تحسب مثل هذه المسائل بشكل عام؟ 😊"
"Numbers and Operations","Applying Calculation Strategies","E","استخدم التعويض لحل المسألة بسرعة: 199 + 68","بالطبع! لحل المسألة **199 + 68** بسرعة باستخدام **طريقة التعويض**، نهدف إلى تبسيط الأعداد حتى تكون أسهل في الجمع ذهنيًا. إليك خطوات واضحة:

---

### 🔹 الخطوة 1: قرب العدد 199 إلى أقرب عدد مئة

العدد **199 قريب جدًا من 200**، لذلك يمكننا **استبداله بـ 200** لتسهيل الحساب.

> لكن يجب أن نتذكر أننا **أضفنا 1 زيادة** (لأن 199 + 1 = 200)، فنقوم بـ **خصم هذا الزيادة لاحقًا**.

---

### 🔹 الخطوة 2: اجمع 200 + 68

$$
200 + 68 = 268
$$

---

### 🔹 الخطوة 3: اطرح الزيادة التي أضفناها سابقًا (وهي 1)

$$
268 - 1 = 267
$$

---

### ✅ إذًا الناتج النهائي هو:
$$
\boxed{267}
$$

---

### 📌 لماذا هذه الطريقة سريعة؟
لأننا حوّلنا العدد غير ""السهل"" 199 إلى عدد ""سهل"" وهو 200، ثم عوّضنا بعد الحساب.

هل تحب أن أشرح لك طرقًا أخرى سريعة للجمع الذهني أيضًا؟ 😊"
"Numbers and Operations","Applying Calculation Strategies","F","استخدم تحليل الأعداد الأولية لإيجاد القاسم المشترك الأكبر للأعداد 36 و 60.","لحل المسألة وإيجاد **القاسم المشترك الأكبر (GCD)** للأعداد **36 و 60** باستخدام **تحليل الأعداد إلى عواملها الأولية**، يمكنك اتباع الخطوات التالية:

---

### 🔹 أولًا: تحليل كل عدد إلى عوامله الأولية

#### ✏️ تحليل العدد 36:
نقسم 36 على أصغر عدد أولي ممكن حتى نصل إلى 1.

$$
36 = 2 \times 18 \\
= 2 \times 2 \times 9 \\
= 2 \times 2 \times 3 \times 3 \\
\Rightarrow 36 = 2^2 \times 3^2
$$

#### ✏️ تحليل العدد 60:
نقسم 60 بنفس الطريقة:

$$
60 = 2 \times 30 \\
= 2 \times 2 \times 15 \\
= 2 \times 2 \times 3 \times 5 \\
\Rightarrow 60 = 2^2 \times 3^1 \times 5^1
$$

---

### 🔹 ثانيًا: تحديد العوامل المشتركة بين التحليلين

ننظر إلى العوامل الأولية المشتركة في تحليل العددين، ونأخذ أقل قوة من كل عامل مشترك:

- العامل **2** موجود في كليهما:  
  - في 36: $2^2$  
  - في 60: $2^2$  
  ⇒ نأخذ $2^2$

- العامل **3** موجود في كليهما:  
  - في 36: $3^2$  
  - في 60: $3^1$  
  ⇒ نأخذ $3^1$

- العامل **5** موجود فقط في 60 ⇒ لا نأخذه لأنه غير مشترك

---

### 🔹 ثالثًا: نضرب العوامل المشتركة لنحصل على القاسم المشترك الأكبر

$$
\text{GCD} = 2^2 \times 3^1 = 4 \times 3 = 12
$$

---

### ✅ إذًا، القاسم المشترك الأكبر للعددين 36 و 60 هو:
$$
\boxed{12}
$$

هل تريد أن أشرح لك أيضًا طريقة أخرى مثل **خوارزمية إقليدس**؟"
"Numbers and Operations","Applying Calculation Strategies","F","أوجد المضاعف المشترك الأصغر للعددين 18 و 24 باستخدام العوامل الأولية.","لحل مسألة إيجاد **المضاعف المشترك الأصغر (LCM)** للعددين **18 و 24** باستخدام **العوامل الأولية**، يمكنك اتباع الخطوات التالية:

---

### ✳️ الخطوة 1: قم بتحليل كل عدد إلى عوامله الأولية

#### 🔹 تحليل العدد 18:
$$
18 = 2 \times 3^2
$$

#### 🔹 تحليل العدد 24:
$$
24 = 2^3 \times 3
$$

---

### ✳️ الخطوة 2: خذ أعلى قوة لكل عامل أولي موجود في التحليلين

- العامل **2**: أعلى قوة هي $2^3$ (من العدد 24)
- العامل **3**: أعلى قوة هي $3^2$ (من العدد 18)

---

### ✳️ الخطوة 3: اضرب هذه القوى العليا معًا لإيجاد المضاعف المشترك الأصغر

$$
\text{LCM} = 2^3 \times 3^2 = 8 \times 9 = 72
$$

---

### ✅ الإجابة النهائية:

$$
\text{المضاعف المشترك الأصغر لـ } 18 \text{ و } 24 \text{ هو } \boxed{72}
$$

---

هل تحب أن أشرح لك أيضًا كيف نجد **القاسم المشترك الأكبر (GCD)** بنفس الطريقة؟ قد يفيدك ذلك في طريقة أخرى لحساب LCM."
"Numbers and Operations","Applying Calculation Strategies","F","احسب القيمة: (2² × 3³) ÷ (2 × 3²)","بالطبع! دعني أشرح لك كيفية حل هذه المسألة خطوة بخطوة:

المعادلة هي:  
$$
\frac{2^2 \times 3^3}{2 \times 3^2}
$$

### الخطوة 1: تبسيط الأسس منفصلة

#### بالنسبة لـ $2$:
لدينا في البسط: $2^2$  
والمقام: $2^1$

نقوم بقسمة الأسس ذات نفس الأساس باستخدام قاعدة **قسمة الأسس**:  
$$
2^{2-1} = 2^1
$$

#### بالنسبة لـ $3$:
لدينا في البسط: $3^3$  
والمقام: $3^2$

نقوم بنفس الطريقة:  
$$
3^{3-2} = 3^1
$$

### الخطوة 2: ضرب النتائج بعد التبسيط
الآن نجمع ما سبق:

$$
2^1 \times 3^1 = 2 \times 3 = 6
$$

### إذًا القيمة النهائية هي:
$$
\boxed{6}
$$

إذا كانت لديك أي أسئلة إضافية أو تريد شرح قواعد الأسس، فأنا هنا للمساعدة! 😊"
"Numbers and Operations","Applying Calculation Strategies","F","استخدم قوى العدد ١٠: ما ناتج ٣٫٢٦ × ١٠٠٠؟","بالطبع! لنشرح لك كيفية حل المسألة **٣٫٢٦ × ١٠٠٠** باستخدام **قوى العدد ١٠**.

---

### 🔹 أولاً: فهم المسألة

المطلوب هو:

$$
3.26 \times 1000
$$

نلاحظ أن **١٠٠٠** هو عدد مألوف، ويمكن كتابته على شكل **قوة من العدد ١٠**:

$$
1000 = 10^3
$$

إذًا يمكننا إعادة كتابة المسألة كالتالي:

$$
3.26 \times 10^3
$$

---

### 🔹 ثانيًا: ضرب عدد عشري في قوة من العدد ١٠

عندما تضرب عددًا عشريًا في $10^n$ (أي ١٠ مرفوعة لأس موجب)، فإنك **تتحرك بالفاصلة العشرية نحو اليمين** بعدد الأماكن المساوية للأس.

في حالتنا:

- الأس هو **٣**
- إذًا نحرك الفاصلة العشرية في العدد **٣٫٢٦** ثلاثة أماكن إلى اليمين.

#### خطوات تحريك الفاصلة:
١. من ٣٫٢٦ → بعد تحريك الفاصلة مكان واحد: ٣٢٫٦  
٢. بعد مكان ثاني: ٣٢٦٫٠  
٣. بعد مكان ثالث: ٣٢٦٠ (وتصبح الفاصلة غير ضرورية)

---

### ✅ الإجابة النهائية:

$$
\boxed{3260}
$$

---

هل ترغب في تفسير الطريقة بطريقة أخرى أو بمساعدة جدول؟"
"Numbers and Operations","Applying Calculation Strategies","G","استخدم قواعد الأس للتبسيط ((3x⁻²)/(x³))²","لديك التعبير التالي:

$$
\left( \frac{3x^{-2}}{x^3} \right)^2
$$

ونريد تبسيطه باستخدام **قواعد الأسس**.

---

### الخطوة 1: بسط الكسر داخل القوسين

لدينا:

$$
\frac{3x^{-2}}{x^3}
$$

نستخدم قاعدة قسمة الأسس ذات نفس الأساس:

$$
\frac{x^a}{x^b} = x^{a - b}
$$

إذًا:

$$
\frac{3x^{-2}}{x^3} = 3x^{-2 - 3} = 3x^{-5}
$$

---

### الخطوة 2: نطبق القوة الخارجية (الأس 2) على الناتج

$$
(3x^{-5})^2
$$

نستخدم قاعدة ضرب القوى:

$$
(ab)^n = a^n \cdot b^n
\quad \text{و} \quad
(x^a)^b = x^{a \cdot b}
$$

إذًا:

$$
(3x^{-5})^2 = 3^2 \cdot (x^{-5})^2 = 9x^{-10}
$$

---

### الخطوة 3: يمكن كتابتها بدون أسس سالبة (اختياري)

نعلم أن:

$$
x^{-a} = \frac{1}{x^a}
$$

لذا:

$$
9x^{-10} = \frac{9}{x^{10}}
$$

---

### الإجابة النهائية:
$$
\boxed{\frac{9}{x^{10}}}
$$"
"Numbers and Operations","Applying Calculation Strategies","G","حدد أيهما أفضل لحساب 5/6 ÷ 2/3: الضرب في المعكوس أو القسمة الطويلة؟","لحساب المسألة:

$$
\frac{5}{6} \div \frac{2}{3}
$$

يمكنك استخدام إحدى طريقتين: **الضرب في المعكوس** أو **القسمة الطويلة على الكسور**. دعني أشرح كلتا الطريقتين، ثم نحدد أيهما **أفضل** وأسهل.

---

### ✅ الطريقة الأولى: الضرب في المعكوس (الطريقة القياسية)

عند قسمة كسرين، القاعدة الرياضية تقول:

$$
\frac{a}{b} \div \frac{c}{d} = \frac{a}{b} \times \frac{d}{c}
$$

أي أنك تأخذ **المعكوس الضريبي** للعدد الثاني (المقسوم عليه) وتضربه في الأول.

نطبق ذلك على مسألتك:

$$
\frac{5}{6} \div \frac{2}{3} = \frac{5}{6} \times \frac{3}{2}
$$

ثم نحسب:

$$
\frac{5 \times 3}{6 \times 2} = \frac{15}{12}
$$

ثم نبسط:

$$
\frac{15}{12} = \frac{5}{4}
$$

ويمكن كتابتها كعدد عشري:

$$
\frac{5}{4} = 1.25
$$

---

### ❌ الطريقة الثانية: القسمة الطويلة على الكسور

هذه الطريقة أقل شيوعًا، لكن يمكن تطبيقها. فكر فيها كما لو كنت تقسم رقمين عاديين، لكن مع الحفاظ على الكسور.

أي تحسب:

$$
\frac{5}{6} \div \frac{2}{3}
$$

وهذا يعادل:

$$
\frac{5/6}{2/3}
$$

ثم تضرب البسط والمقام في **مقلوب المقام** لتحويلها إلى عدد صحيح في الأسفل:

$$
= \frac{5/6 \times 3/2}{(2/3) \times (3/2)} = \frac{5/6 \times 3/2}{1} = \frac{15}{12}
$$

أيضاً نصل إلى:

$$
\frac{5}{4}
$$

لكن هذه الطريقة **تحتوي على خطوات أكثر** وتفترض أنك تعرف كيف تتعامل مع الكسور داخل الكسور، مما يجعلها **أكثر تعقيدًا** من حيث التنفيذ.

---

### 🔍 الاستنتاج: أيهما أفضل؟

| المقارنة | الضرب في المعكوس | القسمة الطويلة |
|---------|------------------|----------------|
| السرعة | 🚀 سريعة جدًا | بطيئة نسبيًا |
| البساطة | ✅ سهلة ومباشرة | تحتاج تركيز أكبر |
| الدقة | عالية | عالية أيضًا |
| الاستخدام | ✔️ شائعة في المدارس والاختبارات | ⚠️ نادرة الاستخدام |

---

### ✅ الإجابة النهائية:

> **الضرب في المعكوس هو الأفضل** لحساب  
> $\frac{5}{6} \div \frac{2}{3}$  
> لأنه طريقة **أسهل، أسرع، وأكثر شيوعًا**، وتعطي نفس النتيجة بدقة:
>
> $$
> \boxed{\frac{5}{4}} \quad \text{أو} \quad \boxed{1.25}
> $$"
"Numbers and Operations","Applying Calculation Strategies","G","قرب قيمة الجذر التربيعي لـ 17 باستخدام المربعات الكاملة القريبة.","بالطبع! يمكنك تقريب قيمة الجذر التربيعي لـ $ \sqrt{17} $ باستخدام **المربعات الكاملة القريبة** من العدد 17. إليك الخطوات المبسطة:

---

### 🔍 أولاً: تذكّر بعض المربعات الكاملة

المربع الكامل هو عدد يمكن كتابته على شكل مربع عدد صحيح، مثل:

$$
\begin{align*}
1^2 &= 1 \\
2^2 &= 4 \\
3^2 &= 9 \\
4^2 &= 16 \\
5^2 &= 25 \\
\end{align*}
$$

---

### 📍 ثانيًا: ابحث عن المربعين الكاملين الأقرب إلى 17

نلاحظ أن:

$$
\sqrt{16} = 4 \quad \text{و} \quad \sqrt{25} = 5
$$

وبما أن:
$$
16 < 17 < 25
$$

فإن:
$$
4 < \sqrt{17} < 5
$$

أي أن الجذر التربيعي لـ 17 عدد **عشري بين 4 و 5**.

---

### 📏 ثالثًا: قرب القيمة

نبدأ من 4 ونجرب أعدادًا عشرية صغيرة:

- $ 4.1^2 = 16.81 $
- $ 4.2^2 = 17.64 $

نلاحظ أن:
$$
4.1^2 = 16.81 < 17 < 4.2^2 = 17.64
$$

إذًا:
$$
4.1 < \sqrt{17} < 4.2
$$

---

### ✅ رابعًا: تقريب أكثر دقة (اختياري)

نحاول رقمًا بين 4.1 و 4.2:

- $ 4.12^2 = 16.9744 $
- $ 4.13^2 = 17.0569 $

وهنا نجد أن:
$$
4.12^2 = 16.9744 < 17 < 4.13^2 = 17.0569
$$

إذًا:
$$
4.12 < \sqrt{17} < 4.13
$$

---

### ✨ الإجابة النهائية (بتقريب مناسب):

إذا طُلب تقريب الجذر التربيعي لـ 17 **لأقرب جزء من عشرة**:

$$
\sqrt{17} \approx 4.1
$$

وإذا طُلب **تقريب لأقرب جزء من مائة**:

$$
\sqrt{17} \approx 4.12
$$

---

هل ترغب في طريقة رسومية أو مثال مشابه لتوضيح الفكرة أكثر؟ 😊"
"Numbers and Operations","Applying Calculation Strategies","G","استخدم فرق المربعين لتبسيط 100² - 99².","بالطبع! يمكننا حل هذه المسألة باستخدام **فرق المربعين**، وهي قاعدة رياضية مهمة وسهلة.

### أولًا: ما هو ""فرق المربعين""؟

القاعدة تقول:

$$
a^2 - b^2 = (a - b)(a + b)
$$

أي أن الفرق بين مربعي عددين يمكن تبسيطه إلى حاصل ضرب:
- الفرق بين العددين $(a - b)$
- مجموع العددين $(a + b)$

---

### الآن لنطبّق ذلك على المسألة:

لدينا:

$$
100^2 - 99^2
$$

نلاحظ أن:
- $ a = 100 $
- $ b = 99 $

نطبق القاعدة:

$$
100^2 - 99^2 = (100 - 99)(100 + 99)
$$

نحسب:

$$
(100 - 99) = 1 \\
(100 + 99) = 199
$$

إذًا:

$$
100^2 - 99^2 = 1 \times 199 = 199
$$

---

### ✅ الإجابة النهائية:

$$
\boxed{199}
$$

إذا أردت أي توضيح إضافي أو مثال مشابه، أنا هنا للمساعدة! 😊"
"Numbers and Operations","Applying Calculation Strategies","H","استخدم العلاقة a² − b² لحساب 102² − 98²","لحل المسألة الرياضية:  
**احسب $102^2 - 98^2$ باستخدام العلاقة $a^2 - b^2$**،  
يمكننا استخدام **الفرق بين مربّعين**، وهي علاقة رياضية معروفة:

$$
a^2 - b^2 = (a - b)(a + b)
$$

### الخطوة 1: حدد القيم
في هذه الحالة:
- $ a = 102 $
- $ b = 98 $

### الخطوة 2: طبّق العلاقة
$$
102^2 - 98^2 = (102 - 98)(102 + 98)
$$

نحسب:
- $102 - 98 = 4$
- $102 + 98 = 200$

إذًا:
$$
102^2 - 98^2 = 4 \times 200 = 800
$$

### ✅ الإجابة النهائية:
$$
\boxed{800}
$$

هل ترغب أن أشرح لك لماذا تعمل هذه العلاقة؟"
"Numbers and Operations","Applying Calculation Strategies","H","ما هو اليوم الذي يأتي بعد ١٠٠ يوم من يوم الأربعاء؟ باستخدام حساب المود.","لحساب اليوم الذي يأتي بعد **١٠٠ يوم من يوم الأربعاء** باستخدام **حساب المودولو (modulo)**، يمكنك اتباع الخطوات التالية:

---

### ✅ **الخطوة ١: فهم فكرة الأسبوع**
الأسبوع يتكون من **٧ أيام**، أي أن الأيام تتكرر كل ٧ أيام.

لذلك، لحساب ما سيكون عليه اليوم بعد عدد معين من الأيام، نستخدم **المودولو ٧**.

---

### ✅ **الخطوة ٢: استخدام المودولو (Modulo)**
نحسب:

$$
100 \mod 7
$$

أي نقسم ١٠٠ على ٧ ونأخذ **الباقي**.

$$
100 ÷ 7 = 14 \text{ والباقي } 2
$$

إذًا:

$$
100 \equiv 2 \pmod{7}
$$

---

### ✅ **الخطوة ٣: إضافة الباقي إلى اليوم الأصلي**
بدأنا من **يوم الأربعاء**، وهو اليوم الثالث في الأسبوع إذا اعتبرنا:

- الأحد = ٠  
- الإثنين = ١  
- الثلاثاء = ٢  
- الأربعاء = ٣  
- الخميس = ٤  
- الجمعة = ٥  
- السبت = ٦  

نضيف الباقي (٢) إلى قيمة الأربعاء (٣):

$$
3 + 2 = 5
$$

ثم نأخذ:

$$
5 \mod 7 = 5
$$

والقيمة ٥ تشير إلى **يوم الجمعة**.

---

### ✅ **النتيجة النهائية:**
> اليوم الذي يأتي بعد ١٠٠ يوم من يوم الأربعاء هو **يوم الجمعة**.

---

### 📌 ملحوظة:
إذا أردت الطريقة بدون تعيين أرقام للأيام، يمكنك ببساطة أن تبدأ من الأربعاء وتعد:
- بعد يوم واحد: الخميس (١)
- بعد يومين: الجمعة (٢)

وبما أن الباقي هو ٢، فالنتيجة هي **الجمعة**.

---

هل تحب أن أشرح لك الطريقة بشكل أكثر تبسيطًا أو بصري؟"
"Numbers and Operations","Applying Calculation Strategies","H","استخدم مفكوك ذات الحدين لتقدير (1.01)²","بالطبع! لحل المسألة **استخدام مفكوك ذات الحدين لتقدير (1.01)²**، نتبع الخطوات التالية:

---

### 🔹 أولاً: تذكير بمفكوك ذات الحدين

مفكوك **ذات الحدين** للأس الثاني هو:

$$
(a + b)^2 = a^2 + 2b a + b^2
$$

---

### 🔹 ثانياً: تطبيق المفكوك على المسألة

نريد تقدير:

$$
(1.01)^2
$$

يمكننا كتابة العدد **1.01** على الصورة:

$$
1.01 = 1 + 0.01
$$

إذًا:

$$
(1.01)^2 = (1 + 0.01)^2
$$

نطبق الآن قاعدة المفكوك:

$$
(1 + 0.01)^2 = 1^2 + 2 \cdot 1 \cdot 0.01 + (0.01)^2
$$

نحسب كل حد:

- $1^2 = 1$
- $2 \cdot 1 \cdot 0.01 = 0.02$
- $(0.01)^2 = 0.0001$

نجمع الأجزاء:

$$
1 + 0.02 + 0.0001 = 1.0201
$$

---

### ✅ إذًا:
$$
(1.01)^2 = 1.0201
$$

وهذا هو **التقدير الدقيق** باستخدام مفكوك ذات الحدين.

---

هل تريد أن أشرح لك نفس الفكرة لكن بطريقة التقريب (أي استخدام أول حدين فقط)؟"
"Geometry","spatial orientation and positional relationships","B","حدد اليسار واليمين في فصلك الدراسي.","بالطبع! مبروك، سأشرح لك كيف يمكنك حل هذه المسألة بطريقة بسيطة وواضحة:

### السؤال:  
**""حدد اليسار واليمين في فصلك الدراسي.""**

هذا النوع من الأسئلة يُطلب فيه أن تصف أو تحدد أي جهة هي **اليسار** وأيها **اليمين** داخل الفصل الدراسي. قد يكون هذا مهمًا لتنظيم المقاعد، أو تحديد اتجاهات الحركة، أو حتى لفهم المواقع بالنسبة إليك أو للآخرين.

---

## الخطوات لحل المسألة:

### 1. **حدد موقعك أنت أولًا**
- قف في مكان واضح في الفصل (مثل مكان الطالب أو المعلم).
- اجعل وجهك نحو السبورة أو الجهة الأمامية من الفصل.

### 2. **اعرف جهة اليمين واليسار بالنسبة لك**
- عندما يكون وجهك نحو الأمام:
  - **اليمين**: هو الجهة التي تكون على يدك اليمنى.
  - **اليسار**: هو الجهة التي تكون على يدك اليسرى.

> 💡 مثال: إذا كنت تقف في مقعدك وتواجه السبورة، فإن يمينك سيكون جهة اليد التي تكتب بها إذا كنت تستعمل右手 (أو العكس إذا كنت تعتمد اليد اليسرى).

### 3. **وصف الموقع بالنسبة لل classroom (الفصل)**
- يمكنك الآن أن تصف أماكن معينة:
  - ""المقاعد الموجودة على يميني هي...، بينما المقاعد على يساري هي...""
  - أو: ""الباب موجود على يمين الفصل من ناحية المعلم.""
  - أو: ""النوافذ في الجهة اليسرى من الفصل.""

---

## أمثلة لتوضيح الفكرة:

### مثال 1:
> لو كنت واقفًا أمام الفصل وتواجه السبورة:
- اليمين: الجهة التي تكون فيها يدك اليمنى.
- اليسار: الجهة التي تكون فيها يدك اليسرى.

### مثال 2:
> إذا كان المعلم يقف أمام الفصل:
- عندها يمكن أن تقول:
  - ""من ناحية يمين المعلم توجد لوحة объявлانات.""
  - ""على يساره يوجد باب الخروج.""

💡 ملاحظة مهمة: 
إذا كنت تصف اليسار واليمين **من وجهة نظر شخص آخر** (مثلاً المعلم)، يجب أن تتخيل نفسك في مكانه، وليس من مكانك الحالي.

---

## خلاصة:
لحل المسألة:
1. حدد من الذي تنظر من وجهة نظره (أنت، المعلم، طالب معين...).
2. ضع نفسك في موقع ذلك الشخص ووجهه للأمام (عادة نحو السبورة).
3. حدد الجهة اليمنى واليسرى بناءً على وضع اليدين.
4. صف الأماكن أو الأشياء الموجودة في الجهتين.

---

هل تريد أن نطبق ذلك على رسم تخطيطي لفصلك أو نموذج افتراضي؟ 😊"
"Geometry","spatial orientation and positional relationships","B","قم برسم مثلث داخل المستطيل.","بالطبع! دعني أشرح لك خطوة بخطوة **كيفية رسم مثلث داخل مستطيل**:

---

### 🔹 أولاً: فهم المطلوب
المطلوب هو أن ترسم **مثلثًا** بحيث يكون **كاملًا داخل حدود مستطيل**. هذا يعني أن:
- رؤوس (نقاط زوايا) المثلث يجب أن تكون إما على حواف المستطيل أو داخله.
- لا شيء من المثلث يخرج خارج المستطيل.

---

### 🔹 ثانياً: طريقة الرسم

#### الطريقة البسيطة:

1. **ارسم مستطيلًا**:
   - يمكنك استخدام ورقة وقلم، أو برنامج رسم مثل GeoGebra أو Paint أو غيرها.
   - المستطيل له 4 زوايا قائمة وضلعان طويلان وضلعان قصيران.

2. **اختر 3 نقاط داخل المستطيل أو على جوانبه**:
   - هذه النقاط ستكون **رؤوس المثلث**.
   - مثال: يمكنك أن تختار:
     - نقطة على الضلع الأيسر للمستطيل.
     - نقطة على الضلع العلوي.
     - نقطة على الضلع الأيمن أو داخله.

3. **صل بين النقاط الثلاث بخطوط مستقيمة**:
   - باستخدام خطوط مستقيمة تصل كل نقطة بنقطة أخرى، ستحصل على مثلث.

---

### 🔹 أمثلة على كيفية رسم المثلث:

#### مثال 1: مثلث بزاوية قائمة
- اختر الزاوية السفلية اليسرى كرأس أولى.
- اختر نقطة على الضلع السفلي كرأس ثانية.
- اختر نقطة على الضلع الأيسر كرأس ثالثة.
- بهذا تحصل على مثلث قائم الزاوية داخل المستطيل.

#### مثال 2: مثلث عشوائي
- اختر ثلاث نقاط داخل المستطيل (ليس على الزوايا).
- صل بينها لتشكل مثلثًا غير منتظم تمامًا داخل المستطيل.

#### مثال 3: مثلث يلامس ثلاثة جوانب
- اختر نقطة على الجانب العلوي.
- نقطة على الجانب الأيمن.
- نقطة على الجانب الأيسر.
- ثم صل بينها.

---

### 🔹 نصائح إضافية:
- إذا كنت تعمل على ورقة مربعة (مخطط)، استخدم المسطرة للدقة.
- إذا كنت تستخدم برنامج حاسوب، يمكنك تحديد الإحداثيات بدقة لرسم المثلث.

---

### 🔹 هل هناك شروط معينة؟
إذا كانت المسألة جزءًا من درس هندسي (مثل: مثلث بمساحة معينة، أو زوايا محددة)، قد تحتاج إلى تعليمات إضافية. لكن في حال لم يُذكر شيئًا، فالحل كما ذكرنا.

---

هل ترغب أن أساعدك برسم تخطيطي باستخدام كلمات (رسم نصي) أو بطريقة هندسية أكثر تفصيلًا؟"
"Geometry","spatial orientation and positional relationships","B","قم بتلوين الشكل الثالث من اليمين.","بالطبع! لحل المسألة: **""قم بتلوين الشكل الثالث من اليمين""**، نحتاج أن نفهم أولاً أن هذه المسألة تعتمد على **الترتيب من اليمين إلى اليسار**، وتحديد الشكل الذي يقع في **المرتبة الثالثة** في هذا الترتيب.

### الخطوات لتوضيح الحل:

1. **افترض أن هناك مجموعة من الأشكال مرتبة بجانب بعضها البعض** (مثل دائرة، مربع، مثلث... إلخ)، وكل شكل له مكانه في الترتيب.
   
2. **نبدأ العد من اليمين** (ليس من اليسار كما نحن معتدون في القراءة) – لأن السؤال يقول ""من اليمين"".

3. نعد الأشكال كالتالي:
   - الشكل الأول: أقصى اليمين.
   - الشكل الثاني: بعد الأول مباشرة نحو اليسار.
   - الشكل الثالث: هو الذي يأتي بعد الثاني نحو اليسار.

4. **بعد تحديد الشكل الثالث من اليمين، تقوم بتلوينه** باللون المطلوب أو حسب التعليمات.

---

### مثال توضيحي:

لنفترض أن لديك 5 أشكال مرتبة من اليمين إلى اليسار كما يلي:

🔴 (أحمر) ← 🟢 (أخضر) ←🔵 (أزرق) ←🟡 (أصفر) ←🟣 (بنفسجي)

هذا الترتيب من **اليمين إلى اليسار** يكون كالتالي:

1. 🔴 (الأول من اليمين)
2. 🟢 (الثاني من اليمين)
3. 🔵 (الثالث من اليمين)
4. 🟡 (الرابع من اليمين)
5. 🟣 (الخامس من اليمين)

إذًا:  
✅ عليك بتلوين **الشكل الأزرق (🔵)** لأنه **الثالث من اليمين**.

---

هل تريد أن أشرح لك ذلك على رسم معين؟ إذا كان عندك شكل محدد، يمكنك وصفه وأساعدك في تحديد أي جزء يجب تلوينه."
"Geometry","spatial orientation and positional relationships","B","ضع علامة (X) في الزاوية السفلية اليسرى من الورقة.","بالطبع! دعني أشرح لك المسألة خطوة بخطوة بطريقة بسيطة وواضحة.

المسألة تقول:  
**""ضع علامة (X) في الزاوية السفلية اليسرى من الورقة.""**

### 1. فهم المطلوب:
المطلوب منك هو وضع علامة **حرف X** في مكان محدد على الورقة، وهو:
> **الزاوية السفلية اليسرى** من الورقة.

### 2. تحديد الزوايا الأربع للورقة:

لنفترض أنك تنظر إلى ورقة أمامك (مثل صفحة من دفتر)، لها أربع زوايا:

- **الزاوية العلوية اليمنى**: هي الزاوية التي في الأعلى جهة اليمين.
- **الزاوية العلوية اليسرى**: هي الزاوية التي في الأعلى جهة اليسار.
- **الزاوية السفلية اليمنى**: هي الزاوية التي في الأسفل جهة اليمين.
- **الزاوية السفلية اليسرى**: هي الزاوية التي في الأسفل جهة اليسار ← وهي **المطلوبة** في هذه المسألة.

### 3. كيف تعرف الزاوية السفلية اليسرى؟
إذا كانت الورقة أمامك بشكل مستقيم (كما تكتب عليها عادة):

- ""السفل"" تعني **الأسفل** من الورقة (أي أسفل الصفحة).
- ""اليسرى"" تعني الجهة **اليسرى** من الورقة.

إذن، الزاوية السفلية اليسرى هي الزاوية التي توجد في **الجهة السفلية من الورقة وعلى اليسار**.

### 4. الخطوة العملية:
- خذ قلمك.
- انظر إلى ورقتك.
- حدد مكان الزاوية السفلية اليسرى (يمكنك لمسها بإصبعك لتتأكد).
- ارسم حرف **X** صغير واضح في تلك الزاوية.

### 5. نصيحة إضافية:
- إذا كنت تعمل على الحاسوب أو برنامج رسم، فالأمر مشابه: انظر إلى الزاوية السفلية اليسرى من النافذة أو الصورة وضع العلامة هناك.

هل ترغب أن أساعدك برسم توضيحي باستخدام الكلمات أو شرح طريقة التمييز بين الزوايا بشكل عام؟"
"Geometry","spatial orientation and positional relationships","C","إذا كان الروبوت متجهًا إلى الشمال ثم استدار 90 درجة إلى اليمين، فما الاتجاه الذي يواجهه الآن؟","بالطبع! دعني أشرح لك هذه المسألة خطوة بخطوة.

### المعطيات:
- الروبوت كان **متجهًا إلى الشمال**.
- ثم **استدار 90 درجة إلى اليمين**.

### المطلوب:
معرفة **الاتجاه الجديد** الذي يواجهه الروبوت بعد الدوران.

---

### التفكير:

لدينا 4 اتجاهات رئيسية:
1. **الشمال**
2. **الشرق**
3. **الجنوب**
4. **الغرب**

والدوران يكون **في مستوى أفقي** (على الدائرة التي تشمل الاتجاهات الأربعة).

إذا كان الروبوت يواجه **الشمال** ودار **90 درجة إلى اليمين**، فهذا يعني أنه استدار نحو **الشرق**.

كيف ذلك؟

- من الشمال إذا دار 90 درجة لليمين = يتجه إلى **الشرق** ✅
- لو دار 180 درجة لليمين = يتجه إلى **الجنوب**
- لو دار 270 درجة لليمين = يتجه إلى **الغرب**

---

### الإجابة النهائية:
> الروبوت بعد أن كان متجهًا إلى الشمال واستدار 90 درجة إلى اليمين، أصبح الآن **متجهًا إلى الشرق**.

هل تحب أن نجرّب تمثيل هذا على رسم أو دائرة اتجاهات؟"
"Geometry","spatial orientation and positional relationships","C","إذا قمت بتدوير السهم بزاوية 180°، إلى أين سيتجه؟","لحل هذه المسألة، نحتاج إلى فهم ما المقصود بـ **""تدوير السهم بزاوية 180°""**.

### أولاً: ما معنى تدوير بزاوية 180°؟
إذا كان هناك **سهم** يشير إلى اتجاه معين (مثلاً الشمال أو الشرق)، ونقوم **بتدويره 180 درجة**، فهذا يعني أننا نحركه نصف دورة كاملة (لأن الدائرة الكاملة 360°، إذًا 180° هي نصف دائرة).

### النتيجة:
عند تدوير أي اتجاه بمقدار **180°**، فإنه **يصبح في الاتجاه المعاكس تمامًا**.

#### أمثلة:
- إذا كان السهم يشير إلى **الشمال**، وبعد تدويره 180° سيشير إلى **الجنوب**.
- إذا كان يشير إلى **الشرق**، سيشير بعد التدوير إلى **الغرب**.
- إذا كان يشير إلى **الشمال الشرقي**، سيشير بعد التدوير إلى **الجنوب الغربي**.
- وهكذا...

---

### خلاصة الحل:
> **بعد تدوير السهم 180°، سيتجه إلى الاتجاه المعاكس تمامًا من الاتجاه الأصلي.**

هل لديك اتجاه محدد في البداية؟ إذا قلت لي إلى أين كان يشير السهم أولًا، سأستطيع告诉你 إلى أين سيشير بعد التدوير."
"Geometry","spatial orientation and positional relationships","D","ما الاتجاه الناتج عن دوران بزاوية ٩٠ درجة في اتجاه عقارب الساعة من جهة الشمال؟","بالطبع! دعنا نحل هذه المسألة خطوة بخطوة.

### السؤال:
> ما الاتجاه الناتج عن دوران بزاوية **٩٠ درجة** في **اتجاه عقارب الساعة** من جهة **الشمال**؟

---

## 1. فهم المعطيات:

- **نقطة البداية:** الشمال.
- **نوع الدوران:** في اتجاه عقارب الساعة (وهو الاتجاه المعاكس لدوران عقارب الساعة عند قياس الزوايا في الرياضيات).
- **مقدار الدوران:** ٩٠ درجة.

---

## 2. تصور الاتجاهات الأساسية:

لدينا أربع اتجاهات رئيسية:

```
     شمال
       ↑
غرب ←   → شرق
       ↓
     جنوب
```

---

## 3. كيف يحدث الدوران؟

إذا كنا في **الشمال** ودورنا **٩٠ درجة في اتجاه عقارب الساعة**، فهذا يعني أننا نتحرك باتجاه:

**شمال ⇒ شرق ⇒ جنوب ⇒ غرب**  
(كل مرة ندور ٩٠ درجة)

إذًا:

- من الشمال، بعد دوران ٩٠ درجة مع اتجاه عقارب الساعة → نصل إلى **الشرق**.

---

## ✅ الإجابة النهائية:

> **الاتجاه الناتج هو: الشرق**

---

هل تحب أن نشرحها بطريقة رياضية باستخدام إحداثيات أو زوايا مثلثات أيضًا؟"
"Geometry","spatial orientation and positional relationships","D","في أي ربع تقع النقطة (−3, 4)؟","لحل هذه المسألة وتحديد **في أي ربع تقع النقطة** $(-3, 4)$، نحتاج إلى فهم **مواقع الأرباع في المستوى الإحداثي (الديكارتي)**.

### أولاً: مراجعة نظام الإحداثيات الديكارتية

المستوى الإحداثي ينقسم إلى **أربعة أرباع**:

| الربع | سيني (x) | صادي (y) |
|------|----------|----------|
| الأول | موجب    | موجب    |
| الثاني | سالب     | موجب    |
| الثالث | سالب     | سالب     |
| الرابع | موجب    | سالب     |

### ثانيًا: تحليل إحداثيات النقطة

لدينا النقطة:
$$
(-3, 4)
$$

- الإحداثي السيني $x = -3$ → **سالب**
- الإحداثي الصادي $y = 4$ → **موجب**

### ثالثًا: تحديد الربع

حسب الجدول السابق، إذا كان:
- $x < 0$ (سالب)
- $y > 0$ (موجب)

فإن النقطة تقع في **الربع الثاني**.

---

### ✅ الإجابة النهائية:

النقطة $(-3, 4)$ تقع في **الربع الثاني**."
"Geometry","spatial orientation and positional relationships","D","إذا كانت النقطة ب تقع عند (2, 3)، ما هي إحداثياتها الجديدة بعد التحرك 4 وحدات إلى الأسفل؟","بالطبع! دعني أشرح لك خطوة بخطوة كيفية حل هذه المسألة.

### المعطيات:
- النقطة **ب** تقع عند الإحداثيات **(2, 3)**.
- يتم التحرك بها **4 وحدات إلى الأسفل**.

---

### المقصود بالتحرك إلى الأسفل:

في المستوى الإحداثي (المستوى السيني-الصادي):
- التحرك **إلى الأسفل** يعني أن **الإحداثي الصادي (y)** يقل.
- كل وحدة نزولاً تُنقص 1 من قيمة **y**.

---

### الخطوات:

1. إحداثيات النقطة الأصلية:  
   $$ (x, y) = (2, 3) $$

2. نريد التحرك 4 وحدات لأسفل، إذن ننقص 4 من قيمة **y**:  
   $$ y_{\text{الجديدة}} = 3 - 4 = -1 $$

3. إذًا، تكون الإحداثيات الجديدة هي:  
   $$ (x, y) = (2, -1) $$

---

### الإجابة النهائية:
$$
\boxed{(2, -1)}
$$

إذا كانت لديك أي أسئلة مشابهة أو أردت شرحًا بصريًّا، فأنا هنا للمساعدة!"
"Geometry","spatial orientation and positional relationships","D","تقع مدينة على بُعد 3 سم شرق المطار في الخريطة. كم يبعد ذلك بالكيلومترات إذا كانت النسبة المستخدمة هي 1 سم = 10 كم؟","لحل هذه المسألة، نحتاج إلى تحويل المسافة من **سنتيمترات على الخريطة** إلى **كيلومترات في الواقع** باستخدام المقياس المعطى.

### المعطيات:
- المسافة على الخريطة = **3 سم**
- مقياس الخريطة = **1 سم = 10 كم**

### الخطوة 1: استخدام النسبة لتحويل السنتيمتر إلى كيلومتر
بما أن كل **1 سم** على الخريطة يساوي **10 كم** في الحقيقة، فنحسب:

$$
3 \text{ سم} \times 10 \text{ كم/سم} = 30 \text{ كم}
$$

### إذًا:
المدينة تبعد عن المطار **30 كيلومترًا** في الواقع.

### الإجابة النهائية:
$$
\boxed{30} \text{ كم}
$$"
"Geometry","spatial orientation and positional relationships","D","على الخريطة، تقع المدرسة في المنتصف وتقع المكتبة في الاتجاه الشمالي الشرقي من المدرسة. ما الاتجاهان اللذان يصفان هذه الحركة؟","لحل هذه المسألة، دعنا نفهم أولاً المعطيات:

- تقع **المدرسة في المنتصف**.
- **المكتبة** تقع في **الاتجاه الشمالي الشرقي** من المدرسة.

### السؤال:
ما **الاتجاهان اللذان يصفان هذه الحركة** من المدرسة إلى المكتبة؟

---

## الفكرة الأساسية:

عندما نقول إن شيء ما يقع في **الاتجاه الشمالي الشرقي** بالنسبة لمكان آخر، فهذا يعني أنه يقع بين الاتجاهين **الشمالي** و**الشرقي**، أي أنك لو انتقلت من المدرسة إلى المكتبة، فأنت تتحرك باتجاه **شمال وشرق معاً**.

لكن السؤال يطلب:  
> ""ما الاتجاهان اللذان يصفان هذه الحركة؟""

أي: ما **الحركتان الأصليتان** (من الاتجاهات الأساسية) اللتان لو قمت بهما من موقع المدرسة، ستصل إلى المكتبة التي تقع شمال شرق المدرسة.

---

## الإجابة:

الاتجاه **الشمالي الشرقي (NE)** هو **اتجاه وسيط** بين الشمال والشرق.  
ويمكن التفكير فيه على أنه مزيج من:

✅ **الشمال**  
✅ **والشرق**

أي أنك لو تحركت من المدرسة نحو الشمال ثم نحو الشرق (أو كلاهما معاً)، فإنك تتجه نحو المكتبة.

---

## إذن، الاتجاهان هما:

🔹 **الشمال**  
🔹 **الشرق**

---

## خلاصة:

لأن المكتبة تقع في **الاتجاه الشمالي الشرقي** من المدرسة، فإن الحركة من المدرسة إليها يمكن وصفها بأنها تجمع بين:

🔴 **الحركة شمالاً**  
🔴 **والحركة شرقاً**

وهذان هما الاتجاهان اللذان يصفان هذه الحركة. ✅"
"Geometry","spatial orientation and positional relationships","D","سافرت ٢٠ كيلومترًا نحو الجنوب، ثم ١٥ كيلومترًا نحو الشرق. ما الاتجاه العام لحركتك؟","لحل هذه المسألة، دعنا نفهم أولاً ما المقصود بـ **""الاتجاه العام لحركتك""**.

عندما تتحرك في اتجاهين مختلفين (في حالتنا هنا: الجنوب ثم الشرق)، فإن **الاتجاه العام** يُشير إلى الاتجاه من النقطة الابتدائية إلى النقطة النهائية، أي **الاتجاه بالنسبة للنقطة التي بدأت منها**.

---

### 🧭 المعطيات:

- تحركت **20 كم جنوبًا**.
- ثم تحركت **15 كم شرقًا**.

---

### ✏️ الخطوات:

1. نعتبر أنك بدأت من نقطة الأصل على نظام إحداثي:
   - الإحداثيات الابتدائية = (0, 0)

2. بعد التحرك 20 كم جنوبًا:
   - تصبح إحداثياتك = (0, -20)  
     (نستخدم السالب لأن الجنوب هو الاتجاه السالب للمحور الصادي y)

3. ثم تتحرك 15 كم شرقًا:
   - تصبح إحداثياتك النهائية = (15, -20)

4. الآن نريد معرفة **الاتجاه من النقطة الابتدائية (0, 0) إلى النقطة النهائية (15, -20)**.

---

### 🔍 لإيجاد الاتجاه:

نحسب الزاوية θ بين المحور الشرقي (الموجب للمحور السيني x) والخط الذي يصل بين نقطة البداية والنهاية.

نستخدم العلاقة:

$$
\tan(\theta) = \frac{\text{المقابل}}{\text{المجاور}} = \frac{-20}{15} = -\frac{4}{3}
$$

ثم نأخذ معكوس الظل:

$$
\theta = \tan^{-1}\left(-\frac{4}{3}\right)
$$

باستخدام الآلة الحاسبة:

$$
\theta \approx -53.13^\circ
$$

الإشارة السالبة تعني أن الزاوية تحت المحور السيني (أي نحو الجنوب).

---

### 🧭 إذًا الاتجاه العام هو:

**جنوب الشرق (Southeast)** أو بشكل أكثر دقة:  
**53.13 درجة جنوب الشرق**

أو يمكنك القول:  
**اتجاهك العام نحو الجنوب الشرقي، لكنه أقرب إلى الجنوب قليلًا منه إلى الشرق.**

---

### ✅ الخلاصة:

إذا سافرت 20 كم جنوبًا ثم 15 كم شرقًا، فإن **الاتجاه العام لحركتك هو نحو الجنوب الشرقي**، وتحديدًا بزاوية تقارب **53 درجة جنوب الشرق**.

هل تريد أن أشرح لك كيف ترسم هذا المخطط على ورقة؟"
"Geometry","spatial orientation and positional relationships","E","صف تأثير النقل (س، ص) → (س + 2، ص − 3)","بالطبع! لنشرح معنى هذا التحويل الهندسي وتأثيره على النقاط في المستوى الإحداثي.

التحويل المعطى هو:

$$
(x, y) \rightarrow (x + 2, y - 3)
$$

### ما معنى هذا التحويل؟
هذا يعبر عن **نقل (انتقال)** نقطة من نقطة إلى أخرى في المستوى الإحداثي.  
أي أن كل نقطة $(x, y)$ تتحرك لتصبح عند النقطة الجديدة $(x + 2, y - 3)$.

### تفسير الأثر:
- **$x \rightarrow x + 2$**: هذا يعني أن كل نقطة تتحرك بمقدار **2 وحدة إلى اليمين** (بما أن القيمة تُضاف إلى $x$).
- **$y \rightarrow y - 3$**: هذا يعني أن كل نقطة تتحرك بمقدار **3 وحدات إلى الأسفل** (لأننا ننقص من $y$).

### إذًا، تأثير هذا التحويل هو:
> **نقل (انزياح) كل نقطة في المستوى بمتجه الانزياح $\vec{v} = (2, -3)$، أي 2 وحدة يمينًا و3 وحدات لأسفل.**

---

### مثال عملي:

إذا كانت لدينا النقطة $A = (1, 5)$، فماذا تصبح صورتها بعد تطبيق هذا التحويل؟

نطبق القاعدة:

$$
(x, y) \rightarrow (x + 2, y - 3)
$$
$$
(1, 5) \rightarrow (1 + 2, 5 - 3) = (3, 2)
$$

إذًا صورة النقطة $A$ هي $(3, 2)$.

---

### خلاصة:
التحويل $(x, y) \rightarrow (x + 2, y - 3)$ يمثل **نقل جميع النقاط 2 وحدة لليمين و3 وحدات للأسفل**.

هل تحب أن أريك كيف ترسم ذلك على شبكة إحداثية أو كيف تطبق هذا على شكل هندسي؟"
"Geometry","spatial orientation and positional relationships","E","يتحرك روبوت توصيل من النقطة (0، 0) إلى النقطة (4، 0)، ثم يتجه إلى النقطة (4، 3). ما هي الإحداثيات بعد الحركتين؟","بالطبع! دعنا نحل هذه المسألة خطوة بخطوة.

### المعطيات:
- يبدأ الروبوت من النقطة **(0، 0)**.
- أول حركة: يتحرك إلى النقطة **(4، 0)**.
- ثاني حركة: يتحرك من (4، 0) إلى النقطة **(4، 3)**.

### المطلوب:
إيجاد **الإحداثيات بعد الحركتين**.

### التحليل:

1. **الحركة الأولى**:
   - من النقطة (0، 0) إلى (4، 0).
   - هذا يعني أن الروبوت تحرك **أفقيًا** على المحور السيني (x) فقط.
   - الإحداثي الجديد بعد الحركة الأولى هو: **(4، 0)** ✅

2. **الحركة الثانية**:
   - من النقطة (4، 0) إلى النقطة (4، 3).
   - هنا تحرك الروبوت **رأسياً** على المحور الصادي (y) فقط، حيث زادت قيمة y من 0 إلى 3.
   - الإحداثي الجديد بعد الحركة الثانية هو: **(4، 3)** ✅

### الإجابة النهائية:

الإحداثيات بعد الحركتين هي:

$$
\boxed{(4,\ 3)}
$$

هل ترغب أن أشرح لك المسافة التي قطعها الروبوت أيضًا؟ 😊"
"Geometry","spatial orientation and positional relationships","E","على شبكة المدينة، تبدأ سيارة أجرة من النقطة (٣، ٣) وتتبع المسار التالي: يسار بمقدار ٢ مربع، ثم للأعلى ١، ثم يمين ٥، ثم للأسفل ٤. أين تنتهي؟","لحل هذه المسألة، نبدأ من النقطة (٣، ٣) ونتبع المسار خطوة بخطوة على شبكة إحداثية.

### فهم النظام الإحداثي:
- في النظام الإحداثي:
  - **المحور الأفقي (x)** يمثل اليمين واليسار.
    - اليمين: زيادة قيمة x.
    - اليسار: تقليل قيمة x.
  - **المحور الرأسي (y)** يمثل الأعلى والأدنى.
    - للأعلى: زيادة قيمة y.
    - للأسفل: تقليل قيمة y.

---

### الخطوات:

نبدأ من النقطة (3, 3)

1. **يسار بمقدار 2 مربع**:
   - نقصان في قيمة x بمقدار 2.
   - x = 3 - 2 = 1
   - الآن الموقع هو: **(1, 3)**

2. **للأعلى 1**:
   - زيادة في قيمة y بمقدار 1.
   - y = 3 + 1 = 4
   - الآن الموقع هو: **(1, 4)**

3. **يمين 5 مربعات**:
   - زيادة في قيمة x بمقدار 5.
   - x = 1 + 5 = 6
   - الآن الموقع هو: **(6, 4)**

4. **للأسفل 4**:
   - تقليل في قيمة y بمقدار 4.
   - y = 4 - 4 = 0
   - الآن الموقع هو: **(6, 0)**

---

### الإجابة النهائية:
السيارة تنتهي عند النقطة:  
**$$6, 0$$**

هل تحب أن أرسم لك المسار على شكل شبكة لتوضيح الحركات؟"
"Geometry","spatial orientation and positional relationships","E","صف التحويلالتالي: (س، ص) → (–س، ص)","التحويل الرياضي التالي:

$$
(x, y) \rightarrow (-x, y)
$$

يعني أن كل نقطة في المستوى الإحداثي $(x, y)$ تتحول إلى نقطة جديدة إحداثياتها هي $(-x, y)$.

### لفهم هذا التحويل، دعنا نشرح ما يحدث لكل إحداثي:

- **الإحداثي $x$** يُضرب في $-1$، أي أنه يأخذ القيمة المقابلة له على المحور الأفقي.
- **الإحداثي $y$** يظل كما هو، أي أنه لا يتغير.

---

## 📌 هذا التحويل يمثل: **انعكاسًا حول محور $y$**

أو بمعنى آخر:
> الصورة الناتجة عن هذا التحويل هي انعكاس (أو عكس) الشكل أو النقطة حول **محور $y$**.

---

### 🔍 أمثلة لتوضيح الفكرة:

#### مثال 1:
نقطة أصلية: $(3, 4)$  
بعد التحويل: $(-3, 4)$  
→ هذه النقطة انعكست من الجهة اليمنى من محور $y$ إلى الجهة اليسرى بنفس البعد الرأسي.

#### مثال 2:
نقطة أصلية: $(-2, 5)$  
بعد التحويل: $(2, 5)$  
→ انتقلت من اليسار إلى اليمين بنفس الارتفاع.

---

### 🎯 خلاصة:

التحويل:
$$
(x, y) \rightarrow (-x, y)
$$
هو **انعكاس حول محور $y$**.  
أي أنه يقلب كل نقطة أو شكل هندسي من جهة إلى الجهة المقابلة بالنسبة لمحور $y$، دون تغيير موقعه الرأسي.

هل تحب أن أرسم لك ذلك أو أعطيك مثالاً عملياً على شكل هندسي؟"
"Geometry","spatial orientation and positional relationships","F","نقطة تتحرك من النقطة أ(2، 3) إلى النقطة ب(7، -2). عبر عن هذه الحركة كمتجه.","لحل هذه المسألة، نريد التعبير عن الحركة من النقطة $ A(2, 3) $ إلى النقطة $ B(7, -2) $ **بشكل متجه**.

---

### 🔹 الخطوة الأولى: فهم المتجه

المتجه يُعبر عن **الاتجاه** و**المقدار** بين نقطتين.  
إذا كانت لدينا نقطتان في المستوى الإحداثي:

- نقطة البداية: $ A(x_1, y_1) $
- نقطة النهاية: $ B(x_2, y_2) $

فإن المتجه من $ A $ إلى $ B $ يُحسب كما يلي:

$$
\vec{AB} = (x_2 - x_1, y_2 - y_1)
$$

---

### 🔹 الخطوة الثانية: تطبيق المعادلة على النقاط المعطاة

النقطة $ A = (2, 3) $  
النقطة $ B = (7, -2) $

نحسب المركبات:

- $ x_2 - x_1 = 7 - 2 = 5 $
- $ y_2 - y_1 = -2 - 3 = -5 $

إذًا المتجه هو:

$$
\vec{AB} = (5, -5)
$$

---

### 🔹 معنى النتيجة:

هذا يعني أن الحركة من النقطة $ A $ إلى $ B $ تتضمن:

- التحرك بمقدار **+5 وحدات** في الاتجاه الأفقي (إلى اليمين)
- التحرك بمقدار **-5 وحدات** في الاتجاه الرأسي (للأسفل)

---

### ✅ الإجابة النهائية:

$$
\boxed{\vec{AB} = (5, -5)}
$$"
"Geometry","spatial orientation and positional relationships","F","احسب نقطة المنتصف للقطاع الذي يصل بين نقطتين (4، -1) و(-2، 5).","لحساب **نقطة المنتصف** بين نقطتين في المستوى الإحداثي، نستخدم **صيغة نقطة المنتصف** التالية:

$$
\text{نقطة المنتصف} = \left( \frac{x_1 + x_2}{2}, \frac{y_1 + y_2}{2} \right)
$$

المعطيات:
- النقطة الأولى: $(x_1, y_1) = (4, -1)$
- النقطة الثانية: $(x_2, y_2) = (-2, 5)$

### الخطوة 1: جمع الإحداثيات وقسمتها على 2

$$
x_{\text{منتصف}} = \frac{4 + (-2)}{2} = \frac{2}{2} = 1
$$

$$
y_{\text{منتصف}} = \frac{-1 + 5}{2} = \frac{4}{2} = 2
$$

### إذًا، نقطة المنتصف هي:

$$
(1, 2)
$$

✅ **الإجابة النهائية:**  
$$
\boxed{(1, 2)}
$$"
"Geometry","spatial orientation and positional relationships","F","إذا تحرك روبوت وفقًا للمتجه ⟨3، –4⟩ من النقطة (1، 2)، إلى أين سيصل؟","لحل هذه المسألة، نحتاج إلى فهم كيفية استخدام **المتجهات** في تحديد موقع جديد بعد التحرك من نقطة معينة.

### المعطيات:
- النقطة الابتدائية التي يبدأ منها الروبوت:  
  $$
  (1, 2)
  $$
- المتجه الذي يتحرك به الروبوت:  
  $$
  \langle 3, -4 \rangle
  $$

هذا يعني أن الروبوت سيتحرك:
- **3 وحدات إلى اليمين** (في اتجاه المحور السيني الموجب) لأن المركبة الأولى هي **+3**.
- **4 وحدات إلى الأسفل** (في اتجاه المحور الصادي السالب) لأن المركبة الثانية هي **–4**.

### طريقة الحل:
لإيجاد النقطة التي يصل إليها الروبوت، نضيف مركبات المتجه إلى إحداثيات النقطة الابتدائية:

$$
(x_{\text{الجديدة}}, y_{\text{الجديدة}}) = (x_{\text{الأولية}} + 3, y_{\text{الأولية}} - 4)
$$

نعوّض:
$$
x_{\text{الجديدة}} = 1 + 3 = 4
$$
$$
y_{\text{الجديدة}} = 2 + (-4) = -2
$$

### إذًا، النقطة التي يصل إليها الروبوت هي:
$$
\boxed{(4,\ -2)}
$$

### خلاصة:
عندما يتحرك روبوت من النقطة $(1, 2)$ وفقًا للمتجه $\langle 3, -4\rangle$، فإنه يصل إلى النقطة $(4, -2)$."
"Geometry","spatial orientation and positional relationships","F","تحلق طائرة مسيرة 4 وحدات نحو الشمال، ثم 3 وحدات نحو الغرب. ما هو متجه الإزاحة الخاص بها؟","لحل هذه المسألة، سنقوم بتحليل **حركة الطائرة المسيرة** ونحسب **متجه الإزاحة** النهائي.

---

### 📌 المعطيات:
- تتحرك الطائرة 4 وحدات نحو **الشمال**.
- ثم تتحرك 3 وحدات نحو **الغرب**.

---

## ✅ الخطوة 1: تمثيل الحركة باستخدام المتجهات

في الفيزياء والرياضيات، يمكننا تمثيل الاتجاهات باستخدام محاور إحداثية:

- **الشمال** = الاتجاه الموجب لمحور الصادات (y).
- **الغرب** = الاتجاه السالب لمحور السينات (x).

إذًا:

- الحركة نحو الشمال: $ +4 \hat{j} $
- الحركة نحو الغرب: $ -3 \hat{i} $

إذن، **متجه الإزاحة الكلي** هو:

$$
\vec{d} = -3 \hat{i} + 4 \hat{j}
$$

---

## ✅ الخطوة 2: حساب مقدار الإزاحة (اختياري)

إذا أردت معرفة **المسافة المستقيمة من النقطة الابتدائية إلى النهائية** (أي مقدار المتجه):

$$
|\vec{d}| = \sqrt{(-3)^2 + (4)^2} = \sqrt{9 + 16} = \sqrt{25} = 5
$$

---

## ✅ الخطوة 3: حساب الاتجاه (الزاوية مع محور السينات)

يمكنك أيضًا حساب الزاوية θ التي يصنعها متجه الإزاحة مع المحور الأفقي (السينات) باستخدام:

$$
\tan \theta = \frac{4}{-3}
\Rightarrow \theta = \tan^{-1}\left(\frac{4}{-3}\right)
$$

بما أن المركبة x سالبة والمركبة y موجبة، فإن المتجه في الربع الثاني.  
الزاوية تكون:

$$
\theta = 180^\circ - \tan^{-1}\left(\frac{4}{3}\right) \approx 180^\circ - 53.13^\circ = 126.87^\circ
$$

---

## ✅ الإجابة النهائية:

- **متجه الإزاحة**:  
  $$
  \vec{d} = -3 \hat{i} + 4 \hat{j}
  $$

- **مقدار الإزاحة**:  
  $$
  |\vec{d}| = 5 \text{ وحدات}
  $$

- **الاتجاه**: حوالي $126.87^\circ$ من الاتجاه الموجب لمحور السينات (عكس عقارب الساعة).

---

هل تريد رسمًا تخطيطيًّا أو شرحًا أكثر تفصيلًا؟"
"Geometry","spatial orientation and positional relationships","F","قم بتدوير المتجه ⟨2، 1⟩ بزاوية 90 درجة عكس اتجاه عقارب الساعة. ما هو المتجه الجديد؟","لتدوير (دوران) متجه في مستوى الإحداثيات بزاوية معينة، نستخدم **مصفوفة الدوران**.  
في هذه الحالة، لدينا المتجه:

$$
\vec{v} = \langle 2, 1 \rangle
$$

ونريد تدويره **90 درجة عكس اتجاه عقارب الساعة**.

---

### 📐 مصفوفة الدوران لزاوية θ:
مصفوفة الدوران العامة للزاوية $\theta$ عكس اتجاه عقارب الساعة هي:

$$
R(\theta) = 
\begin{bmatrix}
\cos\theta & -\sin\theta \\
\sin\theta & \cos\theta
\end{bmatrix}
$$

---

### 🔁 تطبيق الزاوية 90°:

نحسب القيم عند $\theta = 90^\circ$:

- $\cos(90^\circ) = 0$
- $\sin(90^\circ) = 1$

إذًا تصبح مصفوفة الدوران:

$$
R(90^\circ) = 
\begin{bmatrix}
0 & -1 \\
1 & 0
\end{bmatrix}
$$

---

### ✏️ ضرب مصفوفة الدوران بالمتجه:

$$
\begin{bmatrix}
0 & -1 \\
1 & 0
\end{bmatrix}
\cdot
\begin{bmatrix}
2 \\
1
\end{bmatrix}
=
\begin{bmatrix}
(0)(2) + (-1)(1) \\
(1)(2) + (0)(1)
\end{bmatrix}
=
\begin{bmatrix}
-1 \\
2
\end{bmatrix}
$$

---

### ✅ النتيجة النهائية:

المتجه الجديد بعد التدوير هو:

$$
\boxed{\langle -1,\ 2 \rangle}
$$

---

### 💡 تفسير هندسي:

تدوير المتجه ⟨2, 1⟩ بمقدار 90 درجة عكس اتجاه عقارب الساعة ينقله من الربع الأول إلى الربع الثاني، ويصبح عموديًا على اتجاهه الأصلي."
"Geometry","spatial orientation and positional relationships","G","حدد إحداثيات النقطة ب بعد تدوير النقطة أ(2، 3) بزاوية 90° مع اتجاه عقارب الساعة حول نقطة الأصل.","لحل هذه المسألة، نحتاج إلى **تدوير (دوران) النقطة** $ A(2, 3) $ بزاوية **90 درجة مع اتجاه عقارب الساعة** حول **نقطة الأصل** $(0, 0)$.

---

### 📌 الخطوة 1: فهم قاعدة الدوران

عند دوران نقطة $(x, y)$ بزاوية **90° مع اتجاه عقارب الساعة** حول نقطة الأصل، تصبح إحداثيات النقطة الجديدة هي:

$$
(x', y') = (y, -x)
$$

---

### 📌 الخطوة 2: تطبيق القاعدة على النقطة المعطاة

النقطة الأصلية:  
$$
A = (2, 3)
$$

نطبق القاعدة:

$$
(x', y') = (3, -2)
$$

---

### ✅ إذًا، إحداثيات النقطة ب بعد الدوران هي:
$$
\boxed{(3, -2)}
$$

---

### 🔄 ملاحظة:

- لو كان الدوران **عكس اتجاه عقارب الساعة**، لكان القانون مختلفًا:
  $$
  (x', y') = (-y, x)
  $$

لكن في حالتنا، لأن الدوران **مع اتجاه عقارب الساعة**، فالنتيجة الصحيحة هي:  
$\boxed{(3,\ -2)}$

هل تحب أن أشرح لك السبب وراء هذا التحويل هندسيًا أيضًا؟ 😊"
"Geometry","spatial orientation and positional relationships","G","اشرح كيف يمكن الانتقال من النقطة أ(0,0,0) إلى النقطة ب(3,2,5) في الفضاء ثلاثي الأبعاد.","لحل هذه المسألة، نريد أن نفهم **كيفية الانتقال من النقطة أ(0, 0, 0) إلى النقطة ب(3, 2, 5)** في الفضاء ثلاثي الأبعاد. هذا يعني أننا نبحث عن **الاتجاه أو المسار** الذي يأخذنا من النقطة أ إلى النقطة ب.

### الخطوة 1: تحديد المتجه بين النقطتين

في الفضاء ثلاثي الأبعاد، يمكن تمثيل **الاتجاه والمسافة** بين نقطتين بمتجه (Vector).  
نحسب متجه **أب** (من أ إلى ب) كالتالي:

$$
\vec{AB} = \text{إحداثيات ب} - \text{إحداثيات أ}
$$

$$
\vec{AB} = (3 - 0, 2 - 0, 5 - 0) = (3, 2, 5)
$$

إذًا، متجه الانتقال هو:

$$
\vec{v} = (3, 2, 5)
$$

---

### الخطوة 2: معادلة الخط المستقيم بين النقطتين

يمكننا أيضًا كتابة **معادلة الخط المستقيم** الذي يصل بين النقطة أ والنقطة ب في الفضاء الثلاثي الأبعاد باستخدام **المعادلة الوسيطية (Parametric Equation)**.

لنستخدم متغيرًا وسيطي $ t $ حيث $ t \in [0, 1] $:

- عند $ t = 0 $، نكون عند النقطة أ.
- عند $ t = 1 $، نكون عند النقطة ب.

المعادلة تكون على الشكل التالي:

$$
(x(t), y(t), z(t)) = (0, 0, 0) + t(3, 2, 5)
$$

أو:

$$
x(t) = 3t \\
y(t) = 2t \\
z(t) = 5t
$$

حيث $ t \in [0, 1] $

---

### الخطوة 3: تفسير النتيجة

- إذا قمت بالتحرك وفق المعادلات السابقة، فأنت تنتقل من النقطة (0,0,0) إلى النقطة (3,2,5) بشكل مستقيم.
- كل قيمة لـ $ t $ بين 0 و 1 تعطيك نقطة على المسار بين أ وب.

مثلاً:
- عند $ t = 0.5 $: تكون في المنتصف تقريبًا:
  $$
  x = 3(0.5) = 1.5 \\
  y = 2(0.5) = 1 \\
  z = 5(0.5) = 2.5
  $$

---

### خلاصة

للوصول من النقطة أ(0,0,0) إلى النقطة ب(3,2,5):

- استخدم متجه الانتقال: $ \vec{v} = (3, 2, 5) $
- يمكنك استخدام المعادلات الوسيطية:
  $$
  x(t) = 3t,\quad y(t) = 2t,\quad z(t) = 5t,\quad t \in [0,1]
  $$
- هذا يمثل خطًا مستقيمًا في الفضاء ثلاثي الأبعاد.

هل تود رسم هذا الخط أو حساب المسافة بين النقطتين أيضًا؟"
"Geometry","spatial orientation and positional relationships","G","حدد ما إذا كانت المثلث أ ب ج الذي له النقاط أ(1,1) و ب(3,4) و ج(5,7) مثلثًا قائم الزاوية.","لحل هذه المسألة وتحديد ما إذا كان المثلث **أ ب ج** الذي له النقاط:

- $ A(1, 1) $
- $ B(3, 4) $
- $ C(5, 7) $

مثلثًا **قائم الزاوية**، نستخدم مفهوم **نظرية فيثاغورس**. فإذا كان المثلث قائم الزاوية، فإن مربع طول أطول ضلع (الوتر) يساوي مجموع مربعي الضلعين الآخرين.

### الخطوة 1: حساب أطوال الأضلاع

نستخدم صيغة المسافة بين نقطتين:
$$
\text{المسافة} = \sqrt{(x_2 - x_1)^2 + (y_2 - y_1)^2}
$$

#### 1. طول الضلع AB:
$$
AB = \sqrt{(3 - 1)^2 + (4 - 1)^2} = \sqrt{2^2 + 3^2} = \sqrt{4 + 9} = \sqrt{13}
$$

#### 2. طول الضلع BC:
$$
BC = \sqrt{(5 - 3)^2 + (7 - 4)^2} = \sqrt{2^2 + 3^2} = \sqrt{4 + 9} = \sqrt{13}
$$

#### 3. طول الضلع AC:
$$
AC = \sqrt{(5 - 1)^2 + (7 - 1)^2} = \sqrt{4^2 + 6^2} = \sqrt{16 + 36} = \sqrt{52}
$$

### الخطوة 2: التحقق من نظرية فيثاغورس

الأطوال التي حسبناها هي:

- $ AB = \sqrt{13} $
- $ BC = \sqrt{13} $
- $ AC = \sqrt{52} $

نلاحظ أن $ AC $ هو الأطول، لذا نفترض أنه الوتر، ونتحقق مما إذا كان:
$$
AB^2 + BC^2 = AC^2
$$

نحسب:

$$
AB^2 + BC^2 = (\sqrt{13})^2 + (\sqrt{13})^2 = 13 + 13 = 26
$$

$$
AC^2 = (\sqrt{52})^2 = 52
$$

بما أن:
$$
26 \neq 52
$$

### النتيجة:

الشرط **غير محقق**، إذن المثلث **ليس قائم الزاوية**.

---

### الإجابة النهائية:
> ❌ **المثلث أ ب ج ليس مثلثًا قائم الزاوية.**

هل ترغب أن أوضح لك الطريقة بطريقة هندسية أو باستخدام المتجهات أيضًا؟"
"Geometry","spatial orientation and positional relationships","G","نقطة تبعد 2 وحدة عن كل من النقطة أ(2,3) والنقطة ب(6,3). صف المواقع الممكنة لهذه النقطة.","لدينا المسألة التالية:

> **نقطة تبعد 2 وحدة عن كل من النقطة أ(2,3) والنقطة ب(6,3). صف المواقع الممكنة لهذه النقطة.**

---

### 🔍 الخطوة الأولى: فهم المعطيات

النقطة التي نبحث عنها تبعد **مسافة 2 وحدة** عن كل من:
- النقطة $ A = (2, 3) $
- النقطة $ B = (6, 3) $

هذا يعني أن هذه النقطة يجب أن تكون **على بعد 2 وحدة من كلتا النقطتين**، أي أنها تنتمي إلى تقاطع دائرتين:
1. دائرة مركزها $ A(2,3) $ ونصف قطرها $ 2 $
2. دائرة مركزها $ B(6,3) $ ونصف قطرها $ 2 $

---

### 📐 الخطوة الثانية: كتابة معادلات الدائرتين

#### معادلة الدائرة الأولى (مركزها $ A(2,3) $):
$$
(x - 2)^2 + (y - 3)^2 = 4
$$

#### معادلة الدائرة الثانية (مركزها $ B(6,3) $):
$$
(x - 6)^2 + (y - 3)^2 = 4
$$

---

### ⚙️ الخطوة الثالثة: إيجاد نقاط التقاطع بين الدائرتين

لإيجاد النقاط المشتركة بين الدائرتين، نحل النظام التالي:

$$
\begin{cases}
(x - 2)^2 + (y - 3)^2 = 4 \quad \text{(1)} \\
(x - 6)^2 + (y - 3)^2 = 4 \quad \text{(2)}
\end{cases}
$$

#### نطرح المعادلتين (2) - (1):

$$
[(x - 6)^2 + (y - 3)^2] - [(x - 2)^2 + (y - 3)^2] = 4 - 4
$$

تبسط:
$$
(x - 6)^2 - (x - 2)^2 = 0
$$

نستخدم قاعدة الفرق بين مربعين:

$$
[(x - 6) - (x - 2)][(x - 6) + (x - 2)] = 0
$$

$$
(-4)(2x - 8) = 0
$$

$$
2x - 8 = 0 \Rightarrow x = 4
$$

---

### ✅ الخطوة الرابعة: إيجاد قيمة $ y $

نعوّض $ x = 4 $ في إحدى المعادلات، مثلاً المعادلة (1):

$$
(x - 2)^2 + (y - 3)^2 = 4
\Rightarrow (4 - 2)^2 + (y - 3)^2 = 4
\Rightarrow 4 + (y - 3)^2 = 4
\Rightarrow (y - 3)^2 = 0
\Rightarrow y = 3
$$

---

### 🧭 إذًا، ما هي النقطة الوحيدة التي تحقق الشرط؟

وجدنا أن:
$$
x = 4, \quad y = 3
\Rightarrow \text{النقطة } (4, 3)
$$

---

### 💡 تفسير هندسي:

النقاط $ A(2,3) $ و$ B(6,3) $ تقعان على خط أفقي (نفس الإحداثي $ y $)، والمسافة بينهما:

$$
AB = \sqrt{(6 - 2)^2 + (3 - 3)^2} = \sqrt{16} = 4
$$

بما أن نصفي القطر للدائرتين هو 2، فإن الدائرتين **تتقاطعان عند نقطة واحدة فقط** في المنتصف بين $ A $ و$ B $، وهي النقطة $ (4,3) $.

---

### ✅ الإجابة النهائية:

النقطة الوحيدة التي تبعد **2 وحدة** عن كل من النقطة $ A(2,3) $ والنقطة $ B(6,3) $ هي:

$$
\boxed{(4,\ 3)}
$$"
"Geometry","spatial orientation and positional relationships","H","مثل قطر المكعب كمتجه في الفضاء الثلاثي الأبعاد إذا كانت رؤوسه عند (0،0،0) و (1،1،1).","لحل هذه المسألة الرياضية، نحتاج إلى فهم ما المقصود بـ **""مثل قطر المكعب كمتجه في الفضاء الثلاثي الأبعاد""**.

### المعطيات:
- لدينا مكعب.
- أحد رؤوسه عند النقطة: $ A = (0, 0, 0) $
- والرأس المقابل له (القطر يربط بين هذين الرأسين) عند النقطة: $ B = (1, 1, 1) $

نريد **تمثيل قطر المكعب كمتجه**.

---

### الخطوة 1: تذكير بالمتجهات
المتجه هو كمية لها مقدار واتجاه. في الفضاء ثلاثي الأبعاد، يمكن تمثيل المتجه الذي يربط بين نقطتين $ A(x_1, y_1, z_1) $ و $ B(x_2, y_2, z_2) $ كما يلي:

$$
\vec{v} = \langle x_2 - x_1,\ y_2 - y_1,\ z_2 - z_1 \rangle
$$

---

### الخطوة 2: تطبيق المعطيات
باستخدام النقاط المعطاة:
- $ A = (0, 0, 0) $
- $ B = (1, 1, 1) $

نحسب المتجه من $ A $ إلى $ B $:

$$
\vec{AB} = \langle 1 - 0,\ 1 - 0,\ 1 - 0 \rangle = \langle 1, 1, 1 \rangle
$$

---

### الخطوة 3: التفسير الهندسي
- هذا المتجه $ \langle 1, 1, 1 \rangle $ يمثل **قطر المكعب** الذي يبدأ من النقطة $ (0, 0, 0) $ وينتهي عند النقطة $ (1, 1, 1) $.
- وهو قطر داخلي للمكعب (أطول قطر في المكعب عندما تكون أضلاعه موازية للمحاور).

---

### خطوة إضافية: حساب طول هذا القطر
يمكننا حساب **طول** المتجه (أو طول القطر) باستخدام صيغة المقدار:

$$
|\vec{AB}| = \sqrt{1^2 + 1^2 + 1^2} = \sqrt{3}
$$

---

### الإجابة النهائية:
> قطر المكعب الذي يصل بين النقطتين $ (0, 0, 0) $ و $ (1, 1, 1) $ يمكن تمثيله كمتجه على الشكل التالي:
$$
\boxed{\vec{v} = \langle 1,\ 1,\ 1 \rangle}
$$"
"Geometry","spatial orientation and positional relationships","H","حدد الزاوية بين متجهين ثلاثي الأبعاد: v₁ = (1,2,3) و v₂ = (4,−1,0)","لحساب **الزاوية بين متجهين ثلاثيي الأبعاد** مثل:

- $ \vec{v}_1 = (1, 2, 3) $
- $ \vec{v}_2 = (4, -1, 0) $

نستخدم **قانون الجبر الخطي** الذي يربط الزاوية بين متجهين بالضرب الداخلي (Dot Product):

---

### ✅ **الخطوة 1: استخدام الصيغة**

الصيغة المستخدمة لتحديد الزاوية $ \theta $ بين متجهين هي:

$$
\cos\theta = \frac{\vec{v}_1 \cdot \vec{v}_2}{\|\vec{v}_1\| \cdot \|\vec{v}_2\|}
$$

حيث:
- $ \vec{v}_1 \cdot \vec{v}_2 $ هو **الضرب الداخلي** للمتجهين.
- $ \|\vec{v}_1\| $ و $ \|\vec{v}_2\| $ هما **طول (مقدار) المتجهين**.

ثم نحسب الزاوية باستخدام:

$$
\theta = \cos^{-1} \left( \frac{\vec{v}_1 \cdot \vec{v}_2}{\|\vec{v}_1\| \cdot \|\vec{v}_2\|} \right)
$$

---

### ✅ **الخطوة 2: حساب الضرب الداخلي**

$$
\vec{v}_1 \cdot \vec{v}_2 = (1)(4) + (2)(-1) + (3)(0) = 4 - 2 + 0 = 2
$$

---

### ✅ **الخطوة 3: حساب طول كل متجه**

#### طول $ \vec{v}_1 $:

$$
\|\vec{v}_1\| = \sqrt{1^2 + 2^2 + 3^2} = \sqrt{1 + 4 + 9} = \sqrt{14}
$$

#### طول $ \vec{v}_2 $:

$$
\|\vec{v}_2\| = \sqrt{4^2 + (-1)^2 + 0^2} = \sqrt{16 + 1 + 0} = \sqrt{17}
$$

---

### ✅ **الخطوة 4: التعويض في المعادلة**

$$
\cos\theta = \frac{2}{\sqrt{14} \cdot \sqrt{17}} = \frac{2}{\sqrt{238}}
$$

---

### ✅ **الخطوة 5: حساب الزاوية**

نستخدم الآلة الحاسبة لإيجاد معكوس جيب التمام:

$$
\theta = \cos^{-1}\left( \frac{2}{\sqrt{238}} \right)
$$

نحسب القيمة العددية:

- $ \sqrt{238} \approx 15.427 $
- $ \frac{2}{15.427} \approx 0.1296 $
- $ \cos^{-1}(0.1296) \approx 82.58^\circ $

---

### ✅ **النتيجة النهائية:**

$$
\boxed{\theta \approx 82.58^\circ}
$$

أي أن الزاوية بين المتجهين $ \vec{v}_1 = (1,2,3) $ و $ \vec{v}_2 = (4,-1,0) $ تساوي تقريباً **82.58 درجة**."
"Geometry","spatial orientation and positional relationships","H","جد إحداثيات نقطة بعد تدويرها بزاوية 90 درجة حول محور z في الفضاء الثلاثي الأبعاد.","لحل هذه المسألة الرياضية، نحتاج إلى **فهم كيفية تدوير نقطة في الفضاء الثلاثي الأبعاد حول محور $ z $ بزاوية 90 درجة**.

---

### 🧮 المعلوم:
- لدينا نقطة في الفضاء الثلاثي الأبعاد بإحداثيات:  
  $$
  P = (x, y, z)
  $$
- نقوم **بدورانها حول محور $ z $** بزاوية **90 درجة** (أو $\frac{\pi}{2}$ راديان).
- الدوران يتم **في مستوى $ xy $**، لأن دوران حول محور $ z $ لا يؤثر على الإحداثي $ z $.

---

## 🔁 خطوات الحل:

### 1. استخدام مصفوفة الدوران حول محور $ z $:

مصفوفة دوران في المستوى $ xy $ بزاوية $\theta$ هي:

$$
R_z(\theta) =
\begin{bmatrix}
\cos \theta & -\sin \theta & 0 \\
\sin \theta & \cos \theta & 0 \\
0 & 0 & 1
\end{bmatrix}
$$

---

### 2. التعويض بالزاوية $ \theta = 90^\circ $:

نعلم أن:
- $\cos(90^\circ) = 0$
- $\sin(90^\circ) = 1$

إذًا مصفوفة الدوران تصبح:

$$
R_z(90^\circ) =
\begin{bmatrix}
0 & -1 & 0 \\
1 & 0 & 0 \\
0 & 0 & 1
\end{bmatrix}
$$

---

### 3. ضرب مصفوفة الدوران بالنقطة:

لنكتب النقطة $ P = (x, y, z) $ كمتجه عمودي:

$$
\vec{P} =
\begin{bmatrix}
x \\
y \\
z
\end{bmatrix}
$$

نحسب النقطة بعد الدوران:

$$
\vec{P'} = R_z(90^\circ) \cdot \vec{P}
=
\begin{bmatrix}
0 & -1 & 0 \\
1 & 0 & 0 \\
0 & 0 & 1
\end{bmatrix}
\cdot
\begin{bmatrix}
x \\
y \\
z
\end{bmatrix}
=
\begin{bmatrix}
-y \\
x \\
z
\end{bmatrix}
$$

---

### ✅ إذًا إحداثيات النقطة بعد الدوران هي:

$$
P' = (-y, x, z)
$$

---

## 📌 مثال توضيحي:

إذا كانت النقطة الأصلية:  
$$
P = (2, 3, 5)
$$

فبعد دورانها 90 درجة حول محور $ z $ تصبح:  
$$
P' = (-3, 2, 5)
$$

---

## 📝 ملاحظات مهمة:
- هذا الدوران تم **عند النظر من الطرف الموجب لمحور $ z $ نحو الأصل** (أي في اتجاه عقارب الساعة إذا نظرت من الأعلى). إذا أردت الدوران في الاتجاه المعاكس، تُستخدم الزاوية $ -90^\circ $.
- يمكنك استخدام نفس الطريقة مع زوايا أخرى عن طريق استبدال $\theta$ في مصفوفة الدوران.

هل تريد شرحًا بصريًّا أو كيف نحدد اتجاه الدوران؟"
"Geometry","spatial orientation and positional relationships","H","صف خط تقاطع المستويين x + y + z = 3 و x − y = 1.","لحل هذه المسألة والوصول إلى **صف خط تقاطع المستويين**:

$$
x + y + z = 3 \quad \text{(1)}
$$
$$
x - y = 1 \quad \text{(2)}
$$

نقوم باتباع الخطوات التالية:

---

### 🔹 الهدف:
إيجاد **معادلة الخط المستقيم** الناتج من تقاطع هذين المستويين.  
وهذا يعني إيجاد **تمثيل معلم (Parametric Equations)** أو **معادلات تصف هذا الخط**.

---

## ✳️ الخطوة 1: حل النظام لتحويله إلى معادلات بارامترية

لدينا معادلتان:

- $ x + y + z = 3 $
- $ x - y = 1 $

هنا لدينا معادلتان بثلاثة مجاهيل، وبالتالي نحتاج إلى استخدام متغير بارامترى (معلمة) لوصف الحل.

### 🟢 نبدأ بحل المعادلة الثانية:

من (2):  
$$
x - y = 1 \Rightarrow x = y + 1
$$

### 🟡 الآن نعوّض في المعادلة الأولى:

$$
x + y + z = 3 \Rightarrow (y + 1) + y + z = 3
\Rightarrow 2y + 1 + z = 3
\Rightarrow 2y + z = 2
\Rightarrow z = 2 - 2y
$$

---

## ✳️ الخطوة 2: نستخدم أحد المتغيرات كمعلمة (Parameter)

نختار مثلًا $ y = t $ حيث $ t \in \mathbb{R} $ هو المعلمة (متغير حر).

ثم نكتب كل المتغيرات بدلالة $ t $:

- $ y = t $
- $ x = y + 1 = t + 1 $
- $ z = 2 - 2t $

---

## ✅ إذًا: تمثيل الخط التقاطعي (المعادلات البارامترية):

$$
\begin{cases}
x = t + 1 \\
y = t \\
z = 2 - 2t
\end{cases}
\quad , \; t \in \mathbb{R}
$$

---

## ✨ طريقة أخرى: باستخدام نقطة واتجاه

يمكن أيضًا وصف الخط بـ:

- **نقطة على الخط**: نختار قيمة للمعلمة $ t $، مثلاً $ t = 0 $:

  $$
  x = 1, \; y = 0, \; z = 2 \Rightarrow P_0 = (1, 0, 2)
  $$

- **متجه اتجاه الخط**: نأخذ معاملات $ t $ من المعادلات البارامترية:

  $$
  \vec{v} = \langle 1, 1, -2 \rangle
  $$

إذًا يمكن كتابة معادلة الخط بالشكل التالي:

$$
(x, y, z) = (1, 0, 2) + t(1, 1, -2), \quad t \in \mathbb{R}
$$

أو في شكل معادلات:

$$
\frac{x - 1}{1} = \frac{y - 0}{1} = \frac{z - 2}{-2}
$$

---

## 📌 خلاصة:

خط تقاطع المستويين:

- معادلته البارامترية هي:

$$
\boxed{
\begin{aligned}
x &= t + 1 \\
y &= t \\
z &= 2 - 2t
\end{aligned}
}
\quad , \; t \in \mathbb{R}
$$

أو بشكل آخر:

$$
\boxed{(x, y, z) = (1, 0, 2) + t(1, 1, -2)}
$$

هل تحب أن أوضح كيف نجد زاوية بين المستويين أيضًا؟"
"Geometry","spatial orientation and positional relationships","H","احسب إسقاط المتجه v = (3, 4, 0) على المتجه u = (1, 0, 0)","لحساب **إسقاط المتجه** $ \mathbf{v} = (3, 4, 0) $ على المتجه $ \mathbf{u} = (1, 0, 0) $، نستخدم صيغة **الإسقاط العمودي للمتجه v على u** في الفضاء ثلاثي الأبعاد. هذه الصيغة هي:

$$
\text{proj}_{\mathbf{u}} \mathbf{v} = \left( \frac{\mathbf{v} \cdot \mathbf{u}}{\|\mathbf{u}\|^2} \right) \mathbf{u}
$$

### الخطوة 1: حساب الضرب الداخلي $ \mathbf{v} \cdot \mathbf{u} $

$$
\mathbf{v} \cdot \mathbf{u} = (3)(1) + (4)(0) + (0)(0) = 3
$$

### الخطوة 2: حساب معيار المتجه $ \mathbf{u} $ تربيعًا $ \|\mathbf{u}\|^2 $

$$
\|\mathbf{u}\|^2 = (1)^2 + (0)^2 + (0)^2 = 1
$$

### الخطوة 3: تطبيق صيغة الإسقاط

$$
\text{proj}_{\mathbf{u}} \mathbf{v} = \left( \frac{3}{1} \right) \mathbf{u} = 3 \cdot (1, 0, 0) = (3, 0, 0)
$$

---

### ✅ النتيجة النهائية:

$$
\boxed{(3,\ 0,\ 0)}
$$

وهو إسقاط المتجه $ \mathbf{v} $ على المتجه $ \mathbf{u} $."
"Geometry","spatial orientation and positional relationships","H","احسب متجهًا عموديًا على المتجهين (1,2,3) و(4,5,6).","لحساب **متجه عمودي على متجهين في الفضاء الثلاثي الأبعاد**، مثل المتجهين:

$$
\vec{a} = (1, 2, 3) \quad \text{و} \quad \vec{b} = (4, 5, 6)
$$

نستخدم **الضرب الاتجاهي (Cross Product)**.  
الضرب الاتجاهي بين متجهين يُنتج متجهًا ثالثًا يكون **عموديًا على كلا المتجهين الأصليين**.

### خطوات حساب الضرب الاتجاهي:

إذا كان لدينا:
$$
\vec{a} = (a_1, a_2, a_3), \quad \vec{b} = (b_1, b_2, b_3)
$$

فإن:
$$
\vec{a} \times \vec{b} =
\begin{vmatrix}
\mathbf{i} & \mathbf{j} & \mathbf{k} \\
a_1 & a_2 & a_3 \\
b_1 & b_2 & b_3 \\
\end{vmatrix}
$$

وهو ما نحسبه كالتالي:

$$
\vec{a} \times \vec{b} = 
\left( a_2 b_3 - a_3 b_2,\quad a_3 b_1 - a_1 b_3,\quad a_1 b_2 - a_2 b_1 \right)
$$

### تطبيق على المسألة:

$$
\vec{a} = (1, 2, 3), \quad \vec{b} = (4, 5, 6)
$$

نحسب:

- المركبة الأولى: $2 \cdot 6 - 3 \cdot 5 = 12 - 15 = -3$
- المركبة الثانية: $3 \cdot 4 - 1 \cdot 6 = 12 - 6 = 6$ (انتبه إلى أن هذه المركبة تُكتب سالبة في الترتيب النهائي لأنها تتوافق مع $\mathbf{j}$)
- المركبة الثالثة: $1 \cdot 5 - 2 \cdot 4 = 5 - 8 = -3$

إذًا:

$$
\vec{a} \times \vec{b} = (-3, -6, -3)
$$

> ملاحظة: يمكن أيضًا كتابته بالشكل الصحيح الكامل:
$$
\vec{a} \times \vec{b} = (-3, 6, -3) \quad \text{(باستخدام قاعدة الإشارات الصحيحة للمحدد)}
$$

لكن إذا كنت تحسب باستخدام القاعدة:

$$
(a_2b_3 - a_3b_2,\; a_3b_1 - a_1b_3,\; a_1b_2 - a_2b_1)
$$

فهي تعطي مباشرة:

$$
(2\cdot6 - 3\cdot5,\; 3\cdot4 - 1\cdot6,\; 1\cdot5 - 2\cdot4) = (12 - 15,\; 12 - 6,\; 5 - 8) = (-3,\; 6,\; -3)
$$

### إذًا، المتجه العمودي هو:

$$
\boxed{(-3,\ 6,\ -3)}
$$

وهذا المتجه عمودي على كل من $(1,2,3)$ و$(4,5,6)$."
"Geometry","properties and relationships of figures and solids","B","كم عدد الزوايا التي يمتلكها المثلث؟","بالطبع! لحل هذه المسألة الرياضية البسيطة، دعنا نبدأ بفهم السؤال:

### السؤال:
**كم عدد الزوايا التي يمتلكها المثلث؟**

### التفسير:

- المثلث هو شكل هندسي مكوَّن من **ثلاثة أضلاع**.
- كل مرة يتغير اتجاه ضلعين في الشكل، يحدث **زاوية** بينهما.
- بما أن المثلث له **ثلاثة أضلاع**، فإنه يتكون من **ثلاث زوايا** أيضًا.

### الإجابة:
🔹 **المثلث له ثلاث زوايا.**

### معلومة إضافية (للتوسع):
مجموع الزوايا الثلاث في المثلث يساوي دائمًا **180 درجة** في الهندسة الإقليدية (أي على سطح مستوٍ).

هل ترغب أن أشرح لك لماذا مجموع الزوايا 180 درجة أيضًا؟ 😊"
"Geometry","properties and relationships of figures and solids","B","أي شكل لا يحتوي على أضلاع مستقيمة؟","لحل هذه المسألة: **""أي شكل لا يحتوي على أضلاع مستقيمة؟""**، دعنا نفهم أولًا ما المقصود بـ ""**أضلاع مستقيمة**""، ثم نحدد الأشكال التي **لا تحتوي عليها**.

---

### 🔍 أولاً: ما معنى ""أضلاع مستقيمة"" في الأشكال الهندسية؟
- الأضلاع المستقيمة هي **خطوط مستقيمة تشكل حدود الشكل**.
- مثال:  
  - المثلث له **3 أضلاع مستقيمة**.  
  - المربع له **4 أضلاع مستقيمة**.  
  - الخُماسي المنتظم له **5 أضلاع مستقيمة**.

---

### ❓ السؤال يقول: ""أي شكل لا يحتوي على أضلاع مستقيمة؟""
هذا يعني أننا نبحث عن **شكل هندسي لا يتكون من أي خطوط مستقيمة في حدوده**.

---

### ✅ إذن، الإجابة الصحيحة ستكون:

> **الدائرة**

#### لماذا الدائرة؟
- لأنها تتكون من **خط منحنٍ فقط** (منحنى مغلق)، وليس من أي أضلاع مستقيمة.
- لا تحتوي على حواف أو زوايا.
- جميع النقاط على محيطها تبعد نفس المسافة عن المركز (هي نصف القطر).

---

### 📌 أمثلة أخرى محتملة:
بعض الأشكال الأخرى التي **لا تحتوي على أضلاع مستقيمة** تشمل:

- **القطع الناقص** (Ellipse): شكل بيضوي، مثل الدائرة لكن غير متساوية في الطول العرضي والرأسي.
- **الأشكال المنحنية الأخرى** مثل قلب، قطرة ماء، حلزون... إلخ، إذا كانت مرسومة بدون استخدام خطوط مستقيمة.

لكن في سياق الأسئلة التعليمية أو الامتحانات، الجواب الأكثر شيوعاً ودقة هو:

> ✅ **الدائرة**

---

### 🧠 خلاصة:
- الأشكال التي لها **أضلاع مستقيمة**: مثلث، مربع، مستطيل، خماسي، سداسي...
- الأشكال التي **ليس لها أضلاع مستقيمة**: مثل **الدائرة** أو **القطع الناقص**.

---

هل ترغب أن أساعدك في تمييز بعض الأشكال الأخرى أو تصنيفها حسب عدد الأضلاع أو نوعها؟ 😊"
"Geometry","properties and relationships of figures and solids","B","ما الفرق بين المربع والمستطيل؟","بالطبع! سأشرح لك الفرق بين **المربع** و**المستطيل** بطريقة واضحة وبسيطة.

### أولًا: تعريف كل منهما

#### 1. **المربع (Square):**
- هو شكل رباعي الأضلاع.
- **جميع أضلاعه متساوية في الطول.**
- **كل زواياه قائمة (90 درجة).**
- القطران متساويان ومتعامدان وينصف كل منهما الآخر.

#### 2. **المستطيل (Rectangle):**
- هو أيضًا شكل رباعي الأضلاع.
- **كل زواياه قائمة (90 درجة).**
- **الأضلاع المتقابلة متساوية ومتوازية.**
- القطران متساويان وينصف كل منهما الآخر، لكن **ليس بالضرورة متعامدين**.

---

### الآن.. الفرق بين المربع والمستطيل:

| العنصر | المربع | المستطيل |
|--------|--------|-----------|
| أطوال الأضلاع | جميعها متساوية | الأضلاع المتقابلة متساوية فقط |
| الزوايا | كلها 90 درجة | كلها 90 درجة |
| القطران | متساويان ومتعامدان | متساويان ولكن غير متعامدين (بشكل عام) |
| التماثل | له 4 محاور تماثل | له محوران تماثل |
| يمكن أن يكون نوع من | مستطيل خاص | متوازي أضلاع خاص |

---

### مثال توضيحي:

- لو عندك ورقة قياساتها 5 سم × 5 سم، فهي **مربع** لأن الطول = العرض.
- ولو كانت الورقة 5 سم × 8 سم، فهي **مستطيل** لأن الطول ≠ العرض.

---

### هل يمكن القول إن المربع هو مستطيل؟
✅ **نعم!**  
المربع هو **مستطيل خاص**، حيث تكون جميع الأضلاع متساوية وليس فقط الأضلاع المتقابلة.

لكن **العكس ليس صحيحًا**، فليس كل مستطيل هو مربع.

---

هل تحب أن أشرح لك كيف تُحسب المساحة أو المحيط لكل منهما أيضًا؟ 😊"
"Geometry","properties and relationships of figures and solids","B","ارسم شكلاً له ثلاث زوايا وثلاثة أضلاع.","المسألة تطلب منك رسم **شكل له ثلاث زوايا وثلاثة أضلاع**، وهذا في الواقع يصف **المثلث**.

### التفسير:

- **المثلث** هو شكل هندسي بسيط يتكون من:
  - **ثلاثة أضلاع**: أي ثلاثة خطوط مستقيمة متصلة ببعضها.
  - **ثلاث زوايا**: كل زاوية تتكوّن من التقاء ضلعين.

### خطوات رسم المثلث (خطوة بخطوة):

1. **ارسم ضلعًا أول**: ابدأ برسم خط مستقيم أفقي باستخدام مسطرة – هذا سيكون أحد أضلاع المثلث.
2. **ارسم الضلع الثاني**: من أحد طرفي الخط الأول، ارسم خطًا مستقيمًا بزاوية ما (ليس عموديًا تمامًا، حتى يكون مثلثًا عاديًا).
3. **أكمل الشكل**: اربط بين نهاية الضلع الثاني ونهاية الضلع الأول بخط مستقيم، فتحصل بذلك على شكل مغلق له ثلاثة أضلاع وثلاث زوايا.

### أمثلة لأنواع المثلثات:
يمكنك رسم نوع بسيط من المثلثات مثل:
- **مثلث متساوي الأضلاع**: جميع الأضلاع متساوية.
- **مثلث قائم الزاوية**: إحدى الزوايا 90 درجة.
- **مثلث حاد الزوايا**: جميع الزوايا أقل من 90 درجة.
- **مثلث منفرج الزاوية**: إحدى الزوايا أكبر من 90 درجة.

لكن لا تحتاج لتحديد النوع بالضبط، فقط رسم مثلث بسيط كافٍ.

### خلاصة:
> الشكل الذي له ثلاث زوايا وثلاثة أضلاع هو **المثلث**. فقط ارسم ثلاثة أضلاع مستقيمة متصلة بحيث تصنع شكلًا مغلقًا، وستحصل تلقائيًا على ثلاث زوايا داخلية.

هل تحب أن أشرح لك كيف ترسم مثلثًا متساوي الأضلاع بدقة؟"
"Geometry","properties and relationships of figures and solids","B","اذكر شكلين لهما أضلاع مستقيمة فقط.","بالطبع!  
المسألة تطلب منك **ذكر شكلين هندسيين لهما أضلاع مستقيمة فقط**. هذا يعني أنك تحتاج إلى التفكير في الأشكال التي تتكون من **أضلاع مستقيمة**، وليس لها أي أجزاء منحنية (مثل الدائرة أو القطع الناقص).

### أمثلة على الأشكال ذات الأضلاع المستقيمة:

1. **المثلث**:  
   - هو شكل هندسي ثلاثي الأضلاع.  
   - يتكون من 3 أضلاع مستقيمة و3 زوايا.

2. **المربع**:  
   - هو شكل رباعي الأضلاع.  
   - جميع أضلاعه متساوية وفيه 4 زوايا قائمة (90 درجة).

---

### إذن، يمكنك الإجابة كالتالي:

> الشكلان اللذان لهما أضلاع مستقيمة فقط هما: **المثلث** و**المربع**.

---

هل ترغب أن أذكر لك أكثر من شكل؟ 😊"
"Geometry","properties and relationships of figures and solids","C","كم عدد الأضلاع التي يمتلكها المضلع السداسي؟","المضلع السداسي هو مضلع **له ستة أضلاع**.

الكلمة ""سداسي"" مشتقة من الجذر ""ستة""، فكلمة ""سداسي"" تعني:  
- ""سِداسَة"": عدد يُطلق على العدد 6.  
- وبالتالي، فإن المضلع السداسي (Hexagon) هو مضلع مكوّن من **6 أضلاع** و**6 زوايا**.

### توضيح:
- في الرياضيات، اسم المضلع يدل عادةً على عدد أضلاعه.
- مثلًا:
  - مثلث (3 أضلاع)
  - رباعي الأضلاع (4 أضلاع)
  - خماسي الأضلاع (5 أضلاع)
  - **سداسي الأضلاع (6 أضلاع)** ← وهذا هو حالنا هنا

### إذًا:
✅ عدد الأضلاع في المضلع السداسي = **6**

هل ترغب أن أشرح لك أيضًا خصائص المضلع السداسي أو كيف نحسب مجموع زواياه؟"
"Geometry","properties and relationships of figures and solids","C","كم عدد الحواف في مكعب؟","بالطبع! يمكنني أن أشرح لك كيف تجد عدد **الحواف في مكعب** بطريقة بسيطة وواضحة.

---

### 🧊 ما هو المكعب؟
المكعب هو شكل هندسي ثلاثي الأبعاد (مجسم)، يتكون من 6 أوجه كلها مربعات متساوية، وله:

- **أركان (رؤوس)**: نقاط تقاطع الحواف.
- **حواف**: خطوط تفصل بين الأوجه أو تربط بين الرؤوس.
- **أوجه**: وهي الجوانب الخارجية للمكعب.

---

### ✅ خطوات إيجاد عدد الحواف في مكعب:

#### الطريقة الأولى: بالتخيل أو الرسم
إذا كنت تستطيع تخيل مكعب أو ترسمه:

1. لكل وجه مربع → له **4 حواف**.
2. لكن كل حافة مشتركة بين وجهين، لذا لا نستطيع فقط ضرب 6 × 4 لأننا سنحسب الحواف مرتين.
3. إذًا:
   $$
   \text{عدد الحواف} = \frac{\text{عدد الأوجه} × \text{عدد الحواف لكل وجه}}{2}
   = \frac{6 × 4}{2} = 12
   $$

---

#### الطريقة الثانية: باستخدام صيغة رياضية (نظرية أويلر)
لأي مجسم منتظم، تنطبق العلاقة التالية (نظرية أويلر):

$$
\text{عدد الرؤوس} - \text{عدد الحواف} + \text{عدد الأوجه} = 2
$$

نعلم عن المكعب أنه:
- عدد الرؤوس = 8
- عدد الأوجه = 6

نعوّض في المعادلة:

$$
8 - E + 6 = 2
\Rightarrow 14 - E = 2
\Rightarrow E = 12
$$

---

### ✅ الإجابة النهائية:
**عدد الحواف في المكعب = 12**

هل تحب أن أريك شكلًا يوضح ذلك أيضًا؟ 😊"
"Geometry","properties and relationships of figures and solids","C","صح أم خطأ: المستطيل دائماً يعتبر متوازي أضلاع.","العبارة: **""المستطيل دائماً يعتبر متوازي أضلاع""** هي عبارة **صحيحة**.

### التفسير:

للفهم الجيد، دعنا نستعرض أولًا تعريف كل من **المستطيل** و**متوازي الأضلاع**:

---

### 🔷 ما هو متوازي الأضلاع؟

هو شكل رباعي (له أربع أضلاع) فيه:
- كل زوج من الأضلاع المتقابلة **متساويين ومتوازيين**.
- الزوايا المتقابلة متساوية.
- القطرين ينصف كل منهما الآخر.

---

### 🔶 ما هو المستطيل؟

هو شكل رباعي فيه:
- **كل زوج من الأضلاع المتقابلة متساوية ومتوازية** ✅
- **جميع الزوايا قائمة (90 درجة)** ✅

---

### 🔍 لماذا المستطيل متوازي أضلاع؟

لأنه **يستوفي جميع الشروط اللازمة ليكون متوازي أضلاع**:
- الأضلاع المتقابلة متساوية ومتوازية ✔️
- وبالتالي، فهو نوع خاص من متوازي الأضلاع حيث تكون الزوايا جميعها قائمة ✔️

---

### 🔄 هل العكس صحيح؟ أي هل كل متوازي أضلاع مستطيل؟

لا، **العكس غير صحيح**.  
فليس كل متوازي أضلاع له زوايا قائمة، لذلك لا يمكن اعتبار كل متوازي أضلاع مستطيلاً.

---

### ✅ الإجابة النهائية:
> العبارة **صحيحة**، لأن المستطيل هو حالة خاصة من متوازي الأضلاع تكون فيها الزوايا قائمة."
"Geometry","properties and relationships of figures and solids","C","حدد الشكل الذي ليس مضلعًا: مثلث، مربع، دائرة","بالطبع! دعني أشرح لك كيف تحل هذه المسألة ببساطة:

السؤال هو:  
**""حدد الشكل الذي ليس مضلعًا:""**  
والأشكال المعطاة هي:  
1. مثلث  
2. مربع  
3. دائرة

---

### أولًا: ما هو المضلع؟
**المضلع** (Polygon) هو شكل **مستوٍ (ثنائي الأبعاد)** يتكوّن من:
- عدد **محدود** من القطع المستقيمة التي **تصل مع بعضها البعض** لتشكّل شكلًا **مغلقًا**.
- على الأقل 3 أضلاع فأكثر.

أمثلة على المضلعات:
- مثلث (3 أضلاع)
- مربع (4 أضلاع متساوية وزوايا قائمة)
- خماسي، سداسي، إلخ

---

### الآن نحلل الأشكال المعطاة:

1. **مثلث**:  
   - له 3 أضلاع مستقيمة  
   - أضلاعه متصِلة وتشكل شكلًا مغلقًا  
   ✅ **إذًا هو مضلع**

2. **مربع**:  
   - له 4 أضلاع مستقيمة ومتساوية  
   - زواياه جميعها قائمة  
   ✅ **هو أيضًا مضلع**

3. **دائرة**:  
   - ليست مكوَّنة من أضلاع مستقيمة  
   - لها حافة **منحنية** فقط  
   ❌ **ليست مضلعًا**

---

### ✅ الإجابة الصحيحة:
**الدائرة** هي الشكل الذي **ليس مضلعًا**.

---

هل تحب أن أشرح لك لماذا الدائرة لا تعتبر مضلعًا بشكل أكثر تفصيلًا؟ 😊"
"Geometry","properties and relationships of figures and solids","C","أي شكل له أضلاع متقابلة متساوية ومتوازية؟","السؤال: **""أي شكل له أضلاع متقابلة متساوية ومتوازية؟""**

هذا السؤال يدور حول خصائص الأشكال الهندسية، وبالتحديد الأشكال الرباعية (ذات الأربع أضلاع)، حيث تُذكر فيها خاصيتان مهمتان:

1. **الأضلاع المتقابلة متساوية في الطول**  
2. **الأضلاع المتقابلة متوازية**

### الإجابة:
الشكل الذي يتمتع بهاتين الخاصيتين هو: **متوازي الأضلاع**.

---

### تعريف متوازي الأضلاع:
**متوازي الأضلاع** هو شكل رباعي تكون فيه:
- كل ضلعين متقابلين **متساويين ومتوازيين**.
- الزوايا المتقابلة متساوية.
- القطرين ينصف كل منهما الآخر.

---

### أمثلة على أشكال تندرج تحت متوازي الأضلاع:
1. **المستطيل**: وهو متوازي أضلاع جميع زواياه قائمة (90°).
2. **المعين**: وهو متوازي أضلاع جميع أضلاعه متساوية.
3. **المربع**: وهو حالة خاصة من المستطيل والمعين معًا (أضلاع متساوية وزوايا قائمة).

---

### خلاصة:
إذا كان الشكل له:
- أضلاع متقابلة متساوية ✅
- أضلاع متقابلة متوازية ✅

فإن هذا الشكل هو:  
🔹 **متوازي الأضلاع**

ومنه تشمل هذه الخاصية أيضًا المربع، والمستطيل، والمعين باعتبارها حالات خاصة من متوازي الأضلاع.

هل ترغب أن أساعدك برسم توضيحي أو حل مسألة محددة مبنية على هذا المفهوم؟"
"Geometry","properties and relationships of figures and solids","C","ارسم شكلًا رباعيًّا ليس مربعًا.","بالطبع! دعني أشرح لك كيف ترسم **شكلًا رباعيًّا ليس مربعًا** خطوة بخطوة.

### أولًا: ما هو الشكل الرباعي؟
الشكل **الرباعي** (Quadrilateral) هو أي شكل له **أربعة أضلاع** و 4 زوايا، ومجموع زواياه الداخلية يساوي دائمًا **360 درجة**.  
أما **المربع** فهو نوع خاص من الأشكال الرباعية له خصائص معينة:
- جميع الأضلاع متساوية.
- الزوايا الأربع كلها قائمة (90 درجة).

إذن، لكي ترسم **رباعيًّا ليس مربعًا**، يجب أن **تُخالف خاصية واحدة على الأقل** من خصائص المربع، مثل:

1. لا تكون جميع الأضلاع متساوية.
2. أو لا تكون الزوايا جميعها قائمة.
3. أو يكون غير منتظم في الشكل.

---

### أمثلة على أشكال رباعية ليست مربعات:

#### 1. **مستطيل**
- له زوايا قائمة، لكن الأضلاع غير متساوية (الطول ≠ العرض).
- ✅ ليس مربعًا إذا كان الطول أكبر من العرض.

#### 2. **متوازي أضلاع**
- الأضلاع المتقابلة متساوية ومتوازية.
- الزوايا ليست بالضرورة قائمة.
- ✅ ليس مربعًا إلا إذا كانت الزوايا قائمة وجميع الأضلاع متساوية.

#### 3. **شبه منحرف**
- فقط ضلعان متقابلان متوازيان.
- يمكن أن يكون بأي أبعاد وزوايا.
- ✅ غالبًا لا يكون مربعًا.

#### 4. **معين**
- جميع الأضلاع متساوية.
- الزوايا ليست قائمة.
- ✅ ليس مربعًا إلا إذا كانت الزوايا قائمة.

#### 5. **رباعي عام (غير منتظم)**
- أربع أضلاع بأطوال مختلفة.
- زوايا غير متساوية.
- ✅ واضح أنه ليس مربعًا.

---

### كيفية الرسم العملي:

#### طريقة سهلة باستخدام ورقة وقلم:

1. ارسم 4 نقاط عشوائية على الورقة (تأكد أنها لا تشكل مربعًا).
2. وصل بين النقاط الأربعة بخطوط مستقيمة لتكون الأضلاع.
3. تحقق من أن:
   - الأضلاع غير متساوية.
   - أو الزوايا غير قائمة.
4. سيكون الشكل الناتج **رباعيًّا وليس مربعًا**.

#### مثال بسيط:
ارسم شكلًا على الورقة بحيث يكون:
- القاعدة أفقيَّة طويلة.
- الجانبان الجانبيان مائلان وغير عموديين.
- الحافة العلوية أقصر من القاعدة.

هذا الشكل قد يكون **شبه منحرف**، وهو رباعي وليس مربعًا.

---

### خلاصة:
لرسم شكل رباعي ليس مربعًا، ارسم شكلًا له 4 أضلاع، ولكن:
- إما أن الأضلاع غير متساوية.
- أو الزوايا غير قائمة.
- أو كلاهما.

ويمكنك استخدام أحد الأنواع التالية:
- مستطيل
- متوازي أضلاع
- شبه منحرف
- معين
- رباعي غير منتظم

هل تحب أن أرسم لك شكلًا ذهنيًّا أو أوضح لك رسمًا معيّنًا؟"
"Geometry","properties and relationships of figures and solids","D","هل يمكن أن يكون للمثلث زاويتان منفرجتان؟ ولماذا؟","سؤالك هو:

> **هل يمكن أن يكون للمثلث زاويتان منفرجتان؟ ولماذا؟**

### أولًا: ما هي الزاوية المنفرجة؟
الزاوية **المنفرجة** هي الزاوية التي قياسها **أكبر من 90 درجة وأقل من 180 درجة**.

---

### ثانيًا: ما مجموع زوايا المثلث الداخلية؟
في أي مثلث، سواء كان حادًّا أو قائمًا أو منفرج الزاوية، فإن **مجموع الزوايا الداخلية الثلاثة** يساوي دائمًا:

$$
180^\circ
$$

---

### الآن نعود للسؤال:  
هل يمكن أن يكون للمثلث **زاويتان منفرجتان**؟

لنفترض أن هناك مثلثًا فيه زاويتان منفرجتان.  
نأخذ مثالًا بسيطًا:

- الزاوية الأولى = $ 91^\circ $ (منفرجة)
- الزاوية الثانية = $ 91^\circ $ (منفرجة أيضًا)

إذا جمعنا هاتين الزاويتين:

$$
91^\circ + 91^\circ = 182^\circ
$$

وهذا **أكثر من 180 درجة**، وهذا **مستحيل** في مثلث، لأن مجموع زوايا المثلث لا يمكن أن يتجاوز 180 درجة.

---

### الاستنتاج:
لا يمكن أن يكون للمثلث **زاويتان منفرجتان**، لأن:

$$
\text{قياس كل زاوية منفرجة} > 90^\circ \Rightarrow \text{مجموع زاويتين منفرجتين} > 180^\circ
$$

وهو ما **يتعارض مع خاصية مجموع زوايا المثلث**.

---

### إذًا الجواب النهائي:

> ❌ **لا، لا يمكن أن يكون للمثلث زاويتان منفرجتان، لأن مجموع زوايا المثلث يساوي 180 درجة، ولو كانت هناك زاويتان منفرجتان لكان المجموع أكبر من 180 درجة، وهو أمر غير ممكن.**"
"Geometry","properties and relationships of figures and solids","D","كم عدد الرؤوس في هرم ثلاثي الأبعاد؟","بالطبع! دعني أشرح لك ما هو **الهرم الثلاثي الأبعاد**، ثم نحدد عدد **الرؤوس** فيه.

---

### أولًا: ما هو الهرم الثلاثي الأبعاد؟

عندما نقول ""**هرم ثلاثي الأبعاد**""، فإننا غالبًا نعني **هرمًا قاعدته مضلع مكوَّن من ثلاثة أبعاد (أي في الفراغ)، لكن هذا التعبير قد يكون غامضًا بعض الشيء**. ولكن في سياق الهندسة الرياضية، عادةً ما يُقصد بـ""هرم ثلاثي الأبعاد"" أحد نوعين:

1. **الهرم الثلاثي (Triangular Pyramid)** أو ما يسمى بـ **الرباعي السطوح (Tetrahedron)**.
2. **هرم قاعدته مربع أو مستطيل وله أوجه جانبية مثلثية** (مثل الأهرامات المصرية).

لكن بما أنك تسأل عن **عدد الرؤوس**، فسنتكلم عن النوع الأكثر شيوعاً في هذه الأسئلة، وهو:

---

## ✅ الهرم الثلاثي (Triangular Pyramid) أو الرباعي السطوح (Tetrahedron):

هو هرم **قاعدته مثلث**، وله **ثلاثة أوجه جانبية مثلثة** تلتقي في نقطة واحدة هي **الرأس العلوي للهرم**.

### إذًا، كم عدد الرؤوس فيه؟

- القاعدة مثلث → لها **3 رؤوس**.
- هناك **رأس واحد إضافي** في الأعلى يتصل بالقاعدة عبر الأوجه الجانبية.

إذًا:
$$
\text{عدد الرؤوس} = 3 + 1 = \boxed{4}
$$

---

## ✨ ملخص:

| الجزء               | عدد الرؤوس |
|---------------------|------------|
| القاعدة (مثلث)      | 3          |
| الرأس العلوي         | 1          |
| **المجموع**          | **4**      |

---

### 💡 معلومة إضافية:
- عدد الحواف = 6  
- عدد الأوجه = 4 (كلها مثلثات)

---

هل تود أن أشرح لك أيضًا كيف نحسب عدد **الحواف** أو **الأوجه** بنفس الطريقة؟"
"Geometry","properties and relationships of figures and solids","D","احسب مجموع الزوايا الداخلية لشكل خماسي.","لحساب **مجموع الزوايا الداخلية لشكل خماسي** (أي مضلع له 5 أضلاع)، يمكنك استخدام **الصيغة العامة** المستخدمة لإيجاد مجموع الزوايا الداخلية لأي مضلع:

$$
\text{مجموع الزوايا الداخلية} = (n - 2) \times 180^\circ
$$

حيث:
- $ n $ هو عدد أضلاع المضلع (أو عدد زواياه).

### في حالة الشكل الخماسي:
عدد الأضلاع $ n = 5 $

نقوم بالتعويض في المعادلة:

$$
(5 - 2) \times 180^\circ = 3 \times 180^\circ = 540^\circ
$$

### إذًا:
**مجموع الزوايا الداخلية للشكل الخماسي هو:**
$$
\boxed{540^\circ}
$$

إذا كنت تريد حساب قياس كل زاوية في **خماسي منتظم** (أي جميع زواياه متساوية)، فما عليك سوى قسمة المجموع على عدد الزوايا (5):

$$
\frac{540^\circ}{5} = 108^\circ
$$

لكن السؤال كان عن **المجموع فقط**، والإجابة النهائية هي:
$$
\boxed{540^\circ}
$$"
"Geometry","properties and relationships of figures and solids","D","احسب الزاوية المفقودة: مثلث له زاويتان قياسهما 45° و70°.","لحساب **الزاوية المفقودة** في مثلث علمت أن زاويتين فيه قياسهما:

- 45°  
- 70°

نتبع القاعدة الأساسية في المثلث وهي:

> **مجموع الزوايا الثلاث في أي مثلث يساوي دائمًا 180 درجة.**

### خطوات الحل:

1. نجمع الزاويتين المعطوتين:
   $$
   45^\circ + 70^\circ = 115^\circ
   $$

2. نطرح الناتج من 180 لكي نجد قياس الزاوية الثالثة:
   $$
   180^\circ - 115^\circ = 65^\circ
   $$

### إذن، قياس الزاوية المفقودة هو:
$$
\boxed{65^\circ}
$$

إذا كانت لديك أسئلة أخرى أو أردت تفسيرًا مصورًا (مثلاً عن طريق رسم)، فأخبرني! 😊"
"Geometry","properties and relationships of figures and solids","E","مثلث زواياه 40° و65°. ما هي الزاوية الثالثة؟","لحل هذه المسألة الرياضية، نحتاج لتذكر خاصية مهمة من خواص المثلثات في الهندسة:

> **مجموع زوايا أي مثلث يساوي دائمًا 180 درجة.**

### المعطيات:
- إحدى زوايا المثلث = **40°**
- الزاوية الثانية = **65°**

### المطلوب:
إيجاد **الزاوية الثالثة**.

---

### الحل:

نجمع الزاويتين المعطوتين أولًا:

$$
40^\circ + 65^\circ = 105^\circ
$$

ثم نطرح هذا المجموع من 180°:

$$
180^\circ - 105^\circ = 75^\circ
$$

---

### الإجابة النهائية:
الزاوية الثالثة هي:  
$$
\boxed{75^\circ}
$$"
"Geometry","properties and relationships of figures and solids","E","مثلث أطوال أضلاعه 6 سم، 6 سم، و4 سم. صنف هذا المثلث بناءً على أطوال أضلاعه.","بالطبع! دعنا نحل هذه المسألة خطوة بخطوة:

---

### **المعطيات:**
مثلث أطوال أضلاعه هي:
- 6 سم
- 6 سم
- 4 سم

---

### **المطلوب:**
**تصنيف المثلث بناءً على أطوال أضلاعه.**

---

### **كيف نصنف المثلثات من حيث أطوال الأضلاع؟**

هناك ثلاثة أنواع رئيسية للمثلثات تبعًا لأطوال أضلاعها:

1. **مثلث متساوي الأضلاع:**  
   جميع الأضلاع الثلاثة **متساوية** في الطول.  
   مثال: 5 سم، 5 سم، 5 سم.

2. **مثلث متساوي الساقين:**  
   **ضلعين فقط** متساويين في الطول.  
   مثال: 6 سم، 6 سم، 4 سم (وهذا هو حالتنا هنا).

3. **مثلث مختلف الأضلاع:**  
   **جميع الأضلاع مختلفة** في الطول.  
   مثال: 3 سم، 4 سم، 5 سم.

---

### **الحل:**

في المثلث المعطى، الأطوال هي:  
6 سم، 6 سم، 4 سم.

نلاحظ أن:
- هناك **ضلعين متساويين** (6 سم و 6 سم).
- الضلع الثالث مختلف (4 سم).

إذن، هذا المثلث:

✅ **متساوي الساقين**

---

### ✅ **الإجابة النهائية:**
> هذا المثلث هو **مثلث متساوي الساقين** لأنه有两个 أضلاع متساوية في الطول.

هل ترغب أيضًا في معرفة نوعه من حيث الزوايا (حاد، قائم، منفرج)؟"
"Geometry","properties and relationships of figures and solids","E","شكل رباعي يحتوي على ثلاث زوايا قياسها 90°، 85°، و 95°. ما قياس الزاوية الرابعة؟","لحل هذه المسألة الرياضية، نحتاج أولًا إلى تذكر خاصية مهمة من خواص **الأشكال الرباعية**:

> **مجموع الزوايا الداخلية لأي شكل رباعي يساوي دائمًا 360 درجة.**

### معطيات المسألة:
- الشكل هو رباعي (أي له 4 أضلاع و 4 زوايا).
- ثلاث من زواياه هي:  
  - 90°  
  - 85°  
  - 95°

نريد إيجاد قياس **الزاوية الرابعة**.

---

### الخطوة الأولى: نجمع الزوايا المعطاة
$$
90^\circ + 85^\circ + 95^\circ = 270^\circ
$$

---

### الخطوة الثانية: نطرح من مجموع الزوايا الكلية للشكل الرباعي
$$
360^\circ - 270^\circ = 90^\circ
$$

---

### إذًا، قياس الزاوية الرابعة هو:
$$
\boxed{90^\circ}
$$

---

هل ترغب أن أشرح لك لماذا مجموع زوايا الشكل الرباعي يساوي 360 درجة؟"
"Geometry","properties and relationships of figures and solids","E","احسب مجموع زوايا الشكل السداسي الداخلي.","لحساب **مجموع الزوايا الداخلية للشكل السداسي** (سواء كان منتظمًا أو غير منتظم)، يمكنك استخدام **صيغة عامة تُستخدم لأي مضلع مغلق**:

### 📌 الصيغة:
$$
\text{مجموع الزوايا الداخلية} = (n - 2) \times 180^\circ
$$

حيث:
- $ n $: عدد أضلاع المضلع (أو عدد زواياه).

---

### 🔹 في حالة الشكل السداسي:
السداسي له **6 أضلاع**، إذن $ n = 6 $

نطبق في المعادلة:

$$
(6 - 2) \times 180^\circ = 4 \times 180^\circ = 720^\circ
$$

---

### ✅ الإجابة النهائية:
**مجموع الزوايا الداخلية للشكل السداسي هو:**  
$$
\boxed{720^\circ}
$$

---

### 💡 ملاحظة إضافية:
إذا كان السداسي **منتظمًا** (أي جميع أضلاعه وزواياه متساوية)، فإن قياس كل زاوية داخلية يكون:

$$
\frac{720^\circ}{6} = 120^\circ
$$"
"Geometry","properties and relationships of figures and solids","F","اشرح لماذا يعتبر المربع مستطيلًا ومعينًا في نفس الوقت.","بالطبع! دعني أشرح لك لماذا يُعتبر **المربع** كلاً من **مستطيلًا** و**معينًا** في نفس الوقت، وذلك من خلال مقارنة خصائص كل شكل:

---

### 🔷 أولًا: تعريفات الأشكال

#### 1. **المستطيل (Rectangle)**:
- متوازي أضلاع.
- جميع الزوايا الأربع قوائم (90 درجة).
- الأضلاع المتقابلة متساوية ومتوازية.

#### 2. **المعين (Rhombus)**:
- متوازي أضلاع.
- جميع الأضلاع متساوية الطول.
- الأقطار متعامدة.

#### 3. **المربع (Square)**:
- هو متوازي أضلاع.
- جميع الأضلاع متساوية الطول.
- جميع الزوايا قوائم (90 درجة).
- الأقطار متساوية في الطول ومتعامدة وتتقاطع في منتصف بعضها.

---

### ✅ إذن لماذا يُعد المربع مستطيلًا؟
لأنه يحقق **جميع شروط المستطيل**:
- زواياه الأربع قوائم.
- أضلاعه المقابلة متوازية ومتساوية (في المربع، كل الأضلاع متساوية، لذا بالتأكيد المتقابلة كذلك).

### ✅ ولماذا يُعد معينًا أيضًا؟
لأنه يحقق **جميع شروط المعين**:
- جميع الأضلاع متساوية.
- الأقطار متعامدة.
- القطران ينصفان بعضهما البعض بزاوية قائمة.

---

### 🧠 خلاصة:
> **المربع هو حالة خاصة من المستطيل والمعين معًا**، لأنه يجمع بين خصائص الاثنين:
- زوايا قائمة مثل المستطيل.
- أضلاع متساوية مثل المعين.

---

هل تحب أن أرسم لك جدول مقارنة بين الخصائص لتوضح الفكرة أكثر؟ 😊"
"Geometry","properties and relationships of figures and solids","F","حدد ما إذا كان مثلثًا بأضلاع طولها 5 سم، 7 سم، و11 سم حاد الزوايا، قائم الزاوية، أو منفرج الزاوية.","لحل هذه المسألة وتحديد نوع المثلث (حاد الزوايا، قائم الزاوية، أم منفرج الزاوية) بناءً على أطوال أضلاعه:  
**5 سم، 7 سم، 11 سم**، نتبع الخطوات التالية:

---

### 📌 الخطوة الأولى: تذكر نظرية فيثاغورس والتمييز بين أنواع المثلثات

في مثلث ذي أضلاع $ a $, $ b $, $ c $ حيث $ c $ هو **أطول ضلع** (وهو الضلع المقابل للزاوية الأكبر):

- إذا كان:
  - $ a^2 + b^2 > c^2 $ ➜ **مثلث حاد الزوايا**
  - $ a^2 + b^2 = c^2 $ ➜ **مثلث قائم الزاوية**
  - $ a^2 + b^2 < c^2 $ ➜ **مثلث منفرج الزاوية**

---

### 📌 الخطوة الثانية: تحديد أطول الضلعين

الأطوال هي:  
$ 5 \text{سم},\ 7 \text{سم},\ 11 \text{سم} $

إذن، أطول ضلع هو:  
👉 $ c = 11 \text{سم} $  
والأضلاع الأخرى:  
$ a = 5 \text{سم},\ b = 7 \text{سم} $

---

### 📌 الخطوة الثالثة: احسب مربعات الأطوال

$$
a^2 = 5^2 = 25 \\
b^2 = 7^2 = 49 \\
c^2 = 11^2 = 121
$$

الآن نجمع مربعي الضلعين الأقصر:

$$
a^2 + b^2 = 25 + 49 = 74
$$

ثم نقارن مع:

$$
c^2 = 121
$$

---

### 📌 الخطوة الرابعة: المقارنة

$$
a^2 + b^2 = 74 \quad \text{و} \quad c^2 = 121
$$

نلاحظ أن:

$$
a^2 + b^2 < c^2 \Rightarrow 74 < 121
$$

---

### ✅ الاستنتاج:

بما أن **مربع أطول ضلع أكبر من مجموع مربعي الضلعين الآخرين**، فإن المثلث:

> 🔺 **منفرج الزاوية**

---

### 📝 ملحوظة إضافية:

تأكد أولًا من أن هذه الأطوال يمكن أن تشكل مثلثًا باستخدام **متباينة المثلث**:

- $ 5 + 7 > 11 $؟ ❌ لا، لأن $ 5 + 7 = 12 > 11 $
- $ 5 + 11 > 7 $؟ ✅ نعم
- $ 7 + 11 > 5 $؟ ✅ نعم

إذن: يمكن لهذه الأطوال تشكيل مثلث.

---

### 🎯 الإجابة النهائية:

> مثلث **منفرج الزاوية**."
"Geometry","properties and relationships of figures and solids","F","قارن حجم المكعب الذي طول ضلعه 4 سم بحجم متوازي المستطيلات الذي أبعاده 4 سم × 4 سم × 2 سم.","لحل هذه المسألة الرياضية، سنقوم بحساب **حجم المكعب** و**حجم متوازي المستطيلات**، ثم نقارن بينهما.

---

### 📌 أولاً: حجم المكعب

**المعطى:**  
طول ضلع المكعب = 4 سم

**قانون حجم المكعب:**
$$
\text{الحجم} = \text{الضلع}^3 = 4^3 = 64 \text{ سم}^3
$$

---

### 📌 ثانيًا: حجم متوازي المستطيلات

**المعطى:**  
الأبعاد هي: 4 سم × 4 سم × 2 سم

**قانون حجم متوازي المستطيلات:**
$$
\text{الحجم} = الطول × العرض × الارتفاع
$$
$$
= 4 × 4 × 2 = 32 \text{ سم}^3
$$

---

### 🔍 الآن نقارن بين الحجمين:

- حجم المكعب = 64 سم³  
- حجم متوازي المستطيلات = 32 سم³

إذن:
$$
\text{حجم المكعب} = 64 \text{ سم}^3 > \text{حجم متوازي المستطيلات} = 32 \text{ سم}^3
$$

أو يمكن القول:
$$
\text{حجم المكعب يساوي ضعف حجم متوازي المستطيلات}
$$

---

### ✅ الإجابة النهائية:

> حجم المكعب الذي طول ضلعه 4 سم أكبر من حجم متوازي المستطيلات الذي أبعاده 4 سم × 4 سم × 2 سم، حيث أن:
- **حجم المكعب = 64 سم³**
- **حجم متوازي المستطيلات = 32 سم³**

وبالتالي فإن **حجم المكعب يساوي ضعف حجم متوازي المستطيلات**."
"Geometry","properties and relationships of figures and solids","F","قارن بين المساحة السطحية لمكعب وكرة لهما نفس الحجم.","لحل هذه المسألة الرياضية، نحتاج إلى **مقارنة المساحة السطحية لمكعب وكرة عندما يكون لهما نفس الحجم**. لنقم بتحليل المسألة خطوة بخطوة.

---

### 📌 المعطى:
- المكعب والكرة لهما **نفس الحجم (الحجم متساوٍ)**.
- نريد مقارنة **المساحة السطحية لكل منهما**.

---

## ✅ الخطوة 1: حجم المكعب

لنرمز إلى طول ضلع المكعب بالحرف $ a $.

- **حجم المكعب**:
  $$
  V_{\text{مكعب}} = a^3
  $$

- **المساحة السطحية للمكعب**:
  $$
  S_{\text{مكعب}} = 6a^2
  $$

---

## ✅ الخطوة 2: حجم الكرة

لنرمز إلى نصف قطر الكرة بالحرف $ r $.

- **حجم الكرة**:
  $$
  V_{\text{كرة}} = \frac{4}{3} \pi r^3
  $$

- **المساحة السطحية للكرة**:
  $$
  S_{\text{كرة}} = 4\pi r^2
  $$

---

## ✅ الخطوة 3: تساوي الحجمين

نضع أن:
$$
V_{\text{مكعب}} = V_{\text{كرة}}
\Rightarrow a^3 = \frac{4}{3} \pi r^3
$$

نُعيد ترتيب المعادلة لإيجاد $ a $ بدلالة $ r $:

$$
a = \left( \frac{4}{3} \pi r^3 \right)^{1/3}
= r \cdot \left( \frac{4}{3} \pi \right)^{1/3}
$$

---

## ✅ الخطوة 4: نحسب المساحة السطحية للمكعب باستخدام هذا التعبير عن $ a $

$$
S_{\text{مكعب}} = 6a^2 = 6 \left[ r \cdot \left( \frac{4}{3} \pi \right)^{1/3} \right]^2
= 6r^2 \left( \frac{4}{3} \pi \right)^{2/3}
$$

---

## ✅ الخطوة 5: نحسب المساحة السطحية للكرة

$$
S_{\text{كرة}} = 4\pi r^2
$$

---

## ✅ الخطوة 6: نحسب النسبة بين المساحتين

نحسب نسبة المساحة السطحية للمكعب إلى الكرة:

$$
\frac{S_{\text{مكعب}}}{S_{\text{كرة}}}
= \frac{6r^2 \left( \frac{4}{3} \pi \right)^{2/3}}{4\pi r^2}
= \frac{6 \left( \frac{4}{3} \pi \right)^{2/3}}{4\pi}
$$

نحسب القيمة العددية تقريبيًا:

- أولًا: $ \left( \frac{4}{3} \pi \right)^{2/3} \approx \left( 4.1888 \right)^{2/3} \approx 2.639 $
- ثم:
$$
\frac{6 \times 2.639}{4\pi} \approx \frac{15.834}{12.566} \approx 1.26
$$

---

## ✅ الاستنتاج النهائي:

عندما يكون للمكعب والكرة نفس الحجم، فإن **المكعب له مساحة سطحية أكبر بنسبة حوالي 26%** مقارنة بالكرة.

أي أن:

$$
\boxed{\text{المساحة السطحية للمكعب} \approx 1.26 \times \text{المساحة السطحية للكرة}}
$$

---

## 🧠 ملاحظة:

هذه نتيجة عامة في الهندسة: **من بين جميع الأجسام ذات الحجم نفسه، تكون الكرة لها أقل مساحة سطحية ممكنة**. وهذا يفسر لماذا تأخذ القطرات المائية شكل كرات.

هل ترغب في رؤية ذلك بصريًا أو في صورة رسومية؟"
"Geometry","properties and relationships of figures and solids","G","صف المقطع العرضي الناتج عن قطع الأسطوانة عموديًا.","بالطبع! دعني أشرح لك ببساطة كيف تحل هذه المسألة:

### السؤال:
**""صف المقطع العرضي الناتج عن قطع الأسطوانة عموديًا.""**

---

## 🔍 فهم المعطيات:
- **الأسطوانة**: شكل هندسي ثلاثي الأبعاد، له قاعدتان دائريتان متساويتان ومتوازيتان، ووجه جانبي منحنٍ يربط بين القاعدتين.
- **القطع العمودي**: أي أن المستوى (أو السطح) الذي يقطع الأسطوانة يكون عموديًا على القاعدة، أي في زاوية 90 درجة بالنسبة لها.

---

## 🧠 التفكير الهندسي:

### إذا قمت بـ **قطع الأسطوانة عموديًا**، فإن هناك نوعين رئيسيين من المقاطع التي قد تحصل عليها، حسب **مكان واتجاه القطع**:

### ✅ الحالة الأولى: القطع **بمستوى عمودي يمر عبر محور الأسطوانة**
- هذا المستوى يقطع الأسطوانة من المنتصف، ويمر عبر مركز القاعدتين.
- **المقطع الناتج يكون مستطيلاً**.
  - لماذا؟ لأنك ترى الجانب الداخلي للأسطوانة من الداخل، وتظهر القاعدة الدائرية كقطر للمستطيل.

### ✅ الحالة الثانية: القطع **بمستوى عمودي لا يمر بالمحور**
- أي أن المستوى موازٍ للمحور لكنه بعيد عنه.
- **المقطع الناتج يكون قطعًا ناقصًا (إهليلجيًا)**.
  - لماذا؟ لأن القطع لم يمر بالمركز، وبالتالي شكل الحافة سيكون إهليلجيًا وليس دائرة أو مستطيلًا.

---

## 📌 خلاصة الأجوبة المحتملة:

| نوع القطع | شكل المقطع العرضي |
|----------|-------------------|
| مستوى عمودي يمر بمحور الأسطوانة | **مستطيل** |
| مستوى عمودي لا يمر بالمحور | **إهليلج (قطع ناقص)** |

---

## 🎯 إذن الجواب الأمثل للسؤال العام:
> ""عند قطع الأسطوانة عموديًا، يكون المقطع العرضي الناتج **مستطيلًا** إذا كان المستوى يمر بمحور الأسطوانة، أو **قطعًا ناقصًا** إذا كان المستوى لا يمر بالمحور.""

---

هل تريد أن أساعدك برسم توضيحي أو شرح أكثر تفصيلًا باستخدام أمثلة أو صور ذهنية؟"
"Geometry","properties and relationships of figures and solids","G","استخدم صيغة أويلر لمنشور له 9 أوجه.","لحل هذه المسألة الرياضية باستخدام **صيغة أويلر**، نحتاج أولًا إلى فهم ما هي صيغة أويلر ولماذا تُستخدم.

---

### ✅ **ما هي صيغة أويلر؟**

صيغة أويلر (Euler's Formula) تربط بين عدد **الرؤوس** $ V $، وعدد **الحواف** $ E $، وعدد **الأوجه** $ F $ في متعدد السطوح (Polyhedron) غير المتقاطع (بمعنى أنه ليس مثلاً على شكل نجمة أو معقد). الصيغة هي:

$$
V - E + F = 2
$$

حيث:
- $ V $: عدد الرؤوس (Vertices)
- $ E $: عدد الحواف (Edges)
- $ F $: عدد الأوجه (Faces)

---

### 📌 **المعطى في المسألة:**
- عدد الأوجه $ F = 9 $

ونريد استخدام صيغة أويلر لإيجاد علاقة بين $ V $ و $ E $. لكن لاحظ أن المعطى الوحيد هو $ F = 9 $، لذلك لا يمكن تحديد القيم الدقيقة لكل من $ V $ و $ E $ بدون معلومات إضافية.

لكن يمكنك:
1. كتابة العلاقة العامة بين $ V $ و $ E $ عند معرفة $ F $
2. أو إذا كان لديك نوع معين من المنشور (مثل منشور سداسي أو خماسي)، يمكنك حسابها بدقة

---

## 🔍 لنبدأ بالعلاقة العامة:

باستخدام صيغة أويلر:

$$
V - E + F = 2
$$

نعوّض $ F = 9 $:

$$
V - E + 9 = 2
$$

$$
V - E = -7
$$

أو:

$$
V = E - 7
$$

وهذه هي العلاقة بين عدد الرؤوس وعدد الحواف لمثل هذا المنشور الذي له 9 أوجه.

---

### 🧮 مثال عملي (إذا كنت تريد قيمة تقريبية):

لنفترض أنك تتعامل مع **منشور سداسي** (Hexagonal Prism)، وهو منشور له:
- قاعدتان سداسيتان ⇒ وجهان
- 6 أوجه جانبية مستطيلة ⇒ 6 أوجه
إذًا:  
$$
F = 2 + 6 = 8 \quad ❌
$$
ليس كافيًا، لأنه يعطي 8 أوجه فقط.

جرب **منشور سباعي** (Heptagonal Prism):
- وجهان سباعيان ⇒ القاعدتين
- 7 أوجه جانبية مستطيلة ⇒ الجوانب
إذًا:
$$
F = 2 + 7 = 9 ✔️
$$

هذا هو الشكل الذي يتوافق مع المعطى!

#### الآن نحسب $ V $ و $ E $:

- كل قاعدة سباعية تحتوي على 7 رؤوس ⇒ المجموع $ 7 \times 2 = 14 $ رأسًا
  ولكن الرؤوس المتكررة بين القاعدتين واحدة ⇒ عدد الرؤوس الفريدة = $ 7 \times 2 = 14 $

- عدد الحواف:
  - 7 حواف في القاعدة العلوية
  - 7 حواف في القاعدة السفلية
  - 7 حواف عمودية تربط الرؤوس المقابلة بين القاعدتين
  ⇒ المجموع: $ 7 + 7 + 7 = 21 $

#### نختبر صيغة أويلر:

$$
V - E + F = 14 - 21 + 9 = 2 ✔️
$$

✅ إذًا التحقق صحيح.

---

### ✅ الخلاصة:

- إذا كان لديك منشور له 9 أوجه، فمن المحتمل أن يكون **منشورًا سباعيًا**.
- عدد الرؤوس $ V = 14 $
- عدد الحواف $ E = 21 $
- عدد الأوجه $ F = 9 $
- صيغة أويلر محققة: $ V - E + F = 14 - 21 + 9 = 2 $

---

هل ترغب في تعميم الحل أو تطبيقه على أشكال أخرى؟"
"Geometry","properties and relationships of figures and solids","G","حدد نوع الرباعي الذي تتقاطع فيه الأقطار عند منتصفها بزاوية قائمة.","لحل هذه المسألة الرياضية:  
**""حدد نوع الرباعي الذي تتقاطع فيه الأقطار عند منتصفها بزاوية قائمة.""**

سنقوم بتحليل المعطيات خطوة بخطوة:

---

### ✅ **المعطيات:**
1. الشكل هو **رباعي** (أي له أربع أضلاع).
2. **الأقطار تتقاطع عند منتصفها** – أي أن كل قطر يُقسم القطر الآخر إلى نصفين متساويين.
3. **الزاوية بين الأقطار هي زاوية قائمة (90 درجة)**.

---

## 🔍 التحليل:

### 1. **الأقطار تتقاطع عند منتصفها:**
- هذا الشرط يتحقق في بعض الأنواع الخاصة من الأشكال الرباعية، مثل:
  - **متوازي الأضلاع**
  - **المستطيل**
  - **المعين**
  - **المربع**

لكن ليس كل هذه الأشكال تنطبق عليها **الشرط الثاني** وهو أن تكون الزاوية بين الأقطار قائمة.

---

### 2. **الأقطار تتقاطع بزاوية قائمة:**
- من المعروف أن هذا الشرط يتحقق فقط في:
  - **المعين**
  - **المربع**

لماذا؟
- في **المعين**: الأقطار تتقاطع عند منتصفها وتشكل زوايا قائمة.
- في **المربع** (وهو حالة خاصة من المعين والمستطيل): الأقطار أيضًا تتقاطع عند منتصفها وبرتبت زاوية قائمة.

---

## ✅ الاستنتاج:

إذًا، الشكل الوحيد (من بين الأنواع المشهورة من الأرباع) الذي:
- **يملك أقطارًا تتقاطع عند منتصفها**
- **وتكون الزاوية بينهما قائمة**

هو **المعين**، وإذا كانت الأضلاع متساوية والزوايا قائمة، يكون الشكل **مربعًا**.

لكن بما أن السؤال لا يشترط أن تكون الزوايا داخل الرباعي قائمة أو أن الأضلاع متساوية، فإن **أدق إجابة** هي:

> ✅ **المعين**

---

### 📌 خلاصة:
**الرباعي الذي تتقاطع فيه الأقطار عند منتصفها بزاوية قائمة هو: _المعين_**.

--- 

هل تحب أن أشرح لك لماذا الأقطار في المعين تتعامد؟"
"Geometry","properties and relationships of figures and solids","G","مثلث له أضلاع بطول 5 سم و 12 سم، وزاوية بينهما مقدارها 60°؛ استخدم قانون قانون جيب التمام لحساب مساحة المثلث.","لحساب **مساحة مثلث** باستخدام قانون **جيب التمام**، نحتاج أولاً إلى فهم المعطيات:

- لديك طولان لضلعين:  
  $ a = 5 \, \text{سم} $،  
  $ b = 12 \, \text{سم} $،  
- والزاوية بينهما:  
  $ C = 60^\circ $

لكن ملاحظة مهمة:
> **قانون جيب التمام** يُستخدم لحساب **طول الضلع الثالث** في المثلث إذا كنت تعرف ضلعين وزاوية بينهما.  
أما لحساب **المساحة**، فإن هناك **قانونًا مباشرًا** يعتمد على نفس المعلومات (ضلعين والزاوية بينهما) وهو:

### ✳️ قانون حساب مساحة المثلث:
$$
\text{المساحة} = \frac{1}{2} ab \sin(C)
$$

حيث:
- $ a $ و $ b $ هما الضلعان.
- $ C $ هي الزاوية بينهما.

---

### 🔢 الآن لنطبق الأرقام:

$$
\text{المساحة} = \frac{1}{2} \cdot 5 \cdot 12 \cdot \sin(60^\circ)
$$

نحن نعلم أن:
$$
\sin(60^\circ) = \frac{\sqrt{3}}{2}
$$

إذًا:

$$
\text{المساحة} = \frac{1}{2} \cdot 5 \cdot 12 \cdot \frac{\sqrt{3}}{2}
= \frac{60 \cdot \sqrt{3}}{4}
= 15\sqrt{3} \, \text{سم}^2
$$

---

### ✅ الإجابة النهائية:
$$
\boxed{15\sqrt{3} \text{ سم}^2}
$$

---

### 💡 هل يمكن استخدام قانون جيب التمام هنا؟
نعم، لكن فقط إذا كنت تريد إيجاد **الضلع الثالث** أولًا، ثم استخدام قوانين أخرى (مثل صيغة هيرون) لحساب المساحة. لكن في هذه الحالة، من الأسهل استخدام قانون المساحة المباشر الذي استخدمناه."
"Geometry","properties and relationships of figures and solids","H","أثبت أن الزوايا المتقابلة في رباعي دائري تكون مجموعها 180 درجة.","بالطبع! دعني أشرح لك كيف تثبت أن **الزوايا المتقابلة في الرباعي الدائري** يكون مجموعها 180 درجة. هذا أحد أهم النظريات في الهندسة الإقليدية، وسنستخدم فيها خواص الزوايا المحيطية والقوس الذي تقابلته.

---

### 📌 أولًا: ما هو الرباعي الدائري؟
الرباعي الدائري هو **رباعي الأضلاع الذي تقع رءوسه الأربعة على محيط دائرة واحدة**.

---

### 🎯 الهدف:
نريد أن نُثبت أنه:

> إذا كان $ABCD$ رباعيًا دائريًا، فإن:
$$
\angle A + \angle C = 180^\circ
\quad \text{وأيضًا} \quad
\angle B + \angle D = 180^\circ
$$

---

### ✏️ البرهان (خطوة بخطوة):

لنأخذ الرباعي $ABCD$ المرسوم داخل دائرة، أي أن الرءوس $A, B, C, D$ تقع على محيط الدائرة.

#### 1. استخدم خاصية الزاوية المحيطية:
تذكر أن **الزاوية المحيطية التي تقابل قوسًا معينًا تكون نصف قياس القوس**.

#### 2. لننظر إلى الزاويتين المتقابلتين $\angle A$ و$\angle C$:
- الزاوية $\angle A$ هي زاوية محيطية تقابل القوس $BCD$.
- الزاوية $\angle C$ هي زاوية محيطية تقابل القوس $BAD$.

إذًا:
$$
\angle A = \frac{1}{2} \times \text{طول القوس } BCD \\
\angle C = \frac{1}{2} \times \text{طول القوس } BAD
$$

لكن:
- القوس $BCD$ + القوس $BAD$ = **محيط الدائرة الكاملة** = $360^\circ$

لذلك:
$$
\angle A + \angle C = \frac{1}{2}(360^\circ) = 180^\circ
$$

✅ وهكذا أثبتنا أن مجموع الزاويتين المتقابلتين في الرباعي الدائري هو $180^\circ$

---

### 🔁 نفس الفكرة تنطبق على:
$$
\angle B + \angle D = 180^\circ
$$
لأن كل زاوية منهما تقابل جزءًا من محيط الدائرة، ومجموع القوسين اللذين تقابلتهما الزاويتان يساوي أيضًا $360^\circ$.

---

### 🧠 ملحوظة:
عكس النظرية صحيح أيضًا:
> إذا كان في رباعي مجموع كل زاويتين متقابلتين $180^\circ$، فهو رباعي دائري.

---

### 📝 خلاصة:
لقد أثبتنا أن:
$$
\angle A + \angle C = 180^\circ \quad \text{و} \quad \angle B + \angle D = 180^\circ
$$
باستخدام خاصية الزاوية المحيطية وعلاقة القوس بالزاوية.

هل تحب أن أرسم لك شكلًا فكريًّا لتتخيل الأمر بشكل أفضل؟ 😊"
"Geometry","properties and relationships of figures and solids","H","لديك أربع نقاط في الفضاء ثلاثي الأبعاد: أ(1, 2, 3)، ب(4, 5, 6)، ج(7, 8, 9) ود(10, 11, 12). حدد ما إذا كانت هذه النقاط الأربعة تقع على نفس المستوى.","لحل هذه المسألة وتحديد ما إذا كانت **النقاط الأربعة تقع على نفس المستوى (coplanar)** في الفضاء ثلاثي الأبعاد، نحتاج إلى فهم مفهوم **الاستوائية (Coplanarity)**.

---

### 🔹 المعلومة الأساسية:

أربع نقاط في الفضاء ثلاثي الأبعاد تُقال إنها **مستوية** (coplanar) إذا كان بالإمكان رسم مستوى واحد يحتوي جميعها.

---

## ✳️ الخطوات لحل المسألة:

### 📍 المعطيات:
النقاط الأربع هي:
- $ A(1, 2, 3) $
- $ B(4, 5, 6) $
- $ C(7, 8, 9) $
- $ D(10, 11, 12) $

---

### ⚙️ الطريقة: استخدام المحدد (Determinant)

نأخذ ثلاث **متجهات** من هذه النقاط، مثل:

- المتجه $ \vec{AB} = B - A = (4-1, 5-2, 6-3) = (3, 3, 3) $
- المتجه $ \vec{AC} = C - A = (7-1, 8-2, 9-3) = (6, 6, 6) $
- المتجه $ \vec{AD} = D - A = (10-1, 11-2, 12-3) = (9, 9, 9) $

---

### 🧮 الآن نحسب **المحدد الثلاثي (Scalar Triple Product)**:

$$
\vec{AB} \cdot (\vec{AC} \times \vec{AD})
$$

إذا كان هذا المحدد **يساوي صفرًا**، فإن النقاط الأربعة تقع على مستوى واحد.

لكن قبل الحساب، لاحظ أن:

- $ \vec{AB} = (3, 3, 3) $
- $ \vec{AC} = (6, 6, 6) = 2 \cdot \vec{AB} $
- $ \vec{AD} = (9, 9, 9) = 3 \cdot \vec{AB} $

أي أن كل المتجهات من النقطة $A$ إلى بقية النقاط **متناسبة**، أي أنها **موازية** لبعضها البعض.

---

### 📌 استنتاج مهم:

إذا كانت ثلاثة متجهات من نقطة واحدة **موازية لبعضها أو تابعة خطيًا (linearly dependent)**، فإن حجم متوازي السطوح الذي تشكّله هذه المتجهات يكون **صفرًا** ⇒ أي أن النقاط تقع على مستوى واحد.

وبما أن:

$$
\vec{AC} = 2 \cdot \vec{AB}, \quad \vec{AD} = 3 \cdot \vec{AB}
$$

فإن هذه المتجهات **تابعة خطيًا**، وبالتالي:

$$
\vec{AB} \cdot (\vec{AC} \times \vec{AD}) = 0
$$

---

### ✅ الإجابة النهائية:

> **نعم، النقاط الأربع تقع على نفس المستوى.**

---

### 📝 ملاحظة إضافية:

يمكنك أيضًا استخدام المصفوفة التالية لحساب المحدد:

$$
\text{Volume} = 
\begin{vmatrix}
3 & 3 & 3 \\
6 & 6 & 6 \\
9 & 9 & 9 \\
\end{vmatrix}
= 0
$$

بما أن المحدد صفراً، فإن النقاط مستوية.

--- 

هل تحب أن أشرح لك طريقة أخرى باستخدام معادلة المستوى؟"
"Geometry","properties and relationships of figures and solids","H","أثبت أن مركز الثقل في المثلث يقسم كل متوسط بنسبة ٢:١ باستخدام الإحداثيات.","بالطبع! يمكننا إثبات أن **مركز ثقل (جاذبية) المثلث يقسم كل متوسط بنسبة 2:1** باستخدام **الإحداثيات الجبرية**. لنبدأ خطوة بخطوة.

---

### 🔹 الخطوة الأولى: تعريف المثلث بالإحداثيات

لنفترض أن لدينا مثلثًا له رؤوس في النقاط التالية:

- $ A(x_1, y_1) $
- $ B(x_2, y_2) $
- $ C(x_3, y_3) $

---

### 🔹 الخطوة الثانية: إيجاد نقطة منتصف أحد الأضلاع

نأخذ على سبيل المثال الضلع $ BC $، ونحسب إحداثيات منتصفه:

$$
M = \left( \frac{x_2 + x_3}{2}, \frac{y_2 + y_3}{2} \right)
$$

القطعة المستقيمة من النقطة $ A $ إلى النقطة $ M $ هي **متوسط المثلث** النازل من الرأس $ A $ إلى الضلع $ BC $.

---

### 🔹 الخطوة الثالثة: حساب مركز الثقل (G)

مركز ثقل المثلث هو نقطة تقاطع المتوسطات، ويمكن حساب إحداثياته كما يلي:

$$
G = \left( \frac{x_1 + x_2 + x_3}{3}, \frac{y_1 + y_2 + y_3}{3} \right)
$$

---

### 🔹 الخطوة الرابعة: نثبت أن G تقسم المتوسط بنسبة ٢:١

نريد أن نثبت أن النقطة $ G $ تقع على المتوسط $ AM $، وتُقسمه بحيث تكون المسافة من $ A $ إلى $ G $ ضعف المسافة من $ G $ إلى $ M $. أي:

$$
AG : GM = 2 : 1
$$

#### نستخدم معادلة التقسيم بين نقطتين:

إذا كانت النقطة $ P $ تقسم القطعة المستقيمة بين النقطتين $ A(x_1, y_1) $ و $ M(x_m, y_m) $ بنسبة $ m:n $، فإن إحداثياتها هي:

$$
P = \left( \frac{m x_m + n x_1}{m+n},\ \frac{m y_m + n y_1}{m+n} \right)
$$

#### الآن: نفرض أن $ G $ تقسم $ AM $ بنسبة $ 2:1 $

أي $ m = 2 $, $ n = 1 $

نحسب إحداثيات النقطة التي تقسم $ AM $ بنسبة $ 2:1 $:

$$
P = \left( \frac{2x_m + x_1}{3},\ \frac{2y_m + y_1}{3} \right)
$$

لكن:
$$
x_m = \frac{x_2 + x_3}{2}, \quad y_m = \frac{y_2 + y_3}{2}
$$

نعوّض:

$$
P = \left( \frac{2\cdot \frac{x_2 + x_3}{2} + x_1}{3},\ \frac{2\cdot \frac{y_2 + y_3}{2} + y_1}{3} \right)
= \left( \frac{x_2 + x_3 + x_1}{3},\ \frac{y_2 + y_3 + y_1}{3} \right)
$$

وهذه **نفس إحداثيات النقطة $ G $** التي حسبناها مسبقًا!

---

### ✅ الاستنتاج:

إذًا، النقطة $ G $ تقع على المتوسط $ AM $ وتقسمه بنسبة $ 2:1 $، حيث يكون الجزء الأقرب للرأس أطول.

ويمكن تكرار نفس البرهان مع المتوسطين الآخرين للمثلث، فنجد أن النتيجة واحدة.

---

### 📌 خلاصة:

باستخدام الإحداثيات، أثبتنا أن **مركز ثقل المثلث يقسم كل متوسط بنسبة ٢:١**، بحيث تكون المسافة من الرأس إلى مركز الثقل ضعف المسافة من مركز الثقل إلى منتصف الضلع.

هل تحب أن أوضح ذلك برسم توضيحي أو بمثال عددي؟"
"Geometry","Designs and Drawings","B","ارسم مربعًا وقم بتقسيمه إلى 4 أجزاء متساوية.","بالطبع! دعني أشرح لك خطوة بخطوة **كيف ترسم مربعًا وتقسمه إلى 4 أجزاء متساوية**.

---

### 🎯 الهدف:
رسم **مربع**، ثم تقسيمه إلى **أربعة أجزاء متساوية** (كل جزء له نفس الشكل والمساحة).

---

## ✅ الطريقة الأولى: باستخدام خطين مستقيمين (أفقي ورأسي)

### الخطوات:

1. **ارسم المربع**:
   - استخدم مسطرة لرسم شكل مربع منتظم، أي أن تكون جميع أضلاعه متساوية وزواياه قائمة (90 درجة).

2. **ارسم خطًا رأسيًا من المنتصف**:
   - ارسم خطًا من منتصف الضلع العلوي إلى منتصف الضlec السفلي، بحيث يقسم المربع إلى جزأين متساويين من اليسار إلى اليمين.

3. **ارسم خطًا أفقيًا من المنتصف**:
   - ارسم خطًا من منتصف الضلع الأيسر إلى منتصف الضلع الأيمن، بحيث يقسم المربع إلى جزأين متساويين من الأعلى إلى الأسفل.

4. **النتيجة**:
   - الآن لديك **4 أجزاء متساوية** داخل المربع، وكل جزء هو عبارة عن مربع صغير أو مستطيل إذا لم يكن المربع منتظمًا.

> 💡 هذه الطريقة تُنتج 4 أجزاء على شكل **مستطيلات** (أو مربعات صغيرة إذا كان المربع الأصلي منتظمًا).

---

## ✅ الطريقة الثانية: باستخدام قطرين (تقسيم مثلثات)

### الخطوات:

1. **ارسم المربع** كما في الطريقة السابقة.

2. **ارسم القطرين**:
   - من الزاوية العلوية اليمنى إلى الزاوية السفلية اليسرى.
   - ومن الزاوية العلوية اليسرى إلى الزاوية السفلية اليمنى.

3. **النتيجة**:
   - القطرين يتقاطعان في منتصف المربع، ويقسمانه إلى **4 مثلثات متساوية**.

> 💡 هذه الطريقة تُنتج 4 أجزاء على شكل **مثلثات قائمية ومتطابقة**.

---

## ✅ ملاحظة مهمة:
- عند قول ""أجزاء متساوية""، لا يعني بالضرورة أن تكون الأشكال متشابهة شكليًا (مثل المثلثات أو المستطيلات)، بل يجب أن تكون **مساحتها متساوية**.
- كلا الطريقتين السابقتين تعطي أجزاءً **مساحتها متساوية تمامًا**.

---

هل تفضل رسم هذا التقسيم بطريقة معينة؟ مثلاً باستخدام مثلثات، أو أشكال غير منتظمة، أو حتى بطريقة فنية؟  
أنا جاهز أساعدك بأي طريقة تحب 😊"
"Geometry","Designs and Drawings","B","استخدم المسطرة لرسم مثلث له ثلاثة أضلاع مستقيمة.","بالطبع! دعني أشرح لك خطوة بخطوة كيفية **حل هذه المسألة الرياضية**:  
**""استخدم المسطرة لرسم مثلث له ثلاثة أضلاع مستقيمة""**.

---

### 🧠 أولاً: فهم المطلوب

المسألة تطلب منك **رسم مثلث باستخدام المسطرة**، بحيث يكون للمثلث **ثلاثة أضلاع مستقيمة**. هذا يبدو بسيطًا، لكنه يختبر فهمك للأدوات الهندسية وكيفية استخدامها بدقة.

---

### ✏️ ثانيًا: الأدوات التي ستحتاجها

- **مسطرة**: لرسم خطوط مستقيمة.
- **ورقة** (يفضل أن تكون مربعة أو بيضاء).
- **قلم رصاص**.

---

### 🔍 ثالثًا: الخطوات العملية لرسم المثلث

1. **ارسم الضلع الأول**:
   - ضع المسطرة على الورقة.
   - ارسم خطاً مستقيماً بطول معين (مثلاً 5 سم). هذا سيكون أحد أضلاع المثلث.

2. **ارسم الضلع الثاني**:
   - من أحد طرفي الخط الأول، ارسم خطاً آخر مستقيماً باتجاه مختلف (غير موازٍ للخط الأول)، بنفس الطريقة باستخدام المسطرة.
   - يمكنك جعل الزاوية بين الخطين حوالي 60 درجة تقريبًا (لكن لا تحتاج إلى قياس الزوايا في هذه الحالة).

3. **ارسم الضلع الثالث**:
   - وصل بين النقطة الأخيرة من الضلع الثاني والنقطة الثانية من الضلع الأول بخط مستقيم.
   - يجب أن يلتقي الخطان لكي يشكلا مثلثًا مغلقًا.

4. **تأكد من أن الأضلاع مستقيمة**:
   - استخدم المسطرة مرة أخرى لتتأكد من أن كل الأضلاع لا تنحني أو تتقوس.

---

### 📐 رابعًا: خصائص المثلث الذي رسمته

- المثلث الذي رسمته الآن له **ثلاثة أضلاع مستقيمة** كما هو مطلوب.
- إذا كنت دقيقًا في الرسم، فإن الشكل سيكون مثلثًا هندسيًا صحيحًا.
- يمكن أن يكون مثلثًا عاديًا (غير منتظم) أو حتى متساوي الأضلاع حسب الأطوال التي اخترتها.

---

### 💡 نصائح إضافية

- استخدم قلم رصاص لتتمكن من التعديل إن حدث خطأ.
- اضغط خفيفًا على القلم أثناء الرسم كي لا تترك آثارًا غير مرغوب فيها.
- إذا أردت مثلثًا أكثر دقة، يمكنك استخدام **منقلة** لقياس الزوايا أيضًا.

---

### ✅ خامسًا: خلاصة

باستخدام المسطرة فقط، يمكنك رسم مثلث عن طريق:

1. رسم ثلاثة أضلاع مستقيمة.
2. التأكد من أن الخطوط تلتقي عند الرؤوس.
3. تكوين شكل مغلق ثلاثي الأضلاع.

وهذا تمامًا ما يُطلب في المسألة.

هل ترغب أن أشرح لك كيف ترسم مثلثًا متساوي الأضلاع أو قائم الزاوية أيضًا؟ 😊"
"Geometry","Designs and Drawings","B","استخدم المسطرة لرسم خط مستقيم طوله 6 سم.","بالطبع! إليك خطوات حل هذه المسألة بطريقة واضحة وبسيطة:

### السؤال:  
**استخدم المسطرة لرسم خط مستقيم طوله 6 سم.**

---

### الخطوات العملية:

1. **جهّز الأدوات:**
   - مسطرة (تُقيس بالسنتيمترات).
   - قلم رصاص.
   - ورقة بيضاء.

2. **ضع الورقة على سطح مستوٍ:** مثل كتابك أو الطاولة.

3. **امسك المسطرة بيدك غير المهيمنة (مثلاً اليد اليسرى إذا كنت تكتب بال右手):**
   - ضع المسطرة بشكل مستقيم على الورقة.
   - تأكد من أنها ثابتة ولا تتحرك أثناء الرسم.

4. **عيّن نقطة بداية الخط:**
   - استخدم قلم الرصاص لتضع一个小 خفيف عند علامة **0 سم** على المسطرة.

5. **ارسم الخط حتى النقطة النهائية:**
   - ارسم خطًا رفيعًا باستخدام القلم على طول حافة المسطرة، من علامة **0 سم** إلى علامة **6 سم**.

6. **ارفع المسطرة بلطف:**
   - الآن لديك خط مستقيم طوله 6 سم.

7. (اختياري) **قم بتقنين الخط:** إذا أردت أن يكون أكثر وضوحًا، يمكنك إعادة رسمه بخط أكثر سمكًا أو بقلم حبر.

---

### نصائح:
- تأكد من أن المسطرة موضوعة في وضعية صحيحة لتجنب أي انحناء في الخط.
- لا تضغط كثيرًا على القلم حتى لا تمزق الورقة.

---

### توضيح إضافي (للفهم الرياضي):
في الرياضيات، هذا الخط يمثل **قطعة مستقيمة** لها:
- **نقطة بداية** (0 سم)
- **نقطة نهاية** (6 سم)
- وطولها هو **6 سم** تمامًا.

إذا كنت في مرحلة تعليمية أعلى، يمكن أيضًا استخدام الإحداثيات لنمثل هذا الخط، مثلاً:
- لو وضعنا نقطة البداية عند (0, 0)، فإن نقطة النهاية ستكون عند (6, 0) على المحور الأفقي.

---

هل تريد أن أشرح لك كيف تقيس زوايا مع هذا الخط أو ترسم عمودًا عليه أيضًا؟ 😊"
"Geometry","Designs and Drawings","B","أي من الأشكال التالية يمكنك رسمه باستخدام خطوط مستقيمة فقط؟","بالطبع! لكن أولاً، أحتاج إلى معرفة **ما هي الأشكال المتاحة** في السؤال لتتمكن من اختيار الشكل الذي يمكن رسمه باستخدام **خطوط مستقيمة فقط**.

لكن بما أنك لم تذكر الأشكال تحديدًا، سأشرح لك **كيف يمكنك حل هذا النوع من المسائل بنفسك**، مع أمثلة لبعض الأشكال الشهيرة:

---

### 🔍 ما المقصود بـ ""رسم شكل باستخدام خطوط مستقيمة فقط""؟
هذا يعني أن الشكل لا يحتوي على أي **منحنيات (منحنى)**، ويُرسم فقط باستخدام **قطع مستقيمة** متصلة ببعضها البعض.

---

### ✅ أشكال يمكن رسمها بخطوط مستقيمة:
1. **المثلث**
2. **المربع**
3. **المستطيل**
4. **المعين**
5. **متوازي الأضلاع**
6. **الخماسي المنتظم (مثل خماسي الزوايا)**
7. **النجمة الخمسية**

كل هذه الأشكال تتكون من **خطوط مستقيمة فقط**.

---

### ❌ أشكال لا يمكن رسمها بخطوط مستقيمة فقط:
1. **الدائرة**
2. **البيضاوي (الإهليلج)**
3. **اللولب (الحلزون)**
4. **ال sinusoidal wave أو المنحنيات الأخرى**

هذه الأشكال تحتوي على **منحنيات**، وبالتالي لا يمكن رسمها باستخدام خطوط مستقيمة فقط.

---

### 📌 كيف تجيب على مثل هذا السؤال في اختبار؟
1. انظر إلى كل شكل.
2. اسأل نفسك: هل يتكون الشكل بالكامل من خطوط مستقيمة؟
3. إذا كان هناك أي جزء منحنٍ → الشكل لا يُعتبر مرسومًا بخطوط مستقيمة فقط.

---

### 💡 مثال:
**السؤال:** أي من الأشكال التالية يمكن رسمه باستخدام خطوط مستقيمة فقط؟  
**الخيارات:**
- مثلث
- دائرة
- نجمة
- قلب

**الإجابة الصحيحة:**
- ✅ مثلث ✔️
- ✅ نجمة ✔️
- ❌ دائرة ❌ (لأنها منحنى)
- ❌ قلب ❌ (عادةً يحتوي على منحنيات)

---

إذا كنت لديك **الأشكال المحددة** التي كانت في السؤال، يمكنك إرسالها لي وسأ帮你 في التعرف على الإجابة الدقيقة."
"Geometry","Designs and Drawings","C","ارسم مثلثًا يحتوي على زاوية قائمة.","بالطبع! دعني أشرح لك **كيفية رسم مثلث يحتوي على زاوية قائمة** خطوة بخطوة بطريقة سهلة ومبسطة.

---

### 🔺 ما هو المثلث القائم الزاوية؟

هو مثلث **تحتوي إحدى زواياه على 90 درجة**، وتُسمى هذه الزاوية ""الزاوية القائمة"". والضلعين اللذين يشكلان الزاوية القائمة يُطلق عليهما ""**الساقين**""، بينما يُسمى الضلع الثالث (المقابل للزاوية القائمة) ""**الوتر**""، وهو أطول ضلع في المثلث.

---

## ✏️ خطوات رسم مثلث قائم الزاوية:

### الطريقة الأولى: باستخدام الورقة والقلم والمسطرة

1. **ارسم ضلعين متعامدين:**
   - ارسم خطاً أفقياً صغيراً من نقطة معينة (لنسميها النقطة A).
   - ثم ارسم خطاً عمودياً (رأسيًا) من نفس النقطة A، بحيث يكون عموديًا تمامًا على الخط الأفقي.
   - الآن لديك زاوية قائمة عند النقطة A.

2. **соедин الأطراف:**
   - قم بتوصيل طرفي هذين الخطين بنقطة ثالثة (لنسميها B و C)، فتتشكل لديك مثلث له زاوية قائمة عند النقطة A.

3. **ضع التسميات (اختياري):**
   - يمكنك تسمية الزوايا أو أطوال الأضلاع إذا كنت تريد استخدامه في حسابات لاحقة.

---

### الطريقة الثانية: باستخدام أدوات الرسم الهندسي (منقلة ومسطرة)

1. **ارسم خطًا أفقيًا (AB).**
2. **استخدم المنقلة لتقيس 90 درجة عند النقطة A.**
3. **ارسم خطًا عموديًا من النقطة A (نقطة الزاوية القائمة).**
4. **اختر نقطة على هذا الخط العمودي وسمها C.**
5. **وصل بين النقطة C والنقطة B لتغلق الشكل المثلثي.**

---

## 📐 مثال عددي (إذا كنت تريد أبعادًا محددة):

يمكنك رسم مثلث قائم الزاوية بأطوال أضلاع:
- الساق الأول = 3 سم
- الساق الثاني = 4 سم
- الوتر = 5 سم

هذه أطوال مشهورة للمثلث القائم (3، 4، 5) وتُحقق نظرية فيثاغورس:

$$
3^2 + 4^2 = 9 + 16 = 25 = 5^2
$$

---

## 📝 ملاحظات مهمة:

- المثلث القائم الزاوية يتطلب فقط أن تكون إحدى زواياه 90 درجة.
- يمكنك رسمه بأي أبعاد طالما حافظت على الزاوية القائمة.
- يمكن استخدامه في الكثير من التطبيقات الرياضية مثل حساب المثلثات ونظرية فيثاغورس.

---

هل ترغب أن أساعدك برسم مثلث قائم الزاوية على ورقة بيانيّة أو باستخدام برنامج كمبيوتر مثل GeoGebra أو غيره؟"
"Geometry","Designs and Drawings","C","استخدم المنقلة لرسم زاوية مقدارها 45 درجة.","بالطبع! إليك شرحًا مبسطًا لكيفية **رسم زاوية مقدارها 45 درجة باستخدام المنقلة**، خطوة بخطوة:

---

### 🧰 الأدوات المطلوبة:
- ورقة
- قلم رصاص
- مسطرة (لرسم خطوط مستقيمة)
- منقلة

---

## ✏️ الخطوات:

### 1. ارسم شعاعًا أفقيًا:
- استخدم المسطرة لرسم خط مستقيم على الورق.
- هذا الخط سيكون أحد جانبي الزاوية، نسميه **الشعاع الأول**.

![رسم توضيحي ذهني: خط أفقي يمتد من نقطة O نحو اليمين]

---

### 2. ضع المنقلة على الورقة:
- ضع المنقلة بحيث يكون **مركز المنقلة** (عادة ما يكون هناك دائرة أو خط صغير في المنتصف) فوق **نقطة البداية للشعاع** (لنسمّيها النقطة **O**).
- ويجب أن يتطابق **الحافة السفلية للمنقلة** مع **الشعاع الأفقي** الذي رسمته.

---

### 3. ابحث عن علامة 45 درجة على المنقلة:
- المنقلة لها درجات من 0 إلى 180، من اليمين إلى اليسار ومن اليسار إلى اليمين حسب نوعها (نصف دائرية).
- إذا كانت المنقلة أمامك جهة اليمين، فابحث عن العلامة التي تشير إلى **45 درجة**.
- ضع نقطة صغيرة عند هذه الدرجة، وسمها مثلاً بالنقطة **A**.

---

### 4. اربط بين نقطة البداية والنقطة 45 درجة:
- استخدم المسطرة لتوصيل النقطة **O** بالنقطة **A** التي وضعتها عند 45 درجة.
- الآن لديك زاويتان: الشعاع الأفقي والشعاع الجديد، وبينهما زاوية مقدارها **45 درجة**.

---

### 5. (اختياري) يمكنك تظليل الزاوية:
- استخدم قوسًا صغيرًا بين الشعاعين لتوضيح الزاوية التي قمت برسمها.

---

## ✅ ملاحظات مهمة:
- تأكد من أن المنقلة ثابتة أثناء وضع العلامات.
- ارسم بالقلم الرصاص حتى يمكنك التعديل إذا حدث خطأ.
- بعض المنقل قد يكون له وجهان (يمين ويسار)، فتأكد من أنك تقرأ من الجهة الصحيحة.

---

هل تحب أن أشرح لك أيضًا كيف تقيس زاوية غير معروفة باستخدام المنقلة؟ 😊"
"Geometry","Designs and Drawings","C","قم برسم مكعب باستخدام خطوط منقطة لتمثيل الحواف المخفية.","بالطبع! إليك شرحًا خطوة بخطوة لكيفية **رسم مكعب باستخدام خطوط منقطة لتمثيل الحواف المخفية**. هذا النوع من الرسم يُستخدم كثيرًا في الهندسة الفراغية (الثلاثية الأبعاد) على ورقة ثنائية الأبعاد.

---

## 🎯 الهدف:
رسم **مكعب ثلاثي الأبعاد** بحيث تظهر **الحواف التي لا يمكن رؤيتها مباشرة** باستخدام **خطوط منقطة**.

---

## ✏️ أدواتك:
- ورقة وقلم.
- إن أمكن: مسطرة للحصول على خطوط مستقيمة دقيقة.

---

## 🧩 الخطوات:

### 1. ارسم المربع الأمامي:
ابدأ برسم **مربع أو مستطيل** (يفضل أن يكون مربعًا للمكعب المنتظم) في وسط الورقة. هذا سيكون **الوجه الأمامي** للمكعب.

مثال:
```
 _______
|       |
|       |
|_______|
```

### 2. ارسم المربع الخلفي الموازي:
ارسم مربعًا آخر **موازيًا** للمربع الأول، لكنه **مرتفع قليلًا للأعلى وللجانب** (عادة إلى اليمين أو اليسار العلوي). هذا المربع يمثل **الوجه الخلفي** للمكعب.

```
    _______
   |       |
   |       |
   |_______|

 _______
|       |
|       |
|_______|
```

### 3. وصل الزوايا بين المربعين:
قم بوصل الزوايا المتناظرة بين المربع الأمامي والمربع الخلفي بخطوط **مائلة**. هذه الخطوط تمثل **حواف المكعب الجانبية**.

ملاحظة:
- بعض هذه الحواف ستكون مرئية.
- وبعضها سيكون **مخفيًا خلف الوجوه الأمامية** → استخدم **خطوطًا منقطة** لها.

### 4. حدد الحواف المرئية والمخفية:
- الحواف التي تكون أمامية أو جانبية واضحة → استخدم **خطًا صلبًا**.
- الحواف التي تكون خلف الوجوه الأمامية أو داخل المكعب → استخدم **خطًا منقطعًا (منقط)**.

---

## 💡 نصائح:

- يمكنك استخدام زاوية رؤية ""إسقاط زاوي"" (Oblique Projection) أو ""نقطة تلاقي"" (Perspective Drawing) لرسم المكعب.
- إذا كنت تستخدم شبكة مربعة (ورق رسم)، فهذا سيساعدك على القياس بدقة.

---

## 📐 مثال بصري (وصف بالكلمات):

```
        +-------+
       /|      /|
      +-------+ |
      | +-----|-+
      |/      |/
      +-------+
```

- الحواف العمودية والأفقية للمربع الأمامي: خطوط **صلبة**.
- الحواف التي تمثل العمق (المائلة): بعضها **صلب** (مرئي)، وبعضها **منقط** (مخفي).

---

## 📚 معلومة إضافية:

- في الرسومات الهندسية، يُستخدم الخط المنقطع (---- ---- ----) لتمثيل الحواف غير المرئية.
- أما الخط المستمر (_________) فهو للحواف التي يمكن رؤيتها مباشرة.

---

هل تحب أن أساعدك برسم تخطيطي بسيط باستخدام الرموز على لوحة المفاتيح؟"
"Geometry","Designs and Drawings","C","ارسم مثلثًا وسمِّ رؤوسه أ ب ج.","بالطبع! دعني أشرح لك خطوة بخطوة كيف يمكنك حل هذه المسألة البسيطة، وهي:

> **""ارسم مثلثًا وسمِّ رؤوسه أ ب ج.""**

---

### ✅ الخطوة 1: فهم المطلوب

المطلوب منك هو:
- رسم **مثلث** (وهو شكل هندسي مكوَّن من ثلاث أضلاع وثلاث زوايا).
- تسمية **رؤوس** هذا المثلث بالأحرف:  
  - **أ** (الرأس الأول)  
  - **ب** (الرأس الثاني)  
  - **ج** (الرأس الثالث)

---

### ✅ الخطوة 2: أدوات الرسم

يمكنك استخدام:
- ورقة وقلم.
- أو برنامج رسم مثل GeoGebra أو Paint أو غيرها إذا كنت تعمل على الحاسوب.

---

### ✅ الخطوة 3: طريقة الرسم

اتبع هذه الخطوات:

1. **ارسم ثلاث نقاط غير مستقيمة** (أي لا تقع على خط واحد)، وليكن:
   - النقطة **أ**
   - النقطة **ب**
   - النقطة **ج**

2. **صل بين النقاط الثلاث بخطوط مستقيمة**:
   - من **أ** إلى **ب**
   - من **ب** إلى **ج**
   - من **ج** إلى **أ**

بهذا يكون الشكل قد أصبح مثلثًا.

---

### ✅ الخطوة 4: التسمية

- ضع اسم كل رأس بالقرب من النقطة المقابلة:
  - عند النقطة الأولى اكتب **أ**
  - عند النقطة الثانية اكتب **ب**
  - عند النقطة الثالثة اكتب **ج**

يمكنك ترتيب الأسماء حسب عقارب الساعة أو عكسها، حسب ما تفضّل.

---

### 📌 مثال بصري (وصف فقط):

```
      أ
     / \
    /   \
   ب______ج
```

في هذا المثلث:
- الرأس **أ** في الأعلى.
- الرأس **ب** في الأسفل يسار.
- الرأس **ج** في الأسفل يمين.

---

### 💡 ملاحظات مهمة:

- ليس هناك شروط إضافية في السؤال، فلا تحتاج لقياسات محددة للأضلاع أو الزوايا.
- يمكن أن يكون المثلث متساوي الأضلاع، متساوي الساقين، أو مختلف الأضلاع — اختياري.
- المهم هو أن ترسم ثلاثة رؤوس وتسميها كما طُلب.

---

هل ترغب أن أساعدك برسم هذا المثلث باستخدام أداة معينة أو تصميمه رقميًا؟"
"Geometry","Designs and Drawings","D","ارسم مثلثًا زواياه 40° و60° و80° باستخدام المناقلة.","بالطبع! سأشرح لك خطوة بخطوة كيفية **رسم مثلث** له زوايا 40°، 60°، و80° باستخدام **المنقلة والمسطرة فقط**.

### أولًا: التحقق من صحة الزوايا

لكي يكون الشكل مثلثًا صحيحًا، يجب أن يكون مجموع زواياه الداخلية يساوي **180°**:

$$
40^\circ + 60^\circ + 80^\circ = 180^\circ
$$

✅ هذا صحيح، إذن يمكننا رسم مثلث بهذه الزوايا.

---

## الخطوات لرسم المثلث باستخدام المنقلة والمسطرة:

### الأدوات التي ستحتاجها:
- ورقة بيضاء
- مسطرة
- منقلة
- قلم رصاص

---

### الخطوة 1: ارسم الضلع الأول (قاعدية المثلث)

1. استخدم المسطرة لرسم **قطعة مستقيمة** على الورقة، وليكن طولها مثلاً 5 سم.
2. ضع اسمين على طرفي القطعة، مثل النقطتين **A** و**B**.

---

### الخطوة 2: رسم الزاوية الأولى (مثلاً 40° عند النقطة A)

1. ضع مركز المنقلة على النقطة **A** بحيث تلامس الحافة السفلية للمنقلة القطعة المستقيمة AB.
2. ابحث عن الزاوية 40° على المنقلة (تأكد من أنك تقرأ من الجهة الصحيحة، حسب وضع المنقلة).
3. ضع نقطة صغيرة عند الزاوية 40°.
4. أزل المنقلة، ثم استخدم المسطرة لتوصيل النقطة A بتلك النقطة الجديدة، فترسم بذلك **الضلع الثاني** للمثلث.

---

### الخطوة 3: رسم الزاوية الثانية (مثلاً 60° عند النقطة B)

1. الآن، ضع مركز المنقلة على النقطة **B** بحيث تلامس الحافة السفلية لها القطعة AB.
2. ابحث عن الزاوية 60°، ووضع نقطة صغيرة عند هذه الزاوية.
3. استخدم المسطرة لتوصيل النقطة B بتلك النقطة الجديدة.

---

### الخطوة 4: تقاطع الضلعين

1. الضلعان المرسومان من النقطتين A وB سيتقاطعان في نقطة جديدة، نسميها **C**.
2. أصبح لديك الآن المثلث ABC.

---

### الخطوة 5: التحقق من الزاوية الثالثة

1. إذا أردت التأكد من أن الزاوية عند النقطة C هي بالفعل 80°، يمكنك استخدام المنقلة مرة أخرى لقياسها.
2. ضع المنقلة على النقطة C وقم بقياس الزاوية بين الضلعين AC وBC.

---

## خلاصة:

لقد رسمت مثلثًا برؤوس A, B, C بحيث تكون الزوايا:

- ∠A = 40°  
- ∠B = 60°  
- ∠C = 80°  

وذلك باستخدام المسطرة والمنقلة، وباتباع الخطوات السابقة بدقة.

هل ترغب أن أساعدك برسم توضيحي مُبسّط أو شرح كيفية اختيار الزوايا بطريقة معينة؟"
"Geometry","Designs and Drawings","D","استخدم المسطرة والمنقلة لقياس الزاوية المعطاة وقسمها إلى نصفين متساويين.","بالطبع! دعني أشرح لك خطوة بخطوة كيفية **قياس زاوية معطاة** باستخدام **المسطرة والمنقلة**، ثم **قسمتها إلى نصفين متساويين** (أي رسم **منصّف الزاوية**):

---

### 📌 الخطوة 1: قياس الزاوية باستخدام المنقلة

افترض أنك أمام زاوية مثل ∠ABC، حيث النقطة B هي رأس الزاوية.

#### كيف تقيس الزاوية؟
1. ضع مركز المنقلة على **رأس الزاوية (النقطة B)**.
2. حاذِ جانب BA (أحد ضلعي الزاوية) مع الخط الأفقي في المنقلة.
3. اقرأ القيمة التي يشير إليها الجانب الآخر من الزاوية (BC) على المنقلة.
   - إذا كانت الزاوية تفتح نحو اليمين، استخدم المقياس العلوي.
   - إذا كانت تفتح نحو اليسار، استخدم المقياس السفلي.
4. سجل قياس الزاوية (مثلاً: 60 درجة).

---

### 📌 الخطوة 2: قسم الزاوية إلى نصفين (رسم منصف الزاوية)

#### الطريقة الأولى: باستخدام المنقلة فقط
1. بعد أن تعرف قياس الزاوية (مثلاً 60°)، احسب نصفها (في مثالنا: 30°).
2. ضع المنقلة مرة أخرى على رأس الزاوية.
3. عيّن نقطة عند الدرجة التي تمثل نصف الزاوية (30°).
4. ارسم خطاً من رأس الزاوية (B) إلى هذه النقطة.
   - هذا الخط هو **منصف الزاوية**، وقسم الزاوية إلى جزأين متساويين.

#### الطريقة الثانية: باستخدام الفرجار والمسطرة (بدون قياس)
إذا كنت تريد طريقة هندسية دقيقة لرسم منصف الزاوية بدون استخدام المنقلة:

1. ضع فوهة الفرجار على رأس الزاوية (B).
2. ارسم قوساً يقطع ضلعي الزاوية عند نقطتين (مثلاً D على BA و E على BC).
3. بدون تغيير فتحة الفرجار:
   - ضع الفرجار على النقطة D وارسم قوسًا داخل الزاوية.
   - ثم ضعه على النقطة E وارسم قوسًا آخر يتقاطع مع القوس الأول.
4. ارسم خطاً من رأس الزاوية (B) إلى نقطة تقاطع القوسين.
   - هذا الخط هو **منصف الزاوية**.

---

### ✅ ملخص سريع:

| الخطوة | الوصف |
|--------|-------|
| 1 | استخدم المنقلة لقياس الزاوية بدقة. |
| 2 | قسّم القياس على 2 لإيجاد نصف الزاوية. |
| 3 | أو استخدم الفرجار والمسطرة لرسم منصف الزاوية بشكل هندسي دقيق. |

---

هل تحب أن أشرح لك الطريقة الهندسية برسم توضيحي لو كان بإمكاني إرسال صور؟  
لكن إن كنت تعمل على ورقة الآن، يمكنك تطبيق الخطوات السابقة مباشرة.

هل ترغب في مثال عملي؟"
"Geometry","Designs and Drawings","D","استخدم المسطرة والمنقلة لرسم سداسي منتظم.","لحل هذه المسألة ورسم **سداسي منتظم** باستخدام **المسطرة والمنقلة**، يمكنك اتباع الخطوات التالية:

---

### 🎯 الهدف:
رسم **سداسي منتظم** (شكل سداسي أضلاع كلها متساوية الطول وزوايا كلها متساوية).

---

## ✅ الخطوات بالتفصيل:

### 1. **ارسم دائرة**
- استخدم الفرجار لرسم دائرة بحجم مناسب.
- اختر نقطة مركزية لتكون **مركز الدائرة**.

> لماذا نرسم دائرة؟  
لأن رؤوس السداسي المنتظم تقع على محيط دائرة، ويمكن تحديدها بتقسيم الدائرة إلى 6 زوايا متساوية (لأن 360° ÷ 6 = 60°).

---

### 2. **قس زوايا 60 درجة حول المركز**
- ضع المنقلة على مركز الدائرة.
- ابدأ من أي نقطة على محيط الدائرة، وارسم خطًا من المركز إلى المحيط (نصف قطر).
- ثم ارسم نصف قطر آخر بزاوية **60 درجة** عن الأول.
- كرر ذلك حتى تحصل على **6 نصوص أقطار** متباعدة كل منها **60 درجة**.

---

### 3. **حدد نقاط تقاطع نصوص الأقطار مع المحيط**
- هذه النقاط الست هي **رؤوس السداسي المنتظم**.

---

### 4. **وصل الرؤوس ببعضها**
- استخدم المسطرة لتوصيل كل نقطتين متجاورتين على محيط الدائرة.
- هكذا تحصل على **شكل سداسي منتظم** داخلي في الدائرة.

---

### 5. (اختياري) **امسح الدائرة ونصوص الأقطار**
- بعد أن تنتهي من رسم الأضلاع، يمكنك مسح الدائرة وخطوات الإنشاء إن كنت تريد فقط الشكل النهائي.

---

## 🔍 مثال عملي:

1. ارسم دائرة بفرجار.
2. ارسم نصف قطر أفقي يمينًا.
3. استخدم المنقلة، وابدأ من هذا الخط، وقس 60°، وارسم نصف قطر جديد.
4. كرر ذلك: 60°، 60°... حتى تصل إلى 360°.
5. وصل بين كل نقطتين متجاورتين على المحيط.

---

## 💡 نصائح إضافية:
- احرص على أن تكون الزوايا دقيقة لضمان تساوي الأضلاع والزوايا.
- إذا لم يكن لديك فرجار، يمكنك استخدام أي شيء دائري (مثل غطاء علبة) لرسم الدائرة، لكن الفرجار أفضل لأنه يساعدك على وضع المركز بدقة.

---

هل ترغب أن أشرح لك طريقة رسمه بدون منقلة أو فرجار أيضًا؟"
"Geometry","Designs and Drawings","D","ارسم مثلثًا أطوال أضلاعه 4 سم، 4 سم، و6 سم — ما نوع هذا المثلث؟","بالطبع! دعنا نحل هذه المسألة خطوة بخطوة:

---

### **المسألة:**
ارسم مثلثًا أطوال أضلاعه 4 سم، 4 سم، و6 سم. ثم حدد نوع هذا المثلث.

---

## **الخطوة الأولى: رسم المثلث**

لرسم مثلث بأطوال أضلاع 4 سم، 4 سم، و6 سم:

1. ابدأ برسم قاعدة طولها 6 سم (لنسميها الضلع **أب**).
2. خذ أحد طرفي القاعدة (مثلاً النقطة **أ**) وضع الفرجار في هذه النقطة وافتحه 4 سم، وارسم قوسًا.
3. ثم ضع الفرجار عند الطرف الآخر من القاعدة (**ب**) واكسر أيضًا فتحة 4 سم، وارسم قوسًا ثانيًا يتقاطع مع القوس الأول.
4. نقطة تقاطع القوسين هي رأس المثلث الثالث (**جـ**).
5. وصل بين النقطة **جـ** والنقطتين **أ** و**ب** لتحصل على مثلث أطوال أضلاعه 4 سم، 4 سم، و6 سم.

---

## **الخطوة الثانية: تحديد نوع المثلث**

ننظر إلى أطوال الأضلاع لنحدد نوع المثلث:

- إذا كانت **جميع الأضلاع مختلفة** ➜ مثلث **مختلف الأضلاع**.
- إذا كانت **ضلعان متساويان** ➜ مثلث **متساوي الساقين**.
- إذا كانت **جميع الأضلاع متساوية** ➜ مثلث **متساوي الأضلاع**.

في هذه الحالة:
- الضلعان الأول والثاني = 4 سم.
- الضلع الثالث = 6 سم.

إذن هناك **ضلعان متساويان** (4 سم و4 سم)، والثالث مختلف (6 سم).

---

### ✅ **الاستنتاج:**
المثلث هو **مثلث متساوي الساقين**.

---

هل ترغب أن أساعدك في حساب زوايا هذا المثلث أيضًا؟"
"Geometry","Designs and Drawings","E","قم ببناء زاوية قائمة تبلغ 90° باستخدام المنقلة والمسطرة فقط.","بالطبع! إليك **خطوات بناء زاوية قائمة (90°) باستخدام المنقلة والمسطرة فقط**:

---

### 🛠️ الأدوات المطلوبة:
- **مسطرة** (لرسم خطوط مستقيمة)
- **منقلة** (لقياس الزوايا بدقة)

---

## ✅ الخطوات:

### 1. ارسم شعاعًا أفقيًّا:
- استخدم المسطرة لرسم خط مستقيم أفقي على الورق.
- سمِّ هذا الخط بـ **OA**، بحيث تكون النقطة **O** هي الرأس الذي تبدأ منه الزاوية.

---

### 2. ضع المنقلة على الشعاع:
- ضع مركز المنقلة (عادة ما يكون هناك علامة أو ثقب صغير) على النقطة **O**.
- تأكد من أن حافة المنقلة موازية للشعاع **OA**، أي أن العلامة 0° تقع تمامًا على هذا الشعاع.

---

### 3. عيّن الزاوية 90° على المنقلة:
- ابحث عن العلامة التي تشير إلى **90 درجة** على المنقلة.
- ضع نقطة صغيرة عند هذه العلامة وسمها **B**.

---

### 4. ارسم الشعاع الثاني للزاوية:
- استخدم المسطرة لتوصيل النقطة **O** بالنقطة **B**.
- الآن لديك شعاعان: **OA** و**OB**، وهما يشكلان زاوية قياسها **90°**.

---

### 5. رمز للزاوية القائمة (اختياري):
- يمكنك وضع مربع صغير في داخل الزاوية (في الزاوية بين OA و OB) لإشارة إلى أنها **زاوية قائمة**.

---

## 📌 مثال توضيحي:

```
       B
       |
       |
       |
       |
O─────A
```

- الزاوية ∠AOB = 90°

---

إذا كنت تريد إنشاء زاوية قائمة دون استخدام المنقلة، فهناك طريقة أخرى بالمسطرة فقط باستخدام مثلث قائم الزاوية أو بطريقة هندسية (مثل رسم دائرة ثم استخدام نظرية ""الوتر هو قطر الدائرة"").

لكن إذا كنت مُلزمًا باستخدام **المنقلة والمسطرة فقط**، فالطريقة أعلاه هي الأدق والأكثر شيوعًا.

هل ترغب أيضًا في معرفة طريقة رسم الزاوية القائمة بدون منقلة؟"
"Geometry","Designs and Drawings","E","قم برسم خط موازي لخط معين من خلال نقطة لا تقع على هذا الخط.","بالطبع! سأشرح لك **كيف يمكنك رسم خط موازٍ لخط معين من خلال نقطة لا تقع على هذا الخط** باستخدام أدوات الهندسة الكلاسيكية، وهي:  
- **المسطرة (لرسم خطوط مستقيمة)**  
- **الفرجار (لرسم الدوائر أو نقل الأطوال)**  

---

### 🔹 المعطيات:
- لديك خط مستقيم نسميه **(L)**.
- لديك نقطة نسميها **(P)**، وهي **ليست على الخط (L)**.

---

### 🎯 المطلوب:
رسم خط مستقيم **موازٍ للخط (L)** ويمر بالنقطة **(P)**.

---

## ✅ الخطوات بالتفصيل:

### 1. ارسم الخط (L) والنقطة (P)
- استخدم المسطرة لرسم الخط المستقيم (L).
- ضع النقطة (P) خارج هذا الخط (أي ليست عليه).

---

### 2. ارسم خطًا يربط بين أي نقطة على (L) والنقطة (P)
- اختر أي نقطة على الخط (L)، وسمها **A**.
- ارسم باستخدام المسطرة خطًا من النقطة **A** إلى النقطة **P**.

---

### 3. ارسم زاوية متطابقة عند النقطة P
- الهدف هو نقل الزاوية بين الخط (AP) والخط (L) إلى النقطة (P)، بحيث يكون الخط الجديد موازيًا لـ (L).

#### طريقة نقل الزاوية باستخدام الفرجار والمسطرة:

1. **ارسم قوسًا من النقطة A**:
   - ضع فرجارك عند النقطة **A**، وارسم قوسًا يقطع الخط (L) وفي نفس الوقت يقطع الخط (AP).
   - ليكن التقاطعان عند النقطتين **B** على (L) و**C** على (AP).

2. **انقل القوس إلى النقطة P**:
   - بدون تغيير فتحة الفرجار، ضعه عند النقطة **P** وارسم قوسًا مشابهًا يقطع الخط (AP) عند نقطة ما، اسمها **D**.

3. **استخدم الفرجار لقياس المسافة بين B وC**:
   - فتحة الفرجار الآن هي المسافة بين النقطتين **B** و**C**.

4. **ارسم قوسًا من النقطة D بنفس الفتحة**:
   - ضع الفرجار عند النقطة **D** وارسم قوسًا يتقاطع مع القوس السابق عند نقطة جديدة، سمها **E**.

5. **ارسم خطًا من P إلى E**:
   - هذا الخط (**PE**) هو الخط الموازي المطلوب.

---

### ✅ النتيجة:
الخط **PE** يمر بالنقطة **P** ومتوازٍ مع الخط (L).

---

## 🧠 تذكّر دائمًا:
- **التوازي** يعني أن الخطين لا يتقاطعان أبدًا، وأن لهما نفس الميل.
- هذه الطريقة تعتمد على **نقل الزاوية** بطريقة هندسية دقيقة.

---

هل تحب أن أشرح لك الطريقة باستخدام الإحداثيات الجبرية أيضًا؟ (مثل استخدام معادلات الخطوط)"
"Geometry","Designs and Drawings","E","استخدم شبكة الإحداثيات لرسم مثلث ثم اعكسه حول محور السينات.","بالطبع! دعني أشرح لك خطوة بخطوة كيفية حل هذه المسألة الرياضية:

---

### **المسألة**:  
استخدم شبكة الإحداثيات لرسم مثلث، ثم اعكسه حول **محور السينات (x-axis)**.

---

## **الخطوة 1: فهم المطلوب**

- يجب عليك رسم **مثلث** على **شبكة إحداثيات**.
- بعد ذلك، تُجري **انعكاسًا للمثلث حول محور السينات (x-axis)**.

---

## **الخطوة 2: اختيار إحداثيات المثلث**

لتسهيل الأمر، يمكنك اختيار أي 3 نقاط (رؤوس مثلث) على شبكة الإحداثيات. مثلاً:

لنفترض أن المثلث له الرؤوس التالية:
- النقطة A = (2, 3)
- النقطة B = (4, 1)
- النقطة C = (1, 1)

---

## **الخطوة 3: رسم المثلث على شبكة الإحداثيات**

1. ارسم محوري الإحداثيات (السيني x والصادي y).
2. ضع النقاط A وB وC في أماكنها المناسبة.
3. وصل بين النقاط الثلاث لتشكل مثلثًا.

---

## **الخطوة 4: الانعكاس حول محور السينات (x-axis)**

عند الانعكاس حول **محور السينات (x-axis)**، تتغير **إشارة الإحداثي الصادي (y)** فقط، بينما يبقى **الإحداثي السيني (x)** كما هو.

### قاعدة الانعكاس حول محور السينات:
> إذا كانت النقطة (x, y)، فإن صورتها بالانعكاس حول محور السينات تكون:  
**(x, -y)**

---

### لنطبق القاعدة على النقاط:

- صورة النقطة A = (2, 3) → A' = (2, -3)
- صورة النقطة B = (4, 1) → B' = (4, -1)
- صورة النقطة C = (1, 1) → C' = (1, -1)

---

## **الخطوة 5: رسم المثلث المنعكس**

1. ضع النقاط الجديدة A' وB' وC' على نفس شبكة الإحداثيات.
2. وصل بينها لتشكل المثلث المنعكس.

---

## ✨ خلاصة الخطوات:

1. اختر 3 نقاط لتشكل مثلثًا.
2. ارسم المثلث الأصلي على شبكة الإحداثيات.
3. استخدم قاعدة الانعكاس: (x, y) ← (x, -y)
4. احسب إحداثيات النقاط المنعكسة.
5. ارسم المثلث المنعكس باستخدام النقاط الجديدة.

---

هل تحب أن أقدم لك رسمًا توضيحيًا أو مثالاً آخر؟"
"Geometry","Designs and Drawings","E","استخدم المنقلة والمسطرة لرسم دائرة داخل مثلث.","حل هذه المسألة يتطلب فهم كيفية رسم **الدائرة الداخلية (المحاطة)** لمثلث باستخدام أدوات هندسية بسيطة مثل **المنقلة** و**المسطرة**. هذه الدائرة تُعرف باسم **الدائرة الماسة الداخلية** أو **الدائرة المحاطة**، وهي الدائرة التي تلامس جميع أضلاع المثلث من الداخل.

---

### ✅ الخطوات العامة لرسم دائرة داخل مثلث:

#### 1. **ارسم المثلث**
- استخدم المسطرة لرسم مثلث بأي أبعاد تريدها (مثلاً مثلث غير متساوي الأضلاع).
- يمكن أن يكون المثلث حاد الزاوية أو منفرج أو قائم الزاوية.

---

#### 2. **ارسم منصفات الزوايا الثلاث للمثلث**
- منصف الزاوية هو المستقيم الذي يقسم الزاوية إلى نصفين متساويين.
- تحتاج هنا إلى استخدام **المنقلة** لقياس كل زاوية ومن ثم رسم خط يقسمها بالضبط إلى نصفين.

##### كيف ترسم منصف زاوية باستخدام المنقلة:
- ضع المنقلة على الرأس (رأس الزاوية).
- اقرأ قياس الزاوية.
- علّم النقطة التي تمثل نصف هذا القياس.
- ارسم خطاً من رأس الزاوية إلى هذه النقطة – هذا هو منصف الزاوية.

> كرر ذلك لكل زاوية من زوايا المثلث.

---

#### 3. **حدد نقطة تقاطع منصفات الزوايا**
- عندما ترسم منصفات الزوايا الثلاث، ستتقاطع في نقطة واحدة داخل المثلث.
- هذه النقطة هي **مركز الدائرة الداخلية** (تعرف أيضًا باسم مركز الدائرة الماسة).

---

#### 4. **ارسم العمود من المركز إلى أحد أضلاع المثلث**
- استخدم المسطرة لرسم عمود من النقطة التي وجدتها (مركز الدائرة) إلى أي جانب من جوانب المثلث.
- طول هذا العمود هو **نصف قطر الدائرة الداخلية**.

---

#### 5. **ارسم الدائرة**
- ضع الفرجار في مركز الدائرة (نقطة تقاطع منصفات الزوايا).
- اجعل فتحته تساوي طول العمود الذي رسمته.
- ارسم دائرة – يجب أن تلامس الدائرة الأضلاع الثلاثة للمثلث.

---

### 📌 ملاحظات مهمة:
- لا تحتاج إلى معرفة الأطوال بدقة لرسم الدائرة، فقط تعتمد على الأدوات الهندسية والخطوات السابقة.
- إذا كنت تستخدم ورقًا شفافًا أو تريد التأكد من دقة الرسم، يمكنك التحقق من أن الدائرة تلامس كل الأضلاع.

---

### 🧠 معلومة إضافية:
- نقطة تقاطع منصفات الزوايا في المثلث تُسمى ""مركز الدائرة الداخلية"" وتكون دائمًا داخل المثلث.

---

هل ترغب أن أساعدك برسم تخطيطي بسيط بالكلمات أو أمثلة على نوع معين من المثلث؟"
"Geometry","Designs and Drawings","E","باستخدام المسطرة والمنقلة: ارسم متوازي أضلاع بحيث يكون AB = ٦ سم، وAD = ٤ سم، والزاوية ∠DAB = ٦٠°.","لحل هذه المسألة باستخدام **المسطرة والمنقلة**، سترسم **متوازي أضلاع** بناءً على المعطيات التالية:

- الضلع $ AB = 6 \, \text{سم} $
- الضلع $ AD = 4 \, \text{سم} $
- الزاوية $ \angle DAB = 60^\circ $

---

### 🎯 الهدف:
رسم **متوازي الأضلاع ABCD** بحيث يكون:

- النقطة A هي الرأس المشترك بين الضلعين AD وAB.
- الضلع AB طوله 6 سم.
- الضلع AD طوله 4 سم.
- الزاوية بينهما (DAB) تساوي 60 درجة.

---

## ✏️ خطوات الرسم بالتفصيل:

### 1. 📏 ارسم ضلعًا أفقيًا AB:
- استخدم المسطرة وارسم قطعة مستقيمة طولها 6 سم.
- سمِّ طرفيها: النقطة A على اليسار والنقطة B على اليمين.

### 2. 🔵 ارسم الزاوية ∠DAB = 60° عند النقطة A:
- ضع المنقلة بحيث يكون مركزها عند النقطة A، والجانب المستقيم للمنقلة على طول القطعة AB.
- ابحث عن علامة 60° على المنقلة (ستكون في الأعلى أو إلى اليسار حسب اتجاه المنقلة).
- ضع علامة عند 60°، وسمِّ هذه النقطة المؤقتة بـ D'.

### 3. 📐 ارسم الضلع AD:
- استخدم المسطرة لتصل بين النقطة A والنقطة D' التي رسمتها.
- اجعل هذا الخط طوله 4 سم فقط.
- سمِّ نهاية هذا الضلع بالنقطة D.

### 4. 🧭 أو يمكنك استخدام المسطرة لاستكمال الرسم:
- من النقطة D، ارسم خطاً موازياً للضلع AB.
- ومن النقطة B، ارسم خطاً موازياً للضلع AD.
- تقاطع هذين الخطين سيكون هو النقطة C.

### 5. ✅ وصل جميع النقاط:
- الآن لديك أربع نقاط: A, B, C, D.
- وصل بينها بهذا الترتيب لتشكل متوازي الأضلاع ABCD.

---

## ✨ خصائص متوازي الأضلاع الذي رسمته:

| الخاصية             | القيمة       |
|---------------------|--------------|
| AB                 | 6 سم         |
| AD                 | 4 سم         |
| ∠DAB               | 60°          |
| ∠ABC               | 120° (مكملة لـ 60°) |
| DC موازٍ لـ AB     | ✓            |
| BC موازٍ لـ AD     | ✓            |

---

## 📌 نصائح إضافية:
- استخدم مسطرة شفافة إن أمكن لدقة أفضل.
- تأكد من أن المنقلة في وضع صحيح (الصفر على الضلع AB).
- إذا كان لديك فرجار، يمكنك استخدامه بدلاً من المنقلة لرسم الزاوية الدقيقة.

---

هل تحب أن أشرح لك كيف تجد طول القطر أو محيط متوازي الأضلاع بعد رسمه؟"
"Geometry","Designs and Drawings","E","ارسم دائرة وحدد مركزها، ونصف قطرها، وقطرها، ووترا.","بالطبع! سأشرح لك خطوة بخطوة كيف تحل هذه المسألة الرياضية التي تطلب منك **رسم دائرة وتحديد عناصرها الأساسية**: **المركز، نصف القطر، القطر، والوتر**.

---

### ✅ أولاً: ما هي الدائرة؟
الدائرة هي مجموعة من النقاط في مستوى تبعد بعدًا متساويًا عن نقطة تُسمى **المركز**.

---

## 📐 الخطوات العملية لحل المسألة:

### 1. **ارسم الدائرة**
- استخدم فرجار ( compsas ) أو أي أداة دائرية.
- اختر نقطة في منتصف الورقة لتكون **مركز الدائرة**.

### 2. **حدد مركز الدائرة**
- ضع نقطة واضحة في المنتصف، وسمها مثلًا: **نقطة O**.
- هذه النقطة هي **مركز الدائرة**.

### 3. **ارسم نصف قطر**
- ارسم خطًا مستقيمًا من **المركز** إلى **محيط الدائرة**.
- هذا الخط يُسمى **نصف القطر**.
- يمكنك تسميته مثلًا: **OA** حيث:
  - **O** هو المركز.
  - **A** هي نقطة على محيط الدائرة.
  
📌 معلومة مهمة: جميع أنصاف الأشعة في نفس الدائرة تكون متساوية في الطول.

### 4. **ارسم قطر الدائرة**
- ارسم خطًا مستقيمًا يمر بالمركز ويصل بين نقطتين على المحيط.
- هذا الخط هو **القطر**.
- يمكن تسميته مثلًا: **AB** بحيث:
  - **A** و **B** هما نقطتان على محيط الدائرة.
  - والخط AB يمر بالنقطة **O** (المركز).
  
📌 العلاقة بين القطر ونصف القطر:
> القطر = 2 × نصف القطر

### 5. **ارسم وتراً**
- الوتر هو **أي قطعة مستقيمة تربط بين نقطتين على محيط الدائرة**.
- لا يجب أن يمر بالمركز دائمًا.
- يمكنك رسم وتر آخر غير القطر، مثل: **CD** بحيث:
  - C و D هما نقطتان على محيط الدائرة.
  - والوتر CD ليس قطرًا.

📌 ملاحظة: القطر هو **أطول وتر** في الدائرة.

---

## 🧾 ملخص العناصر:

| العنصر      | التعريف                                   | كيف ترسمه                     |
|------------|-------------------------------------------|-------------------------------|
| **المركز** | النقطة التي تبعد بنفس المسافة عن كل نقاط المحيط | نقطة في منتصف الدائرة         |
| **نصف القطر** | خط من المركز إلى محيط الدائرة              | من المركز إلى الحافة           |
| **القطر**   | خط يربط بين نقطتين على المحيط ويعبر المركز | يمر عبر المركز ويتصل طرفيه     |
| **الوتر**   | خط يربط بين أي نقطتين على المحيط          | بدون المرور بالضرورة بالمركز |

---

### 💡 نصيحة إضافية:
يمكنك استخدام أدوات الرسم اليدوية (فرجار، مسطرة)، أو برامج حاسوبية مثل GeoGebra أو Paint إذا كنت تعمل رقميًا.

---

هل تحب أن أساعدك في رسم نموذج تقريبي للدائرة مع وضع هذه العناصر عليها؟"
"Geometry","Designs and Drawings","F","على شبكة الإحداثيات، ارسم متوازي أضلاع إذا كانت ثلاث من رؤوسه هي: أ(1،1)، ب(4،1)، ج(5،3)","لحل هذه المسألة ورسم **متوازي الأضلاع** على شبكة الإحداثيات، نبدأ من المعطى:

### المعطى:
ثلاث نقاط من متوازي الأضلاع هي:
- $ A(1,1) $
- $ B(4,1) $
- $ C(5,3) $

ونريد إيجاد النقطة الرابعة $ D(x, y) $ التي تكمل الشكل ليصبح **متوازي أضلاع**.

---

## 📌 خطوات الحل:

### 🔹 طريقة استخدام خواص متوازي الأضلاع:

في متوازي الأضلاع:
- الأضلاع المتقابلة متساوية ومتوازية.
- القطرين ينصف كل منهما الآخر (أي أن نقطة تقاطع القطرين هي المنتصف لكل منهما).

سنستخدم خاصية **القطر والمنتصف**.

### 🔸 الخطوة 1: نحدد قطرين في متوازي الأضلاع

لنفترض أننا نريد أن تكون النقاط بترتيب دائري كالتالي:  
$ A \rightarrow B \rightarrow C \rightarrow D \rightarrow A $

نعتبر أن القطر الأول هو $ AC $، والقطر الثاني هو $ BD $.  
بما أن القطرين ينصف كل منهما الآخر، فإن **منتصف $ AC $ = منتصف $ BD $**.

---

### 🔸 الخطوة 2: نحسب منتصف $ AC $

النقطة $ A(1,1) $، والنقطة $ C(5,3) $

معادلة منتصف بين نقطتين:  
$$
\text{المنتصف} = \left( \frac{x_1 + x_2}{2}, \frac{y_1 + y_2}{2} \right)
$$

$$
M = \left( \frac{1+5}{2}, \frac{1+3}{2} \right) = (3, 2)
$$

إذًا منتصف $ AC $ هو النقطة $ (3, 2) $

---

### 🔸 الخطوة 3: نجعل هذا هو أيضًا منتصف $ BD $

نعلم أن $ B(4,1) $، ونريد إيجاد $ D(x,y) $ بحيث يكون منتصف $ BD $ هو $ (3,2) $

نطبق معادلة المنصف مرة أخرى:

$$
\left( \frac{4+x}{2}, \frac{1+y}{2} \right) = (3, 2)
$$

نحل المعادلات:

#### للمحور الأفقي:
$$
\frac{4 + x}{2} = 3 \Rightarrow 4 + x = 6 \Rightarrow x = 2
$$

#### للمحور الرأسي:
$$
\frac{1 + y}{2} = 2 \Rightarrow 1 + y = 4 \Rightarrow y = 3
$$

إذًا النقطة الرابعة هي:
$$
D(2, 3)
$$

---

## ✅ النتيجة النهائية:

النقاط الأربعة لـ متوازي الأضلاع هي:
- $ A(1,1) $
- $ B(4,1) $
- $ C(5,3) $
- $ D(2,3) $

يمكنك الآن رسمها على شبكة إحداثية وربط النقاط بالترتيب لتظهر الشكل.

---

## 💡 طريقة اختيارية (للتحقق):

يمكنك التحقق بأن الأضلاع المقابلة متساوية ومتوازية باستخدام المتجهات أو حساب الميل والمسافات.

مثلاً:
- المتجه $ \vec{AB} = (4-1, 1-1) = (3,0) $
- المتجه $ \vec{DC} = (5-2, 3-3) = (3,0) $

إذًا $ AB \parallel DC $ و $ AB = DC $

ومن ثم:
- $ \vec{BC} = (5-4, 3-1) = (1,2) $
- $ \vec{AD} = (2-1, 3-1) = (1,2) $

أيضًا متساويان ومتوازيان ⇒ الشكل متوازي أضلاع ✔️

---

هل ترغب أن أشرح لك كيف ترسم هذا الشكل عمليًا على ورقة رسم؟"
"Geometry","Designs and Drawings","F","ارسم مثلثاً بأضلاع طولها 5 سم، 7 سم، و8 سم باستخدام المسطرة والمنقلة فقط.","بالطبع! إليك خطوات **رسم مثلث بأطوال أضلاع 5 سم، 7 سم، و8 سم** باستخدام **المسطرة والمنقلة فقط**:

---

### 🔹 الخطوة 1: فهم المعطيات

لدينا الأضلاع الثلاثة:
- $ AB = 8 \, \text{سم} $
- $ AC = 7 \, \text{سم} $
- $ BC = 5 \, \text{سم} $

نريد رسم المثلث بحيث تكون هذه الأطوال صحيحة.

---

### 🔹 الخطوة 2: رسم الضلع الأول (AB)

1. استخدم المسطرة وارسم قطعة مستقيمة طولها **8 سم**.
2. سمّ هذه القطعة $ AB $، حيث النقطة $ A $ في أحد الطرفين والنقطة $ B $ في الطرف الآخر.

---

### 🔹 الخطوة 3: تحديد موقع النقطة C

نحتاج إلى إيجاد النقطة $ C $ بحيث:
- تبعد عن $ A $ مسافة 7 سم
- وتبعُد عن $ B $ مسافة 5 سم

لكن بما أننا لا نملك **فرجارًا**، سنستخدم **المنقلة والمسطرة فقط** بطريقة تقريبية أو هندسية تعتمد على الزوايا.

---

### 🔹 الطريقة البديلة: استخدام الزوايا (بدون فرجار)

سنقوم ببناء المثلث باستخدام الزوايا التي يمكن حسابها مسبقًا باستخدام **قانون جيب التمام**.

#### 📌 أولًا: احسب زاوية عند النقطة A باستخدام قانون جيب التمام:

$$
\cos A = \frac{b^2 + c^2 - a^2}{2bc}
$$

حيث:
- $ a = BC = 5 $
- $ b = AC = 7 $
- $ c = AB = 8 $

$$
\cos A = \frac{7^2 + 8^2 - 5^2}{2 \cdot 7 \cdot 8} = \frac{49 + 64 - 25}{112} = \frac{88}{112} \approx 0.7857
$$

$$
\angle A \approx \cos^{-1}(0.7857) \approx 38^\circ
$$

---

### 🔹 الخطوة 4: رسم الزاوية عند A

1. ضع المنقلة عند النقطة $ A $.
2. ارسم شعاعًا يصنع زاوية مقدارها **حوالي 38 درجة** مع الضلع $ AB $.
3. على هذا الشعاع، عيّن نقطة $ C $ تبعد **7 سم** عن $ A $ باستخدام المسطرة.

---

### 🔹 الخطوة 5: رسم الضلع BC

1. اربط بين النقطة $ C $ والنقطة $ B $ بقطعة مستقيمة.
2. قسِّ طول $ BC $ باستخدام المسطرة، ويجب أن يكون قريبًا من **5 سم** إذا كانت الزاوية دقيقة.

---

### ✅ خلاصة الخطوات:

| الخطوة | الوصف |
|--------|-------|
| 1 | ارسم الضلع $ AB $ طوله 8 سم |
| 2 | احسب الزاوية عند $ A $ ≈ 38° باستخدام قانون جيب التمام |
| 3 | ارسم زاوية 38° من $ A $ باستخدام المنقلة |
| 4 | عيّن النقطة $ C $ على بعد 7 سم من $ A $ على هذا الشعاع |
| 5 | وصل بين $ B $ و $ C $ لتكمل المثلث |

---

### 💡 ملاحظات مهمة:

- بدون فرجار، يجب الاعتماد على **حساب الزوايا مسبقًا** واستخدام المنقلة بدقة.
- كلما كانت الزوايا دقيقة، كان الرسم أدق.
- يمكنك أيضًا استخدام نفس الطريقة لإيجاد الزاوية عند $ B $ إن أردت التحقق.

هل تريد أن أساعدك بحساب الزاوية الثانية بنفس الطريقة؟ 😊"
"Geometry","Designs and Drawings","F","قم برسم مثلث باستخدام مقياس بحيث تكون أطوال أضلاعه بنسبة 3:4:5.","لحل هذه المسألة: **""رسم مثلث باستخدام مقياس بحيث تكون أطوال أضلاعه بنسبة 3:4:5""**، يمكنك اتباع الخطوات التالية:

---

### 🔹 أولاً: فهم النسبة
النسبة 3:4:5 تعني أن الأضلاع الثلاثة للمثلث تتناسب مع هذه الأرقام، أي يمكن أن تكون:
- الضلع الأول = 3 وحدات (مثلاً سنتيمترات)
- الضلع الثاني = 4 وحدات
- الضلع الثالث = 5 وحدات

وهذه النسبة تمثل **مثلثاً قائم الزاوية**، لأن:
$$
3^2 + 4^2 = 9 + 16 = 25 = 5^2
$$

أي أنها تحقق نظرية فيثاغورس، وبالتالي المثلث سيكون **قائم الزاوية**.

---

### 🔹 ثانياً: أدوات الرسم
لرسم هذا المثلث ستحتاج إلى:
- مسطرة (مقياس) لقياس الأطوال بدقة.
- قلم رصاص.
- (اختياري) منقلة إن أردت التأكد من الزوايا.

---

### 🔹 ثالثاً: خطوات الرسم

#### الطريقة الأولى: برسم أطوال محسوبة مباشرة

1. اختر **وحدة القياس** التي تريدها، مثلاً:
   - 1 سم = 1 وحدة → إذن الأطوال ستكون 3 سم، 4 سم، 5 سم.
   - أو يمكنك استخدام وحدات أكبر (مثلاً 10 مم = 1 وحدة).

2. ارسم ضلعاً طوله **3 سم** أفقياً على الورق.

3. من أحد طرفي هذا الضلع، ارسم ضلعاً بطول **4 سم** بحيث يصنع زاوية قائمة (90°) مع الضلع الأول.

4. ثم وصل بين طرفي الضلعين بخط مستقيم، وهذا سيكون هو الضلع الثالث، وطوله يجب أن يكون **5 سم** تقريباً إذا رسمت بدقة.

---

#### الطريقة الثانية: برسم مثلث بأطوال حقيقية (مثلاً 6 سم، 8 سم، 10 سم)

بما أن النسبة هي 3:4:5، يمكنك مضاعفة هذه الأرقام بالعدد الذي تريده للحصول على أطوال أكثر وضوحاً عند الرسم، مثلاً:

- ×2 → 6 سم : 8 سم : 10 سم  
- ×3 → 9 سم : 12 سم : 15 سم  

ثم تتبع نفس خطوات الرسم كما في الطريقة السابقة.

---

### 🔹 رابعاً: التحقق من الشكل

بعد الرسم، يمكنك التحقق مما يلي:
- هل الزاوية بين الضلعين الأقصر (3 و 4) قائمة؟ استخدم المنقلة إن توفرت.
- هل طول الوتر (الضلع الأطول) يساوي 5 وحدات تقريباً؟ استخدم المسطرة.

---

### 🔹 خلاصة

لرسم مثلث بنسبة أضلاع 3:4:5:
1. اختر وحدة قياس مناسبة (مثلاً 1 سم).
2. ارسم ضلعاً بطول 3 وحدات وأخر بطول 4 وحدات بحيث تكون الزاوية بينهما قائمة.
3. وصل بين الطرفين لتكون الوتر بطول 5 وحدات.
4. الآن لديك مثلث قائم الزاوية بنسبة 3:4:5.

---

هل تريد شرحًا بصريًا أو رسومًا توضيحية؟"
"Geometry","Designs and Drawings","G","ارسم الدائرة المحيطة بالمثلث المعطى.","لحل المسألة ""ارسم الدائرة المحيطة بالمثلث المعطى""، نحتاج إلى فهم مفهوم **الدائرة المحيطة بالمثلث**، ثم اتباع خطوات هندسية بسيطة لرسمها.

---

### 📌 ما هي الدائرة المحيطة بالمثلث؟

الدائرة المحيطة بالمثلث (Circumcircle) هي **الدائرة التي تمر بجميع رؤوس المثلث الثلاثة**.  
مركز هذه الدائرة يُسمى **مركز الدائرة المحيطة** (Circumcenter)، وهو نقطة تقاطع **المتوسطات العمودية** (Perpendicular Bisectors) لأضلاع المثلث.

---

## ✏️ خطوات رسم الدائرة المحيطة بالمثلث:

لنفترض أنك لديك مثلث ABC برؤوس A, B, C.

### 1. 🔧 أنشئ المتوسط العمودي للضلع AB:
- استخدم الفرجار لرسم قوسين من النقطة A ومن النقطة B، بحيث يكون نصف القوس متساويًا.
- ارسم الخط الذي يصل بين نقطتي تقاطع القوسين — هذا هو المتوسط العمودي على AB.

### 2. 🔧 كرر العملية للمتوسط العمودي للضلع BC:
- بنفس الطريقة، ارسم المتوسط العمودي على الضلع BC.

> يمكنك أيضًا رسم المتوسط العمودي للضلع الثالث (AC) للتحقق، لكنك تحتاج فقط إلى **خطين** لتحديد نقطة التقاطع.

### 3. 🔘 حدد مركز الدائرة (Circumcenter):
- نقطة تقاطع المتوسطين العموديين هي **مركز الدائرة المحيطة**.

### 4. 🌀 ارسم الدائرة:
- ضع فرجارك في مركز الدائرة وافتحه حتى أي من رؤوس المثلث (مثلاً النقطة A).
- ارسم دائرة – يجب أن تمر بجميع الرؤوس الثلاثة (A, B, C).

---

## 📐 ملاحظات مهمة:
- إذا كان المثلث **حاد الزوايا**، فإن المركز يكون داخل المثلث.
- إذا كان المثلث **قائم الزاوية**، فإن المركز يكون في منتصف الوتر الأطول.
- إذا كان المثلث **منفرج الزاوية**، فإن المركز يكون خارج المثلث.

---

## 📝 مثال بسيط:

إذا كان لديك مثلث ABC:
- ارسم المتوسط العمودي لكل ضلعين.
- حدد نقطة التقاطع = المركز.
- ارسم دائرة من المركز لتلامس الرؤوس.

---

هل ترغب أن أساعدك برسم تخطيطي أو باستخدام إحداثيات معينة؟"
"Geometry","Designs and Drawings","G","ارسم مثلثًا بحيث تكون الزاويتان ∠س = ٤٠° و∠ص = ٦٥°، وطول الضلع المحصور بينهما س ص = ٧ سم.","لحل هذه المسألة ورسم المثلث كما هو مطلوب، نحتاج إلى اتباع خطوات واضحة باستخدام المعلومات المعطاة:

### المعطيات:
- الزاوية ∢س = ٤٠°
- الزاوية ∢ص = ٦٥°
- طول الضلع بينهما (س ص) = ٧ سم

---

## ✳️ الخطوة 1: تأكيد أن المثلث يمكن رسمه

في أي مثلث، مجموع الزوايا الداخلية يساوي ١٨٠°.  
نحسب الزاوية الثالثة (∢ع) كما يلي:

$$
∢ع = ١٨٠° - (∢س + ∢ص) = ١٨٠° - (٤٠° + ٦٥°) = ٧٥°
$$

إذًا الزوايا الثلاث للمثلث هي:
- ∢س = ٤٠°
- ∢ص = ٦٥°
- ∢ع = ٧٥°

وكل شيء سليم لأن مجموعها ١٨٠°.

---

## ✏️ الخطوة 2: رسم المثلث

سنرسم مثلثًا بحيث يكون الضلع **س ص** محصورًا بين الزاويتين المعطاتين، أي أننا نستخدم **الحالة (زاوية – ضلع – زاوية)** أو اختصارًا **(ASA)** في الرسم.

### أدوات الرسم:
- منقلة لقياس الزوايا
- مسطرة لرسم الأضلاع
- قلم رصاص

### خطوات الرسم:
1. **ارسم الضلع س ص بطول ٧ سم** باستخدام المسطرة.
   - ضع النقطة س من اليسار والنقطة ص من اليمين.

2. **ارسم زاوية قياسها ٤٠° عند النقطة س**:
   - استخدم المنقلة، وضع مركزها على النقطة س.
   - ارسم شعاعًا يصنع زاوية ٤٠° مع الضلع س ص.

3. **ارسم زاوية قياسها ٦٥° عند النقطة ص**:
   - ضع المنقلة على النقطة ص.
   - ارسم شعاعًا يصنع زاوية ٦٥° مع الضلع س ص من الجهة الأخرى.

4. **حدد نقطة تقاطع الشعاعين**:
   - الشعاعان المرسومان من النقطتين س وص سيتقاطعان في نقطة جديدة، نسميها **ع**.

5. **وصل النقاط**:
   - وصل النقطة ع بالنقطة س.
   - وصل النقطة ع بالنقطة ص.
   - الآن لديك مثلث س ع ص.

---

## ✅ الخطوة 3: التحقق من الزوايا

يمكنك استخدام المنقلة مرة أخرى للتحقق من أن الزوايا بالقرب من النقطتين س وص تساوي فعلاً ٤٠° و٦٥°، والزاوية عند ع تساوي ٧٥°.

---

## 📌 خلاصة

لقد رسمت مثلثًا باستخدام الحالة **زاوية – ضلع – زاوية (ASA)**:
- الزاوية الأولى: ∢س = ٤٠°
- الضلع المحصور بين الزاويتين: س ص = ٧ سم
- الزاوية الثانية: ∢ص = ٦٥°

وهذا كافٍ لتحديد مثلث واحد فقط (مميز)، ويمكن رسمه بدقة باستخدام المنقلة والمسطرة.

هل ترغب أن أشرح لك كيفية حساب أطوال الأضلاع الأخرى باستخدام قانون الجيب؟"
"Geometry","Designs and Drawings","G","استخدم مفهوم المكان الهندسي لإنشاء المنطقة التي تبعد مسافة متساوية عن النقطتين أ(٢،٣) وب(٨،٣).","لحل هذه المسألة الرياضية باستخدام **مفهوم المكان الهندسي**، دعنا نفهم أولاً ما المقصود بـ""المنطقة التي تبعد مسافة متساوية عن النقطتين $ A(2, 3) $ و $ B(8, 3) $"".

---

### ✅ الفكرة الأساسية:
النقاط التي **تبعد نفس المسافة** عن نقطتين معينتين (هنا $ A $ و $ B $) تقع على **العمود المنصّف** للقطعة المستقيمة الواصلة بين هاتين النقطتين.

أي أن المكان الهندسي هو **الخط العمودي الذي يمر من منتصف القطعة AB** ويكون عمودياً عليها.

---

### 🔍 الخطوات التفصيلية:

#### 1. إيجاد إحداثيات منتصف القطعة AB:

نستخدم قانون منتصف قطعة مستقيمة بين نقطتين:

$$
M = \left( \frac{x_1 + x_2}{2}, \frac{y_1 + y_2}{2} \right)
$$

باستخدام النقطتين:
- $ A(2, 3) $
- $ B(8, 3) $

نحسب:

$$
M = \left( \frac{2 + 8}{2}, \frac{3 + 3}{2} \right) = (5, 3)
$$

إذن: منتصف AB هو النقطة $ M(5, 3) $

---

#### 2. ملاحظة مهمة:

النقطتين $ A $ و $ B $ لهما **نفس الإحداثي الصادي** (كلتاهما على $ y = 3 $)، أي أن القطعة AB **أفقية**.

لذلك فإن **العمود المنصّف** سيكون **رأسيًا** (لأن العمود على الأفقي هو الرأسي).

---

#### 3. معادلة العمود المنصف:

بما أن العمود المنصّف رأسي ويمر بالنقطة $ M(5, 3) $، فمعادلته هي:

$$
x = 5
$$

---

### 📌 النتيجة النهائية:

> **المكان الهندسي للنقاط التي تبعد مسافة متساوية عن النقطتين $ A(2, 3) $ و $ B(8, 3) $ هو الخط المستقيم الرأسي الذي معادلته $ x = 5 $**.

---

### 🧠 توضيح بصري (اختياري):

إذا رسمت النقطتين $ A(2,3) $ و $ B(8,3) $ على المستوى الإحداثي، ستجد أنهما تقعان على خط أفقي عند $ y = 3 $. والنقاط التي تبعد بنفس المسافة عنهما تقع تمامًا في المنتصف أفقيًا، أي عند $ x = 5 $، وهو خط عمودي يمر من منتصف المسافة بينهما.

---

هل تحب أن أساعدك برسم توضيحي أو تمرين مشابه؟ 😊"
"Geometry","Designs and Drawings","H","استخدم المنقلة لتقسيم الدائرة إلى 6 أقواس متساوية.","بالطبع! إليك شرحًا مبسطًا لكيفية **تقسيم دائرة إلى 6 أقواس متساوية باستخدام المنقلة**:

---

### 🎯 الهدف:
تقسيم دائرة إلى **6 أقواس متساوية**، أي أن تقسم الدائرة إلى **6 أجزاء متساوية في الزاوية**.

---

### 📚 المعلومة الأساسية:
- الدائرة الكاملة = **360 درجة**.
- إذا أردنا تقسيمها إلى 6 أجزاء متساوية، نحسب:
  $$
  \frac{360^\circ}{6} = 60^\circ
  $$
  إذن كل قوس يقابل زاوية مركزية مقدارها **60 درجة**.

---

### 🧰 الأدوات اللازمة:
1. دائرة مرسومة (أو يمكنك رسمها بنفسك).
2. منقلة.
3. خط مستقيم (مسطرة أو قلم مع منقلة).
4. قلم رصاص.

---

### ✏️ الخطوات:

1. **ارسم دائرة** (إذا لم تكن موجودة)، وحدد مركزها (ليكن النقطة ""O"").

2. **ارسم نصف قطر أولي**:
   - ارسم خطاً من المركز O إلى حافة الدائرة، ولتكن النقطة A.

3. **استخدم المنقلة لقياس الزوايا**:
   - ضع منتصف المنقلة على مركز الدائرة O.
   - والجانب المستوي للمنقلة على نصف القطر OA.

4. **ارسم نصف قطر جديد كل 60 درجة**:
   - علّم عند 60° نقطة B.
   - ثم عند 120° نقطة C.
   - ثم 180°، 240°، 300°، وأخيرًا العودة إلى البداية عند 360°=0°.

5. **وصل كل هذه النقاط بالمركز**:
   - تحصل بذلك على 6 نصفي أقطار تقسم الدائرة إلى 6 أجزاء متساوية.

---

### 📌 ملاحظات مهمة:
- تأكد أن المنقلة موضوعة بشكل صحيح بحيث يكون خط القاعدة على نصف القطر الأولي.
- استخدم قلم رفيع وتأكد من دقة التأشير على الزوايا.

---

### 💡 فكرة إضافية (بدون منقلة):
إذا كنت لا تملك منقلة، يمكنك استخدام الفرجار فقط لتقسيم الدائرة إلى 6 أجزاء متساوية، لأن طول نصف قطر الدائرة يمكن استخدامه لرسم مثلثات متساوية الأضلاع داخل الدائرة. لكن هذا يخرج عن نطاق السؤال الحالي.

---

هل ترغب برسم تخطيطي بسيط أو مثال عملي؟"
"Geometry","Designs and Drawings","H","ارسم قاطع الزاوية للزاوية ∠أ ب ج وضع علامة عند نقطة تقاطع القاطع مع أحد الأضلاع.","بالطبع! دعني أشرح لك خطوة بخطوة كيف ترسم **قاطع الزاوية** للزاوية ∠أ ب ج، ثم تضع علامة عند نقطة تقاطعه مع أحد أضلاع الزاوية.

---

### 🎯 **الهدف:**
- رسم **منصف (قاطع) الزاوية** للزاوية ∠أ ب ج.
- وضع علامة على **نقطة تقاطع المنصف مع أحد ضلعي الزاوية**.

---

## ✏️ أولاً: فهم المعطيات

لدينا زاوية تحمل اسم ∠أ ب ج، وهذا يعني أن:

- النقطة **ب** هي **رأس الزاوية**.
- الضلع الأول هو **ب أ**.
- الضلع الثاني هو **ب ج**.

إذًا الزاوية تقع بين الضلعين **ب أ** و **ب ج**، ورأسها عند النقطة **ب**.

---

## 🧰 الأدوات المطلوبة:

- **فرجار** ( compsas )
- **مسطرة** مستقيمة (بدون قياسات ك обязатель)

---

## 📐 الخطوات لرسم منصف الزاوية (∠أ ب ج):

1. **ارسم الزاوية ∠أ ب ج**:
   - ارسم النقطة **ب** كرأس للزاوية.
   - ارسم ضلعين منها: واحد نحو النقطة **أ**، والآخر نحو النقطة **ج**.

2. **ضع الفرجار عند رأس الزاوية (النقطة ب)**:
   - افتح الفرجار بفتحة تعسّفية (ليست كبيرة جدًا).
   - ارسم قوسًا يقطع **ضلعي الزاوية** (أي القوس يمر على الضلعين ب أ و ب ج).

3. **ضع الفرجار في نقطة تقاطع القوس مع الضلع الأول (ب أ)**:
   - دون تغيير فتحة الفرجار، ارسم قوسًا داخل الزاوية.

4. **كرر نفس الخطوة مع نقطة تقاطع القوس مع الضلع الثاني (ب ج)**:
   - ارسم قوسًا آخر يتقاطع مع القوس السابق.

5. **وصل نقطة تقاطع القوسين بالرأس ب**:
   - استخدم المسطرة لتوصيل نقطة تقاطع القوسين مع النقطة **ب**.
   - هذا الخط هو **منصف (قاطع) الزاوية**.

---

## ✅ الآن: وضع علامة عند نقطة التقاطع

- بعد أن رسمت منصف الزاوية، سيتقاطع هذا المنصف مع **أحد ضلعي الزاوية**.
- يمكنك وضع **علامة** (مثلاً حرف ""د"") عند هذه النقطة التي يلتقي فيها المنصف مع أحد الضلعين (مثلاً مع الضلع **ب ج** أو **ب أ**).

---

## 📌 مثال:

لنفترض أنك رسمت منصف الزاوية بدءًا من النقطة **ب**، ووجدت أنه يتقاطع مع الضلع **ب ج** عند نقطة ما.

- سمِّ هذه النقطة **د**.
- إذًا: **ب د** هو منصف الزاوية، ويقطع الضلع **ب ج** عند النقطة **د**.

---

## 💡 نصيحة إضافية:

- منصف الزاوية يقسم الزاوية إلى **جزأين متساويين**.
- إذا كنت تعمل على ورقة رسم بياني أو مثلث، يمكن استخدام قياسات الزوايا بالمنقلة للتأكد من صحة الرسم.

---

هل ترغب أن أشرح لك الطريقة برسم تخطيطي؟"
"Geometry","Designs and Drawings","H","قم ببناء مثلث قاعدته 8 سم، وارتفاعه 5 سم، وزاوية الرأس 40°.","لحل هذه المسألة:  
> **""قم ببناء مثلث قاعدته 8 سم، وارتفاعه 5 سم، وزاوية الرأس 40°.""**

نحتاج إلى فهم المعطيات بدقة:

### أولاً: تحليل المعطيات
- **القاعدة = 8 سم** → أي أن أحد الأضلاع يُسمى القاعدة وطوله 8 سم.
- **الارتفاع = 5 سم** → الارتفاع هو العمود النازل من رأس المثلث إلى القاعدة (أو امتدادها).
- **زاوية الرأس = 40°** → زاوية الرأس هي الزاوية عند النقطة العليا للمثلث (التي يلتقي عندها الضلعان غير القاعدة).

لكن هنا قد يكون هناك **غموض** في المعطى:
- هل زاوية الرأس هي الزاوية المقابلة للقاعدة؟
- هل المقصود برسم المثلث باستخدام هذه المعطيات بشكل هندسي؟

سنتبع خطوات عملية لـ **رسم هذا المثلث بالمسطرة والفرجار أو على الورق**.

---

## ✅ الطريقة الهندسية لبناء المثلث

### الخطوة 1: رسم القاعدة
ارسم قطعة مستقيمة طولها **8 سم**، وسمها **BC**.

### الخطوة 2: تحديد نقطة الرأس A
نريد وضع النقطة **A** بحيث:
- يكون الارتفاع من **A** إلى القاعدة **BC** مساوياً لـ **5 سم**.
- تكون الزاوية ∠BAC = **40°**.

لكن لا يمكن تحقيق ذلك إلا إذا تم اختيار موقع النقطة **A** بطريقة صحيحة.

---

## 📐 الحل باستخدام الهندسة التحليلية (اختياري)

لنضع النقاط على محور إحداثي لتبسيط الحسابات:

### نضع:
- النقطة **B = (0, 0)**
- النقطة **C = (8, 0)** ← لأن القاعدة 8 سم أفقيّة.
- نريد أن تكون النقطة **A = (x, 5)** لأن الارتفاع من القاعدة هو 5 سم (في الاتجاه الرأسي).

### الآن نحسب الزاوية ∠BAC باستخدام الإحداثيات

#### نحسب:
- المتجه **AB** = (x - 0, 5 - 0) = (x, 5)
- المتجه **AC** = (x - 8, 5 - 0) = (x - 8, 5)

#### نستخدم قانون جيب تمام الزاوية بين متجهين:
$$
\cos(\theta) = \frac{\vec{AB} \cdot \vec{AC}}{|\vec{AB}| |\vec{AC}|}
$$

نحسب:
- الجداء الداخلي:
  $$
  \vec{AB} \cdot \vec{AC} = x(x - 8) + 5×5 = x^2 - 8x + 25
  $$

- معيار AB:
  $$
  |\vec{AB}| = \sqrt{x^2 + 25}
  $$

- معيار AC:
  $$
  |\vec{AC}| = \sqrt{(x - 8)^2 + 25}
  $$

- بما أن الزاوية = 40°، فإن:
  $$
  \cos(40^\circ) = \frac{x^2 - 8x + 25}{\sqrt{x^2 + 25} \cdot \sqrt{(x - 8)^2 + 25}}
  $$

### هذه معادلة غير خطية في **x**، لكن يمكن حلها تقريبيًا.

#### نستخدم قيمة:
$$
\cos(40^\circ) ≈ 0.766
$$

نقوم بحل المعادلة العددية لإيجاد **x** المناسب.

باستخدام آلة حاسبة أو برنامج مثل GeoGebra أو WolframAlpha، نجد أن:

> **x ≈ 4.12 سم**

إذًا:
- النقطة **A ≈ (4.12, 5)**

---

## ✍️ خلاصة البناء الهندسي:

1. ارسم القاعدة **BC = 8 سم** أفقيّة.
2. من المنتصف أو من نقطة قريبة من المنتصف (حوالي 4.12 سم)، ارفع عموداً رأسياً بطول 5 سم.
3. النقطة العلوية لهذا العمود هي **A**.
4. وصل **A** بكل من **B** و**C**.
5. سيكون ∠BAC ≈ 40°.

---

## 🧮 يمكنك أيضًا حساب باقي عناصر المثلث (مثل الأضلاع أو الزوايا الأخرى) باستخدام:

- **قانون الجيب**:  
  $$
  \frac{a}{\sin A} = \frac{b}{\sin B} = \frac{c}{\sin C}
  $$

- أو استخدام **نظرية فيثاغورس** إن كان المثلث قائمًا (غير مطبق هنا).

---

هل ترغب أن أساعدك في رسم المثلث على ورقة أو في برنامج كمبيوتر؟"
"Geometry","symmetries and mappings","B","دوّن الأشكال المتماثلة في الدائرة.","بالطبع! لحل المسألة ""دوّن الأشكال المتماثلة في الدائرة""، دعنا نفهم أولاً ما المقصود بهذه العبارة، ثم نشرح الخطوات بطريقة مبسطة.

---

### 📌 **ما معنى ""الأشكال المتماثلة في الدائرة""؟**

عندما نتحدث عن **الأشكال المتماثلة في الدائرة**، فإننا نعني **الأشكال ثنائية الأبعاد أو الرسوم التي تُرسم داخل دائرة وتحافظ على خاصية التماثل**.  
ويمكن أن يكون التماثل:

1. **تماثل دوراني (Rotational Symmetry):** إذا استدار الشكل حول مركز الدائرة وزاوية معينة، يظهر بنفس الهيئة.
2. **تماثل انعكاسي (Reflectional Symmetry):** إذا قمنا بقسمته بخط عمودي أو أفقي أو قطري، تكون النصفين متطابقين.

---

## ✏️ خطوات حل المسألة: ""دوّن الأشكال المتماثلة في الدائرة""

### 1. **افهم نوع التماثل المطلوب**
- هل هو تماثل دوراني؟
- أم تماثل انعكاسي؟
- أم كلاهما؟

إذا لم يُذكر، يمكنك افتراض أن المطلوب هو الأشكال التي تبدو متماثلة عند رسمها داخل دائرة.

---

### 2. **ارسم دائرة كمرجع**
- ابدأ برسم دائرة كبيرة.
- استخدم هذه الدائرة كإطار للأشكال التي ستضعها داخلها أو عليها.

---

### 3. **أمثلة على أشكال متماثلة في الدائرة**

#### 🔹 مثلث متساوي الأضلاع داخل دائرة:
- إذا وضعنا مثلثًا متساوي الأضلاع داخل دائرة بحيث تكون رؤوسه تلامس محيط الدائرة، فسيكون له **تماثل دوراني من الدرجة الثالثة** (أي أنه يبدو نفسه كل 120 درجة).
- كما يمكن أن يكون له **3 محاور تماثل انعكاسي**.

#### 🔷 مربع داخل دائرة:
- متماثل دورانيًا (كل 90 درجة).
- له 4 محاور تماثل انعكاسي.

#### 🔸 خماسي منتظم (خماسي الأضلاع):
- له تماثل دوراني (كل 72 درجة).
- 5 محاور تماثل انعكاسي.

#### ⬡ سداسي منتظم:
- تماثل دوراني كل 60 درجة.
- 6 محاور تماثل.

---

### 4. **كيف تدونها في ورقة الحل؟**

تكتب شيئًا مثل:

> ""الأشكال المتماثلة التي يمكن رسمها داخل دائرة هي:
>
> - المثلث المتساوي الأضلاع: يتمتع بتماثل دوراني من الدرجة الثالثة وثلاثة محاور تماثل انعكاسي.
> - المربع: يتمتع بتماثل دوراني من الدرجة الرابعة وأربعة محاور تماثل انعكاسي.
> - الخماسي المنتظم: يتمتع بتماثل دوراني من الدرجة الخامسة وخمسة محاور تماثل.
> - السداسي المنتظم: يتمتع بتماثل دوراني من الدرجة السادسة وستة محاور تماثل.""

---

### 5. **هل هناك استخدامات حقيقية لهذا؟**
نعم! هذا النوع من التماثل يستخدم في:
- تصميم الزخارف الإسلامية.
- علم الفلك والفيزياء (لحساب الزوايا في الحركات الدورانية).
- الرياضيات الهندسية والتخطيط الهندسي.

---

### 🧠 نصيحة إضافية:
إذا كانت المسألة تطلب رسم الأشكال وليس فقط كتابتها، يمكنك:
- استخدام الفرجار والمسطرة.
- تقسيم الدائرة إلى أجزاء متساوية (3، 4، 5، 6... إلخ) لرسم الأشكال المنتظمة بدقة.

---

هل ترغب أن أساعدك برسم مثال عملي أو تقديم شكل جاهز يمكنك رسمه؟ 😊"
"Geometry","symmetries and mappings","B","لون النصفين المتطابقين بنفس اللون.","بالطبع! لكن أولاً، سأحتاج إلى معرفة الشكل أو نوع المسألة التي تتحدث عنها لتكون الإجابة دقيقة. عبارة ""لون النصفين المتطابقين بنفس اللون"" قد تشير إلى نوع من المسائل الهندسية أو المسائل المرتبطة بتقسيم الأشكال.

لكن بما أنك لم ترفق صورة أو وصف تفصيلي للشكل، سأشرح بأمثلة شائعة:

---

### 🔹 فهم العبارة:
**""لون النصفين المتطابقين بنفس اللون"":**
هذا يعني أن هناك شكلاً ما (مثلاً دائرة، مربع، مستطيل...) تم تقسيمه إلى نصفين **متطابقين** (أي لهما نفس الشكل والحجم)، ومطلوب تلوين هذين النصفين بلون واحد.

---

## ✅ مثال 1: دائرة مقسّمة إلى نصفين

لديك دائرة مقسمة إلى نصفين (يمين ويسار، أو علوي وسفلي).  
المطلوب: لون كل نصف بنفس اللون.

### الحل:
- قم بتلوين أحد النصفين بلون معين (مثلاً أزرق).
- ثم قم بتلوين النصف الآخر بنفس اللون.
- بذلك تكون قد لونت النصفين المتطابقين بنفس اللون.

---

## ✅ مثال 2: مربع مقسوم إلى مثلثين متطابقين

لديك مربع تم تقسيمه بخط قطري إلى مثلثين قائمين متطابقين.

### الحل:
- لون كلا المثلثين بلون واحد (مثلاً أحمر).

---

## ✅ مثال 3: إذا كانت المسألة تحتوي على خيارات ألوان

قد يكون أمامك عدة ألوان وتريد اختيار لون واحد فقط لتلوين كلا النصفين.

### الحل:
- اختر اللون الذي تفضله.
- استخدمه لتلوين كلا النصفين.

---

## 📌 نصيحة إضافية:
إذا كان السؤال يطلب منك تحديد أي زوج من الأجزاء هو ""متطابق""، قبل التلوين، فعليك أولًا:
1. مقارنة الأحجام.
2. التأكد من أن الأشكال متشابهة هندسيًا.
3. ثم تقوم بتلوين الزوج المتطابق.

---

هل يمكنك وصف الشكل أو المسألة بالتفصيل أكثر؟  
مثلاً:
- هل هو مثلث، دائرة، مربع؟
- كيف تم تقسيمه؟
- هل يوجد أكثر من نصفين؟

بالتوفيق في حل المسألة! 😊"
"Geometry","symmetries and mappings","B","ما الحروف التي تحتوي على تماثل؟ A، B، C، D، E","بالطبع! دعني أشرح لك كيف تحدد **الحروف التي تحتوي على تماثل** من بين الحروف التالية:

**A، B، C، D، E**

### ما هو التماثل في الحروف؟
التماثل (Symmetry) في الحروف يعني أن الحرف يمكن تقسيمه إلى جزأين متطابقين تمامًا عند رسم خط معين (إما عمودي أو أفقي أو دوراني).  
عادةً ما نركز على **التماثل العمودي** في الحروف الأبجدية، أي إذا استطعنا رسم **خط عمودي** في منتصف الحرف ووجدنا أن الجهة اليمنى هي مرآة للجهة اليسرى.

---

### لنحلل كل حرف على حدة:

#### ✅ **A**
- إذا رسمت خطًا عموديًا من المنتصف، فسيكون الجانب الأيمن صورة مرآتية للجانب الأيسر.
- **لها تماثل عمودي.**

#### ✅ **B**
- لها تماثل عمودي أيضًا.
- الجزء العلوي والسفلي ليسا متماثلين بشكل كامل، لكن الجانب الأيمن يعكس الجانب الأيسر.
- **لها تماثل عمودي.**

#### ✅ **C**
- شكلها دائري مفتوح من اليمين.
- إذا قسمناها بخط عمودي، فإن النصفين يكونان متماثلين.
- **لها تماثل عمودي.**

#### ✅ **D**
- مثل الحرف C، لكنه مغلق من الأعلى والأسفل.
- له تماثل عمودي.
- **لها تماثل عمودي.**

#### ❌ **E**
- الخطافات الثلاثة (الأفقية) في الأعلى والوسط والأسفل غير متماثلة عندما نضع خطًا عموديًا.
- الجانب الأيمن لا يعكس الجانب الأيسر.
- **لا يوجد تماثل عمودي.**

---

### الإجابة النهائية:
الحروف التي **تحتوي على تماثل** (تماثل عمودي) هي:

> **A، B، C، D**

والحرف الذي **لا يحتوي على تماثل** هو:

> **E**

---

هل ترغب أن أشرح لك نوع التماثل الأفقي أو الدوراني أيضًا؟"
"Geometry","symmetries and mappings","B","ارسم الشكل الناتج عندما يتم قلب المربع على خط.","بالطبع! دعني أشرح لك خطوة بخطوة كيف يمكنك **رسم الشكل الناتج عندما يتم قلب (انعكاس) المربع على خط معين**.

### أولاً: ما هو ""الانعكاس"" أو ""القلب على خط""؟
هو عملية تحويل هندسي (Transformation)، حيث يتم ""نقل"" كل نقطة من الشكل إلى الجهة الأخرى من **خط الانعكاس**، بحيث يبقى نفس البعد من الخط، ويكون الخط عمودًا على القطعة التي تربط بين النقطة وصورتها المنعكسة.

---

## 🎯 الهدف:
رسم **صورة مربع بعد انعكاسه على خط معين**.

---

## ✏️ الخطوات:

### 1. ارسم المربع والخط:
- استخدم ورقة رسم أو شبكة مربعة.
- ارسم مربعًا في مكان معين (مثلاً، على المحور السيني أو العيني، أو في أي مكان).
- ارسم **خط الانعكاس** (يمكن أن يكون أفقيًا، عموديًا، أو مائلًا).

### 2. حدد إحداثيات رؤوس المربع:
افترض أن المربع له رؤوس عند النقاط التالية:
- A(1,1)
- B(3,1)
- C(3,3)
- D(1,3)

وافترض أن **خط الانعكاس هو محور السينات (الخط الأفقي y = 0)**.

---

### 3. اعكس كل رأس على خط الانعكاس:
#### إذا كان الانعكاس على محور السينات (y=0):
- الصورة تكون بالقاعدة:  
  $(x, y) \rightarrow (x, -y)$

إذن:
- A'(1,-1)
- B'(3,-1)
- C'(3,-3)
- D'(1,-3)

ارسم هذه النقاط الجديدة ووصل بينها بنفس الترتيب لتحصل على **المربع المنعكَس**.

---

### 4. لو كان الخط غير محور الإحداثيات؟
لو كان خط الانعكاس مثلًا: $y = x$ أو $x = 2$ أو خطًا مائلًا، فستحتاج لتطبيق قاعدة الانعكاس المناسبة لكل نقطة.

#### مثال: انعكاس على الخط $y = x$
- القاعدة هنا: $(x, y) \rightarrow (y, x)$

---

## 🧠 نصائح:
- استخدم ورق رسم شبكي لتوضيح الإحداثيات بدقة.
- استخدم الفرجار لتحديد المسافة العمودية من كل رأس للخط إذا كنت ترسم يدويًا.
- تأكد من أن الزوايا والمسافات محفوظة كما هي في المربع الأصلي.

---

## 🔍 مثال عملي:
ارسم المربع الذي رؤوسه: A(2,2), B(4,2), C(4,4), D(2,4)  
وانعكسه على **الخط الرأسي x = 1**

### الحل:
- المسافة من كل نقطة إلى الخط x=1 تُقاس أفقيًا.
- ثم تُكرر المسافة على الجهة الأخرى.

مثال:
- النقطة A(2,2) تبعد 1 وحدة عن x=1 ⇒ صورتها ستكون عند (0,2)
- وهكذا لكل رأس.

صور الرؤوس ستكون:
- A’(0,2)
- B’(-2,2)
- C’(-2,4)
- D’(0,4)

---

هل تريد أن نطبق هذا على شكل معين أو خط معين وتعرف الإحداثيات؟ يمكنني مساعدتك برسم تفصيلي."
"Geometry","symmetries and mappings","C","أي من الأشكال التالية يحتوي على أكثر من خط تماثل: المربع، المستطيل، أم المثلث؟","لحل هذه المسألة:  
**""أي من الأشكال التالية يحتوي على أكثر من خط تماثل: المربع، المستطيل، أم المثلث؟""**

لنبدأ بفهم مفهوم **خط التماثل** أولًا:

### 📌 ما هو خط التماثل؟
خط التماثل هو خط تخيلي نرسمه عبر شكل هندسي، فإذا قمنا بطي الشكل على هذا الخط فإن النصفين يتطابقان تمامًا (يعني كل نصف هو مرآة للآخر).

---

### الآن لنحلل كل شكل من الأشكال المعطاة:

#### 1. ✅ **المربع**
- المربع له **4 خطوط تماثل**:
  - خطان عموديان وأفقيان (يمرون في منتصف الجوانب).
  - خطان قطريان (من رأس إلى الرأس المقابل).
- إذًا: **نعم، المربع يحتوي على أكثر من خط تماثل**.

#### 2. ✅ **المستطيل**
- المستطيل له **خطا تماثل فقط**:
  - واحد أفقي (يمر في منتصف الأعلى والأدنى).
  - واحد عمودي (يمر في منتصف اليمين واليسار).
- لكن لا يوجد تماثل على القطرين.
- إذًا: **نعم، المستطيل يحتوي على أكثر من خط تماثل**، لكن عددهما أقل من المربع.

#### 3. ❌ **المثلث** (نفترض أنه مثلث **متساوي الأضلاع**)
- المثلث متساوي الأضلاع له **3 خطوط تماثل**:
  - من كل رأس إلى منتصف الضلع المقابل.
- إذًا: **نعم، المثلث أيضًا يحتوي على أكثر من خط تماثل**.

---

### 🔍 الآن نقارن بين عدد خطوط التماثل:
| الشكل        | عدد خطوط التماثل |
|--------------|------------------|
| المربع        | 4                |
| المستطيل      | 2                |
| المثلث (متساوي الأضلاع) | 3              |

---

### ✅ الإجابة النهائية:
> **المربع** هو الشكل الذي يحتوي على **أكثر عدد من خطوط التماثل** (4 خطوط).

إذا كانت المقارنة فقط بين ""أكثر من خط""، فكل الأشكال الثلاثة تحقق الشرط، لكن إذا طلب الأكثر **عددًا**، فالإجابة هي:  
🟩 **المربع**."
"Geometry","symmetries and mappings","C","صح أم خطأ: للشكل الدائري عدد غير محدد من خطوط التماثل.","بالطبع! دعنا نحل هذه المسألة خطوة بخطوة:

---

### **السؤال:**
**""للشكل الدائري عدد غير محدد من خطوط التماثل.""**  
هل هذه العبارة **صحيحة أم خاطئة**؟

---

### **أولًا: ما هو خط التماثل (Line of Symmetry)؟**

خط التماثل هو **خط تخيلي يقسم الشكل إلى جزأين متماثلين تمامًا**، بحيث يكون كل جزء انعكاسًا للآخر.

---

### **ثانيًا: ماذا عن الدائرة تحديدًا؟**

الدائرة شكل هندسي منتظم تمامًا.  
يمكننا رسم خط مستقيم **من أي نقطة على محيط الدائرة إلى النقطة المقابلة لها** مرورًا بالمركز، وسنحصل دائمًا على جزأين متماثلين.

وهذا الخط يُسمى **قطر الدائرة**.

---

### **ثالثًا: كم عدد أقطار الدائرة؟**

بما أن الدائرة **مستديرة تمامًا**، فيمكننا رسم **عدد لا نهائي من الأقطار**، لأن هناك **عدد لا نهائي من الزوايا** التي يمكن أن نرسم منها خطًا يمر بالمركز ويقسم الدائرة إلى جزأين متطابقين.

---

### ✅ إذن:
- كل قطر في الدائرة هو **خط تماثل**.
- والدوائر تحتوي على **عدد لا نهائي (غير محدد)** من الأقطاس → وبالتالي **عدد غير محدود من خطوط التماثل**.

---

### ✔️ الإجابة النهائية:
**العبارة صحيحة.**

> **السبب:** لأن الدائرة يمكن تقسيمها إلى جزأين متماثلين بعدد لا نهائي من الطرق عبر خطوط تمر بمركزها.

---

هل ترغب أن أشرح لك الفكرة برسم توضيحي أو بمثال عملي؟"
"Geometry","symmetries and mappings","C","إذا كان الشكل لديه خط تماثل واحد فقط، اذكر مثالاً واحداً عليه.","بالطبع! دعني أشرح لك المسألة وطريقة حلها:

### السؤال:
**""إذا كان الشكل لديه خط تماثل واحد فقط، فاذكر مثالاً واحداً عليه.""**

### ما المقصود بـ ""خط تماثل واحد فقط""؟
- **خط التماثل (أو محور التماثل)** هو خط تخيّلي نرسمه على الشكل بحيث إذا قسمناه إلى جزئين بهذا الخط، فإن الجزء الواحد يكون انعكاسًا متماثلًا للجزء الآخر.
- عندما يقال إن الشكل لديه **خط تماثل واحد فقط**، فهذا يعني أنه **لا يوجد له أكثر من خط تماثل واحد**.

---

### المطلوب:
ذكر **مثال واحد** لشكل هندسي له **خط تماثل واحد فقط**.

---

### أمثلة على أشكال لها خط تماثل واحد فقط:

#### 1. **المثلث المتساوي الساقين**
- هو مثلث فيه ضلعان متساويان.
- له **خط تماثل واحد فقط**، وهو الخط العمودي النازل من الرأس بين الضلعين المتساويين إلى القاعدة.

✅ هذا مثال صحيح.

#### 2. **شبه المنحرف المتساوي الساقين**
- شكل رباعي فيه زوج واحد من الأضلاع المتوازية، والضلعين غير المتوازيين متساويان في الطول.
- له **خط تماثل واحد فقط** (عمودي يمر في منتصفه).

✅ أيضًا مثال صحيح.

#### 3. **حرف ""A"" (في بعض الخطوط)**
- قد يكون له خط تماثل عمودي في المنتصف.

✅ مثال غير هندسي لكنه يُستخدم أحيانًا.

---

### إذن، الجواب البسيط سيكون:

> **مثلاً: المثلث المتساوي الساقين.**

لأنه **له خط تماثل واحد فقط**.

هل ترغب أن أوضح كيف نحدد خط التماثل في مثل هذا المثلث أو أي شكل آخر؟"
"Geometry","symmetries and mappings","C","أي الأشكال التالية لديه تماثل: طائرة ورقية، متوازي أضلاع، شبه منحرف؟","لحل هذه المسألة الرياضية، نحتاج إلى فهم مفهوم **التماثل** في الأشكال الهندسية، ثم تطبيقه على الأشكال المعطاة:  
- طائرة ورقية  
- متوازي أضلاع  
- شبه منحرف  

---

### 🔍 ما هو التماثل؟
**التماثل** (Symmetry) يعني أن الشكل يمكن تقسيمه إلى جزأين متطابقين بحيث يكون أحد الجزأين انعكاسًا للآخر حول خط معين يُسمى **محور التماثل**.

هناك نوعان رئيسيان من التماثل:
1. **التماثل الانعكاسي (Reflection Symmetry)**: إذا استطعنا رسم خط على الشكل فيقسمه إلى جزأين متطابقين.
2. **التماثل الدوراني (Rotational Symmetry)**: إذا استدار الشكل حول مركزه وظهر كما كان بعد دورانه بزاوية معينة.

لكن في معظم الأسئلة المدرسية، يقصد بالتماثل غالبًا **التماثل الانعكاسي**.

---

## ✅ الآن لنحلل كل شكل:

### 1. **طائرة ورقية (Kite)**

#### خصائصها:
- لها ضلعان طويلان متجاوران متساويان.
- وضلعان قصيران متجاوران متساويان.
- قطران غير متساويين، أحدهما عمودي على الآخر.

#### التماثل:
- **نعم، لديها تماثل انعكاسي واحد فقط**.
- محور التماثل هو **القطر الطويل** الذي يقسم الطائرة الورقية إلى جزأين متطابقين.

✔️ **إذًا: طائرة ورقية → لديها تماثل**

---

### 2. **متوازي أضلاع (Parallelogram)**

#### خصائصه:
- الأضلاع المتقابلة متوازية ومتساوية.
- الزوايا المتقابلة متساوية.

#### التماثل:
- **لا يوجد تماثل انعكاسي** (في الغالب).
- إلا إذا كان متوازي الأضلاع مستطيلاً أو معينًا أو مربعًا (وهي حالات خاصة).

لكن متوازي الأضلاع العام **ليس له محور تماثل**، لكنه **يمكن أن يملك تماثل دوراني من الدرجة الثانية** (أي يعود لشكله الأصلي بعد دوران 180 درجة).

✖️ **إذًا: متوازي الأضلاع → لا يملك تماثل انعكاسي (إلا في الحالات الخاصة)**

---

### 3. **شبه منحرف (Trapezoid)**

#### خصائصه:
- فقط زوج واحد من الأضلاع متوازي.

#### التماثل:
- **شبه المنحرف العام لا يملك تماثلًا**.
- لكن **شبه المنحرف المتساوي الساقين** (Isosceles trapezoid) **له تماثل** حول محور عمودي يمر في منتصفه.

لكن بما أن السؤال لم يحدد ""شبه منحرف متساوي الساقين""، نفترض أنه **شبه منحرف عام**.

✖️ **إذًا: شبه منحرف → لا يملك تماثل (إلا إذا كان متساوي الساقين)**

---

## ✅ الإجابة النهائية:

من بين الأشكال:

- **طائرة ورقية**: ✅ لديها تماثل (تماثل انعكاسي واحد)
- **متوازي أضلاع**: ❌ لا يوجد تماثل (في الحالة العامة)
- **شبه منحرف**: ❌ لا يوجد تماثل (في الحالة العامة)

### 📌 إذًا الشكل الوحيد الذي لديه تماثل هو: **الطائرة الورقية**

--- 

هل تحب أن أرسم لك هذه الأشكال لتوضح الفكرة أكثر؟ 😊"
"Geometry","symmetries and mappings","D","قم بتدوير النقطة (1، 4) بزاوية 90 درجة في اتجاه عقارب الساعة حول نقطة الأصل.","لحل هذه المسألة وتدوير النقطة $(1, 4)$ بزاوية **90 درجة في اتجاه عقارب الساعة** حول **نقطة الأصل (0, 0)**، نستخدم قاعدة التدوير (الدوران) في المستوى الإحداثي.

---

### 🔁 **قاعدة الدوران بزاوية 90 درجة في اتجاه عقارب الساعة:**

إذا كانت لدينا نقطة $(x, y)$، فإن إحداثيات النقطة بعد تدويرها 90 درجة **في اتجاه عقارب الساعة** حول نقطة الأصل تكون:

$$
(x, y) \quad \longrightarrow \quad (y, -x)
$$

---

### 📌 تطبيق القاعدة على النقطة المعطاة:

النقطة الأصلية هي:
$$
(x, y) = (1, 4)
$$

نطبق القاعدة:
$$
(1, 4) \quad \longrightarrow \quad (4, -1)
$$

---

### ✅ إذًا، إحداثيات النقطة بعد التدوير هي:
$$
\boxed{(4,\ -1)}
$$

---

### 💡 ملاحظات إضافية:

- إذا كان الدوران **عكس اتجاه عقارب الساعة**، فإن القاعدة ستكون:
  $$
  (x, y) \longrightarrow (-y, x)
  $$
- هذه القواعد صحيحة فقط عند الدوران حول **نقطة الأصل**. إذا كانت الدورة حول نقطة أخرى، يجب أولاً نقل النظام بحيث تصبح تلك النقطة هي الأصل.

هل تريد أن أشرح لك كيف يتم التدوير حول نقطة غير الأصل؟"
"Geometry","symmetries and mappings","D","قم برسم النقطة (2, 3) بعد أن تعكسها عبر محور السينات.","لحل هذه المسألة الرياضية، دعني أشرح لك خطوة بخطوة كيف يمكنك رسم النقطة (2, 3) بعد أن تعكسها عبر **محور السينات** (المحور الأفقي x).

---

### 🔹 أولاً: فهم ما هو الانعكاس عبر محور السينات

عند انعكاس أي نقطة عبر **محور السينات (x-axis)**، فإن **الإحداثي السيني (x) يبقى كما هو**، بينما **يتغير إشارة الإحداثي الصادي (y)**.

أي أن:

> إذا كانت النقطة الأصلية هي $(x, y)$  
> فإن صورتها بعد الانعكاس على محور السينات تكون: $(x, -y)$

---

### 🔹 ثانياً: تطبيق ذلك على النقطة المعطاة

النقطة الأصلية هي:  
$$
(2, 3)
$$

نعكسها عبر محور السينات:

- $x = 2$ يبقى كما هو.
- $y = 3$ يصبح $-3$

إذن، النقطة المنعكسة هي:
$$
(2, -3)
$$

---

### 🔹 ثالثاً: رسم النقطة

1. ارسم نظام إحداثيات متعامد (محور السينات x ومحور الصادات y).
2. ضع النقطة الأصلية $(2, 3)$ في الربع الأول (لأن كلا الإحداثيين موجبان).
3. ثم ضع النقطة الجديدة $(2, -3)$ في الربع الرابع (حيث يكون x موجب وy سالب).

---

### ✅ الخلاصة:

النقطة $(2, 3)$ بعد انعكاسها عبر محور السينات تصبح:
$$
\boxed{(2, -3)}
$$

هل ترغب أن أساعدك برسم تخطيطي مبسط لها؟"
"Geometry","symmetries and mappings","D","ترجم النقطة أ(2, 3) 4 وحدات إلى اليمين و 2 وحدة إلى الأسفل.","بالطبع! دعني أشرح لك كيفية حل هذه المسألة خطوة بخطوة.

### المعطيات:
- لديك النقطة **أ** التي إحداثياتها هي:  
  $$
  A(2, 3)
  $$

- والمطلوب هو **ترجمة (تحريك)** هذه النقطة:
  - **4 وحدات إلى اليمين**
  - **2 وحدة إلى الأسفل**

---

### الخطوة 1: فهم ما تعنيه الترجمة (الانزياح)

في الهندسة، الترجمة تعني تحريك نقطة من مكانها بمقدار معين في الاتجاه الأفقي (اليمين أو اليسار) ومقدار معين في الاتجاه الرأسي (الأعلى أو الأسفل).

#### تأثير الحركات على الإحداثيات:

| الحركة | تؤثر على | كيف؟ |
|--------|----------|------|
| يمين | الإحداثي السيني (x) | تُضاف قيمة موجبة |
| يسار | الإحداثي السيني (x) | تُطرح قيمة سالبة |
| أعلى | الإحداثي الصادي (y) | تُضاف قيمة موجبة |
| أسفل | الإحداثي الصادي (y) | تُطرح قيمة سالبة |

---

### الخطوة 2: تطبيق الحركات على النقطة أ(2, 3)

- **4 وحدات إلى اليمين**: نضيف 4 إلى الإحداثي x  
  $$
  x = 2 + 4 = 6
  $$

- **2 وحدة إلى الأسفل**: نطرح 2 من الإحداثي y  
  $$
  y = 3 - 2 = 1
  $$

---

### الخطوة 3: إيجاد إحداثيات النقطة الجديدة

بعد الترجمة، أصبحت إحداثيات النقطة الجديدة:
$$
A'(6, 1)
$$

---

### ✅ الإجابة النهائية:
النقطة بعد الترجمة هي:
$$
\boxed{(6,\ 1)}
$$

إذا كنت تريد رسم هذا على شبكة إحداثية أو تحتاج توضيحًا بصريًّا، فأنا جاهز للمساعدة!"
"Geometry","symmetries and mappings","D","كم عدد خطوط التماثل التي يمتلكها المثلث المنتظم؟","بالطبع! دعنا نشرح المسألة خطوة بخطوة:

### السؤال:
**كم عدد خطوط التماثل التي يمتلكها المثلث المنتظم؟**

---

### أولاً: ما هو المثلث المنتظم؟

- **المثلث المنتظم (أو المثلث المتساوي الأضلاع)** هو مثلث تكون أضلاعه الثلاثة متساوية في الطول، وزواياه الثلاثة متساوية أيضًا (كل زاوية تساوي 60 درجة).

---

### ثانيًا: ما هي ""خطوط التماثل""؟

- **خط التماثل** (Line of Symmetry) هو خط وهمي نرسمه عبر الشكل بحيث إذا طُوي الشكل على هذا الخط فإن النصفين يتطابقان تمامًا.
- أي أن كل جانب من الخط هو انعكاس للآخر.

---

### ثالثًا: كيف نجد خطوط التماثل في المثلث المتساوي الأضلاع؟

في المثلث المتساوي الأضلاع، هناك **ثلاثة خطوط تماثل**، وهي:

1. **من كل رأس إلى منتصف الضلع المقابل له**.
   - أي نرسم خطًا من الرأس الأول إلى منتصف الضلع المقابل.
   - ثم من الرأس الثاني إلى منتصف الضلع المقابل.
   - وهكذا مع الرأس الثالث.

هذه الخطوط الثلاثة تنقسم الزوايا وتقطع الأضلاع المقابلة إلى نصفين متساويين.

---

### رابعًا: خلاصة

✅ **للمثلث المنتظم 3 خطوط تماثل**.

---

### يمكنك تخيل ذلك كالتالي:

ارسم مثلثًا متساوي الأضلاع، ثم ارسم:
- خطًا من كل زاوية إلى منتصف الضلع المقابل.
- ستلاحظ أن كل خط يقسم المثلث إلى جزأين متماثلين.

---

### إجابة نهائية:
$$
\boxed{3}
$$"
"Geometry","symmetries and mappings","D","هل للمستطيل تماثل دوراني بزاوية 180°؟","بالطبع! دعني أشرح لك مفهوم **التماثل الدوراني**، ثم نطبقه على **المستطيل** لتحديد إذا ما كان له تماثل دوراني بزاوية 180°.

---

### 🔁 ما هو التماثل الدوراني؟

التماثل الدوراني (Rotational Symmetry) يعني أن الشكل بعد تدويره (دورانه) حول مركزه بزاوية معينة يبدو **مطابقًا للشكل الأصلي**.

أي:  
> إذا قمت بتدوير الشكل حول نقطة معينة (غالبًا المركز)، ووجدت أنه يتطابق مع نفسه أكثر من مرة خلال دورة كاملة (360°)، فإن هذا الشكل يملك تماثلاً دورانياً.

---

### 📐 هل للمستطيل تماثل دوراني بزاوية 180°؟

#### الخطوة 1: تخيل المستطيل
المستطيل شكل رباعي له:
- أربع زوايا قائمة (كل زاوية = 90°).
- ضلعان طويلان متقابلان متساويان.
- ضلعان قصيران متقابلان متساويان.

#### الخطوة 2: جرب تدوير المستطيل
نقوم بتدوير المستطيل حول **مركزه** (نقطة تقاطع القطرين).

- عند تدويره **بزاوية 180°**:
  - يصبح الرأس الذي كان في الأعلى إلى الأسفل.
  - والجانب الأيسر يصبح أيمن، واليمين يصبح أيسر.
  - لكن الشكل العام للمستطيل **يبقى كما هو**.
  - أي أنك لا تستطيع التمييز بين الشكل قبل الدوران وبعدها – إذا لم تكن هناك علامات أو ألوان تميز الجوانب.

#### إذًا:
✅ **نعم، للمستطيل تماثل دوراني بزاوية 180°.**

---

### ⚠️ هل يوجد تماثل دوراني بزوايا أخرى؟

- المستطيل ليس له تماثل دوراني بزاوية أقل من 180° (مثل 90° أو 120°).
- فقط عند **180° و 360°** يعود الشكل إلى وضعه الأصلي.
- لذلك، **رتبة التماثل الدوراني للمستطيل هي 2**:
  - لأن الشكل يتطابق مع نفسه مرتين خلال دورة كاملة: عند 180° و 360°.

---

### ✅ خلاصة:

- **نعم، للمستطيل تماثل دوراني بزاوية 180°.**
- رتبة التماثل الدوراني = 2.
- هذا يعني أنه بعد تدويره 180 درجة حول مركزه، يظهر بنفس الشكل.

هل تحب أن أشرح لك هذا باستخدام رسم تخطيطي أو مثال عملي؟"
"Geometry","symmetries and mappings","D","كم عدد درجات الدوران التي تجعل المربع يبدو كما هو؟","سؤالك جميل!  
نحن هنا نتحدث عن **دوران المربع** ومتى يبدو **نفسه بعد الدوران**، أي يحتفظ **بشكله ومظهره دون تغيير**.

### الفكرة الأساسية:
المربع له **تماثل دوراني** (Rotational Symmetry)، وهذا يعني أنه إذا قمنا بـ **تدويره حول مركزه**، فإنه قد يبدو **نفسه مرة أخرى** بعد زوايا معينة من الدوران.

---

### الخطوة الأولى: ما هو عدد درجات الدوران الكامل؟
الدورة الكاملة هي **360 درجة**.

---

### الخطوة الثانية: كم مرة يتطابق المربع مع نفسه أثناء الدورة الكاملة؟

المربع له 4 أضلاع متساوية وزوايا قائمة، وبالتالي:

- إذا دار **90 درجة** (ربع دورة)، سيبدو المربع نفسه.
- إذا دار **180 درجة** (نصف دورة)، سيبدو نفسه.
- إذا دار **270 درجة** (ثلاثة أرباع دورة)، سيبدو نفسه.
- وإذا دار **360 درجة** (دورة كاملة)، فهو عاد إلى وضعه الأصلي.

---

### إذن، الإجابة على سؤالك:

> **كم عدد درجات الدوران التي تجعل المربع يبدو كما هو؟**

هي:
- **90 درجة**
- **180 درجة**
- **270 درجة**
- **360 درجة** (أو 0 درجة، أي عدم الدوران)

---

### خلاصة:

المربع يحتفظ بمظهره عند دورانه بزوايا:
$$
\boxed{90^\circ,\ 180^\circ,\ 270^\circ,\ 360^\circ}
$$

وهذا يعني أنه يملك **تماثل دوراني من الدرجة الرابعة** (أي يتطابق مع نفسه 4 مرات في دورة كاملة).

هل تحب أن أشرح لك كيف تُحسب هذه الزوايا رياضيًا؟ 😊"
"Geometry","symmetries and mappings","E","حدد جميع خطوط التماثل في سداسي منتظم.","بالطبع! دعني أشرح لك كيفية تحديد **خطوط التماثل** في **سداسي منتظم** (أي مضلع سداسي له ستة أضلاع متساوية وزوايا متساوية).

---

### 🌟 أولًا: ما هي ""خط التماثل""؟

خط التماثل هو **خط تخيلي نستطيع من خلاله طي الشكل بحيث يتطابق أحد جانبيه تمامًا مع بعضهما البعض**.  
في الهندسة، هذا يُسمى **تماثل انعكاسي** (Reflective Symmetry).

---

### 📐 السداسي المنتظم:

هو شكل هندسي له:
- 6 أضلاع متساوية.
- 6 زوايا داخلية متساوية.
- كل زاوية داخلية = 120 درجة.
- مركز واحد يمكن رسم خطوط تمر به لتحديد خطوط التماثل.

---

### ✅ خطوات تحديد خطوط التماثل في السداسي المنتظم:

السداسي المنتظم له **6 خطوط تماثل**، وهي تنقسم إلى نوعين:

#### 1. **خطوط تماثل تمر عبر الرؤوس المتقابلة (من رأس إلى الرأس المقابل):**
- يمكنك رسم خط من كل **رأس** إلى **الرأس المقابل له**.
- بما أن عدد الرؤوس = 6، فعدد هذه الخطوط = **3 خطوط**.
- هذه الخطوط تقسم الشكل إلى نصفين متماثلين.

#### 2. **خطوط تماثل تمر عبر منتصفي الأضلاع المتقابلة:**
- يمكنك رسم خط من منتصف **ضلع** إلى منتصف **الضلع المقابل له**.
- عدد هذه الخطوط أيضًا = **3 خطوط**.
- هذه الخطوط أيضًا تقسم الشكل إلى نصفين متماثلين.

---

### 🔢 إذن، عدد خطوط التماثل في السداسي المنتظم = 6 خطوط:
- 3 منها تمر عبر الرؤوس المتقابلة.
- 3 منها تمر عبر منتصفي الأضلاع المتقابلة.

---

### 💡 ملاحظات مهمة:
- جميع خطوط التماثل تتقاطع عند **مركز السداسي**.
- كل خط تماثل يقسم الشكل إلى جزأين متطابقين تمامًا.
- لا يوجد تماثل دوراني هنا (نحن نتحدث فقط عن التماثل الانعكاسي).

---

### 📝 خلاصة:

> **السداسي المنتظم له 6 خطوط تماثل:**
> - 3 خطوط تمر عبر الرؤوس المتقابلة.
> - 3 خطوط تمر عبر منتصفي الأضلاع المتقابلة.

هل تحب أن أرسمها لك بشكل تخطيطي أو أوضح لك كيف ترسمها على ورقة؟ 😊"
"Geometry","symmetries and mappings","E","أي من التحويلات التالية يحافظ على المسافة والزاوية: الإزاحة، التكبير/التصغير، أم الإمالة؟","لحل هذه المسألة الرياضية، دعنا نفهم أولاً ما المقصود بـ **""الحفاظ على المسافة والزاوية""**.

### ⚖️ مفهوم الحفاظ على المسافة والزاوية:
عندما نقول إن تحويلًا هندسيًا **يحفظ المسافة والزاوية**، فهذا يعني أنه:

- لا يغير **أطوال القطع المستقيمة** (أي تبقى المسافات كما هي).
- لا يغير **قياس الزوايا** بين الخطوط.

وهذا النوع من التحويلات يُعرف باسم **تحولات صارمة (Rigid Transformations)**، وهي لا تغيّر شكل الجسم أو حجمه، بل فقط موقعه أو اتجاهه.

---

### 🔍 الآن لننظر إلى كل نوع من التحويلات المعطاة:

#### 1. **الإزاحة (Translation)** ✅
- الإزاحة تعني تحريك الشكل كاملاً في اتجاه معين دون دوران أو تكبير أو انحناء.
- **تحافظ على المسافات**: نعم، لأن الأشكال تتحرك كما هي.
- **تحافظ على الزوايا**: نعم، لأن الشكل لا يتغير.
- ✅ **إذن: الإزاحة تحافظ على المسافة والزاوية.**

---

#### 2. **التكبير / التصغير (Dilation)** ❌
- هو تحويل يزيد أو يقلل حجم الشكل بنسبة معينة من مركز معين.
- **تحافظ على الزوايا؟** نعم، الزوايا تبقى كما هي.
- **تحافظ على المسافات؟** ❌ لا، لأن الأطوال تتغير (تصبح أكبر أو أصغر).
- ❌ **إذن: التكبير/التصغير لا يحافظ على المسافة، رغم أنه يحافظ على الزوايا.**

---

#### 3. **الإمالة (Shear)** ❌
- الإمالة تعني ""تشويه"" الشكل بحيث تظل أحد المحاور ثابتة بينما الأخرى تنزلق.
- **مثال:** مستطيل يصبح متوازي أضلاع.
- **تحافظ على الزوايا؟** ❌ لا، الزوايا تتغير.
- **تحافظ على المسافات؟** ❌ بعض المسافات تتغير، وبنسب مختلفة.
- ❌ **إذن: الإمالة لا تحافظ على الزاوية ولا على المسافة.**

---

### ✅ الإجابة النهائية:

**الإزاحة** هي الوحيدة التي **تحافظ على المسافة والزاوية** بين التحويلات الثلاثة.

---

هل ترغب أن أشرح لك ذلك بمخطط أو مثال بصري؟"
"Geometry","symmetries and mappings","F","قم بتدوير المثلث ذو الرؤوس A(1, 2)، B(3, 2)، C(2, 4) بزاوية 180 درجة حول نقطة الأصل.","لحل هذه المسألة، سنقوم بتطبيق **دوران المثلث بزاوية 180 درجة حول نقطة الأصل (0, 0)**.  
الدورة (أو التدوير) في المستوى الإحداثي تعني تحريك كل نقطة من نقاط الشكل بزاوية معينة حول نقطة محددة (في حالتنا: نقطة الأصل).

---

### 🔁 **القاعدة الرياضية للدوران بزاوية 180° حول نقطة الأصل:**

إذا كانت لدينا نقطة إحداثية $ (x, y) $، فإن دورانها 180° حول نقطة الأصل يعطي النقطة الجديدة:

$$
(x', y') = (-x, -y)
$$

أي أننا نعكس إشارة كل من الإحداثي السيني والصادي.

---

### ✏️ الآن لنطبّق ذلك على رؤوس المثلث:

#### المعطيات:
- النقطة A(1, 2)
- النقطة B(3, 2)
- النقطة C(2, 4)

#### بعد الدوران 180°:

- صورة النقطة A:  
  $$
  A' = (-1, -2)
  $$

- صورة النقطة B:  
  $$
  B' = (-3, -2)
  $$

- صورة النقطة C:  
  $$
  C' = (-2, -4)
  $$

---

### ✅ **الإجابة النهائية:**

بعد تدوير المثلث ABC ذي الرؤوس:

- A(1, 2)
- B(3, 2)
- C(2, 4)

بزاوية 180 درجة حول نقطة الأصل، تصبح رؤوس المثلث الجديد هي:

- A'(-1, -2)
- B'(-3, -2)
- C'(-2, -4)

---

هل ترغب برسم الشكل أو استخدام قاعدة مصفوفة الدوران أيضًا؟"
"Geometry","symmetries and mappings","F","ارسم صورة مثلث بعد عكسه حول الخط y = x.","بالطبع! دعني أشرح لك كيفية حل هذه المسألة خطوة بخطوة:

---

### 🎯 **الهدف:**
رسم مثلث بعد عكسه (انعكاسه) حول **الخط** $ y = x $.

---

## ✳️ الخطوات العامة:

### 1. **افترض إحداثيات المثلث الأصلي:**

بما أن السؤال لا يعطي إحداثيات محددة للمثلث، يمكنك افتراض مثلث بأي إحداثيات تريدها، على سبيل المثال:

لنفترض أن لدينا مثلثًا برؤوسه عند النقاط التالية:
- $ A(2, 3) $
- $ B(4, 5) $
- $ C(1, 2) $

---

### 2. **افهم ما هو الانعكاس حول الخط $ y = x $:**

عند عكس أي نقطة $(x, y)$ حول الخط $ y = x $، فإن موقعها الجديد (النقطة المنعكسة) سيكون:
$$
(x, y) \rightarrow (y, x)
$$

أي نبدل بين الإحداثي السيني والصادي.

---

### 3. **اعكس كل رأس من رؤوس المثلث:**

نطبق القاعدة السابقة على كل نقطة:

- $ A(2, 3) \rightarrow A'(3, 2) $
- $ B(4, 5) \rightarrow B'(5, 4) $
- $ C(1, 2) \rightarrow C'(2, 1) $

إذن، المثلث المنعكس له الرؤوس:
- $ A'(3, 2) $
- $ B'(5, 4) $
- $ C'(2, 1) $

---

### 4. **ارسم المثلثين:**

- ارسم المثلث الأصلي باستخدام النقاط $ A(2,3) $, $ B(4,5) $, $ C(1,2) $.
- ثم ارسم المثلث المنعكسة نقاطه هي $ A'(3,2) $, $ B'(5,4) $, $ C'(2,1) $.
- وارسم أيضًا الخط $ y = x $ لتوضيح عملية الانعكاس.

---

## 📌 ملاحظات مهمة:

- الخط $ y = x $ هو خط مستقيم يمر بنقطة الأصل ويميل بزاوية 45 درجة.
- الانعكاس حول هذا الخط يشبه ""قلب"" المثلث بحيث يكون موقع $ x $ و $ y $ معكوسًا.
- إذا كنت تعمل على ورقة رسم بيانية، فيمكنك استخدام المسطرة لتحديد المواضع بدقة.

---

## 🧠 مثال إضافي سريع:

إذا كان لديك مثلث برؤوس:
- $ D(1, 4) $
- $ E(3, 1) $
- $ F(5, 6) $

فإن الصورة المنعكسة ستكون:
- $ D'(4, 1) $
- $ E'(1, 3) $
- $ F'(6, 5) $

---

هل ترغب أن أساعدك برسم هذه النقاط على نظام إحداثي أو تحويلها إلى جدول؟ 😊"
"Geometry","symmetries and mappings","F","ترجم النقطة س(–3, 5) بواسطة المتجه ⟨4, –2⟩.","لحل هذه المسألة، سنقوم **بترجمة (تحويل) النقطة** $ س(-3, 5) $ باستخدام **المتجه** $ \langle 4, -2 \rangle $.  
هذا يعني أننا نحرك النقطة من مكانها الأصلي على المستوى الإحداثي بمقدار المتجه.

### 🔹 الخطوة الأولى: فهم ما هو المقصود بالترجمة
عند ترجمة نقطة بواسطة متجه، نضيف مركبات المتجه إلى إحداثيات النقطة:

إذا كانت النقطة هي:
$$
(x, y)
$$
وكان المتجه:
$$
\langle a, b \rangle
$$

فإن النقطة الجديدة بعد الترجمة تكون:
$$
(x + a, \ y + b)
$$

### 🔹 الخطوة الثانية: تطبيق الأرقام
نُعطي أن النقطة هي:
$$
س = (-3, 5)
$$
والمتجه هو:
$$
\langle 4, -2 \rangle
$$

نجمع كل إحداثية مع مثيلتها من المتجه:

$$
x' = -3 + 4 = 1
$$
$$
y' = 5 + (-2) = 3
$$

### ✅ إذًا، النقطة الجديدة بعد الترجمة هي:
$$
(1, 3)
$$

---

هل تحب أن أشرح لك كيف تُرسم هذه الترجمة على المستوى الإحداثي أيضًا؟"
"Geometry","symmetries and mappings","F","لدى مثلث أ ب ج الرؤوس أ(1، 2)، ب(4، 2)، و ج(3، 5). بينما لدى مثلث أ′ب′ج′ الرؤوس أ′(–1، 2)، ب′(–4، 2)، و ج′(–3، 5). صف التحويل الذي ينقل المثلث أ ب ج إلى المثلث أ′ب′ج′.","لدينا مثلثان:

- المثلث **أ ب ج** برؤوس:  
  - أ(1، 2)  
  - ب(4، 2)  
  - ج(3، 5)

- والمثلث **أ′ب′ج′** برؤوس:  
  - أ′(–1، 2)  
  - ب′(–4، 2)  
  - ج′(–3، 5)

نريد أن نصف **التحويل الهندسي** الذي ينقل المثلث الأول إلى الثاني.

---

### الخطوة الأولى: مقارنة الإحداثيات

نلاحظ العلاقة بين كل نقطة من المثلث الأصلي وأخرى من المثلث الجديد:

| النقطة | إحداثياتها في المثلث الأصلي | إحداثياتها في المثلث الجديد | العلاقة |
|--------|-------------------------------|--------------------------------|---------|
| أ      | (1, 2)                        | (–1, 2)                        | سُمحِّلت الـ x فقط |
| ب      | (4, 2)                        | (–4, 2)                        | سُمحِّلت الـ x فقط |
| ج      | (3, 5)                        | (–3, 5)                        | سُمحِّلت الـ x فقط |

إذًا، في كل حالة، تم تحويل النقطة (س، ص) إلى النقطة (–س، ص).

وهذا هو **انعكاس حول محور الصادات (y-axis)**.

---

### الخطوة الثانية: التحقق من شكل المثلث

لنتأكد أن الشكل لم يتغير، أي أن المثلث لم يُقلّب أو يُدوَّر بطريقة أخرى غير الانعكاس:

- حساب المسافات بين النقاط في كلا المثلثين يظهر أنها متساوية، مما يعني أن الشكل والحجم ثابتان، وبالتالي التحويل هو **تحول صلب (rigid transformation)**.

مثال:  
طول الضلع أب = √[(4 – 1)² + (2 – 2)²] = √9 = 3  
طول الضلع أ′ب′ = √[(–4 – (–1))² + (2 – 2)²] = √[9] = 3

نفس الحساب تنطبق على باقي الأضلاع.

---

### الاستنتاج النهائي:

التحويل الذي ينقل المثلث **أ ب ج** إلى المثلث **أ′ب′ج′** هو:

> **انعكاس حول محور الصادات (y-axis)**

وهو يُوصف رياضيًا بأنه:
$$
(x, y) \rightarrow (-x, y)
$$

---

✅ **الإجابة النهائية:**  
التحويل هو **انعكاس حول محور الصادات (y-axis)**."
"Geometry","symmetries and mappings","G","اكتب مصفوفة 2×2 التي تؤدي إلى دوران بزاوية 90 درجة في اتجاه عقارب الساعة حول نقطة الأصل.","لحل هذه المسألة الرياضية، نحتاج إلى كتابة **مصفوفة دوران (Rotation Matrix)** تؤدي إلى **دوران نقطة أو شكل في مستوى الإحداثيات بزاوية 90 درجة في اتجاه عقارب الساعة حول نقطة الأصل**.

---

### 🔹 أولاً: الفكرة الأساسية

عند دوران أي نقطة $(x, y)$ في المستوى الإحداثي بزاوية حول نقطة الأصل، يمكن تمثيل هذا الدوران باستخدام **ضرب مصفوفة** في **متجه العمود** للنقطة:

$$
\begin{bmatrix}
x' \\
y'
\end{bmatrix}
=
R \cdot
\begin{bmatrix}
x \\
y
\end{bmatrix}
$$

حيث:
- $(x', y')$ هي إحداثيات النقطة بعد الدوران.
- $R$ هي **مصفوفة الدوران** التي نريد إيجادها.

---

### 🔹 ثانيًا: مصفوفة الدوران القياسية

بشكل عام، مصفوفة الدوران لزاوية $\theta$ **عكس اتجاه عقارب الساعة** هي:

$$
R(\theta) =
\begin{bmatrix}
\cos\theta & -\sin\theta \\
\sin\theta & \cos\theta
\end{bmatrix}
$$

لكن في حالتنا، الدوران **في اتجاه عقارب الساعة**، وهذا يعني أن الزاوية ستكون سالبة، أي $\theta = -90^\circ$.

---

### 🔹 ثالثًا: حساب المصفوفة عند $\theta = -90^\circ$

نحسب قيم الجيب وجيب التمام:

- $\cos(-90^\circ) = 0$
- $\sin(-90^\circ) = -1$

إذًا مصفوفة الدوران تصبح:

$$
R(-90^\circ) =
\begin{bmatrix}
0 & 1 \\
-1 & 0
\end{bmatrix}
$$

---

### ✅ الإجابة النهائية:

المطلوب هو مصفوفة $2 \times 2$ تؤدي إلى دوران بزاوية $90^\circ$ في **اتجاه عقارب الساعة** حول نقطة الأصل، وهي:

$$
\boxed{
\begin{bmatrix}
0 & 1 \\
-1 & 0
\end{bmatrix}
}
$$

---

### 📌 مثال سريع لتوضيح الاستخدام:

لنفترض أن لدينا النقطة $(x, y) = (1, 0)$، ونريد تدويرها 90 درجة مع اتجاه عقارب الساعة:

$$
\begin{bmatrix}
x' \\
y'
\end{bmatrix}
=
\begin{bmatrix}
0 & 1 \\
-1 & 0
\end{bmatrix}
\cdot
\begin{bmatrix}
1 \\
0
\end{bmatrix}
=
\begin{bmatrix}
0 \\
-1
\end{bmatrix}
$$

أي أن النقطة تحركت من $(1, 0)$ إلى $(0, -1)$، وهو ما يتوافق مع دوران 90 درجة في اتجاه عقارب الساعة. ✔️

هل تريد أن أشرح كيف نحصل على هذه المصفوفة من أول principles؟"
"Geometry","symmetries and mappings","G","طبق المصفوفة المعكوسة [[2, 0], [0, 2]] على النقطة (8, -4) واحسب الإحداثيات الناتجة.","لحل هذه المسألة، سنطبق **المصفوفة المعكوسة** على النقطة (8, -4).  
المعطى هو:

- المصفوفة:  
  $$
  A = \begin{bmatrix} 2 & 0 \\ 0 & 2 \end{bmatrix}
  $$

- النقطة (متجه):  
  $$
  \vec{v} = \begin{bmatrix} 8 \\ -4 \end{bmatrix}
  $$

### الخطوة 1: إيجاد المصفوفة المعكوسة
نحتاج أولًا إلى حساب **المعكوس** للمصفوفة $ A $.  
بما أن $ A $ مصفوفة قطرية (كل العناصر خارج القطر الرئيسي صفر)، فإن معكوسها يُحسب ببساطة بأخذ مقلوب كل عنصر على القطر.

$$
A^{-1} = \begin{bmatrix} \frac{1}{2} & 0 \\ 0 & \frac{1}{2} \end{bmatrix}
$$

### الخطوة 2: تطبيق المصفوفة المعكوسة على النقطة
نضرب المصفوفة المعكوسة في المتجه:

$$
A^{-1} \cdot \vec{v} =
\begin{bmatrix} \frac{1}{2} & 0 \\ 0 & \frac{1}{2} \end{bmatrix}
\cdot
\begin{bmatrix} 8 \\ -4 \end{bmatrix}
=
\begin{bmatrix}
\frac{1}{2} \cdot 8 + 0 \cdot (-4) \\
0 \cdot 8 + \frac{1}{2} \cdot (-4)
\end{bmatrix}
=
\begin{bmatrix}
4 \\
-2
\end{bmatrix}
$$

### الإجابة النهائية:
الإحداثيات الناتجة بعد تطبيق المصفوفة المعكوسة هي:
$$
\boxed{(4,\ -2)}
$$"
"Geometry","symmetries and mappings","G","المربع أ له رؤوس عند النقاط (0,0)، (0,2)، (2,2)، (2,0)؛ والمربع ب له رؤوس عند النقاط (1,1)، (1,3)، (3,3)، (3,1). صف التحويل الذي ينقل المربع أ إلى المربع ب.","لحل هذه المسألة، دعنا نفهم أولاً موقع كل مربع في المستوى الإحداثي (الديكارتي)، ثم نحدد ما هو التحويل الذي ينقل **المربع أ** إلى **المربع ب**.

---

### 🟦 المربع أ:
رؤوسه هي النقاط التالية:

- $ (0, 0) $
- $ (0, 2) $
- $ (2, 2) $
- $ (2, 0) $

هذا يعني أن المربع أ متمركز عند الأصل، وطول ضلعه = 2، ويمتد من $ x = 0 $ إلى $ x = 2 $ ومن $ y = 0 $ إلى $ y = 2 $.

---

### 🟩 المربع ب:
رؤوسه هي النقاط:

- $ (1, 1) $
- $ (1, 3) $
- $ (3, 3) $
- $ (3, 1) $

أيضاً طول الضلع = 2، لكن هذا المربع مزاح عن المربع الأول. مركزه الآن عند النقطة $ (2, 2) $، وتمتد إحداثياته من $ x = 1 $ إلى $ x = 3 $، ومن $ y = 1 $ إلى $ y = 3 $.

---

### 🔍 تحديد نوع التحويل:

نلاحظ أن:

- كلا المربعين لهما نفس الحجم (طول الضلع = 2).
- الشكل واحد (مربعان).
- لا يوجد دوران أو انعكاس واضح.
- فقط هناك تغيير في الموقع.

إذًا، التحويل المناسب هنا هو:

## ✅ **الانتقال (Translation)**

---

### 🧮 حساب متجه الانتقال:

نأخذ أي رأس من المربع أ ونقارنه مع الرأس المقابل له في المربع ب.

مثلاً:

- الرأس $ (0, 0) $ في المربع أ يتحول إلى $ (1, 1) $ في المربع ب.

إذن، متجه الانتقال هو:

$$
(1 - 0, \; 1 - 0) = (1, 1)
$$

نتحقق من باقي النقاط:

| نقطة من المربع أ | + متجه الانتقال (1,1) | الناتج | هل تطابق مع المربع ب؟ |
|------------------|------------------------|---------|--------------------------|
| (0, 2)           | (1, 3)                | (1, 3) | نعم                      |
| (2, 2)           | (3, 3)                | (3, 3) | نعم                      |
| (2, 0)           | (3, 1)                | (3, 1) | نعم                      |

✅ جميع النقاط تتطابق بعد الانتقال.

---

### ✍️ الإجابة النهائية:

> التحويل الذي ينقل المربع أ إلى المربع ب هو **الانتقال بمتجه (1, 1)**.

أو يمكنك القول:

> كل نقطة $(x, y)$ من المربع أ تتحول إلى النقطة $(x+1, y+1)$ في المربع ب.

---

هل تريد أن أشرح كيف نرسم ذلك على شبكة إحداثية أيضًا؟ 😊"
"Geometry","symmetries and mappings","G","لديك الشكل أ الذي يحتوي على رأس عند النقطة (1، 1) وقد تم نقله إلى النقطة (–1، –1) تحت تأثير عملية دوران؛ احسب مركز الدوران مع افتراض أن الزاوية هي 180 درجة.","لحل هذه المسألة، نريد **حساب مركز الدوران** الذي تم تطبيقه على النقطة $(1, 1)$، والتي تحولت إلى النقطة $(-1, -1)$ بعد دوران **بزاوية 180 درجة**.

---

### 💡 مفهوم رياضي:
عند دوران نقطة حول **مركز دوران ما** بزاوية **180 درجة**، فإن الصورة الناتجة تكون **متماثلة مع النقطة الأصلية بالنسبة لمركز الدوران**. أي أن **مركز الدوران يكون منتصف القطعة المستقيمة بين النقطة الأصلية وصورتها**.

---

### 📌 المعطيات:
- النقطة الأصلية: $A(1, 1)$
- الصورة بعد الدوران: $A'(-1, -1)$
- الزاوية: $180^\circ$

---

### ✅ الخطوة: حساب منتصف القطعة $AA'$

نستخدم قانون إيجاد منتصف قطعة مستقيمة بين نقطتين:

$$
M = \left( \frac{x_1 + x_2}{2}, \frac{y_1 + y_2}{2} \right)
$$

نعوّض الإحداثيات:

$$
M = \left( \frac{1 + (-1)}{2}, \frac{1 + (-1)}{2} \right) = \left( \frac{0}{2}, \frac{0}{2} \right) = (0, 0)
$$

---

### ✅ الإجابة النهائية:
**مركز الدوران هو النقطة** $(0, 0)$

أي أن الدوران تم حول **الأصل**.

---

هل ترغب في شرح طريقة الحل بطريقة هندسية أو باستخدام المتجهات أيضًا؟"
"Geometry","symmetries and mappings","H","اختَر جميع التماثلات الثمانية (4 دوارات، 4 انعكاسات) التي تبقي مربعًا رأسه في النقاط (±1، ±1) دون تغيير.","لحل هذه المسألة، نحتاج إلى فهم **التماثلات** التي تُحافظ على شكل المربع دون تغييره. هذا يندرج تحت ما يُعرف بـ ""**مجموعة التماثل للمربع**""، وتُسمى أيضًا **مجموعة التماثل الثنائي الأبعاد للمربع** أو **مجموعة دِيهدrale D₄**.

---

### 🎯 الهدف:
- إيجاد **جميع التماثلات الثمانية** (4 دورانات + 4 انعكاسات) التي تحافظ على شكل المربع في المستوى الإحداثي.
- المربع له رؤوس عند النقاط:  
  $$(1, 1), (1, -1), (-1, -1), (-1, 1)$$

---

## ✅ أولاً: الدورانات (Rotations)

نقوم بتدوير المربع حول **مركزه** الذي هو النقطة (0, 0).

المربع متماثل كل 90 درجة، لذا لدينا 4 دورانات:

| الزاوية | الوصف |
|--------|-------|
| 0°     | لا تغيير (التحول الهوي) |
| 90°    | دوران بمقدار 90 درجة عكس اتجاه عقارب الساعة |
| 180°   | دوران بمقدار 180 درجة |
| 270°   | دوران بمقدار 270 درجة (أو -90°) |

---

## ✅ ثانيًا: الانعكاسات (Reflections)

لدينا 4 أنواع من الانعكاسات تعتمد على محور معين:

1. **الانعكاس حول المحور x**  
   - أي قلب الإحداثي y → -y  
   - يُبقي النقاط مثل (x, y) تصبح (x, -y)

2. **الانعكاس حول المحور y**  
   - أي قلب الإحداثي x → -x  
   - تصبح النقطة (x, y) → (-x, y)

3. **الانعكاس حول القطر من (1,1) إلى (-1,-1)**  
   - يعكس النقطة (x, y) إلى (y, x)

4. **الانعكاس حول القطر من (-1,1) إلى (1,-1)**  
   - يعكس النقطة (x, y) إلى (-y, -x)

---

## 🔁 ملخص التماثلات الثمانية (D₄):

| رقم | نوع التحويل | وصف التحويل |
|-----|--------------|------------------|
| 1   | تدوير 0°      | لا شيء (التحويل الهوي) |
| 2   | تدوير 90°     | دوران عكس عقارب الساعة |
| 3   | تدوير 180°    | دوران نصفي |
| 4   | تدوير 270°    | دوران ثلاث أرباع |
| 5   | انعكاس عمودي (حول المحور y) | قلب x → -x |
| 6   | انعكاس أفقي (حول المحور x) | قلب y → -y |
| 7   | انعكاس على القطر الرئيسي (y = x) | تبديل x و y |
| 8   | انعكاس على القطر الثانوي (y = -x) | تبديل وقلب x و y |

---

## 🧪 مثال عملي:

لنأخذ نقطة من رؤوس المربع مثل (1, 1):

| التحويل | النتيجة |
|---------|----------|
| دوران 90° | (−1, 1) |
| دوران 180° | (−1, −1) |
| دوران 270° | (1, −1) |
| انعكاس على x | (1, −1) |
| انعكاس على y | (−1, 1) |
| انعكاس على y=x | (1, 1) ← نفس النقطة |
| انعكاس على y=−x | (−1, −1) |

---

## 📌 خلاصة:

مجموعة التماثلات التي تبقي المربع دون تغيير تتكون من:

- **4 دورانات**: 0°، 90°، 180°، 270°
- **4 انعكاسات**: حول المحورين والقطرين

هذه المجموعة تُدعى **مجموعة ديهدrale من الدرجة 4** وتُكتب:  
$$D_4$$  
تحتوي على **8 عناصر** بالضبط.

هل ترغب أن أوضح كيف تمثل هذه التحويلات كـ مصفوفات أو تطبيقات رياضية؟"
"Geometry","symmetries and mappings","H","حدد رتبة مجموعة التماثل لمضلع سداسي منتظم بطول ضلع 5 سم.","لحل هذه المسألة:

> **""حدد رتبة مجموعة التماثل لمضلع سداسي منتظم بطول ضلع 5 سم.""**

نبدأ بتفكيك المعطيات وفهم المطلوب.

---

### 🔹 أولاً: ما هي ""مجموعة التماثل""؟

**مجموعة تماثل (Symmetry group)** مضلع منتظم هي مجموعة جميع التحويلات التي تُبقي الشكل كما هو (أي لا تغيّر مظهره)، وتتضمن نوعين من التماثلات:

1. **دوران (Rotations):** حول مركز المضلع.
2. **انعكاس (Reflections):** حول خطوط متماثلة تمر عبر المركز.

---

### 🔹 ثانيًا: ما هو ""السداسي المنتظم""؟

هو مضلع له **6 أضلاع متساوية**، وزواياه كلها متساوية أيضًا.

---

### 🔹 ثالثًا: ما المقصود بـ""رتبة"" المجموعة؟

**رتبة المجموعة (Order of the group)** تعني عدد العناصر في المجموعة، أي عدد التماثلات المختلفة للمضلع.

---

### 🔹 الآن لنحسب عدد التماثلات:

#### ✅ 1. التماثلات الدورانية (Rotational Symmetries):

- يمكننا دوران السداسي المنتظم حول مركزه بزوايا:
  $$
  \frac{360^\circ}{6} = 60^\circ
  $$
  إذًا الزوايا الممكنة للدوران هي:
  $$
  0^\circ, 60^\circ, 120^\circ, 180^\circ, 240^\circ, 300^\circ
  $$
  هذا يعطي **6 تماثلات دورانية**.

#### ✅ 2. التماثلات الانعكاسية (Reflectional Symmetries):

- السداسي المنتظم له **6 محاور تماثل**:
  - 3 منها تمر عبر رؤوس متقابلة.
  - 3 تمر عبر منتصف الأضلاع المتقابلة.

  وبالتالي هناك **6 انعكاسات**.

---

### 🔹 إذًا، الرتبة الكلية للمجموعة:

$$
\text{عدد التماثلات} = 6 (\text{دوران}) + 6 (\text{انعكاس}) = 12
$$

---

### 🔹 خلاصة:

- مجموعة تماثل المضلع السداسي المنتظم تُعرف باسم **D₆** (مجموعة ديهيدرالية من الدرجة 6).
- **رتبة هذه المجموعة = 12**.

---

### 📌 الإجابة النهائية:

$$
\boxed{12}
$$"
"Geometry","symmetries and mappings","H","طبق المصفوفة [[1, 0], [0, –1]] على المثلث DEF الذي له الرؤوس D(2, 1)، E(4, 3)، F(2, 4)، وأوجد إحداثيات الصورة الناتجة.","لحل هذه المسألة الرياضية، سنقوم بتطبيق **مصفوفة التحويل** على المثلث DEF الذي إحداثيات رؤوسه هي:

- $ D(2, 1) $
- $ E(4, 3) $
- $ F(2, 4) $

ومصفوفة التحويل المعطاة هي:

$$
\begin{bmatrix}
1 & 0 \\
0 & -1
\end{bmatrix}
$$

---

### 🔍 ما معنى ""تطبيق مصفوفة على نقطة""؟

عند تطبيق مصفوفة تحويل على نقطة في المستوى الإحداثي، نضرب المصفوفة بالتمثيل المتجهي للنقطة.

أي أن النقطة $ (x, y) $ تمثلها المصفوفة العمودية:

$$
\begin{bmatrix}
x \\
y
\end{bmatrix}
$$

ثم نحسب:

$$
\text{النتيجة} = \text{مصفوفة التحويل} \times \text{المتجه}
$$

---

### 🧮 الخطوة الأولى: اكتب كل نقطة كمتجه

- $ D = \begin{bmatrix} 2 \\ 1 \end{bmatrix} $
- $ E = \begin{bmatrix} 4 \\ 3 \end{bmatrix} $
- $ F = \begin{bmatrix} 2 \\ 4 \end{bmatrix} $

---

### 📐 الخطوة الثانية: اضرب كل متجه بمصفوفة التحويل

#### 1. لنبدأ بالنقطة D:

$$
\begin{bmatrix}
1 & 0 \\
0 & -1
\end{bmatrix}
\cdot
\begin{bmatrix}
2 \\
1
\end{bmatrix}
=
\begin{bmatrix}
1 \cdot 2 + 0 \cdot 1 \\
0 \cdot 2 + (-1) \cdot 1
\end{bmatrix}
=
\begin{bmatrix}
2 \\
-1
\end{bmatrix}
\Rightarrow D' = (2, -1)
$$

#### 2. النقطة E:

$$
\begin{bmatrix}
1 & 0 \\
0 & -1
\end{bmatrix}
\cdot
\begin{bmatrix}
4 \\
3
\end{bmatrix}
=
\begin{bmatrix}
1 \cdot 4 + 0 \cdot 3 \\
0 \cdot 4 + (-1) \cdot 3
\end{bmatrix}
=
\begin{bmatrix}
4 \\
-3
\end{bmatrix}
\Rightarrow E' = (4, -3)
$$

#### 3. النقطة F:

$$
\begin{bmatrix}
1 & 0 \\
0 & -1
\end{bmatrix}
\cdot
\begin{bmatrix}
2 \\
4
\end{bmatrix}
=
\begin{bmatrix}
1 \cdot 2 + 0 \cdot 4 \\
0 \cdot 2 + (-1) \cdot 4
\end{bmatrix}
=
\begin{bmatrix}
2 \\
-4
\end{bmatrix}
\Rightarrow F' = (2, -4)
$$

---

### ✅ الإجابة النهائية:

إحداثيات صورة المثلث بعد تطبيق مصفوفة التحويل هي:

- $ D'(2, -1) $
- $ E'(4, -3) $
- $ F'(2, -4) $

---

### 💡 ملاحظة هندسية:

مصفوفة التحويل:

$$
\begin{bmatrix}
1 & 0 \\
0 & -1
\end{bmatrix}
$$

هي **انعكاس حول المحور الأفقي x-axis**، أي أنها تقلب الإحداثي y لكل نقطة إلى العكس، بينما تترك الإحداثي x كما هو.

---

هل ترغب أن أرسم لك الصورة قبل وبعد التحويل أو أشرح أكثر عن أنواع مصفوفات التحويل؟"
"Geometry","measuring and calculating","B","قِسْ طول الخط بالسنتيمترات: ______ سم","بالطبع! لكن أولاً، سأحتاج إلى مزيد من التفاصيل لمساعدتك في حل المسألة بدقة. عندما تقول:

> ""قِسْ طول الخط بالسنتيمترات: ______ سم""

فهذا يعني أنك أمامك خط (ربما في كتاب أو على ورقة)، وتريد قياس طوله باستخدام المسطرة.

### إليك الخطوات العامة لقياس طول خط مستقيم بالسنتيمترات:

1. **احضر مسطرة** (مقسمة إلى سنتيمترات ومليمترات).
2. **ضع الطرف الأيسر للمسطرة** عند بداية الخط.
3. **امدّ المسطرة** بشكل مستقيم على طول الخط.
4. **اقرأ الرقم الذي يتوافق مع نهاية الخط** على المسطرة.
5. **اكتب الناتج بوحدة السنتيمتر (سم)**.

---

### مثال:
إذا بدأت المسطرة من 0، ونهاية الخط عند علامة 5.5 على المسطرة، فطول الخط هو:

**5.5 سم**

---

### نصائح:
- تأكد من أن المسطرة موازية للخط.
- اقرأ القياس بعناية، خاصة إذا كانت هناك أجزاء بالمليمتر (1 سم = 10 مم).
- إذا كان البداية ليست من الصفر، اطرح قراءة البداية من قراءة النهاية.

---

### هل يمكنك رسم الخط أو وصفه؟
إذا كنت تحل سؤالًا في واجب منزلي أو في كتاب، وتحتاج إلى مساعدة أكثر تحديدًا، يمكنك:
- وصف الخط (كم عدد الوحدات عليه؟ هل هو على شبكة مربعة؟)
- أو تخبرني ماذا تراه على الورقة أو الشاشة.

وسأساعدك بكل سرور! 😊"
"Geometry","measuring and calculating","B","كم عدد الخطوات من الباب إلى مقعدك؟ ______","لحل هذه المسألة: **""كم عدد الخطوات من الباب إلى مقعدك؟""**، تحتاج إلى اتباع خطوات بسيطة لقياس المسافة بين الباب ومقعدك باستخدام **الخطوات** كوحدة قياس.

### إليك كيفية القيام بذلك:

---

## ✅ 1. **حدد نقطة البداية والنهاية**
- **نقطة البداية:** موقع الباب (حيث تبدأ الحركة عند الدخول).
- **نقطة النهاية:** المقعد الذي تجلس عليه.

---

## ✅ 2. **قم بالمشي من الباب إلى مقعدك**
- ابدأ من أمام الباب.
- امشِ بشكل طبيعي نحو مقعدك.
- ا counted كل خطوة تضع فيها قدمك على الأرض.

> مثال: إذا مشيت من الباب إلى المقعد وقمت بـ 8 خطوات، فالإجابة هي **8 خطوات**.

---

## ✅ 3. **كرر العملية إن لزم**
- قد تختلف عدد الخطوات قليلاً حسب طريقتك في المشي.
- يمكنك تكرار المحاولة عدة مرات وتأخذ **المتوسط** أو العدد الأكثر تكرارًا.

---

## ✅ 4. **اكتب الإجابة**

بعد أن تحسب عدد الخطوات، تضع الرقم داخل الفراغ:

> كم عدد الخطوات من الباب إلى مقعدك؟ **______**

مثال:
> كم عدد الخطوات من الباب إلى مقعدك؟ **7**

---

### 📌 ملاحظات مهمة:
- لا توجد إجابة صحيحة واحدة تناسب الجميع؛ تعتمد على موقع الباب وموقع المقعد.
- استخدم **خطوتك الطبيعية**، ولا تحاول أن تمد ساقيك أكثر من اللازم.
- يمكنك استخدام شريط مطاطي أو أصابعك لتذكّر عدد الخطوات أثناء المشي.

---

هل تريد أن أساعدك في تحويل ذلك إلى نشاط عملي أو جدول تسجيل؟ 😊"
"Geometry","measuring and calculating","B","قم بتحديد الوحدة التي ستستخدمها لقياس كتاب: أ) لترات ب) أمتار ج) سنتيمترات","لحل هذه المسألة الرياضية، عليك أن تفكر في **ما الذي تريد قياسه** في الكتاب.

السؤال هو:  
> ""قم بتحديد الوحدة التي ستستخدمها لقياس كتاب:  
 أ) لترات ب) أمتار ج) سنتيمترات""

### الخطوة الأولى: فهم الخيارات

- **أ) لترات**: تُستخدم لقياس **الحجم** أو **كمية السوائل** (مثل كمية الماء).
- **ب) أمتار**: وحدة طول كبيرة، تُستخدم لقياس الأطوال الكبيرة مثل طول الغرفة.
- **ج) سنتيمترات**: وحدة طول صغيرة، تُستخدم لقياس أطوال صغيرة مثل سمك أو ارتفاع كتاب.

### الخطوة الثانية: ما الذي نقيسه في الكتاب؟

عادةً عندما نقول ""نقيس كتابًا""، فإننا نقصد:
- طوله
- عرضه
- سمكه

وهذا يعني أننا نتحدث عن **الأبعاد الفيزيائية** للكتاب، أي **الطول**.

### الخطوة الثالثة: تحديد الوحدة المناسبة

- **السنتيمترات (ج)** هي الوحدة الأنسب لقياس أبعاد الكتاب (مثل الطول أو العرض)، لأنها دقيقة ومناسبة للأحجام الصغيرة إلى متوسطة مثل الكتب.
- **الأمتار (ب)** كبيرة جدًا لقياس كتاب صغير، إلا إذا كنت تقصد المسافة من الكتاب إلى مكان آخر.
- **اللترات (أ)** لا تُستخدم لقياس الطول، بل تُستخدم لقياس الحجم أو السوائل، لذا لا تناسب قياس الكتاب الورقي.

### ✅ الإجابة الصحيحة:
**ج) سنتيمترات**

لأن السنتيمترات تُستخدم لقياس الأطوال الصغيرة مثل أبعاد الكتاب.

---

هل ترغب أن أساعدك في أمثلة مشابهة؟ 😊"
"Geometry","measuring and calculating","C","ما هو محيط مستطيل أبعاده 6 سم و 4 سم؟","بالطبع! سأشرح لك كيفية حساب **محيط المستطيل** خطوة بخطوة.

### المعطيات:
- طول المستطيل = 6 سم  
- عرض المستطيل = 4 سم

### قانون محيط المستطيل:
محيط المستطيل = **2 × (الطول + العرض)**

### الخطوات:
1. تجمع الطول مع العرض:  
   $ 6 + 4 = 10 $

2. تضرب الناتج في 2:  
   $ 2 × 10 = 20 $

### إذًا:
محيط المستطيل = **20 سم**

هل تحب أن أشرح لك أيضًا لماذا هذا القانون صحيح أو كيف تُحسب المساحة أيضًا؟"
"Geometry","measuring and calculating","C","احسب مساحة مربع طول ضلعه 5 سم.","لحساب **مساحة المربع**، يمكنك استخدام القانون التالي:

\[
\text{مساحة المربع} = \text{طول الضلع}^2
\]

وبما أن طول ضلع المربع في المسألة هو \(5 \, \text{سم}\)، فقم بتعويض ذلك في المعادلة:

\[
\text{المساحة} = 5^2 = 25 \, \text{سم}^2
\]

إذًا:

\[
\boxed{25}
\]

هي مساحة المربع بوحدة **السنتيمتر المربع (سم²)**. ✅

هل ترغب في شرح الفرق بين محيط المربع ومساحته أيضًا؟"
"Geometry","measuring and calculating","C","شكل له مساحة قدرها 36 سم² وطول قدره 6 سم. ما هو العرض؟","لحل هذه المسألة، نحتاج إلى استخدام قانون مساحة المستطيل (أو الشكل الذي يُقصَد هنا، وهو على الأرجح **مستطيل**).

### المعطيات:
- **المساحة = 36 سم²**
- **الطول = 6 سم**
- المطلوب: **العرض**

### قانون المساحة للمستطيل:
$$
\text{المساحة} = \text{الطول} \times \text{العرض}
$$

نعوّض القيم المعطاة:

$$
36 = 6 \times \text{العرض}
$$

### الآن نقسم الطرفين على 6 لإيجاد العرض:
$$
\text{العرض} = \frac{36}{6} = 6 \text{ سم}
$$

### الإجابة النهائية:
$$
\boxed{6} \text{سم}
$$

إذن **الطول والعرض متساويان**، وهذا يعني أن الشكل قد يكون **مربعًا** (لأن جميع جوانبه متساوية) وليس فقط مستطيلًا."
"Geometry","measuring and calculating","C","هل الزاوية التي مقدارها ٤٥ درجة أصغر أم أكبر من الزاوية القائمة؟","الزاوية القائمة هي زاوية مقدارها **٩٠ درجة بالضبط**.

والمطلوب هو مقارنة الزاوية التي قياسها **٤٥ درجة** بهذه الزاوية القائمة.

### الخطوة 1: فهم نوع الزوايا
- **الزاوية الحادة**: هي زاوية أقل من ٩٠ درجة.
- **الزاوية القائمة**: هي زاوية تساوي ٩٠ درجة بالضبط.
- **الزاوية المنفرجة**: هي زاوية أكبر من ٩٠ درجة وأقل من ١٨٠ درجة.

### الخطوة 2: تحليل القياس المعطى
الزاوية المعطاة = **٤٥ درجة**  
و٤٥ درجة **أقل من ٩٠ درجة**، إذًا:

> ✅ **الزاوية التي قياسها ٤٥ درجة هي زاوية حادة، أي أصغر من الزاوية القائمة.**

---

### الإجابة النهائية:
**الزاوية التي قياسها ٤٥ درجة أصغر من الزاوية القائمة.**"
"Geometry","measuring and calculating","D","احسب محيط مستطيل طوله 8 سم وعرضه 5 سم.","لحساب **محيط المستطيل**، يمكنك استخدام القانون التالي:

$$
\text{محيط المستطيل} = 2 \times (\text{الطول} + \text{العرض})
$$

في هذه المسألة:
- الطول = 8 سم  
- العرض = 5 سم  

نقوم بالتعويض في القانون:

$$
محيط المستطيل = 2 \times (8 + 5) = 2 \times 13 = 26 \text{ سم}
$$

إذًا، **محيط المستطيل هو 26 سم**.

هل ترغب أن أشرح لك أيضًا كيف نحسب مساحة المستطيل؟"
"Geometry","measuring and calculating","D","احسب حجم المكعب الذي طول حافته 4 سم.","لحساب **حجم المكعب**، يمكنك استخدام القانون التالي:

$$
\text{حجم المكับ} = \text{(طول الحافة)}^3
$$

### معطى:
- طول حافة المكعب = 4 سم

### الحل:
$$
\text{الحجم} = 4^3 = 4 \times 4 \times 4 = 64 \text{ سم}^3
$$

### إذن:
**حجم المكعب هو 64 سنتيمتر مكعب (سم³).**

هل ترغب أن أشرح لك لماذا نستخدم هذا القانون؟ 😊"
"Geometry","measuring and calculating","D","مربع مساحته 36 سم² — ما طول أحد أضلاعه؟","لحل هذه المسألة، نبدأ من قانون **مساحة المربع**:

$$
\text{مساحة المربع} = \text{(طول الضلع)}^2
$$

معطى أن مساحة المربع هي:

$$
36\ \text{سم}^2
$$

نضع هذا في المعادلة:

$$
\text{(طول الضلع)}^2 = 36
$$

لإيجاد طول الضلع، نأخذ الجذر التربيعي للطرفين:

$$
\text{طول الضلع} = \sqrt{36} = 6
$$

### إذًا:
طول كل ضلع من أضلاع المربع هو:

$$
\boxed{6} \text{سم}
$$"
"Geometry","measuring and calculating","D","قم بقياس ورسم زاوية قدرها 60 درجة.","بالطبع! إليك شرحًا مبسطًا لكيفية **قياس ورسم زاوية قدرها 60 درجة** باستخدام أدوات الرسم الأساسية مثل **المنقلة والمسطرة**.

---

### 🧰 الأدوات المطلوبة:
1. ورقة رسم.
2. مسطرة مستقيمة.
3. منقلة (أداة قياس الزوايا).
4. قلم رصاص.

---

## ✅ الخطوة الأولى: رسم أحد ضلعي الزاوية

1. ارسم خطًا أفقيًّا على الورقة باستخدام المسطرة.
2. سمِّ نقطة بداية هذا الخط بـ **نقطة A**.

---

## ✅ الخطوة الثانية: استخدام المنقلة لرسم الزاوية

1. ضع مركز المنقلة (عادة ما يكون هناك دائرة صغيرة أو علامة) على النقطة **A**.
2. حافظ على توازي الحافة السفلية للمنقلة مع الخط الأفقي الذي رسمته.
3. ابحث عن العلامة التي تشير إلى **60 درجة** على المنقلة.
   - إذا كانت المنقلة ثنائية الاتجاه، تأكد أنك تقرأ من الجهة الصحيحة (إذا بدأت من اليمين، فاقرأ الزوايا من اليمين، والعكس).
4. ضع نقطة صغيرة عند علامة الـ **60 درجة**، وسمِّها **نقطة B**.

---

## ✅ الخطوة الثالثة: إكمال الزاوية

1. استخدم المسطرة لتوصيل نقطة A بالنقطة B.
2. الآن لديك زاويتان:
   - الضلع الأفقي (من A إلى اليمين).
   - الضلع الجديد (من A إلى B).
3. الزاوية بينهما هي **زاوية 60 درجة**.

---

## 📌 نصائح مهمة:

- تأكد من ثبات المنقلة أثناء وضع العلامات.
- استخدم الضغط الخفيف على القلم حتى يسهل مسح أي أخطاء.
- يمكنك التحقق من دقة الزاوية باستخدام منقلة أخرى أو برنامج رسم هندسي إن توفر.

---

## ✍️ مثال توضيحي:

```
       B
      /
     / 
    /  
   A_______
```

في الشكل أعلاه:
- النقطة A هي رأس الزاوية.
- الضلع الأفقي هو أحد جانبي الزاوية.
- الضلع المائل لأعلى نحو النقطة B يشكل مع الأول زاوية 60 درجة.

---

هل ترغب في شرح كيفية رسم الزاوية نفسها باستخدام الفرجار أيضًا؟"
"Geometry","measuring and calculating","D","احسب محيط دائرة قطرها 10 سم (استخدم π ≈ 3.14)","لحساب **محيط دائرة** قطرها 10 سم، يمكنك استخدام الصيغة التالية:

$$
\text{محيط الدائرة} = \pi \times \text{القطر}
$$

### المعطيات:
- القطر = 10 سم  
- $\pi \approx 3.14$

### الآن نقوم بالتعويض:

$$
\text{المحيط} = 3.14 \times 10 = 31.4 \text{ سم}
$$

### إذًا:
محيط الدائرة ≈ **31.4 سم**

هل ترغب أن أشرح لك أيضًا كيف يتم حساب المحيط إذا أعطيت نصف القطر بدلًا من القطر؟"
"Geometry","measuring and calculating","D","كمية الماء التي يمكن أن تتسع في صندوق أبعاده 10 سم طولاً، 6 سم عرضاً، و4 سم ارتفاعاً هي؟","لحل هذه المسألة، نحتاج إلى حساب **كمية الماء** التي يمكن أن تتسع في الصندوق. وبما أن الماء يأخذ شكل الوعاء الذي يوضع فيه، فإن **الحجم** هو ما نريد حسابه هنا.

### الخطوة 1: تذكّر قانون حجم متوازي المستطيلات
الصندوق على شكل **متوازي مستطيلات**، وقانون حجمه هو:

$$
\text{الحجم} = \text{الطول} \times \text{العرض} \times \text{الارتفاع}
$$

### الخطوة 2: التعويض بالأبعاد المعطاة
الأبعاد هي:
- الطول = 10 سم  
- العرض = 6 سم  
- الارتفاع = 4 سم  

نعوّد في القانون:

$$
\text{الحجم} = 10 \times 6 \times 4 = 240\ \text{سم}^3
$$

### الخطوة 3: فهم النتيجة
إذن، كمية الماء التي يمكن أن يتّسع لها هذا الصندوق هي **240 سنتيمتر مكعب**.

> 💡 ملاحظة:  
> 1 سنتيمتر مكعب = 1 ملليلتر من الماء  
> إذن يمكن القول إن الصندوق يتّسع لـ **240 ملليلتر** من الماء.

### ✅ الإجابة النهائية:
$$
\boxed{240\ \text{سم}^3}
$$"
"Geometry","measuring and calculating","D","مثلث قائم الزاوية له ضلعان طولا كل منهما 3 سم و4 سم — احسب طول الوتر.","بالطبع! دعني أشرح لك كيفية حل هذه المسألة خطوة بخطوة.

### المعطيات:
- لديك **مثلث قائم الزاوية**.
- طولا الضلعين القائمين (أي الضلعين اللذين يشكلان الزاوية القائمة) هما:
  - 3 سم
  - 4 سم

### المطلوب:
- حساب **طول الوتر**، وهو الضلع المقابل للزاوية القائمة، ونرمز له عادةً بالحرف **(جـ)**.

---

## الطريقة:

في المثلث القائم الزاوية، نستخدم **نظرية فيثاغورس** لحساب طول الوتر.

تنص نظرية فيثاغورس على أن:

$$
\text{الوتر}^2 = (\text{الضلع الأول})^2 + (\text{الضلع الثاني})^2
$$

أو رياضيًا:

$$
جـ^2 = أ^2 + ب^2
$$

حيث:
- $ جـ $: طول الوتر
- $ أ = 3 $ سم
- $ ب = 4 $ سم

---

## الحساب:

$$
جـ^2 = 3^2 + 4^2 = 9 + 16 = 25
$$

ثم نأخذ الجذر التربيعي للطرفين:

$$
جـ = \sqrt{25} = 5
$$

---

## الإجابة النهائية:

طول الوتر هو  
$$
\boxed{5} \text{سم}
$$

---

هل ترغب أن أشرح لك لماذا تعمل نظرية فيثاغورس؟ 😊"
"Geometry","measuring and calculating","E","دائرة نصف قطرها ٧ سم. احسب محيطها باستخدام π ≈ ٣.١٤.","لحساب **محيط الدائرة**، نستخدم القانون التالي:

$$
\text{محيط الدائرة} = 2 \pi r
$$

حيث:
- $ r $ هو **نصف قطر الدائرة**
- $ \pi \approx 3.14 $

### المعطيات:
- نصف قطر الدائرة $ r = 7 $ سم
- $ \pi \approx 3.14 $

### الآن نعوّض في القانون:

$$
\text{المحيط} = 2 \times 3.14 \times 7
$$

نحسب ذلك خطوة بخطوة:

1. أولًا: $ 2 \times 7 = 14 $
2. ثم: $ 14 \times 3.14 = ? $

$$
14 \times 3.14 = 43.96
$$

### إذًا:
محيط الدائرة ≈ **٤٣٫٩٦ سم**

✅ **الإجابة النهائية:** حوالي **٤٣٫٩٦ سم**"
"Geometry","measuring and calculating","E","دائرة محيطها ١٨π سم. ما نصف قطرها؟","لحل هذه المسألة، نبدأ من قانون **محيط الدائرة**:

$$
\text{المحيط} = 2\pi r
$$

حيث:
- $ r $ هو **نصف قطر الدائرة**
- $ \pi $ ثابت تقريبًا قيمته $ 3.14 $، لكننا سنبقيه على شكل $ \pi $ في الحسابات.

### المعطى:
محيط الدائرة = $ 18\pi $ سم

نضع هذا في المعادلة:

$$
18\pi = 2\pi r
$$

### الخطوة التالية:
نقسم الطرفين على $ 2\pi $:

$$
r = \frac{18\pi}{2\pi}
$$

نحذف $ \pi $ من البسط والمقام:

$$
r = \frac{18}{2} = 9
$$

### الإجابة النهائية:
$$
\boxed{9} \text{ سم}
$$

إذًا، **نصف قطر الدائرة هو 9 سم**. ✅"
"Geometry","measuring and calculating","E","وتر طوله 6 سم يقع على بعد 2 سم من مركز الدائرة. احسب نصف قطر الدائرة.","لحل هذه المسألة، نحتاج إلى استخدام **نظرية فيثاغورس**، حيث يمكننا تكوين مثلث قائم الزاوية من المعطيات.

### المعطيات:
- وتر طوله 6 سم.
- البعد من مركز الدائرة إلى الوتر = 2 سم (وهذا البُعد يكون عمودًا على الوتر دائمًا).
- المطلوب: حساب **نصف قطر الدائرة (r)**.

---

### الخطوات:

عند رسم العمود من مركز الدائرة إلى الوتر، فإنه:
- يقسم الوتر إلى **جزئين متساويين**.
- إذًا كل جزء من الوتر = $ \frac{6}{2} = 3 $ سم.

نحصل الآن على مثلث قائم الزاوية يتكون من:
- أحد الأضلاع = 2 سم (العمود من المركز إلى الوتر).
- الضلع الآخر = 3 سم (نصف الوتر).
- الوتر في هذا المثلث القائم هو **نصف قطر الدائرة (r)**.

---

### تطبيق نظرية فيثاغورس:

$$
r^2 = 2^2 + 3^2
$$

$$
r^2 = 4 + 9 = 13
$$

$$
r = \sqrt{13}
$$

---

### الإجابة النهائية:

$$
\boxed{\sqrt{13}} \text{ سم}
$$"
"Geometry","measuring and calculating","E","احسب مساحة مستطيل أبعاده 10 سم × 6 سم مع مثلث قاعدة 10 سم وارتفاع 4 سم موضوع فوقه.","بالطبع! دعني أشرح لك خطوة بخطوة كيفية حساب المساحة الكلية للشكل المركب من:

1. **مستطيل** بأبعاد 10 سم × 6 سم  
2. **مثلث** موضوع فوق المستطيل، قاعدته 10 سم وارتفاعه 4 سم

---

### 🔹 أولًا: نحسب مساحة المستطيل

**مساحة المستطيل = الطول × العرض**

$$
\text{مساحة المستطيل} = 10 \, \text{سم} \times 6 \, \text{سم} = 60 \, \text{سم}^2
$$

---

### 🔹 ثانيًا: نحسب مساحة المثلث

**مساحة المثلث = (القاعدة × الارتفاع) ÷ 2**

$$
\text{مساحة المثلث} = \frac{10 \, \text{سم} \times 4 \, \text{سم}}{2} = \frac{40}{2} = 20 \, \text{سم}^2
$$

---

### 🔹 ثالثًا: نجمع المساحتين

$$
\text{المساحة الكلية} = 60 \, \text{سم}^2 + 20 \, \text{سم}^2 = 80 \, \text{سم}^2
$$

---

### ✅ الإجابة النهائية:
**المساحة الكلية للشكل هي 80 سم².**

هل ترغب أن أوضح لك كيف يمكن تمثيل هذا هندسيًا أو بطريقة أخرى؟"
"Geometry","measuring and calculating","E","احسب حجم أسطوانة نصف قطرها 5 سم وارتفاعها 8 سم باستخدام القانون V = πr²h","بالطبع! سأشرح لك خطوة بخطوة كيف تحسب **حجم الأسطوانة** باستخدام القانون:

$$
V = \pi r^2 h
$$

### المعطيات:
- نصف قطر الأسطوانة $ r = 5 $ سم  
- ارتفاع الأسطوانة $ h = 8 $ سم  
- القيمة التقريبية لـ $ \pi \approx 3.14 $ (ما لم يُطلب غير ذلك)

---

### الخطوة 1: التعويض في القانون

نعوّض قيم $ r $ و $ h $ في المعادلة:

$$
V = \pi \times (5)^2 \times 8
$$

---

### الخطوة 2: حساب مربع نصف القطر

$$
(5)^2 = 25
$$

الآن تصبح المعادلة:

$$
V = \pi \times 25 \times 8
$$

---

### الخطوة 3: ضرب 25 × 8

$$
25 \times 8 = 200
$$

تصبح المعادلة:

$$
V = \pi \times 200
$$

---

### الخطوة 4: استخدام قيمة $ \pi $

نستخدم $ \pi \approx 3.14 $:

$$
V = 3.14 \times 200 = 628
$$

---

### النتيجة النهائية:

$$
\boxed{628} \text{ سم}^3
$$

إذًا، **حجم الأسطوانة هو 628 سنتيمتر مكعب**.

هل تحب أن أشرح لك من أين يأتي هذا القانون أيضًا؟ 😊"
"Geometry","measuring and calculating","E","هناك شكل يتكون من مستطيل بعده 6 سم في 2 سم، مع نصف دائرتين متساويتين على كلا الطرفين. احسب المحيط الكلي لهذا الشكل.","لحساب **المحيط الكلي** للشكل الذي وصفته، دعنا نفهم الشكل أولًا:

---

### 📌 الوصف:
- الشكل يتكون من **مستطيل** بطول **6 سم** وعرض **2 سم**.
- على **طرفي العرض** (أي على الجوانب القصيرة) يوجد **نصفا دائرتين متساويتين**، أي أن كل نصف دائرة موضوعة على أحد طرفي المستطيل.

إذا جمعنا النصفين الدائريين، فإنها تشكّلان **دائرة كاملة**.

---

## ✏️ خطوات الحل:

### 1. 🔢 أولاً: نحسب محيط المستطيل
لكن انتبه! عند إضافة نصفي دائرة على الطرفين، فإن **الجانبين الأفقيين (القصيرين)** للمستطيل **مغطّيان بنصفي الدائرة**، لذا **لا يُحتسبان في المحيط الخارجي**.

لذلك، فقط **الجانبان الطويلان** من المستطيل هما الجزء المستقيم في المحيط.

- طول كل جانب طويل = 6 سم
- عدد الأضلاع المستقيمة = 2 (الجانبان الطويلان)

إذن:
$$
\text{طول الأجزاء المستقيمة} = 2 \times 6 = 12\ \text{سم}
$$

---

### 2. 🔵 ثانيًا: نحسب محيط نصفي الدائرة (وهو ما يعادل محيط دائرة واحدة):

#### أ. نحدد نصف قطر الدائرة:
- عرض المستطيل = 2 سم، وهو قطر كل نصف دائرة.
- إذًا:  
$$
\text{قطر الدائرة} = 2\ \text{سم} \Rightarrow \text{نصف القطر } r = 1\ \text{سم}
$$

#### ب. نحسب محيط دائرة كاملة:
$$
\text{محيط الدائرة} = 2\pi r = 2\pi(1) = 2\pi\ \text{سم}
$$

هذا هو محيط الحواف المنحنية على طرفي الشكل.

---

### 3. 🧮 الآن نجمع:
- الأجزاء المستقيمة = 12 سم
- الأجزاء المنحنية = $2\pi$ سم

$$
\text{المحيط الكلي} = 12 + 2\pi\ \text{سم}
$$

---

## ✅ الإجابة النهائية:

$$
\boxed{12 + 2\pi}\ \text{سم}
$$

أو إذا أردت قيمة تقريبية باستخدام $\pi \approx 3.14$:

$$
12 + 2(3.14) = 12 + 6.28 = \boxed{18.28}\ \text{سم}
$$"
"Geometry","measuring and calculating","E","استخدم نظرية فيثاغورس لحساب طول الوتر في مثلث قائم الزاوية حيث يكون طولا الضلعين القائمين 6 سم و 8 سم.","بالطبع! يمكننا حل هذه المسألة بسهولة باستخدام **نظرية فيثاغورس**، وهي نظرية تُستخدم لحساب أطوال الأضلاع في المثلث القائم الزاوية.

---

### 🔹 معطيات المسألة:

- لدينا مثلث قائم الزاوية.
- طول أحد الضلعين القائمين (أي الواقفين على الزاوية القائمة) = 6 سم.
- طول الضلع الآخر = 8 سم.
- المطلوب: حساب **طول الوتر** (الضلع المقابل للزاوية القائمة).

---

### 🔸 نظرية فيثاغورس:

في المثلث القائم الزاوية، يكون:

$$
\text{(الوتر)}^2 = \text{(الضلع الأول)}^2 + \text{(الضلع الثاني)}^2
$$

نرمز لطول الوتر بالحرف $ c $، وطول الضلعين الآخرين بالحرفين $ a $ و $ b $.

إذًا:
$$
c^2 = a^2 + b^2
$$

---

### 🔹 الحل خطوة بخطوة:

1. نضع الأرقام المعطاة:
   - $ a = 6 $
   - $ b = 8 $

2. نطبق النظرية:
   $$
   c^2 = 6^2 + 8^2
   $$

3. نحسب المربعات:
   $$
   6^2 = 36,\quad 8^2 = 64
   $$

4. نجمع الناتجين:
   $$
   c^2 = 36 + 64 = 100
   $$

5. نأخذ الجذر التربيعي للطرفين لإيجاد $ c $:
   $$
   c = \sqrt{100} = 10
   $$

---

### ✅ الإجابة النهائية:

طول الوتر هو:  
$$
\boxed{10} \text{سم}
$$

هل ترغب أن أشرح لك لماذا تعمل نظرية فيثاغورس هكذا؟ 😊"
"Geometry","measuring and calculating","F","أسطوانة ارتفاعها 6 سم ونصف قطرها 4 سم. احسب مساحتها السطحية باستخدام الصيغة: المساحة السطحية = 2πن² + 2πنهـ.","بالطبع! دعني أشرح لك خطوة بخطوة كيفية حساب **المساحة السطحية لأسطوانة** باستخدام المعطيات والصيغة التي أعطيت لك.

### المعطيات:
- ارتفاع الأسطوانة (هـ) = 6 سم  
- نصف قطر الأسطوانة (ن) = 4 سم  
- الصيغة المستخدمة:  
  $$
  \text{المساحة السطحية} = 2\pi r^2 + 2\pi r h
  $$

حيث:
- $ r $ هو نصف القطر
- $ h $ هو الارتفاع

---

### الخطوة 1: فهم الصيغة

الصيغة:
$$
\text{المساحة السطحية} = 2\pi r^2 + 2\pi r h
$$

تحتوي على جزأين:
1. $ 2\pi r^2 $: هي مجموع مساحتَي الدائرتين العلويّة والسُفليّة.
2. $ 2\pi r h $: هي المساحة الجانبية للأسطوانة.

---

### الخطوة 2: التعويض بالقيم

نعوّض:
- $ r = 4 $
- $ h = 6 $

#### الجزء الأول:
$$
2\pi r^2 = 2\pi (4)^2 = 2\pi (16) = 32\pi
$$

#### الجزء الثاني:
$$
2\pi r h = 2\pi (4)(6) = 2\pi (24) = 48\pi
$$

---

### الخطوة 3: جمع الأجزاء

$$
\text{المساحة السطحية} = 32\pi + 48\pi = 80\pi
$$

---

### الخطوة 4: الحساب النهائي (إذا طُلب)

إذا استخدمنا القيمة التقريبية $ \pi \approx 3.14 $:

$$
80\pi \approx 80 \times 3.14 = 251.2 \text{ سم}^2
$$

---

### ✅ الإجابة النهائية:

- **بالنسبة لـ π**:  
  $$
  \boxed{80\pi} \text{سم}^2
  $$

- **تقريباً (باستخدام } \pi \approx 3.14):  
  $$
  \boxed{251.2} \text{سم}^2
  $$

هل ترغب أن أشرح لك من أين جاءت هذه الصيغة أو كيف تُشتق؟"
"Geometry","measuring and calculating","F","احسب حجم المخروط الذي له نصف قطر قدره 3 سم وارتفاع قدره 8 سم.","لحساب **حجم المخروط**، نستخدم الصيغة الرياضية التالية:

$$
\text{حجم المخروط} = \frac{1}{3} \pi r^2 h
$$

حيث:
- $ r $: هو **نصف قطر قاعدة المخروط**
- $ h $: هو **ارتفاع المخروط**
- $ \pi $: عدد ثابت تقريباً يساوي **3.14**

### المعطيات في المسألة:
- نصف القطر $ r = 3 $ سم
- الارتفاع $ h = 8 $ سم

### الآن نعوّض في القانون:

$$
\text{الحجم} = \frac{1}{3} \times \pi \times (3)^2 \times 8
$$

نحسب المربّع:

$$
(3)^2 = 9
$$

ثم:

$$
\text{الحجم} = \frac{1}{3} \times \pi \times 9 \times 8
$$

$$
= \frac{1}{3} \times \pi \times 72
$$

$$
= 24 \pi
$$

إذا كنت ترغب بالقيمة العددية، نستخدم $ \pi \approx 3.14 $:

$$
\text{الحجم} \approx 24 \times 3.14 = 75.36 \text{ سم}^3
$$

### ✅ الإجابة النهائية:
$$
\boxed{75.36} \text{سم}^3
$$"
"Geometry","measuring and calculating","F","مكعب مستطيل أبعاده 5×4×3. احسب حجمه ومساحته السطحية.","بالطبع! دعني أشرح لك كيفية حساب **حجم** و**مساحة السطح** لمكعب مستطيل (وهو ما يُعرف أيضًا بـ **متوازي المستطيلات**) بأبعاد 5 × 4 × 3.

---

### 🔹 أولًا: توضيح الأبعاد

مكعب المستطيل له ثلاثة أبعاد:

- الطول = 5 وحدة  
- العرض = 4 وحدة  
- الارتفاع = 3 وحدة  

---

### 📦 1. حساب الحجم

الحجم هو مقدار المساحة الداخلية للمجسم، ويُحسب باستخدام المعادلة التالية:

$$
\text{الحجم} = \text{الطول} \times \text{العرض} \times \text{الارتفاع}
$$

نعوّض الأرقام:

$$
\text{الحجم} = 5 \times 4 \times 3 = 60 \text{ وحدة مكعبة}
$$

إذن:
> ✅ الحجم = **60 وحدة مكعبة**

---

### 📏 2. حساب المساحة السطحية

المساحة السطحية هي مجموع مساحات جميع الأوجه الستة للمكعب المستطيل.

لدينا 3 أزواج من الأوجه المتقابلة:

- زوجان من الأوجه (الطول × العرض)
- زوجان من الأوجه (الطول × الارتفاع)
- زوجان من الأوجه (العرض × الارتفاع)

المعادلة العامة للمساحة السطحية:

$$
\text{المساحة السطحية} = 2 \times (\text{الطول} \times \text{العرض} + \text{الطول} \times \text{الارتفاع} + \text{العرض} \times \text{الارتفاع})
$$

نعوّض الأرقام:

$$
= 2 \times (5 \times 4 + 5 \times 3 + 4 \times 3)
$$
$$
= 2 \times (20 + 15 + 12) = 2 \times 47 = 94 \text{ وحدة مربعة}
$$

إذن:
> ✅ المساحة السطحية = **94 وحدة مربعة**

---

### ✅ الإجابة النهائية:

- **الحجم:** 60 وحدة مكعبة  
- **المساحة السطحية:** 94 وحدة مربعة

هل تريد أن أساعدك في رسم الشكل أو حل مسائل مشابهة؟"
"Geometry","measuring and calculating","F","استخدم علم المثلثات: في مثلث قائم، احسب قيمة جيب الزاوية (θ) إذا كانت الضلع المقابل = 5 والوتر = 13.","بالطبع! دعني أشرح لك كيفية حل هذه المسألة خطوة بخطوة باستخدام علم المثلثات.

### المعطيات:
- لدينا **مثلث قائم الزاوية**.
- الضلع **المقابل** للزاوية θ = 5
- **الوتر** (أطول ضلع في المثلث القائم) = 13

### المطلوب:
حساب **جيب الزاوية** θ، أي:  
$$
\sin(\theta) = ?
$$

---

### التذكير بالتعريف:

في مثلث قائم الزاوية:

$$
\sin(\theta) = \frac{\text{الضلع المقابل}}{\text{الوتر}}
$$

---

### التعويض بالقيم:

$$
\sin(\theta) = \frac{5}{13}
$$

---

### إذًا الإجابة النهائية هي:

$$
\boxed{\sin(\theta) = \frac{5}{13}}
$$

يمكنك إذا أردت تحويل هذا الكسر إلى رقم عشري:

$$
\frac{5}{13} \approx 0.3846
$$

وإذا كنت تريد معرفة مقدار الزاوية θ نفسها (بالدرجات أو الراديان)، يمكنك استخدام الدالة العكسية لجيب الزاوية:

$$
\theta = \sin^{-1}\left(\frac{5}{13}\right) \approx \sin^{-1}(0.3846) \approx 22.6^\circ
$$

لكن في هذه المسألة، كان المطلوب فقط هو حساب جيب الزاوية، فتكون الإجابة:

$$
\boxed{\sin(\theta) = \frac{5}{13}}
$$

هل ترغب أن أشرح لك باقي الدوال المثلثية أيضًا مثل التمام والظل؟"
"Geometry","measuring and calculating","F","مثلث له أضلاع بطول 7 سم، 24 سم و25 سم. أثبت أنه مثلث قائم الزاوية.","لإثبات أن المثلث الذي أطوال أضلاعه 7 سم، 24 سم، و25 سم هو **مثلث قائم الزاوية**، نستخدم **نظرية فيثاغورس**.

---

### 🔹 نظرية فيثاغورس:

في أي مثلث قائم الزاوية، يكون مربع طول الوتر (أطول ضلع، وهو المقابل للزاوية القائمة) مساوياً لمجموع مربعي الضلعين الآخرين.  
أي أن:

$$
a^2 + b^2 = c^2
$$

حيث:
- $ c $ هو طول الوتر (الضلع الأطول).
- $ a $ و $ b $ هما الضلعان الآخران.

---

### 🔸 الخطوة 1: تحديد الأضلاع

في مسألتك:
- الأضلاع هي: 7 سم، 24 سم، و25 سم.
- نلاحظ أن **25 سم** هو **الضلع الأطول**، إذاً هو **الوتر**.

نقوم الآن بالتحقق من صحة العلاقة:

$$
7^2 + 24^2 = 25^2
$$

---

### 🔸 الخطوة 2: حساب المربّعات

$$
7^2 = 49 \\
24^2 = 576 \\
25^2 = 625
$$

نجمع مربعي الضلعين الأصغر:

$$
49 + 576 = 625
$$

وهذا يساوي:

$$
625 = 625
$$

---

### ✅ النتيجة:

بما أن العلاقة صحيحة، فإن المثلث **قائم الزاوية**.

---

### 📌 خلاصة:

لقد استخدمنا نظرية فيثاغورس وتأكدنا أن:

$$
7^2 + 24^2 = 25^2
$$

إذًا، **المثلث أعلاه هو مثلث قائم الزاوية**.

هل ترغب أن أشرح لك لماذا هذه الأعداد تعتبر **ثلّة فيثاغورية**؟ 😊"
"Geometry","measuring and calculating","G","في مثلث ABC، الزاوية A = 40°، الزاوية B = 65°، والضلع a = 10 سم. استخدم قانون جيب التمام لإيجاد الضلع b.","لحل هذه المسألة، نحتاج أولًا إلى فهم المعطيات:

- لدينا مثلث $ ABC $
- الزاوية $ A = 40^\circ $
- الزاوية $ B = 65^\circ $
- الضلع $ a = 10 \, \text{سم} $، وهو الضلع المقابل للزاوية $ A $

المطلوب: استخدام **قانون جيب التمام** لإيجاد **الضلع $ b $** (وهو الضلع المقابل للزاوية $ B $).

لكن قبل أن نستخدم قانون جيب التمام، دعنا نفكر:  
في مثلث، إذا كنا نعرف زاويتين، فيمكننا إيجاد الزاوية الثالثة لأن مجموع زوايا المثلث هو $ 180^\circ $.

### الخطوة 1: إيجاد الزاوية C

$$
C = 180^\circ - A - B = 180^\circ - 40^\circ - 65^\circ = 75^\circ
$$

### الخطوة 2: استخدام قانون الجيب (ليس جيب التمام)

بما أننا نعرف زوايا المثلث وضلع واحد، فإن **قانون الجيب** هو الأسهل لحساب الضلع $ b $:

$$
\frac{a}{\sin A} = \frac{b}{\sin B}
$$

نعوّض القيم المعروفة:

$$
\frac{10}{\sin 40^\circ} = \frac{b}{\sin 65^\circ}
$$

نحسب القيم:

- $ \sin 40^\circ \approx 0.6428 $
- $ \sin 65^\circ \approx 0.9063 $

$$
\frac{10}{0.6428} = \frac{b}{0.9063}
$$

$$
15.55 \approx \frac{b}{0.9063}
$$

$$
b \approx 15.55 \times 0.9063 \approx 14.09
$$

### الإجابة النهائية:
$$
\boxed{b \approx 14.1 \, \text{سم}}
$$

---

### لكن أنت طلبت استخدام ""قانون جيب التمام"" تحديدًا!

عادةً ما يستخدم **قانون جيب التمام** عندما نعرف:
- ضلعين والزاوية المحصورة بينهما، ونريد إيجاد الضلع الثالث.
- أو نعرف الأضلاع الثلاثة ونريد حساب زاوية.

لكن بما أنك طلبت استخدام **قانون جيب التمام**، يمكننا تطبيقه بطريقة غير مباشرة كما يلي:

### الخطوة 1: نحتاج إلى معرفة ضلع آخر أو زاوية أخرى (فعلنا ذلك بالفعل: C = 75°)

### الخطوة 2: نستخدم قانون جيب التمام لحساب أحد الأضلاع الأخرى (مثلاً الضلع c) ثم نستخدم قانون الجيب لاحقًا.

#### قانون جيب التمام:

$$
c^2 = a^2 + b^2 - 2ab\cos C
$$

لكن هنا لا نعرف $ b $ ولا $ c $، فلا يمكن حل المسألة بهذا القانون مباشرة دون معرفة ضلعين على الأقل.

إذن، **الحل الأمثل والأكثر منطقية هو استخدام قانون الجيب**، وليس جيب التمام في هذه الحالة.

---

### خلاصة:

- يمكنك حل المسألة باستخدام **قانون الجيب** لأنه يناسب المعطيات المتاحة.
- استخدمت الزوايا لإيجاد الزاوية الثالثة، ثم استخدمت العلاقة:

$$
\frac{a}{\sin A} = \frac{b}{\sin B}
\Rightarrow b = \frac{a \cdot \sin B}{\sin A}
$$

$$
b = \frac{10 \cdot \sin 65^\circ}{\sin 40^\circ} \approx \frac{10 \cdot 0.9063}{0.6428} \approx 14.1 \, \text{سم}
$$

### ✅ الإجابة النهائية:
$$
\boxed{b \approx 14.1 \text{ سم}}
$$"
"Geometry","measuring and calculating","G","في مثلث XYZ، الضلع x = 6 سم، الضلع y = 7 سم، وزاوية Z = 60°. استخدم قانون جيب التمام لإيجاد الضلع z.","بالطبع! دعني أشرح لك خطوة بخطوة كيفية حل هذه المسألة باستخدام **قانون جيب التمام**.

### المعطيات:
- مثلث $ XYZ $
- الطول $ x = 6 $ سم (وهو الضلع المقابل للزاوية $ X $)
- الطول $ y = 7 $ سم (وهو الضلع المقابل للزاوية $ Y $)
- الزاوية $ Z = 60^\circ $ (أي الزاوية بين الضلعين $ x $ و $ y $)
- نريد إيجاد الطول $ z $، وهو الضلع المقابل للزاوية $ Z $

---

### قانون جيب التمام:

في أي مثلث، ينص قانون جيب التمام على أن:

$$
z^2 = x^2 + y^2 - 2xy\cos(Z)
$$

نقوم الآن بالتعويض بالقيم المعطاة:

- $ x = 6 $
- $ y = 7 $
- $ Z = 60^\circ $
- $ \cos(60^\circ) = 0.5 $

$$
z^2 = 6^2 + 7^2 - 2 \cdot 6 \cdot 7 \cdot \cos(60^\circ)
$$

$$
z^2 = 36 + 49 - 2 \cdot 6 \cdot 7 \cdot 0.5
$$

$$
z^2 = 85 - (2 \cdot 6 \cdot 7 \cdot 0.5)
$$

$$
z^2 = 85 - 42 = 43
$$

$$
z = \sqrt{43} \approx 6.56 \text{ سم}
$$

---

### الإجابة النهائية:
$$
\boxed{z \approx 6.56} \text{سم}
$$

إذا كانت لديك أي أسئلة حول الخطوات أو كيف نستخدم قانون جيب التمام، فأنا هنا للمساعدة! 😊"
"Geometry","measuring and calculating","G","احسب مساحة سطح كرة نصف قطرها 6 سم.","لحساب **مساحة سطح كرة**، نستخدم الصيغة الرياضية التالية:

$$
\text{مساحة السطح} = 4 \pi r^2
$$

حيث:
- $ r $ هو **نصف قطر الكرة**
- $ \pi $ ثابت تقريبًا يساوي **3.14**

---

### معطى:
- نصف قطر الكرة $ r = 6 $ سم

---

### الخطوة 1: نُعَوِّض في المعادلة:

$$
\text{مساحة السطح} = 4 \pi (6)^2
$$

$$
= 4 \pi (36)
$$

$$
= 144 \pi
$$

---

### الخطوة 2: إذا أردت الناتج العددي، استخدم $ \pi \approx 3.14 $:

$$
144 \times 3.14 = 452.16
$$

---

### إذًا:
- **مساحة سطح الكرة** هي:  
  $$
  \boxed{452.16} \text{سم}^2
  $$

إذا كنت تريد الإجابة بدلالة $ \pi $ فقط، تكون الإجابة:
$$
\boxed{144\pi} \text{سم}^2
$$

هل تحب أن أشرح لك من أين أتت هذه الصيغة؟ 😊"
"Geometry","measuring and calculating","G","لديك دائرة نصف قطرها 10 سم. احسب طول القوس الناتج عن زاوية مقدارها 60 درجة.","لحساب **طول القوس** الناتج عن زاوية في دائرة، يمكنك استخدام الصيغة التالية:

$$
\text{طول القوس} = 2\pi r \times \frac{\theta}{360^\circ}
$$

حيث:

- $ r $ هو نصف قطر الدائرة.
- $ \theta $ هي قياس الزاوية بالدرجات.
- $ \pi \approx 3.14 $ أو يمكنك تركه رمزًا إذا كنت تريد الإجابة بشكل دقيق.

---

### المعطيات:
- نصف قطر الدائرة $ r = 10 $ سم  
- الزاوية $ \theta = 60^\circ $

---

### نطبق في المعادلة:

$$
\text{طول القوس} = 2\pi \cdot 10 \cdot \frac{60}{360}
$$

$$
= 20\pi \cdot \frac{1}{6}
$$

$$
= \frac{20\pi}{6}
$$

$$
= \frac{10\pi}{3} \text{ سم}
$$

---

### وإذا أردت القيمة العددية (باستخدام $ \pi \approx 3.14 $):

$$
\frac{10 \cdot 3.14}{3} = \frac{31.4}{3} \approx 10.47 \text{ سم}
$$

---

### ✅ الإجابة النهائية:

- **بالضبط:** $ \frac{10\pi}{3} $ سم  
- **تقريبًا:** $ 10.47 $ سم"
"Geometry","measuring and calculating","G","احسب محيط مثلث له رؤوس عند النقاط A(0, 0) و B(3, 4) و C(6, 0)","لحساب **محيط مثلث** له رؤوس عند النقاط $ A(0, 0) $، و$ B(3, 4) $، و$ C(6, 0) $، نقوم باتباع الخطوات التالية:

---

### ✳️ المبدأ الأساسي:
المحيط = **مجموع أطوال الأضلاع الثلاثة**  
أي أننا نحسب المسافات بين كل زوج من النقاط (وهي تمثل الأضلاع)، ثم نجمعها.

نستخدم **قانون المسافة بين نقطتين** في المستوى الإحداثي:

$$
\text{المسافة} = \sqrt{(x_2 - x_1)^2 + (y_2 - y_1)^2}
$$

---

### 🔹 حساب طول AB:
النقطة $ A = (0, 0) $، والنقطة $ B = (3, 4) $

$$
AB = \sqrt{(3 - 0)^2 + (4 - 0)^2} = \sqrt{9 + 16} = \sqrt{25} = 5
$$

---

### 🔹 حساب طول BC:
النقطة $ B = (3, 4) $، والنقطة $ C = (6, 0) $

$$
BC = \sqrt{(6 - 3)^2 + (0 - 4)^2} = \sqrt{3^2 + (-4)^2} = \sqrt{9 + 16} = \sqrt{25} = 5
$$

---

### 🔹 حساب طول AC:
النقطة $ A = (0, 0) $، والنقطة $ C = (6, 0) $

$$
AC = \sqrt{(6 - 0)^2 + (0 - 0)^2} = \sqrt{36 + 0} = \sqrt{36} = 6
$$

---

### 📐 الآن نحسب المحيط:

$$
\text{المحيط} = AB + BC + AC = 5 + 5 + 6 = \boxed{16}
$$

---

### ✅ الإجابة النهائية:
**محيط المثلث هو 16 وحدة طول.**

هل ترغب برسم المثلث لتوضيح الأفكار بشكل بصري؟"
"Geometry","measuring and calculating","G","يتقاطع وتران في دائرة مكونين زاوية مقدارها 35°. إذا كانت الأقواس المقابلة لهما مقدارها 80° و50°، احسب الزاوية بين الوترين.","لدينا مسألة تتعلق بـ **زاوية بين وترين متقاطعين داخل دائرة**، وتُعطى بعض المعلومات عن الأقواس والزوايا.

### المعطيات:
- وتران يتقاطعان داخل دائرة.
- هذان الوتران يشكلان زاوية قدرها **35°** (نفترض أنها الزاوية الخارجية أو الداخلية الناتجة عن تقاطع الوترين).
- القوسان المقابلان للوترَين مقداراهما **80°** و**50°**.

لكن السؤال يقول:  
> ""احسب الزاوية بين الوترين"".

وهذا يبدو متناقضًا مع المعطى الأول الذي يقول إن الزاوية هي 35°. لذا من المحتمل أن يكون هناك **خلط في صياغة السؤال**، أو أن المطلوب هو **إيجاد الزاوية بين الوترين بناءً على أقواسهما**، وليس استخدام الـ 35° كمعطى.

فلنحل المسألة بشكل دقيق رياضيًا:

---

## 📐 النظرية المستخدمة:

إذا **تقاطع وتران داخل دائرة**، فإن **قياس الزاوية بين الوترين يساوي نصف مجموع قياسي القوسين المقابلين لتلك الزاوية والزاوية المقابلة لها**.

أي أن:

$$
\text{الزاوية} = \frac{1}{2} (\text{القوس الأول} + \text{القوس الثاني})
$$

---

### الحل:

المعطى:  
- القوس الأول = 80°  
- القوس الثاني = 50°

نطبق القانون:

$$
\text{الزاوية} = \frac{1}{2}(80^\circ + 50^\circ) = \frac{1}{2}(130^\circ) = 65^\circ
$$

---

### الإجابة النهائية:

$$
\boxed{65^\circ}
$$

---

## 💡 ملاحظة مهمة:

- إذا كانت الزاوية المذكورة في السؤال (35°) هي زاوية خارجية أو جزء من الشكل، فقد تكون مرتبطة بحساب آخر (مثل زاوية خارج الدائرة أو علاقة أخرى)، لكن بما أن المطلوب هو حساب الزاوية بين الوترين عند تقاطعهما **داخل الدائرة**، فإن الطريقة الصحيحة هي كما سبق.

هل ترغب في رسم توضيحي أو شرح الفرق بين الزوايا الناتجة عن تقاطع الوتر داخل وخارج الدائرة؟"
"Geometry","measuring and calculating","H","احسب المساحة السطحية لكرة محاطة في مكعب طول ضلعه 6 سم.","لحساب **المساحة السطحية لكرة محاطة في مكعب** طول ضلعه 6 سم، دعنا نفهم أولاً ما المقصود بأن الكرة **محاطة** في المكعب.

---

### 🔍 تفسير المعنى:
إذا كانت الكرة **محاطة** داخل المكعب، فهذا يعني أن:

- الكرة تملأ المكعب تمامًا من الداخل.
- سطح الكرة يلامس جميع أوجه المكعب الداخلية.
- قطر الكرة = طول ضلع المكعب.

إذن:

> **قطر الكرة = 6 سم**

ومن هنا:

> **نصف قطر الكرة (r) = 6 ÷ 2 = 3 سم**

---

### ✨ قانون المساحة السطحية للكرة:
$$
\text{المساحة السطحية} = 4\pi r^2
$$

نعوّض $ r = 3 $:

$$
\text{المساحة السطحية} = 4 \pi (3)^2 = 4 \pi \times 9 = 36\pi \, \text{سم}^2
$$

---

### 🧮 الإجابة النهائية:
$$
\boxed{36\pi \, \text{سم}^2}
$$

أو إذا أردت القيمة التقريبية (باستخدام $ \pi \approx 3.14 $):

$$
36 \times 3.14 = \boxed{113.04 \, \text{سم}^2}
$$

---

هل تريد شرحًا بصريًا أو رسومات لتفهم الفكرة بشكل أفضل؟"
"Geometry","measuring and calculating","H","حدد الزاوية بين المستويين x + y + z = 0 و x − y = 0.","لحساب **الزاوية بين مستويين**، نستخدم **المتجهات العمودية على كل من المستويين**، ثم نحسب الزاوية بين هذين المتجهين.

### المعطيات:

- أول مستوى: $ x + y + z = 0 $
- ثاني مستوى: $ x - y = 0 $

---

## الخطوة 1: إيجاد المتجه العمودي لكل مستوى

لأي مستوى على الصورة العامة:
$$
Ax + By + Cz + D = 0
$$
فإن **المتجه العمودي** على المستوى هو:
$$
\vec{n} = \langle A, B, C \rangle
$$

### للمستوى الأول: $ x + y + z = 0 $

المتجه العمودي:
$$
\vec{n_1} = \langle 1, 1, 1 \rangle
$$

### للمستوى الثاني: $ x - y = 0 $

نعيد كتابته كـ: $ x - y + 0z = 0 $

المتجه العمودي:
$$
\vec{n_2} = \langle 1, -1, 0 \rangle
$$

---

## الخطوة 2: استخدام قانون الزاوية بين متجهين

لحساب الزاوية $ \theta $ بين متجهين $ \vec{a} $ و $ \vec{b} $، نستخدم العلاقة:

$$
\cos\theta = \frac{\vec{a} \cdot \vec{b}}{|\vec{a}| |\vec{b}|}
$$

نطبق ذلك على $ \vec{n_1} $ و $ \vec{n_2} $:

### أولاً: الجداء القياسي $ \vec{n_1} \cdot \vec{n_2} $

$$
\vec{n_1} \cdot \vec{n_2} = (1)(1) + (1)(-1) + (1)(0) = 1 - 1 + 0 = 0
$$

إذاً:
$$
\cos\theta = \frac{0}{|\vec{n_1}| |\vec{n_2}|} = 0
\Rightarrow \theta = \cos^{-1}(0) = 90^\circ
$$

---

## النتيجة النهائية:

بما أن الجداء القياسي صفر، فإن الزاوية بين المستويين هي:

$$
\boxed{90^\circ}
$$

أي أن **المستويين متعامدان**. ✅

هل ترغب في شرح طريقة حساب المقدار (norm) للمتجهات أيضًا؟"
"Geometry","measuring and calculating","H","إذا كانت الزاوية س تحقق العلاقة (جا² س + جتا² س = ١) وكان ظا س = ٣⁄٤، فأوجد قياس الزاوية س بالدرجات.","لحل هذه المسألة، دعنا نفهم المعطيات ونستخدمها بشكل منطقي:

### المعطيات:
1. $\sin^2 x + \cos^2 x = 1$  
   ➤ هذه متطابقة مثلثية معروفة دائمًا صحيحة لأي زاوية $x$. لذا هي تؤكد فقط أننا في نطاق المثلثات القائمة أو الدائرة الوحدوية.

2. $\tan x = \frac{3}{4}$  
   ➤ هذا يعني أن نسبة الجيب إلى جيب التمام للزاوية $x$ هي $\frac{3}{4}$.

---

## الهدف:
إيجاد **قياس الزاوية $x$ بالدرجات**.

---

## الحل:

### الخطوة 1: استخدام تعريف الظل
$$
\tan x = \frac{\sin x}{\cos x} = \frac{3}{4}
$$

يمكننا اعتبار مثلث قائم الزاوية حيث:
- الضلع المقابل للزاوية = 3  
- الضلع المجاور للزاوية = 4  

ثم نحسب الوتر باستخدام نظرية فيثاغورس:

$$
\text{الوتر} = \sqrt{3^2 + 4^2} = \sqrt{9 + 16} = \sqrt{25} = 5
$$

إذًا:
- $\sin x = \frac{\text{المقابل}}{\text{الوتر}} = \frac{3}{5}$
- $\cos x = \frac{\text{المجاور}}{\text{الوتر}} = \frac{4}{5}$

---

### الخطوة 2: التحقق من المتطابقة
$$
\sin^2 x + \cos^2 x = \left(\frac{3}{5}\right)^2 + \left(\frac{4}{5}\right)^2 = \frac{9}{25} + \frac{16}{25} = \frac{25}{25} = 1
$$

✅ إذًا الحسابات صحيحة.

---

### الخطوة 3: حساب الزاوية $x$

نعلم أن:
$$
\tan x = \frac{3}{4}
$$

نستخدم **الدالة العكسية للظل** (arctan أو $\tan^{-1}$) لإيجاد الزاوية:

$$
x = \tan^{-1} \left( \frac{3}{4} \right)
$$

نحسب ذلك باستخدام الآلة الحاسبة:

$$
x \approx \tan^{-1}(0.75) \approx 36.87^\circ
$$

---

## ✅ الإجابة النهائية:
$$
\boxed{36.87^\circ}
$$

إذا كنت تحتاج الزاوية بالتقدير الدائري، يمكنك تحويلها، لكن السؤال طلب الدرجة، فالإجابة كما سبق."
"Geometry","measuring and calculating","H","حدد المسافة بين الخطوط المتباينة L₁: (1,2,3) + t(1,0,–1) و L₂: (0,1,0) + s(1,1,1)","لحل هذه المسألة وحساب **المسافة بين خطين متخالفين (Skew lines)** في الفضاء ثلاثي الأبعاد، نستخدم قانون المسافة بين خطين متخالفين:

### المعطيات:
- الخط $ L_1: \vec{r}_1 = (1,2,3) + t(1,0,-1) $
- الخط $ L_2: \vec{r}_2 = (0,1,0) + s(1,1,1) $

أي أن:
- النقطة على $L_1$ هي $ \vec{a} = (1,2,3) $
- المتجه الاتجاهي لـ $L_1$ هو $ \vec{v}_1 = (1,0,-1) $
- النقطة على $L_2$ هي $ \vec{b} = (0,1,0) $
- المتجه الاتجاهي لـ $L_2$ هو $ \vec{v}_2 = (1,1,1) $

---

## الخطوات:

### 1. احسب المتجه بين نقطتين من كل خط:
$$
\vec{b} - \vec{a} = (0,1,0) - (1,2,3) = (-1,-1,-3)
$$

---

### 2. احسب الجداء الشعاعي للمتجهين الاتجاهيين:
$$
\vec{v}_1 \times \vec{v}_2 = 
\begin{vmatrix}
\mathbf{i} & \mathbf{j} & \mathbf{k} \\
1 & 0 & -1 \\
1 & 1 & 1 \\
\end{vmatrix}
= \mathbf{i}(0 \cdot 1 - (-1) \cdot 1) - \mathbf{j}(1 \cdot 1 - (-1) \cdot 1) + \mathbf{k}(1 \cdot 1 - 0 \cdot 1)
$$

$$
= \mathbf{i}(0 + 1) - \mathbf{j}(1 + 1) + \mathbf{k}(1 - 0) = (1, -2, 1)
$$

---

### 3. استخدم صيغة المسافة بين خطين متخالفين:

$$
\text{المسافة} = \frac{|(\vec{b} - \vec{a}) \cdot (\vec{v}_1 \times \vec{v}_2)|}{|\vec{v}_1 \times \vec{v}_2|}
$$

#### أولاً: احسب الجداء القياسي:

$$
(-1, -1, -3) \cdot (1, -2, 1) = (-1)(1) + (-1)(-2) + (-3)(1) = -1 + 2 - 3 = -2
$$

#### ثانياً: خذ القيمة المطلقة:

$$
| -2 | = 2
$$

#### ثالثاً: احسب معيار (طول) المتجه $ \vec{v}_1 \times \vec{v}_2 = (1, -2, 1) $:

$$
|\vec{v}_1 \times \vec{v}_2| = \sqrt{1^2 + (-2)^2 + 1^2} = \sqrt{1 + 4 + 1} = \sqrt{6}
$$

---

### 4. احسب المسافة:

$$
\text{المسافة} = \frac{2}{\sqrt{6}} = \frac{2\sqrt{6}}{6} = \frac{\sqrt{6}}{3}
$$

---

## ✅ الإجابة النهائية:
$$
\boxed{\frac{\sqrt{6}}{3}}
$$

إذا كنت تريد التفسير الهندسي أو كيف تعمل هذه الصيغة، يمكنني شرحها لك بالتفصيل أيضًا!"
"Geometry","measuring and calculating","H","قدّر أقصر مسافة بين مدينة باريس (49° شمالاً، 2° شرقاً) ومدينة القاهرة (30° شمالاً، 31° شرقاً) على سطح الأرض.","لحساب **أقصر مسافة بين مدينتين على سطح الأرض** (مثل باريس والقاهرة)، نستخدم **قانون المسافة العظمى على كرة**، وهو يعتمد على **الإحداثيات الجغرافية** (خط العرض وخط الطول) للمدينتين.

### 1. المعلومة المعطاة:

- **باريس**:  
  - خط العرض: 49° شمالاً  
  - خط الطول: 2° شرقاً

- **القاهرة**:  
  - خط العرض: 30° شمالاً  
  - خط الطول: 31° شرقاً

---

## 2. الخطوة الأولى: تحويل الإحداثيات إلى راديان

لأننا سنستخدم الدوال المثلثية (كجيب وجيب تمام)، فإن الوحدة المناسبة هي **الراديان**.

$$
\text{راديان} = \text{درجة} \times \frac{\pi}{180}
$$

- باريس:
  - $ \phi_1 = 49^\circ = \frac{49\pi}{180} $
  - $ \lambda_1 = 2^\circ = \frac{2\pi}{180} $

- القاهرة:
  - $ \phi_2 = 30^\circ = \frac{30\pi}{180} $
  - $ \lambda_2 = 31^\circ = \frac{31\pi}{180} $

---

## 3. استخدام قانون المسافة على سطح الكرة

نستخدم **قانون جيب التمام للمسافات على الكرة**:

$$
\cos(d) = \sin(\phi_1)\sin(\phi_2) + \cos(\phi_1)\cos(\phi_2)\cos(\Delta\lambda)
$$

حيث:
- $ d $: الزاوية المركزية بين النقطتين (بالراديان)
- $ \Delta\lambda = |\lambda_2 - \lambda_1| $: الفرق في خطوط الطول

ثم نحسب المسافة على السطح باستخدام:

$$
\text{المسافة} = R \cdot d
$$

حيث $ R $ هو نصف قطر الأرض ≈ **6371 كم**

---

### 4. الحساب:

#### أ. حساب $ \Delta\lambda $:

$$
\Delta\lambda = |31^\circ - 2^\circ| = 29^\circ = \frac{29\pi}{180}
$$

#### ب. تطبيق القانون:

$$
\cos(d) = \sin(49^\circ)\sin(30^\circ) + \cos(49^\circ)\cos(30^\circ)\cos(29^\circ)
$$

نحسب كل جزء:

- $ \sin(49^\circ) \approx 0.7547 $
- $ \sin(30^\circ) = 0.5 $
- $ \cos(49^\circ) \approx 0.6561 $
- $ \cos(30^\circ) \approx 0.8660 $
- $ \cos(29^\circ) \approx 0.8746 $

$$
\cos(d) = (0.7547)(0.5) + (0.6561)(0.8660)(0.8746)
$$
$$
= 0.37735 + 0.4982 \approx 0.87555
$$

$$
d = \cos^{-1}(0.87555) \approx 0.505 \text{ راديان}
$$

#### ج. حساب المسافة:

$$
\text{المسافة} = 6371 \times 0.505 \approx 3217 \text{ كم}
$$

---

## ✅ الإجابة النهائية:

> **أقصر مسافة بين باريس والقاهرة على سطح الأرض ≈ 3217 كيلومترًا.**

---

هل تود أن أشرح لك كيف تُحسب هذه المسافة باستخدام خرائط جوجل أو أي برنامج؟"
"Geometry","measuring and calculating","H","شجرة تلقي بظل طوله 15 متر عند زاوية ارتفاع 35°؛ احسب ارتفاع الشجرة باستخدام علم المثلثات.","لحساب ارتفاع الشجرة باستخدام علم المثلثات، يمكننا استخدام **ظل الزاوية (tan)** في مثلث قائم الزاوية.

### الخطوة 1: فهم الوضع
عندما تُلقي الشجرة بظل على الأرض بسبب ضوء الشمس، فإنها تشكل مثلثًا قائم الزاوية:
- **الارتفاع المطلوب** هو طول **الضلع المقابل** للزاوية.
- **طول الظل** هو طول **الضلع المجاور** للزاوية.
- زاوية ارتفاع الشمس = $35^\circ$
- طول الظل = $15$ متر

### الخطوة 2: استخدام علاقة الظل
في المثلث القائم:

$$
\tan(\theta) = \frac{\text{المقابل}}{\text{المجاور}}
$$

باستبدال المعطيات:

$$
\tan(35^\circ) = \frac{\text{ارتفاع الشجرة}}{15}
$$

### الخطوة 3: حل المعادلة لإيجاد ارتفاع الشجرة

$$
\text{ارتفاع الشجرة} = 15 \times \tan(35^\circ)
$$

نحسب قيمة $\tan(35^\circ)$ من الآلة الحاسبة أو جدول:

$$
\tan(35^\circ) \approx 0.7002
$$

إذًا:

$$
\text{ارتفاع الشجرة} = 15 \times 0.7002 \approx 10.503
$$

### الإجابة النهائية:
$$
\boxed{10.5} \text{متر تقريبًا}
$$

هل تريد أن أشرح لك لماذا استخدمنا ظل الزاوية بالتحديد؟"
"Sizes and measurement","Record and compare sizes","B","هل المتر أطول أم أقصر من 50 سنتيمتر؟ ______","بالطبع! لنحل هذه المسألة خطوة بخطوة:

السؤال هو:  
**هل المتر أطول أم أقصر من 50 سنتيمتر؟**

### أولًا: نفهم الوحدات
- **المتر (m)** و **السنتيمتر (cm)** هما وحدتان لقياس الطول.
- العلاقة بينهما هي:
  $$
  1 \text{ متر} = 100 \text{ سنتيمتر}
  $$

### ثانيًا: نقارن
- لدينا:  
  $ 1 $ متر = $ 100 $ سنتيمتر  
- والمطلوب هو مقارنة المتر بـ $ 50 $ سنتيمتر.

### ثالثًا: نطرح السؤال
- هل $ 100 $ سنتيمتر (أي المتر) أكبر أم أصغر من $ 50 $ سنتيمتر؟  
- بالطبع:
  $$
  100 > 50
  $$

### إذن:
- **المتر أطول من 50 سنتيمتر.**

### الإجابة النهائية:
$$
\boxed{\text{المتر أطول من 50 سنتيمتر}}
$$"
"Sizes and measurement","Record and compare sizes","B","استخدم <، >، أو = للمقارنة: 45 سم ___ 54 سم","لحل هذه المسألة، نقوم بمقارنة **الطولين**:  
**45 سم** و **54 سم**.

### الخطوة 1: افهم ما تعنيه الأعداد
كلا العددين بوحدة **السنتيمتر (سم)**، إذن يمكننا مقارنتهما مباشرة.

### الخطوة 2: قارن بين العددين
- العدد الأول: **45**
- العدد الثاني: **54**

نعرف أن:
- **45** أصغر من **54**

إذن:
> **45 سم < 54 سم**

### ✅ الإجابة النهائية:
**45 سم < 54 سم**

هل ترغب في شرح لماذا 45 أصغر من 54؟"
"Sizes and measurement","Record and compare sizes","B","قدّر: هل طول مكتبك حوالي 1 متر أم 10 أمتار؟ ______","لحل هذه المسألة: **""قدّر: هل طول مكتبك حوالي 1 متر أم 10 أمتار؟""**  
نحتاج إلى **التقدير باستخدام الخبرة اليومية أو المعرفة بالمقاييس الشائعة**.

### الخطوة 1: فهم الوحدات
- **المتر (م)** هو وحدة قياس الطول.
- **1 متر = حوالي ذراع شخص بالغ من الكتف إلى راحة اليد.**
- **10 أمتار = طول سيارة كبيرة جدًا أو حافلة صغيرة.**

### الخطوة 2: تخيّل مكتب مدرسي أو منزلي
عادةً:
- مكتب الطالب في المدرسة يكون بطول **من 1 إلى 1.5 متر تقريبًا**.
- حتى مكاتب المدرسين ليست طويلة جدًا، قد تكون 2 متر كأقصى حد.

### الخطوة 3: استبعد الأرقام غير المنطقية
- **10 أمتار** لطول مكتب هو **طويل جدًا**، وكأنه مكتب لـ 20 طالب على الأقل!
- هذا غير واقعي إطلاقًا.

### ✅ إذًا الجواب الصحيح بالتقدير هو:
> **طول مكتبك حوالي 1 متر.**

---

هل تحب أن نستعرض بعض الأمثلة الأخرى لتقوية التقدير؟ 😊"
"Sizes and measurement","Record and compare sizes","B","تحتوي زجاجة على 1 لتر من العصير. إذا شربت نصف الكمية، فكم يتبقى لديك؟ ______ لترات","بالطبع! دعني أشرح لك المسألة خطوة بخطوة:

لديك زجاجة تحتوي على **1 لتر** من العصير.

ثم **شربت نصف الكمية**، أي أنك شربت:

$$
\frac{1}{2} \text{ لتر}
$$

إذن الكمية المتبقية هي:

$$
1 - \frac{1}{2} = \frac{1}{2} \text{ لتر}
$$

### إذًا، الجواب هو:
$$
\boxed{\frac{1}{2}} \text{ لتر}
$$

أو بكلمات: **نصف لتر**. ✅

هل ترغب في حل مسائل مشابهة أو تريد شرح بطريقة أخرى؟"
"Sizes and measurement","Record and compare sizes","B","ارتفاع النافذة 1.5 متر. هل يعتبر هذا الارتفاع أطول أم أقصر منك؟","لكي نحدد ما إذا كان ارتفاع النافذة (1.5 متر) أطول منك أم أقصر، يجب أن تعرف **طولك** أنت أولًا.

### الخطوات:

1. **قس طولك**: استخدم مسطرة أو شريط قياس لقياس طولك بالمتر أو بالسنتيمتر.
   - مثال: إذا كان طولك 160 سم، فهذا يساوي **1.6 متر**.

2. **قارن بين طولك وارتفاع النافذة**:
   - إذا كان **طولك > 1.5 متر** → النافذة **أقصر منك**.
   - إذا كان **طولك < 1.5 متر** → النافذة **أطول منك**.
   - وإذا كان **طولك = 1.5 متر** → تكون النافذة بنفس طولك.

### مثال:

- لو كان طولك = **1.7 متر** ← 1.7 > 1.5 → إذًا النافذة **أقصر منك**.
- ولو كان طولك = **1.4 متر** ← 1.4 < 1.5 → إذًا النافذة **أطول منك**.

### خلاصة:
> لا يمكن تحديد ذلك بدقة إلا إذا عرفنا **طولك** أنت. فإذا أخبرتني بطولك، سأتمكن من إعطائك الجواب الدقيق 😊."
"Sizes and measurement","Record and compare sizes","B","ركضت ٣٠٠ متر في الملعب و٥٠٠ متر في حصة التربية البدنية. كم مترًا ركضت في المجموع؟ ______ متر","لحل هذه المسألة الرياضية البسيطة، كل ما عليك فعله هو **جمع المسافتين** اللتين ركضتهما:

ركضت:

- ٣٠٠ متر في الملعب  
- و٥٠٠ متر في حصة التربية البدنية

### الحل:
\[
٣٠٠ + ٥٠٠ = ٨٠٠
\]

إذًا، المسافة الكلية التي ركضتها هي:

\[
\boxed{٨٠٠} \text{ متر}
\]"
"Sizes and measurement","Record and compare sizes","C","قارن: ٢ لتر ___ ١٥٠٠ ملليلتر (استخدم <، >، =)","لحل هذه المسألة، يجب أن نقارن بين **٢ لتر** و **١٥٠٠ ملليلتر**.  
لكن قبل المقارنة، نحتاج إلى **تحويل الوحدات** بحيث تكون كلا القيمتين بنفس الوحدة.

---

### 🌟 خطوة 1: تذكّر العلاقة بين اللتر والملليلتر

$$
١ \text{ لتر} = ١٠٠٠ \text{ ملليلتر}
$$

---

### 🌟 خطوة 2: حوّل ٢ لتر إلى ملليلتر

$$
٢ \text{ لتر} = ٢ × ١٠٠٠ = ٢٠٠٠ \text{ ملليلتر}
$$

---

### 🌟 خطوة 3: الآن قارن بين القيمتين

$$
٢٠٠٠ \text{ ملليلتر} \quad \text{و} \quad ١٥٠٠ \text{ ملليلتر}
$$

من الواضح أن:

$$
٢٠٠٠ > ١٥٠٠
$$

---

### ✅ إذًا الإجابة النهائية هي:

$$
٢ \text{ لتر} > ١٥٠٠ \text{ ملليلتر}
$$

--- 

هل تحب أن أشرح لك كيف تقارن بين وحدات القياس بشكل عام؟ 😊"
"Sizes and measurement","Record and compare sizes","C","سمك كتاب واحد هو 3 سم. ما هو سمك 5 كتب موضوعة فوق بعضها؟","بالطبع! لنحل هذه المسألة خطوة بخطوة:

### المعطيات:
- سمك **كتاب واحد** = **3 سم**

### المطلوب:
- حساب سمك **5 كتب** موضوعة فوق بعضها.

---

### الحل:

إذا كان كل كتاب سُمكه 3 سم، فإننا نجمع سمك كل كتاب مع الآخر.  
وهو نفس الشيء مثل ضرب سمك الكتاب في عدد الكتب:

$$
\text{السمك الكلي} = \text{عدد الكتب} \times \text{سمك الكتاب الواحد}
$$

$$
\text{السمك الكلي} = 5 \times 3 = 15 \text{ سم}
$$

---

### الإجابة النهائية:
**15 سم** ✅

هل ترغب في حل أمثلة مشابهة لتتدرب أكثر؟"
"Sizes and measurement","Record and compare sizes","C","أيهم أثقل: 1 كيلوغرام من التفاح أم 1,328 غرام من الموز؟","لحل هذه المسألة الرياضية، نحتاج إلى **مقارنة الكتلتين**، ولكن **بوحدات قياس موحدة**.

### المعطيات:
- التفاح: **1 كيلوغرام**
- الموز: **1,328 غرام**

---

### الخطوة 1: تحويل الوحدات إلى الواحدة نفسها

نحن نعلم أن:
> **1 كيلوغرام = 1000 غرام**

إذن:
- **1 كيلوغرام من التفاح = 1000 غرام**
- **الموز = 1328 غرام**

---

### الخطوة 2: المقارنة

الآن نقارن بين:
- 1000 غرام (التفاح)
- 1328 غرام (الموز)

من الواضح أن:
> **1328 غرام > 1000 غرام**

---

### الاستنتاج:

🔴 **1328 غرام من الموز أثقل من 1 كيلوغرام من التفاح.**

هل تريد أن أساعدك في تحويل وحدات أخرى مثل الأوقية أو الرطل أيضًا؟"
"Sizes and measurement","Record and compare sizes","D","لديك ثلاثة أوعية ماء: 1.2 لتر، 2.35 لتر، و0.95 لتر. ما هو إجمالي حجمها بالميليلترات؟","لحل هذه المسألة، نحتاج إلى تحويل **اللترات إلى مليلترات** أولًا، ثم جمع الحجوم للحصول على **الحجم الكلي بالمليلترات**.

### 💡 معلومة مهمة:
- **1 لتر = 1000 مليلتر**

---

### الخطوة 1: تحويل كل حجم من اللترات إلى المليلترات

1. **الوعاء الأول:**  
   $ 1.2 \text{ لتر} = 1.2 \times 1000 = 1200 \text{ مليلتر} $

2. **الوعاء الثاني:**  
   $ 2.35 \text{ لتر} = 2.35 \times 1000 = 2350 \text{ مليلتر} $

3. **الوعاء الثالث:**  
   $ 0.95 \text{ لتر} = 0.95 \times 1000 = 950 \text{ مليلتر} $

---

### الخطوة 2: جمع الحجوم بالمليلترات

$$
1200 + 2350 + 950 = 4500 \text{ مليلتر}
$$

---

### ✅ الإجابة النهائية:
**إجمالي الحجم = 4500 مليلتر**"
"Sizes and measurement","Record and compare sizes","D","قم بتدوين درجة الحرارة من ميزان الحرارة — أي نوع من الملابس سترتدي؟ (ميزان الحرارة يظهر 18°م)","بالطبع! دعني أشرح لك المسألة خطوة بخطوة:

### المعطى:
- درجة الحرارة المُعطاة من ميزان الحرارة: **18°م** (درجة مئوية).
  
### السؤال:
- ما نوع الملابس التي سترتديها عند هذه الدرجة؟

---

## 🌡️ أولاً: فهم درجات الحرارة
درجة الحرارة تخبرنا بكيفية **برودة أو سخونة الجو**. في هذا السؤال، درجة الحرارة هي **18 درجة مئوية**.

### تصنيف عام لدرجات الحرارة (للطقس):
| درجة الحرارة | حالة الطقس        |
|--------------|------------------|
| أقل من 10°C  | بارد جدا         |
| 10 - 17°C    | بارد             |
| 18 - 24°C    | معتدل / لطيف     |
| 25 - 30°C    | حار نسبياً       |
| أكثر من 30°C | حار جداً          |

---

## 👕 ثانياً: اختيار الملابس المناسبة

بما أن درجة الحرارة هي **18°م**، فهي **درجة حرارة معتدلة**، أي لا باردة ولا حارة. وبالتالي:

### الملابس المناسبة:
- قميص خفيف (تيشيرت أو قميص بأكمام طويلة قصيرة).
- سروال جينز أو بنطال خفيف.
- قد تضيف سترة خفيفة إذا كنت تخرج في الصباح الباكر أو المساء.
- أحذية عادية (لا تحتاج إلى أحذية مطر أو ثقيلة).

---

## ✍️ الإجابة النهائية:

> عند درجة حرارة **18°م**، سأختار ارتداء **ملابس خفيفة و comfortable مثل تيشيرت وبنطال، مع إمكانية ارتداء سترة خفيفة**. لأن هذه الدرجة تمثل طقساً **معتدلاً ولطيفاً**، ليس بارداً جداً ولا حاراً.

هل ترغب أن أكتب لك الجواب بشكل مناسب للطالب الابتدائي أو المتوسط أو الثانوي؟"
"Sizes and measurement","Record and compare sizes","D","جسم سمكه 0.03 م. كم عدد هذه الأجسام يمكن أن تتجمع لتصل إلى 1.5 متر؟","لحل هذه المسألة:

> **المعطى:**  
سمك الجسم الواحد = 0.03 متر  
المطلوب: كم عدد هذه الأجسام يجب تجميعها (وضعها بجانب بعض) لتصل إلى طول إجمالي قدره **1.5 متر**؟

---

### ✅ الخطوة الأولى: فهم المعنى
نقوم بوضع الأجسام جانبًا إلى جوار البعض، أي أننا نجمع السمك الواحد بعد الآخر مثل الرصيف أو الطوب.

إذًا كل جسم يضيف **0.03 متر** للطول الإجمالي.

---

### ✅ الخطوة الثانية: نستخدم القسمة
لحساب عدد الأجسام اللازمة لتصل إلى 1.5 متر، نقسم الطول الكلي على سمك الجسم الواحد:

$$
\text{عدد الأجسام} = \frac{\text{الطول الكلي}}{\text{سمك الجسم الواحد}} = \frac{1.5}{0.03}
$$

---

### ✅ الخطوة الثالثة: إجراء الحساب

$$
\frac{1.5}{0.03} = \frac{1.5 \times 100}{0.03 \times 100} = \frac{150}{3} = 50
$$

---

### ✅ الإجابة النهائية:
يمكن أن تتجمع **50 جسمًا** سمك كل منهما 0.03 متر لتصل إلى طول 1.5 متر.

✔️ **الإجابة: 50 جسمًا**."
"Sizes and measurement","Record and compare sizes","D","حوّل 3.75 كم إلى مترات ثم اطرح 1480 م — ما هي النتيجة بالكيلومترات؟","بالطبع! دعني أشرح لك خطوة بخطوة كيفية حل هذه المسألة:

---

### **المسألة:**
> حوّل 3.75 كم إلى مترات ثم اطرح 1480 م — ما هي النتيجة بالكيلومترات؟

---

### **الخطوة 1: تحويل الكيلومترات إلى مترات**

نعلم أن:
$$
1 \text{ كم} = 1000 \text{ م}
$$

إذًا:
$$
3.75 \text{ كم} = 3.75 \times 1000 = 3750 \text{ م}
$$

---

### **الخطوة 2: اطرح 1480 م من 3750 م**

$$
3750 \text{ م} - 1480 \text{ م} = 2270 \text{ م}
$$

---

### **الخطوة 3: حول الناتج (2270 م) إلى كيلومترات**

نعيد القسمة على 1000:
$$
2270 \text{ م} = \frac{2270}{1000} = 2.27 \text{ كم}
$$

---

### ✅ **النتيجة النهائية:**
$$
\boxed{2.27} \text{ كم}
$$

---

إذا كانت لديك أسئلة مشابهة أو تريد شرح طريقة التحويل بين الوحدات، فأنا هنا للمساعدة! 😊"
"Sizes and measurement","Record and compare sizes","E","قام طالب بتقريب قياس قدره 3.78 متر إلى 4 متر. ما هي نسبة الخطأ المئوية؟","لحساب **نسبة الخطأ المئوية** في التقريب، نستخدم الصيغة التالية:

$$
\text{نسبة الخطأ المئوية} = \left( \frac{\text{القيمة الحقيقية} - \text{القيمة التقريبية}}{\text{القيمة الحقيقية}} \right) \times 100\%
$$

لكن انتبه: أحيانًا تُحسب نسبة الخطأ بأخذ القيمة المطلقة للفرق، لذا سنستخدم القيمة المطلقة من أجل الحصول على نسبة موجبة تعبر عن مقدار الخطأ بغض النظر عن الاتجاه.

### المعطيات:
- القيمة الحقيقية = $3.78$ متر  
- القيمة التقريبية = $4$ متر

### الخطوة 1: حساب الفرق (الخطأ):

$$
\text{الخطأ} = |4 - 3.78| = 0.22
$$

### الخطوة 2: قسم الخطأ على القيمة الحقيقية:

$$
\frac{0.22}{3.78} \approx 0.0582
$$

### الخطوة 3: تحويل الناتج إلى نسبة مئوية:

$$
0.0582 \times 100\% \approx 5.82\%
$$

---

### ✅ إذن، نسبة الخطأ المئوية هي:

$$
\boxed{5.82\%}
$$

هذا يعني أن الطالب قدّر القياس بنسبة خطأ بلغت حوالي **5.82%**."
"Sizes and measurement","Record and compare sizes","E","قدّر ما إذا كانت 2 جالون من الطلاء كافية لتغطية سطح يحتاج إلى 7.2 لتر من الطلاء.","لحل هذه المسألة، نحتاج إلى مقارنة **الكميتين** المعطاتين:  
- 2 جالون من الطلاء.  
- 7.2 لتر هي الكمية المطلوبة لتغطية السطح.

لكن بما أن الوحدتين مختلفتين (جالون وليتر)، فعلينا **تحويل الجالون إلى لتر** لنتمكن من المقارنة.

---

### ✅ الخطوة 1: تحويل الجالون إلى لتر

نحن نعلم أن:
$$
1 \text{ جالون} \approx 3.785 \text{ لتر}
$$

إذًا:
$$
2 \text{ جالون} = 2 \times 3.785 = 7.57 \text{ لتر}
$$

---

### ✅ الخطوة 2: المقارنة بين الكميتين

- عندك **2 جالون** = **7.57 لتر**  
- والسطح يحتاج إلى **7.2 لتر**

بما أن:
$$
7.57 \text{ لتر} > 7.2 \text{ لتر}
$$

فهذا يعني أن **2 جالون من الطلاء تكفي لتغطية السطح**، بل وسيتبقى لديك بعض الطلاء.

---

### ✅ الإجابة النهائية:

> نعم، 2 جالون من الطلاء كافية لتغطية السطح الذي يحتاج إلى 7.2 لتر، لأن 2 جالون تعادل حوالي 7.57 لتر، وهي أكثر من الكمية المطلوبة.

هل ترغب في شرح الطريقة بشكل أبسط أو رسم توضيحي؟"
"Sizes and measurement","Record and compare sizes","E","يبلغ طول طريق 1.2 ميل. حوله إلى كيلومترات وحدد ما إذا كان طوله يزيد أو يقل عن 2 كيلومتر.","لحل هذه المسألة، نحتاج إلى **تحويل الأميال إلى كيلومترات**، ثم مقارنة الناتج بـ **2 كيلومتر**.

---

### ✅ **الخطوة 1: تحويل الميل إلى كيلومتر**

نحن نعلم أن:

$$
1 \text{ ميل} = 1.60934 \text{ كيلومتر}
$$

إذن:

$$
1.2 \text{ ميل} = 1.2 \times 1.60934 = 1.931208 \text{ كيلومتر}
$$

---

### ✅ **الخطوة 2: مقارنة الطول بالكيلومتر**

طول الطريق بعد التحويل هو:

$$
\approx 1.93 \text{ كيلومتر}
$$

وهذا **أقل من 2 كيلومتر**.

---

### ✅ **النتيجة النهائية:**

- طول الطريق = **1.93 كيلومتر تقريبًا**
- إذًا، **الطول أقل من 2 كيلومتر**

هل ترغب في شرح الطريقة بطريقة مبسطة أو رؤية خطوات تحويل الوحدات بشكل عام؟"
"Sizes and measurement","Record and compare sizes","F","طول طريقٍ ما 5.6 كيلومتر. كم يساوي ذلك بالميل؟ (استخدم 1 ميل ≈ 1.609 كيلومتر)","لحل هذه المسألة، نريد **تحويل الوحدة** من **الكيلومتر إلى الميل**.

### المعطيات:
- طول الطريق = **5.6 كيلومتر**
- 1 ميل ≈ **1.609 كيلومتر**

### الخطوة 1: استخدام العلاقة للتحويل

لتحويل الكيلومترات إلى أميال، نقسم عدد الكيلومترات على معامل التحويل:

$$
\text{الأميال} = \frac{\text{الكيلومترات}}{1.609}
$$

نعوّض القيم:

$$
\text{الأميال} = \frac{5.6}{1.609}
$$

### الخطوة 2: نحسب الناتج

نستخدم الآلة الحاسبة أو نُجري القسمة:

$$
\frac{5.6}{1.609} \approx 3.48
$$

### الإجابة النهائية:

$$
\boxed{3.48} \text{ ميل}
$$

إذًا، 5.6 كيلومتر تساوي تقريبًا **3.48 ميل**."
"Sizes and measurement","Record and compare sizes","F","خزان يسع 1200 لتر. خزان أصغر يسع 320 جالون. أيهما يسع أكثر؟ (1 جالون ≈ 3.785 لتر)","لحل هذه المسألة ومقارنة سعتَي الخزانين، يجب أن تكون **الوحدتان متشابهتين**، أي إما باللترات أو بالجالونات. بما أن العلاقة بين الجالون واللتر معطاة، سنقوم بتحويل **سعة الخزان الأصغر من الجالون إلى اللترات**.

### المعطيات:
- خزان كبير = **1200 لتر**
- خزان أصغر = **320 جالون**
- 1 جالون ≈ **3.785 لتر**

---

### الخطوة 1: تحويل 320 جالون إلى اللتر

$$
320 \text{ جالون} \times 3.785 \text{ لتر/جالون} = 
$$

$$
= 1211.2 \text{ لتر}
$$

---

### الخطوة 2: المقارنة بين السعتين

- الخزان الكبير: **1200 لتر**
- الخزان الأصغر بعد التحويل: **1211.2 لتر**

إذن:

$$
1211.2 > 1200
$$

---

### ✅ الاستنتاج:
**الخزان الأصغر يسع أكثر** رغم تسميته ""أصغر""، لأنه يحتوي حوالي **1211.2 لتر**، بينما الخزان الكبير يحتوي فقط **1200 لتر**.

هل تريد شرحًا بصريًا أو رسمًا بيانيًّا لتوضيح الفكرة أكثر؟"
"Sizes and measurement","Record and compare sizes","F","عداء يجري مسافة 5 كيلومترات في 30 دقيقة. ما هي سرعته المتوسطة بالامتار في الثانية؟","لحساب **السرعة المتوسطة** للعداء بوحدة **المتر في الثانية (m/s)**، نحتاج إلى استخدام العلاقة التالية:

$$
\text{السرعة المتوسطة} = \frac{\text{المسافة}}{\text{الزمن}}
$$

### المعطيات:
- المسافة: 5 كيلومترات  
- الزمن: 30 دقيقة

### الخطوة 1: تحويل المسافة من الكيلومتر إلى المتر  
$$
5 \text{ كم} = 5 \times 1000 = 5000 \text{ متر}
$$

### الخطوة 2: تحويل الزمن من الدقائق إلى الثواني  
$$
30 \text{ دقيقة} = 30 \times 60 = 1800 \text{ ثانية}
$$

### الخطوة 3: حساب السرعة المتوسطة  
$$
\text{السرعة المتوسطة} = \frac{5000}{1800} \approx 2.78 \text{ م/ث}
$$

### ✅ الإجابة النهائية:
$$
\boxed{2.78} \text{ متر/ثانية}
$$

إذا كانت لديك أي أسئلة حول خطوات الحل، فمرحباً بأسئلتك! 😊"
"Sizes and measurement","Record and compare sizes","G","السنة الضوئية تساوي تقريباً 9.46 × 10¹² كيلومتر؛ عبر عن هذه القيمة بالمتر.","بالطبع! دعني أشرح لك خطوة بخطوة كيف يمكنك تحويل **السنة الضوئية من كيلومتر إلى متر**.

### المعطى:
- السنة الضوئية = **9.46 × 10¹² كيلومتر**

### المطلوب:
تحويل هذه القيمة إلى **متر**.

---

### أولًا: تذكير بوحدة القياس

نحن نعلم أن:

$$
1 \text{ كيلومتر} = 1000 \text{ متر} = 10^3 \text{ متر}
$$

إذن، لتحويل الكيلومتر إلى متر، نضرب في $10^3$.

---

### الآن نطبق:

لدينا:

$$
9.46 \times 10^{12} \text{ كم} = 9.46 \times 10^{12} \times 10^3 \text{ متر}
$$

باستخدام قواعد الأسس:

$$
10^{12} \times 10^3 = 10^{12+3} = 10^{15}
$$

إذن:

$$
9.46 \times 10^{12} \text{ كم} = 9.46 \times 10^{15} \text{ متر}
$$

---

### ✅ الإجابة النهائية:

$$
\boxed{9.46 \times 10^{15} \text{ متر}}
$$

إذا كانت لديك أي أسئلة إضافية عن وحدات القياس أو الفيزياء، فأنا هنا للمساعدة! 😊"
"Sizes and measurement","Record and compare sizes","G","ورقة واحدة سُمكها 0.1 مللي متر؛ فما ارتفاع كومة مكونة من 2000 ورقة بالسنتيمتر؟","بالطبع! دعني أشرح لك كيفية حل هذه المسألة خطوة بخطوة:

### المعطيات:
- سُمك **ورقة واحدة** = **0.1 ملليمتر**
- عدد الورق في الكومة = **2000 ورقة**

### المطلوب:
إيجاد ارتفاع كومة الـ 2000 ورقة بوحدة **السنتيمتر**.

---

## ✳️ الخطوات:

### 1. احسب السُمك الإجمالي بالملليمتر:
نضرب سُمك ورقة واحدة × عدد الأوراق:

$$
\text{الارتفاع بالملليمتر} = 0.1 \, \text{ملم} \times 2000 = 200 \, \text{ملم}
$$

---

### 2. حول الملليمتر إلى سنتيمتر:
نحن نعلم أن:
$$
1 \, \text{سم} = 10 \, \text{ملم}
$$

لذا نقسم على 10 للتحويل من ملليمتر إلى سنتيمتر:

$$
\text{الارتفاع بالسنتيمتر} = \frac{200}{10} = 20 \, \text{سم}
$$

---

## ✅ الإجابة النهائية:
**ارتفاع كومة الـ 2000 ورقة هو 20 سنتيمترًا.**

هل ترغب أن أشرح لك كيف تحل مثل هذه المسائل عمومًا؟"
"Sizes and measurement","Record and compare sizes","G","لديك أنبوب أسطواني بنصف قطر 4 سم وارتفاع 3 م. قارن حجمه بحجم أنبوب آخر بنصف قطر 6 سم وارتفاع 2.5 م.","لحل هذه المسألة، نحتاج إلى **حساب حجم الأنبوبين الأسطوانيين** ثم **مقارنة الحجمين**.  
حجم الأسطوانة يُحسب باستخدام الصيغة التالية:

$$
V = \pi r^2 h
$$

حيث:
- $ V $: الحجم.
- $ r $: نصف قطر القاعدة (بالسنتمتر أو المتر، ويجب أن تكون الوحدات موحدة).
- $ h $: الارتفاع.
- $ \pi \approx 3.1416 $

---

### ✳️ الأنبوب الأول:
- نصف القطر $ r_1 = 4 \, \text{سم} $
- الارتفاع $ h_1 = 3 \, \text{م} = 300 \, \text{سم} $

$$
V_1 = \pi (4)^2 \times 300 = \pi \times 16 \times 300 = \pi \times 4800 \approx 3.1416 \times 4800 = 15079.68 \, \text{سم}^3
$$

---

### ✳️ الأنبوب الثاني:
- نصف القطر $ r_2 = 6 \, \text{سم} $
- الارتفاع $ h_2 = 2.5 \, \text{م} = 250 \, \text{سم} $

$$
V_2 = \pi (6)^2 \times 250 = \pi \times 36 \times 250 = \pi \times 9000 \approx 3.1416 \times 9000 = 28274.4 \, \text{سم}^3
$$

---

### 🔍 المقارنة:

- حجم الأنبوب الأول ≈ **15079.68 سم³**
- حجم الأنبوب الثاني ≈ **28274.4 سم³**

إذن:
$$
\frac{V_2}{V_1} \approx \frac{28274.4}{15079.68} \approx 1.875
$$

أي أن حجم الأنبوب الثاني **أكبر بحوالي 1.875 مرة** من حجم الأنبوب الأول.

---

### ✅ الإجابة النهائية:
الأنبوب الذي نصف قطره 6 سم وارتفاعه 2.5 م له **حجم أكبر**، وهو تقريبًا **1.875 ضعف** حجم الأنبوب الآخر."
"Sizes and measurement","Record and compare sizes","H","قارن سمك شعرة إنسان (٠.٠٧ مم) بطول بلانك (١.٦ × ١٠⁻³⁵ م)؛ كم مرة يكون سمك الشعرة أكبر؟","لحل هذه المسألة، نريد أن نقارن **سمك شعرة الإنسان** بـ **طول بلانك**، أي نحسب كم مرة يُصبح سمك الشعرة أكبر من طول بلانك.

### المعطيات:
- **سمك شعرة الإنسان = 0.07 ملم (ملليمتر)**
- **طول بلانك = $1.6 \times 10^{-35}$ متر**

---

## الخطوة 1: تحويل وحدات سمك الشعرة إلى المتر

بما أن طول بلانك معطى بالمتر، فعلينا تحويل سمك الشعرة من **ملليمتر** إلى **متر**:

$$
0.07\ \text{ملم} = 0.07 \times 10^{-3}\ \text{متر} = 7 \times 10^{-5}\ \text{متر}
$$

---

## الخطوة 2: قسمة سمك الشعرة على طول بلانك

نحسب النسبة بينهما:

$$
\frac{\text{سمك الشعرة}}{\text{طول بلانك}} = \frac{7 \times 10^{-5}}{1.6 \times 10^{-35}}
$$

نقسم الأعداد:

$$
= \frac{7}{1.6} \times 10^{-5 - (-35)} = 4.375 \times 10^{30}
$$

---

## الإجابة النهائية:

$$
\boxed{4.375 \times 10^{30}}
$$

أي أن **سمك شعرة الإنسان أكبر من طول بلانك بنحو $4.375 \times 10^{30}$ مرة**.

هذا رقم هائل جداً، ويعكس مدى صغر طول بلانك – وهو يُعتبر أصغر طول ذا معنى فيزيائي في الكون حسب النظرية الحالية.

هل تريد تفسيراً لطول بلانك أو كيف يتم استخدامه في الفيزياء؟"
"Sizes and measurement","Record and compare sizes","H","قدر عدد قطرات المطر (نصف قطرها حوالي 1 مم) التي يمكن أن تملأ وعاء سعته 1 لتر.","لحل هذه المسألة وحساب **عدد قطرات المطر** التي يمكن أن تملأ وعاءً سعته **1 لتر**، نحتاج إلى اتباع الخطوات التالية:

---

### 🔹 أولاً: فهم المعطيات

- **حجم الوعاء:** 1 لتر = 1000 سم³.
- **نصف قطر قطة مطر:** 1 مم = 0.1 سم.

---

### 🔹 ثانياً: حساب حجم قطرة مطر واحدة

قطرة المطر تُعتبر كرة تقريباً، لذا نستخدم **قانون حجم الكرة**:

$$
V = \frac{4}{3} \pi r^3
$$

حيث:
- $ r = 0.1 $ سم (لأن 1 مم = 0.1 سم)

نحسب:

$$
V = \frac{4}{3} \pi (0.1)^3 = \frac{4}{3} \pi (0.001) = \frac{4 \times 0.001}{3} \pi \approx 0.00418879 \text{ سم}^3
$$

إذن:
- **حجم قطرة مطر واحدة ≈ 0.00419 سم³**

---

### 🔹 ثالثاً: حساب عدد القطرات اللازمة لتعبئة 1 لتر

نقوم بقسمة الحجم الكلي (1000 سم³) على حجم قطرة واحدة:

$$
\text{عدد القطرات} = \frac{1000}{0.00418879} \approx 238,732
$$

---

### ✅ الإجابة النهائية:

> يمكن أن تملأ حوالي **238,732 قطرة مطر** وعاءً سعته **1 لتر**.

---

### 📝 ملاحظات:

- هذا الرقم يعتمد على افتراض أن جميع القطرات ذات نفس الحجم، وأنه لا يوجد فراغ بينها عند التعبئة، وهو افتراض مثالي.
- في الواقع، بسبب الفراغات بين القطرات عند تجميعها، العدد الفعلي قد يكون أقل قليلاً.

هل تحب أن نجري التقدير بطريقة أخرى أو نغير قيمة نصف القطر؟"
"Sizes and measurement","Handling units of measurement","B","أي وحدة تستخدم لقياس قلم الرصاص: سم أم م؟ ______","لحل هذه المسألة الرياضية، عليك أن تفكر في **طول قلم الرصاص** عادةً، وهل يُقاس بالمتر (م) أو بالسنتيمتر (سم).

### الخطوة الأولى: فهم الوحدات
- **المتر (م)**: وحدة كبيرة تُستخدم لقياس الأطوال الكبيرة مثل طول الغرفة أو الشارع.
- **السنتيمتر (سم)**: وحدة أصغر، وهي جزء من المتر (1 م = 100 سم)، وتُستخدم لقياس أشياء صغيرة مثل كتاب أو قلم.

### الخطوة الثانية: التفكير في حجم قلم الرصاص
- قلم الرصاص هو شيء صغير، وطوله عادة ما يكون بين **15 سم إلى 20 سم** تقريبًا.
- إذا قلنا إنه طويله 0.15 متر، فهذا صحيح أيضًا، لكن الناس لا يستخدمون المتر لقياس أشياء صغيرة بهذا الشكل.

### إذًا، الإجابة الصحيحة هي:
**سم** ✅

> لأن السنتيمتر وحدة مناسبة لقياس الأطوال الصغيرة مثل قلم الرصاص.

---

هل تريد أن أساعدك في مسائل مشابهة؟ 😊"
"Sizes and measurement","Handling units of measurement","B","أيُّهما أثقل: 1 كغ أم 1 غرام؟","بالطبع! لنحل هذه المسألة خطوة بخطوة:

### السؤال:  
**أيُّهما أثقل: 1 كغ أم 1 غرام؟**

---

## أولاً: فهم الوحدات

- **الكيلوغرام (كغ أو kg)**: هي وحدة قياس كتلة رئيسية في النظام المتري.
- **الغرام (غ أو g)**: هي وحدة أصغر لقياس الكتلة.

---

## ثانيًا: العلاقة بين الوحدتين

> 💡 **1 كيلوغرام = 1000 غرام**

يعني أن **الكيلوغرام أكبر بكثير من الغرام**.

---

## ثالثًا: المقارنة

- لديك **1 كغ** = 1000 غرام
- ولديك **1 غرام**

إذن:
$$
1 \text{ كغ} = 1000 \text{ غرام} \quad > \quad 1 \text{ غرام}
$$

---

## ✅ الإجابة النهائية:

**1 كغ أثقل من 1 غرام.**

لأن الكيلوغرام يعادل 1000 غرام، وبالتالي هو أكبر بمئة مرة من الغرام الواحد.

هل ترغب في حل مسائل مشابهة أو شرح تحويل الوحدات بشكل عام؟ 😊"
"Sizes and measurement","Handling units of measurement","B","حدد الأشياء التي ستقوم بقياسها بالمتر: ___ كتاب ___ طاولة ___ باب","بالطبع! دعني أشرح لك المسألة وكيف يمكنك حلها بسهولة.

المسألة تطلب منك:

> **""حدد الأشياء التي ستقوم بقياسها بالمتر: ___ كتاب ___ طاولة ___ باب""**

أي أنك مطلوب منك أن **تضع علامة (√) أو (×)** أمام كل شيء لتوضح إن كنت ستستخدم **المتر** في قياسه أم لا، حسب **حجم هذا الشيء**.

---

### أولًا: ما هو المتر؟
**المتر** هو وحدة قياس الطول، وتُستخدم لقياس:
- الأطوال المتوسطة إلى الكبيرة، مثل:
  - ارتفاع الباب
  - طول أو عرض الطاولة
  - ارتفاع الإنسان
  - عرض الغرفة

أما **للأشياء الصغيرة جدًا**، نستخدم وحدات أصغر مثل:
- **السنتيمتر (سم)** = 1/100 من المتر
- **المليمتر (مم)** = 1/1000 من المتر

---

### الآن لننظر إلى الأشياء المعطاة:

#### 1. **كتاب**
- الكتاب عادةً صغير الحجم.
- طوله أو سمكه غالبًا يُقاس بالـ **سنتيمتر** أو **ملليمتر**.
- مثال: سمك كتاب = 3 سم

✅ **الإجابة:** ❌ كتاب

---

#### 2. **طاولة**
- الطاولة لها أبعاد أكبر.
- طولها أو عرضها أو ارتفاعها يُقاس عادة بالمتر.
- مثال: طول الطاولة = 1.5 متر

✅ **الإجابة:** ✅ طاولة

---

#### 3. **باب**
- الباب طويل جدًا، وارتفاعه يتجاوز المتر غالبًا.
- مثال: ارتفاع الباب = 2 متر

✅ **الإجابة:** ✅ باب

---

### إذن، الإجابة النهائية ستكون:

> حدد الأشياء التي ستقوم بقياسها بالمتر:  
 ❌ كتاب ✅ طاولة ✅ باب

هل تريد أن أساعدك في تمرين مشابه؟ 😊"
"Sizes and measurement","Handling units of measurement","C","قنينة سعة 1 ___ من العصير (لتر أم كيلو جرام)؟","السؤال:  
> **""قنينة سعة 1 ___ من العصير (لتر أم كيلو جرام)؟""**

نريد أن نحدد الوحدة المناسبة لقياس **سعة قنينة عصير**، هل تكون بالـ **لتر (L)** أم بالـ **كيلوجرام (kg)**؟

---

### 🌟 الخطوة الأولى: فهم الفرق بين اللتر والكيلوجرام

- **اللتر (L)**:  
  هو وحدة لقياس **الحجم**. تُستخدم لقياس كمية السوائل أو الغازات.

- **الكيلوجرام (kg)**:  
  هو وحدة لقياس **الكتلة (أو الوزن في الاستخدام العام)**. تُستخدم لقياس ثقل الجسم.

---

### 🧠 التفكير المنطقي:

عندما نتحدث عن **سعة قنينة** من العصير، فإننا نعني **كمية العصير الذي يمكن أن يوضع داخل القنينة**، أي **حجمه**.

- مثلاً: قنينة عصير صغيرة قد تحمل **1 لتر** من العصير.
- حتى لو كان العصير أكثر كثافة (مثلاً مع سكر)، فإن **الحجم** الذي تستوعبه القنينة يظل **1 لتر**.

إذن، ما يهم هنا هو **الحجم** وليس **الوزن**.

---

### ✅ الإجابة الصحيحة:

> **لتر (L)**

بالتالي الجملة الكاملة تكون:

> **قنينة سعة 1 لتر من العصير** ✅

---

### 💡 مثال للتوضيح:

| كمية العصير | الوحدة المناسبة |
|-------------|------------------|
| حجم قنينة صغير | 1 لتر |
| وزن القنينة الفارغة | 50 غرام |
| وزن العصير داخل القنينة (تقريبًا) | 1 كجم (لأن كثافة الماء ≈ 1 كجم/لتر) |

رغم أن **وزن 1 لتر من العصير غالبًا حوالي 1 كجم**، لكن **السعة** دائمًا تقاس **باللتر**.

---

### 📝 خلاصة:

- **اللتر** يقيس الحجم → يستخدم لقياس سعة القنينة.
- **الكيلوجرام** يقيس الكتلة (الوزن) → لا يُستخدم لتحديد سعة القنينة.

> ✅ إذن، الجواب الصحيح هو: **لتر**

هل ترغب في معرفة المزيد عن وحدات القياس أو كثافة السوائل؟ 😊"
"Sizes and measurement","Handling units of measurement","C","كم عدد الملليلترات في 3 لترات؟","بالطبع! لحل هذه المسألة، نحتاج إلى معرفة العلاقة بين **اللتر (L)** و**الملي لتر (mL)**.

### العلاقة الأساسية:
> **1 لتر = 1000 ملي لتر**

إذن، إذا أردنا معرفة كم ملي لتر في **3 لترات**، نقوم بضرب:

$$
3 \text{ لتر} \times 1000 \text{ ملي لتر/لتر} = 3000 \text{ ملي لتر}
$$

### الإجابة النهائية:
> ✅ **3 لترات = 3000 ملي لتر**

هل تحب أن أشرح لك كيف تتحول الوحدات الأخرى من اللتر إلى المليلتر أو العكس؟"
"Sizes and measurement","Handling units of measurement","C","حوّل 4,289 ملليلتر إلى لتر.","بالطبع! لتحويل **الملي لتر (ملل)** إلى **اللتر (لتر)**، يجب أن تعرف العلاقة التالية:

### 🔄 العلاقة بين اللتر والملي لتر:
$$
1 \text{ لتر} = 1000 \text{ ملي لتر}
$$

إذن، لتغيير الملي لتر إلى لتر، **تُقسم القيمة على 1000**.

---

### 🔢 المعطى:
$$
4,289 \text{ ملي لتر}
$$

نقوم بالقسمة على 1000:

$$
4,289 \div 1000 = 4.289 \text{ لتر}
$$

---

### ✅ الإجابة النهائية:
$$
\boxed{4.289} \text{ لتر}
$$

هل تريد شرح طريقة القسمة على 1000 أو مساعدة في أمثلة مشابهة؟ 😊"
"Sizes and measurement","Handling units of measurement","C","حوّل 2.5 كم إلى مم.","لحل هذه المسألة وتحويل **2.5 كيلومتر (كم)** إلى **ملليمتر (مم)**، نحتاج إلى معرفة العلاقة بين الوحدات في النظام المتري.

### أولاً: تذكير بالوحدات
- 1 كيلومتر (km) = **1000 متر**  
- 1 متر (m) = **1000 ملليمتر (mm)**

إذن:
> 1 كيلومتر = 1000 × 1000 = **1,000,000 ملليمتر**

---

### الآن نقوم بتحويل 2.5 كم إلى مم:

$$
2.5 \text{ كم} = 2.5 \times 1,000,000 \text{ مم}
$$

$$
= 2,500,000 \text{ مم}
$$

---

### ✅ الإجابة النهائية:
**2.5 كم = 2,500,000 مم**

هل تحب أن أشرح لك الطريقة باستخدام خطوات بسيطة أو جدول التحويل؟"
"Sizes and measurement","Handling units of measurement","D","حوّل 3200 مم إلى أمتار.","بالطبع! دعني أشرح لك كيفية تحويل **3200 مليمتر (مم)** إلى **أمتار (م)** خطوة بخطوة:

---

### 🌟 أولاً: تعرف على العلاقة بين المليمتر والمتر

- **1 متر = 1000 مليمتر**  
  أي أن كل متر يحتوي على ألف مليمتر.

---

### ➕ الخطوة الثانية: قسّم عدد المليمترات على 1000

لتحويل من مليمتر إلى متر، نقسم على 1000:

$$
3200 \div 1000 = 3.2
$$

---

### ✅ إذًا:

$$
\boxed{3200} \text{ مم} = \boxed{3.2} \text{ م}
$$

---

### 📝 خلاصة:
لقد قمت بتحويل 3200 مليمتر إلى متر فحصلت على **3.2 أمتار**.

إذا أحببت، يمكنك استخدام نفس الطريقة لتحويل أي عدد من المليمترات إلى أمتار:  
**ببساطة اقسم على 1000.**

هل تريد شرح تحويلات وحدات أخرى مثل السنتيمتر أو الكيلومتر أيضًا؟ 😊"
"Sizes and measurement","Handling units of measurement","D","كم عدد السنتيمترات في 4.75 متر؟","بالطبع! لحل هذه المسألة وتحويل **المتر إلى سنتيمتر**، نحتاج إلى معرفة العلاقة بين الوحدتين:

### 📏 العلاقة بين المتر والسنتيمتر:
- **1 متر = 100 سنتيمتر**

إذن، لتحويل أي عدد من الأمتار إلى سنتيمترات، نضرب في **100**.

---

### 🔢 المعطى:
- لدينا **4.75 متر**

---

### ✅ الحل:
$$
4.75 \times 100 = 475
$$

---

### 🧮 الإجابة النهائية:
> **475 سنتيمترًا**

إذا عندك أي أسئلة تانية أو تحتاج شرح لتحويلات أخرى، أنا هنا! 😊"
"Sizes and measurement","Handling units of measurement","D","حوّل 5000 ملغ إلى غرام.","بالطبع! لتحويل **5000 مليغرام (ملغ)** إلى **غرام (غ)**، يجب أن تعرف العلاقة بين الوحدتين:

### 📌 العلاقة بين المليغرام والغرام:
- 1 غرام = 1000 مليغرام  
- إذًا: 1 مليغرام = 0.001 غرام

### ✏️ الخطوة الأولى: افهم ما تعنيه الكلمة ""ملي""
""ملي"" تعني جزء من ألف، أي أن المليغرام هو جزء من ألف من الغرام.

---

### 🔁 التحويل:
لتحويل المليغرام إلى غرام، نقسم على 1000:

$$
5000 \text{ ملغ} ÷ 1000 = 5 \text{ غرام}
$$

---

### ✅ الإجابة النهائية:
**5000 مليغرام = 5 غرام**

هل تحب أن أشرح بطريقة أخرى أو باستخدام جدول التحويل؟ 😊"
"Sizes and measurement","Handling units of measurement","D","زجاجة تحتوي على 1.5 لتر من العصير. كم عدد الكؤوس سعة 250 مل التي يمكن أن تملأها؟","لحل هذه المسألة الرياضية، سنقوم بتحويل الوحدات وثم إجراء القسمة المناسبة. إليك الخطوات بالتفصيل:

---

### **المعطيات:**
- سعة الزجاجة = **1.5 لتر**
- سعة الكوب = **250 ملليلتر**

---

### **الخطوة 1: تحويل اللتر إلى ملليلتر**

نحن نعلم أن:
> 1 لتر = 1000 ملليلتر

إذن:
$$
1.5 \text{ لتر} = 1.5 \times 1000 = 1500 \text{ ملليلتر}
$$

---

### **الخطوة 2: قسمة السعة الكلية على سعة الكوب**

لحساب عدد الكؤوس التي يمكن ملؤها، نقسم السعة الكلية (بالملليلتر) على سعة الكوب:

$$
\frac{1500 \text{ مل}}{250 \text{ مل}} = 6
$$

---

### ✅ **النتيجة النهائية:**

يمكن ملء **6 كؤوس** سعة 250 ملليلتر من زجاجة سعتها 1.5 لتر.

هل ترغب في شرح طريقة الحل بطريقة أخرى أو باستخدام رسم توضيحي؟"
"Sizes and measurement","Handling units of measurement","D","يُكمل عداء 4 لفات حول مضمار طوله 400 متر. ما المسافة الكلية بالكم؟","بالطبع! دعني أشرح لك المسألة خطوة بخطوة:

### المعطيات:
- العداء يكمل **4 لفات**.
- **طول المضمار = 400 متر**.

### المطلوب:
إيجاد **المسافة الكلية التي قطعها العداء**، وتحويلها إلى **كيلومترات (كم)**.

---

### الحل:

1. أولًا، نحسب المسافة الكلية بالمتر:

$$
\text{المسافة الكلية} = \text{عدد اللفات} \times \text{طول اللفة الواحدة}
$$

$$
= 4 \times 400 = 1600 \text{ متر}
$$

2. ثم نحول من **متر إلى كيلومتر**:

$$
1600 \text{ متر} = \frac{1600}{1000} = 1.6 \text{ كم}
$$

---

### الإجابة النهائية:
العداء قطع مسافة كلية قدرها **1.6 كيلومتر**.

هل ترغب في شرح كيفية التحويل من متر إلى كيلومتر بشكل عام؟"
"Sizes and measurement","Handling units of measurement","D","يزن طرد 2.3 كجم. بينما يزن طرد آخر 1,750 غ. أيهما أثقل وكم الفرق بين وزني الطردين؟","لحل هذه المسألة، سنقوم بمقارنة وزن الطردين. لكن أولًا، يجب أن يكون الوزنان بنفس الوحدة حتى يمكن مقارنتهما بسهولة.

### المعطيات:
- الوزن الأول: **2.3 كجم**
- الوزن الثاني: **1,750 غرام**

---

## الخطوة 1: تحويل الأوزان إلى نفس الوحدة

نحن نعلم أن:
> **1 كجم = 1000 غرام**

### تحويل 2.3 كجم إلى غرام:
$$
2.3 \text{ كجم} = 2.3 \times 1000 = 2300 \text{ غرام}
$$

الآن أصبح لدينا:
- الوزن الأول: **2300 غرام**
- الوزن الثاني: **1750 غرام**

---

## الخطوة 2: مقارنة الأوزان

الوزن الأول (2300 غرام) أكبر من الوزن الثاني (1750 غرام)، إذًا:

> **الطرد الأول أثقل**.

---

## الخطوة 3: حساب الفرق بين الوزنين

$$
الفرق = 2300 - 1750 = 550 \text{ غرام}
$$

---

## ✅ الإجابة النهائية:

- **الطرد الأول أثقل**.
- **الفرق بين وزني الطردين هو 550 غرام**.

هل ترغب في تحويل الفرق إلى كيلوجرامات أيضًا؟ 😊"
"Sizes and measurement","Handling units of measurement","E","مكعب حجمه 64 سم³. عبّر عن هذا الحجم بوحدات الملليمتر المكعب (مم³).","لحل هذه المسألة، نحتاج إلى **تحويل وحدة الحجم من السنتيمتر المكعب (سم³) إلى الملليمتر المكعب (مم³)**.

### المعطى:
- حجم المكعب = **64 سم³**

### العلاقة بين الوحدتين:
- **1 سم = 10 مم**
- إذًا:  
  $$
  1 \, \text{سم}^3 = 10 \, \text{مم} \times 10 \, \text{مم} \times 10 \, \text{مم} = 1000 \, \text{مم}^3
  $$

### الخطوة الأولى: استخدام العلاقة
$$
64 \, \text{سم}^3 = 64 \times 1000 \, \text{مم}^3 = 64000 \, \text{مم}^3
$$

### الإجابة النهائية:
$$
\boxed{64000} \text{ مم}^3
$$

إذاً، حجم المكعب يساوي **64 ألف ملليمتر مكعب**."
"Sizes and measurement","Handling units of measurement","E","أعد كتابة 1.2 ساعة بصيغة الساعات:الدقائق.","بالطبع! دعني أشرح لك كيفية تحويل **1.2 ساعة** إلى صيغة الساعات والدقائق (بصيغة: **ساعة : دقيقة**).

---

### الخطوة 1: فهم العدد العشري
العدد **1.2 ساعة** يعني:
- **1 ساعة كاملة**
- و**0.2 ساعة** من الساعة

---

### الخطوة 2: تحويل الجزء العشري من الساعة إلى دقائق
نعلم أن:
> **1 ساعة = 60 دقيقة**

لذا، لتحويل **0.2 ساعة** إلى دقائق:
$$
0.2 \times 60 = 12 \text{ دقيقة}
$$

---

### الخطوة 3: جمع الساعات والدقائق
- لديك **1 ساعة**
- و**12 دقيقة**

إذًا:
$$
1.2 \text{ ساعة} = 1\text{ ساعة} : 12\text{ دقيقة}
$$

---

### ✅ الإجابة النهائية:
$$
\boxed{1:12}
$$

أي أن **1.2 ساعة = 1 ساعة و12 دقيقة**.

هل تحب أن أشرح كيف تفعل العكس؟ أي تحويل الدقائق إلى ساعات؟ 😊"
"Sizes and measurement","Handling units of measurement","E","تحتوي خريطة على مقياس 1:1000. ما المسافة التي يمثلها 5 سم على الخريطة في الواقع؟","بالطبع! دعني أشرح لك كيفية حل هذه المسألة خطوة بخطوة.

### المعطى:
- **مقياس الخريطة هو 1:1000**
- **المسافة على الخريطة = 5 سم**

---

### معنى مقياس 1:1000:

هذا يعني أن **كل 1 وحدة طول على الخريطة** تمثل **1000 من نفس الوحدات في الواقع**.

أي أن:
> **1 سم على الخريطة = 1000 سم في الواقع**

---

### الخطوة الأولى: تحويل 5 سم على الخريطة إلى المسافة الحقيقية

نضرب المسافة على الخريطة في المقياس:

$$
5 \text{ سم} \times 1000 = 5000 \text{ سم}
$$

إذًا، المسافة في الواقع هي **5000 سم**.

---

### الخطوة الثانية: تحويل السنتيمتر إلى متر (اختياري لكن مفيد)

بما أن 1 متر = 100 سم، نقسم على 100:

$$
5000 \div 100 = 50 \text{ متر}
$$

---

### ✅ الإجابة النهائية:

> **5 سم على الخريطة تعني 50 متراً في الواقع.**

هل ترغب في تعميم هذا على أي مقياس آخر؟"
"Sizes and measurement","Handling units of measurement","E","اكتب 1.75 لتر بالملليلترات.","بالطبع! لتحويل **اللترات إلى ملليلترات**، يجب أن تعرف العلاقة بين الوحدتين:

> ✅ **1 لتر = 1000 ملليلتر**

إذن، إذا كان لديك **1.75 لتر** وترغب في تحويله إلى ملليلترات، كل ما عليك هو ضرب القيمة باللترات × 1000:

$$
1.75 \times 1000 = 1750
$$

### ✅ إذًا:  
**1.75 لتر = 1750 ملليلتر**

هل ترغب في حل أمثلة مشابهة أو شرح الطريقة بطريقة أخرى؟ 😊"
"Sizes and measurement","Handling units of measurement","E","قطار يسير 90 كم في 1.5 ساعة. ما هي السرعة بوحدة كم/ساعة؟","لحساب **السرعة** بوحدة **كيلومتر في الساعة (كم/ساعة)**، نستخدم العلاقة التالية:

$$
\text{السرعة} = \frac{\text{المسافة}}{\text{الزمن}}
$$

في هذه المسألة:

- المسافة = 90 كم  
- الزمن = 1.5 ساعة  

نقوم بالتعويض:

$$
\text{السرعة} = \frac{90}{1.5}
$$

نحسب الناتج:

$$
\text{السرعة} = 60 \text{ كم/ساعة}
$$

### ✅ إذًا، سرعة القطار هي: **60 كم/ساعة**

هل ترغب أن أشرح لك كيف حصلنا على النتيجة خطوة بخطوة؟"
"Sizes and measurement","Handling units of measurement","F","حوّل 60 ميل في الساعة إلى كيلومتر في الساعة. (1 ميل = 1.609 كيلومتر)","لحل هذه المسألة وتحويل **60 ميل في الساعة** إلى **كيلومتر في الساعة**، يمكنك اتباع الخطوات التالية:

---

### المعطى:
- 1 ميل = 1.609 كيلومتر  
- السرعة = 60 ميل/ساعة

---

### الخطوة 1: استخدم عامل التحويل

لتحويل من **ميل إلى كيلومتر**، نضرب عدد الأميال في **1.609**:

$$
60 \times 1.609 = ؟
$$

---

### الخطوة 2: قم بالحساب

$$
60 \times 1.609 = 96.54
$$

---

### النتيجة:

إذًا،  
$$
60 \text{ ميل/ساعة} = 96.54 \text{ كيلومتر/ساعة}
$$

---

### ✅ الإجابة النهائية:
**96.54 كيلومتر في الساعة**

هل تحب أن أشرح لك كيف تُحوَّل الوحدات عمومًا؟"
"Sizes and measurement","Handling units of measurement","F","حوّل 0.007 كيلومتر مربع إلى متر مربع.","بالطبع! لتحويل **0.007 كيلومتر مربع (كم²)** إلى **متر مربع (م²)**، يجب أن تعرف العلاقة بين الوحدتين.

---

### 💡 المعلومة الأساسية:
> **1 كيلومتر مربع = 1,000,000 متر مربع**  
(لأن الكيلومتر = 1000 متر، وبالتالي: $1 \text{ كم}^2 = 1000 \times 1000 = 1{,}000{,}000 \text{ م}^2$)

---

### ✏️ الخطوة-by-الخطوة:

لديك:  
$$
0.007 \text{ كم}^2
$$

تحب تحوله إلى متر مربع، فتضرب في **1,000,000**:

$$
0.007 \times 1{,}000{,}000 = 7{,}000 \text{ م}^2
$$

---

### ✅ الإجابة النهائية:
$$
\boxed{7000} \text{ متر مربع}
$$

إذا كانت لديك أي أسئلة إضافية، فأنا هنا للمساعدة! 😊"
"Sizes and measurement","Handling units of measurement","F","حوّل سرعة 108 كم/س إلى م/ث","لتحويل السرعة من **كيلومترات في الساعة (كم/س)** إلى **أمتار في الثانية (م/ث)**، يجب عليك استخدام عوامل التحويل المناسبة، وهي:

- 1 كيلومتر = 1000 متر  
- 1 ساعة = 3600 ثانية

### الخطوة 1: اكتب العلاقة
لتحويل **كم/س** إلى **م/ث**، تستخدم هذه الصيغة:

$$
\text{السرعة بالـ م/ث} = \text{السرعة بالـ كم/س} \times \frac{1000}{3600}
$$

أو بتبسيط الكسر:

$$
\text{السرعة بالـ م/ث} = \text{السرعة بالـ كم/س} \times \frac{5}{18}
$$

### الخطوة 2: طبق القيم
لدينا سرعة = **108 كم/س**

$$
\text{السرعة بالـ م/ث} = 108 \times \frac{5}{18}
$$

### الخطوة 3: احسب

$$
108 \div 18 = 6 \\
6 \times 5 = 30
$$

إذن:

$$
\boxed{108 \text{ كم/س} = 30 \text{ م/ث}}
$$

### ✅ الإجابة النهائية:
**30 متر في الثانية**"
"Sizes and measurement","Handling units of measurement","G","تستخدم وصفة 0.75 كوب من الزيت؛ كم مليليتر يعادل ذلك إذا كان 1 كوب = 237 مليليتر؟","لحل هذه المسألة، نحتاج إلى تحويل **0.75 كوب** من الزيت إلى **ملليلترات**، بمعلومية أن:

$$
1 \text{ كوب} = 237 \text{ ملليلتر}
$$

### الخطوة 1: ضرب الكمية بالكوب في معامل التحويل
نضرب 0.75 كوب بـ 237 ملليلتر لكل كوب:

$$
0.75 \times 237 = ?
$$

### الحساب:
$$
0.75 = \frac{3}{4}
$$

$$
\frac{3}{4} \times 237 = \frac{3 \times 237}{4} = \frac{711}{4} = 177.75
$$

### إذًا:
$$
0.75 \text{ كوب} = 177.75 \text{ ملليلتر}
$$

---

### ✅ الإجابة النهائية:
$$
\boxed{177.75} \text{ ملليلتر}
$$"
"Sizes and measurement","Handling units of measurement","G","خزان ماء سعته 1.2 م³؛ حول هذه السعة إلى لترات.","لحل هذه المسألة، نحتاج إلى **تحويل وحدة الحجم من المتر المكعب (م³) إلى اللتر (لتر)**.

### المعطى:
- سعة الخزان = **1.2 م³**

### العلاقة بين المتر المكعب واللتر:
> **1 م³ = 1000 لتر**

إذن، لتحويل الحجم من م³ إلى لترات، نضرب في 1000.

### الحل:

$$
1.2 \, \text{م}^3 \times 1000 = 1200 \, \text{لتر}
$$

### الإجابة النهائية:
> **سعة الخزان = 1200 لتر**

هل ترغب في شرح لماذا 1 م³ يساوي 1000 لتر؟"
"Sizes and measurement","Handling units of measurement","G","حوّل 100 مل من الزئبق إلى جرام إذا كانت الكثافة = 13.6 جرام/سم³","بالطبع! دعني أشرح لك خطوة بخطوة كيف يمكنك تحويل **100 مل من الزئبق إلى جرام** باستخدام **الكثافة** المعطاة وهي **13.6 جرام/سم³**.

---

### 🔍 أولًا: فهم الوحدات

- **مل (ملليلتر)** = وحدة حجم.
- **سم³ (سنتيمتر مكعب)** = أيضًا وحدة حجم.
- والجيد هنا أن:  
  ✅ **1 مل = 1 سم³**  
  إذن، **100 مل = 100 سم³**

---

### 📌 معطى:
- **الحجم** = 100 سم³
- **الكثافة** = 13.6 جرام/سم³

---

### 📐 قانون الكثافة:

$$
\text{الكثافة} = \frac{\text{الكتلة}}{\text{الحجم}}
$$

ومنه يمكننا إيجاد الكتلة بالتعويض:

$$
\text{الكتلة} = \text{الكثافة} \times \text{الحجم}
$$

---

### 💡 نعوض الأرقام:

$$
\text{الكتلة} = 13.6 \, \text{جرام/سم³} \times 100 \, \text{سم³}
$$

$$
\text{الكتلة} = 1360 \, \text{جرام}
$$

---

### ✅ الإجابة النهائية:

**100 مل من الزئبق = 1360 جرام**

---

إذا عندك أي سؤال على نفس النوع أو تبغى أشرح أكثر، أنا هنا 😊"
"Sizes and measurement","Handling units of measurement","G","عبّر عن 7.5×10⁻⁶ ثانية بوحدات الميكروثانية.","لحل هذه المسألة وتحويل **7.5 × 10⁻⁶ ثانية** إلى **وحدة الميكروثانية (ميكروثانية)**، نحتاج أولاً إلى فهم العلاقة بين الثانية والميكروثانية.

---

### 🌟 أولاً: ما هي الميكروثانية؟

- كلمة ""ميكرو"" تعني **جزء من مليون**، أي $10^{-6}$.
- إذًا:
  $$
  1 \text{ ميكروثانية} = 1 \times 10^{-6} \text{ ثانية}
  $$

أو بمعنى آخر:
$$
1 \text{ ثانية} = 1,000,000 \text{ ميكروثانية} = 10^6 \text{ ميكروثانية}
$$

---

### ✏️ الآن لنحول:

لدينا:
$$
7.5 \times 10^{-6} \text{ ثانية}
$$

ونريد تحويلها إلى ميكروثانية.

بما أن كل ميكروثانية تساوي $10^{-6}$ ثانية، فكل ثانية تحتوي على $10^6$ ميكروثانية.

إذًا:
$$
7.5 \times 10^{-6} \text{ ثانية} = 7.5 \text{ ميكروثانية}
$$

لأننا نقول: كم ""وحدة من $10^{-6}$"" موجودة في العدد.

---

### ✅ الإجابة النهائية:

$$
\boxed{7.5 \text{ ميكروثانية}}
$$

---

هل تريد شرح طريقة التحويل بشكل عام أو باستخدام خطوات أكثر تفصيلًا؟"
"Sizes and measurement","Handling units of measurement","H","حوّل 1.2 ميغاجول إلى كيلوجول وجول.","بالطبع! دعني أشرح لك كيفية تحويل **1.2 ميغاجول (MJ)** إلى **كيلوجول (kJ)** و**جول (J)** خطوة بخطوة.

---

### 🌟 أولاً: فهم الوحدات

- **ميغا (Mega)** = 1,000,000 (أي مليون)
- **كيلو (Kilo)** = 1,000 (أي ألف)
- **جول (Joule)** هو الوحدة الأساسية.

---

### 🔁 التحويل من ميغاجول إلى جول:

1 ميغاجول = 1,000,000 جول  
إذن:

$$
1.2 \text{ MJ} = 1.2 \times 1{,}000{,}000 = 1{,}200{,}000 \text{ J}
$$

---

### 🔁 التحويل من ميغاجول إلى كيلوجول:

1 ميغاجول = 1,000 كيلوجول  
لأن الكيلوجول هو ألف جول، والميغاجول مليون جول، إذًا:

$$
1.2 \text{ MJ} = 1.2 \times 1{,}000 = 1{,}200 \text{ kJ}
$$

---

### ✅ النتائج النهائية:

- **1.2 ميغاجول = 1,200 كيلوجول**
- **1.2 ميغاجول = 1,200,000 جول**

---

إذا عندك أكثر تحويلات تبغى نساعدك فيها، أنا هنا 😊"
"Sizes and measurement","Handling units of measurement","H","حوّل 50°C إلى فهرنهايت.","لتحويل درجة الحرارة من **السيلسيوس (°C)** إلى **الفهرنهايت (°F)**، نستخدم الصيغة التالية:

$$
°F = (°C \times \frac{9}{5}) + 32
$$

### خطوات الحل:

1. لديك درجة الحرارة بالسيلسيوس:  
   $$
   °C = 50
   $$

2. اضرب 50 بـ $\frac{9}{5}$:  
   $$
   50 \times \frac{9}{5} = 90
   $$

3. أضف 32 إلى الناتج:  
   $$
   90 + 32 = 122
   $$

### إذًا:
$$
50°C = 122°F
$$

✅ **الإجابة النهائية هي: 122 فهرنهايت.**"
"Sizes and measurement","Handling units of measurement","H","حوّل ٥ سنوات ضوئية إلى أمتار باستخدام ١ سنة ضوئية = ٩.٤٦١ × ١٠¹⁵ م.","بالطبع! إليك خطوات تحويل **٥ سنوات ضوئية إلى أمتار** باستخدام المعطى:

> **١ سنة ضوئية = ٩.٤٦١ × ١٠¹⁵ متر**

### الخطوة ١: فهم المعلومة
السنة الضوئية هي المسافة التي يقطعها الضوء في سنة واحدة، وهذه المسافة تساوي تقريبًا:

$$
9.461 \times 10^{15} \text{ متر}
$$

### الخطوة ٢: حساب ٥ سنوات ضوئية
لحساب المسافة لـ **٥ سنوات ضوئية**، نضرب المسافة لسنة واحدة في ٥:

$$
5 \times (9.461 \times 10^{15}) = (5 \times 9.461) \times 10^{15}
$$

$$
= 47.305 \times 10^{15}
$$

### الخطوة ٣: كتابة الناتج بالصيغة العلمية (اختياري)
يمكننا إعادة كتابة العدد بالصيغة العلمية كما يلي:

$$
4.7305 \times 10^{16} \text{ متر}
$$

---

### ✅ الإجابة النهائية:
$$
\boxed{4.7305 \times 10^{16}} \text{ متر}
$$

إذا كنت تريد شرح أي جزء من الحساب أكثر، سأكون سعيدًا بمساعدتك!"
"Sizes and measurement","Calculations of quantities","B","طول حبل 85 سم. قمت بقطع 30 سم. كم تبقى منه؟ ______","بالطبع! لنقم بحل هذه المسألة خطوة بخطوة:

### المعطيات:
- **طول الحبل في البداية:** 85 سم  
- **الطول الذي قمت بقطعه:** 30 سم  

### المطلوب:
إيجاد **كم تبقى من الحبل** بعد القطع.

### الحل:
نقوم بطرح طول الجزء المقطوع من الطول الأصلي:

$$
85\ \text{سم} - 30\ \text{سم} = 55\ \text{سم}
$$

### الإجابة:
**يبقى من الحبل: **  
$$
\boxed{55} \text{سم}
$$

إذا كانت عندك أسئلة مشابهة، يمكنني مساعدتك أيضًا! 😊"
"Sizes and measurement","Calculations of quantities","B","لوح طوله 6 أمتار. قمت بتقطيعه إلى قطعتين متساويتين. ما هو طول كل قطعة؟ ______","لحل هذه المسألة الرياضية:

**المعطيات:**
- طول اللوح كله = 6 أمتار.
- تم تقطيعه إلى **قطعتين متساويتين**.

**المطلوب:**
إيجاد طول كل قطعة.

---

### الطريقة:

بما أن اللوح قُسم إلى قطعتين **متساويتين**، فكل ما عليك هو تقسيم الطول الكلي على عدد القطع:

$$
\text{طول كل قطعة} = \frac{\text{الطول الكلي}}{\text{عدد القطع}} = \frac{6}{2} = 3
$$

---

### الإجابة:

$$
\boxed{3} \text{ أمتار}
$$

إذاً، طول كل قطعة هو **3 أمتار**. ✅"
"Sizes and measurement","Calculations of quantities","B","اجمع الأوزان: 2 كغ + 500 غ = ______","بالطبع! دعني أشرح لك خطوة بخطوة كيفية حل هذه المسألة:

المطلوب:  
**2 كغ + 500 غ = ______**

### أولًا: فهم الوحدات
- **""كغ""** تعني **كيلوجرام**.
- **""غ""** تعني **غرام**.

والعلاقة بينهما هي:  
🔹 **1 كغ = 1000 غ**

---

### ثانيًا: تحويل الوحدات لتكون موحدة

لأن الأوزان معطاة بوحدتين مختلفتين (كيلوجرام وغرام)، يجب أن نحولها إلى نفس الوحدة حتى نتمكن من جمعها بسهولة.

#### طريقة 1: تحويل كل شيء إلى غرام
- 2 كغ = 2 × 1000 غ = **2000 غ**
- 500 غ تبقى كما هي

الآن نجمع:
> **2000 غ + 500 غ = 2500 غ**

---

#### طريقة 2: تحويل الغرام إلى كيلوجرام (إن أردت النتيجة بالكيلوجرام)
- 500 غ = 500 ÷ 1000 = **0.5 كغ**
- 2 كغ تبقى كما هي

نجمع:
> **2 كغ + 0.5 كغ = 2.5 كغ**

---

### إذًا، يمكنك كتابة الإجابة بأي من الشكلين حسب المطلوب:

- إما: **2 كغ + 500 غ = 2.5 كغ**
- أو: **2 كغ + 500 غ = 2500 غ**

هل تفضل أن تكون الإجابة بالكيلوجرام أم بالغرام؟"
"Sizes and measurement","Calculations of quantities","B","أنت تشتري أشياءً تكلفتها 5 دينار، 8 دينار، و3 دينار. ما هو المجموع الكلي للتكلفة؟ ______","لحل هذه المسألة الرياضية البسيطة، كل ما عليك فعله هو **جمع القيم** معًا.

لديك ثلاث تكاليف:

- 5 دينار  
- 8 دينار  
- 3 دينار

### الخطوة 1: اجمع الأرقام
$$
5 + 8 + 3 = 16
$$

### إذًا، المجموع الكلي للتكلفة هو:
$$
\boxed{16} \text{ دينار}
$$

إذا كنت بحاجة لشرح أكثر تفصيلًا أو لديك مسائل مشابهة، أخبرني وسأساعدك بكل سرور! 😊"
"Sizes and measurement","Calculations of quantities","C","إذا قمت بصب ٧٥٠ مل من الماء في زجاجة سعتها ١ لتر. كم تبقى من الفراغ في الزجاجة؟","بالطبع! دعني أشرح لك كيفية حل هذه المسألة خطوة بخطوة:

### المعطيات:
- سعة الزجاجة الكاملة = **١ لتر**
- كمية الماء التي صُبّت في الزجاجة = **٧٥٠ مل**

---

### أولًا: تحويل الوحدات

لأن السعة معطاة باللتر، وكمية الماء معطاة بالمليمتر، فعلينا توحيد الوحدات.

**١ لتر = ١٠٠٠ مل**

إذن:
- سعة الزجاجة = **١٠٠٠ مل**
- كمية الماء = **٧٥٠ مل**

---

### ثانيًا: نحسب الفراغ في الزجاجة

لحساب الفراغ، نقوم بطرح كمية الماء من السعة الكلية:

$$
\text{الفراغ} = \text{سعة الزجاجة} - \text{كمية الماء}
$$

$$
\text{الفراغ} = 1000\,\text{مل} - 750\,\text{مل} = 250\,\text{مل}
$$

---

### ✅ الإجابة النهائية:

**يبقى في الزجاجة ٢٥٠ مل من الفراغ.**

هل تحب أن أشرحها بطريقة أخرى أو باستخدام رسوم؟ 😊"
"Sizes and measurement","Calculations of quantities","C","لوحة طولها 2.4 متر. قمت بقصها إلى 3 قطع متساوية. ما طول كل قطعة؟","بالطبع! دعني أشرح لك كيفية حل هذه المسألة خطوة بخطوة:

### المعطيات:
- **طول اللوحة الأصلي:** 2.4 أمتار  
- **عدد القطع بعد القص:** 3 قطع متساوية  

### المطلوب:
إيجاد **طول كل قطعة** بعد القص.

---

### الحل:

لحساب طول كل قطعة، نقسم الطول الكلي على عدد القطع:

$$
\text{طول كل قطعة} = \frac{\text{الطول الكلي}}{\text{عدد القطع}} = \frac{2.4}{3}
$$

نحسب الناتج:

$$
\frac{2.4}{3} = 0.8
$$

---

### الإجابة النهائية:
**طول كل قطعة هو 0.8 متر** ✅

هل ترغب أن أوضح لك كيف يتم القسمة في مثل هذه الحالة (2.4 ÷ 3) بالتفصيل؟"
"Sizes and measurement","Calculations of quantities","D","مربع طوله الجانبي 6.4 سم - ما هي مساحته؟","لحساب **مساحة المربع**، نستخدم القاعدة التالية في الرياضيات:

$$
\text{مساحة المربع} = \text{(الطول الجانبي)}^2
$$

في مسألتك، طول جانب المربع هو:  
$$
6.4 \, \text{سم}
$$

إذن نحسب المساحة كما يلي:

$$
\text{المساحة} = (6.4)^2 = 6.4 \times 6.4
$$

نقوم بإجراء الضرب:

$$
6.4 \times 6.4 = 40.96
$$

إذًا:

$$
\boxed{40.96} \text{سم}^2
$$

✅ **الوحدة:** السنتيمتر المربع (سم²) لأننا ضربنا سنتيمتر × سنتيمتر.

فهيّا انتهينا! مساحة المربع تساوي **40.96 سم²**."
"Sizes and measurement","Calculations of quantities","D","احسب مساحة مثلث قاعدته 12 سم وارتفاعه 9 سم.","لحساب **مساحة المثلث**، يمكنك استخدام الصيغة الرياضية التالية:

$$
\text{المساحة} = \frac{1}{2} \times \text{القاعدة} \times \text{الارتفاع}
$$

### معطيات المسألة:
- القاعدة = 12 سم  
- الارتفاع = 9 سم  

### الآن نقوم بالتعويض في المعادلة:

$$
\text{المساحة} = \frac{1}{2} \times 12 \, \text{سم} \times 9 \, \text{سم}
$$

$$
\text{المساحة} = \frac{1}{2} \times 108 = 54 \, \text{سم}^2
$$

### إذًا:
**مساحة المثلث هي: 54 سنتيمتر مربع (سم²).**

هل ترغب أن أشرح لك من أين جاءت هذه الصيغة؟ 😊"
"Sizes and measurement","Calculations of quantities","D","لديك مخطط أرضي يحتوي على ٥ غرف بمساحة ٥ م × ٤ م و٣ غرف أخرى بمساحة ٣ م × ٢ م. ما هو المجموع الكلي للمساحة؟","بالطبع! دعني أشرح لك خطوة بخطوة كيفية حساب **المجموع الكلي للمساحة** للأرض المذكورة.

### المعطيات:

- لديك **٥ غرف** كل منها بمساحة:  
  $ 5 \, \text{م} \times 4 \, \text{م} $

- وعندك **٣ غرف** كل منها بمساحة:  
  $ 3 \, \text{م} \times 2 \, \text{م} $

---

### الخطوة ١: حساب مساحة الغرفة الواحدة من النوع الأول

$$
\text{مساحة الغرفة الواحدة (من النوع الأول)} = 5 \times 4 = 20 \, \text{م}^2
$$

عدد هذه الغرف = ٥  
إذًا:

$$
\text{مجموع مساحة الغرف الخمس} = 5 \times 20 = 100 \, \text{م}^2
$$

---

### الخطوة ٢: حساب مساحة الغرفة الواحدة من النوع الثاني

$$
\text{مساحة الغرفة الواحدة (من النوع الثاني)} = 3 \times 2 = 6 \, \text{م}^2
$$

عدد هذه الغرف = ٣  
إذًا:

$$
\text{مجموع مساحة الغرف الثلاث} = 3 \times 6 = 18 \, \text{م}^2
$$

---

### الخطوة ٣: جمع المساحتين لإيجاد المساحة الكلية

$$
\text{المساحة الكلية} = 100 + 18 = \boxed{118} \, \text{م}^2
$$

---

### ✅ الإجابة النهائية:
**المجموع الكلي للمساحة هو 118 متر مربع.**

إذا عندك أسئلة مشابهة أو أردت شرح بطريقة أكثر تبسيطًا، أنا هنا أساعدك بكل سرور 😊"
"Sizes and measurement","Calculations of quantities","D","حوض مستطيل الشكل له طول 12 سم، عرض 5 سم، وارتفاع 10 سم - احسب حجمه.","لحساب **حجم الحوض المستطيل الشكل**، يمكنك استخدام قانون حجم متوازي المستطيلات، وهو:

$$
\text{الحجم} = \text{الطول} \times \text{العرض} \times \text{الارتفاع}
$$

المعطيات في المسألة:
- الطول = 12 سم  
- العرض = 5 سم  
- الارتفاع = 10 سم  

نقوم الآن بالتعويض:

$$
\text{الحجم} = 12 \times 5 \times 10
$$

أولاً:  
$$
12 \times 5 = 60
$$

ثم:  
$$
60 \times 10 = 600
$$

إذًا:

$$
\boxed{600} \text{سم}^3
$$

هو **حجم الحوض**.

✅ **ملاحظة**: الوحدة هي **سنتيمتر مكعب (سم³)** لأن الأبعاد بوحدة السنتيمتر."
"Sizes and measurement","Calculations of quantities","D","أيتهما له مساحة أكبر: مربع طوله 6 سم وعرضه 6 سم، أم مستطيل طوله 5 سم وعرضه 8 سم؟","بالطبع! لنقارن المساحتين للمربع والمستطيل خطوة بخطوة.

### 1. **مساحة المربع:**

المربع هو شكل له أربعة أضلاع متساوية، وطوله = عرضه.

المعادلة لحساب المساحة:
$$
\text{مساحة المربع} = \text{الطول} \times \text{العرض}
$$

وبما أن الطول = العرض = 6 سم:

$$
\text{مساحة المربع} = 6 \, \text{سم} \times 6 \, \text{سم} = 36 \, \text{سم}^2
$$

---

### 2. **مساحة المستطيل:**

المستطيل له طول وعرض مختلفين.

المعادلة لحساب المساحة:
$$
\text{مساحة المستطيل} = \text{الطول} \times \text{العرض}
$$

وبما أن الطول = 5 سم، والعرض = 8 سم:

$$
\text{مساحة المستطيل} = 5 \, \text{سم} \times 8 \, \text{سم} = 40 \, \text{سم}^2
$$

---

### 3. **مقارنة المساحتين:**

- مساحة المربع = **36 سم²**
- مساحة المستطيل = **40 سم²**

إذًا:

$$
\boxed{\text{المستطيل له مساحة أكبر}}
$$

هل ترغب في توضيح الفكرة بشكل بصري أو باستخدام قواعد المساحة الأخرى؟"
"Sizes and measurement","Calculations of quantities","E","يوجد مخروط نصف قطره 4 سم وارتفاعه 9 سم. احسب حجمه باستخدام المعادلة V = ⅓πr²h.","بالطبع! دعني أشرح لك خطوة بخطوة كيفية حل هذه المسألة.

### المعطيات:
- نصف قطر المخروط (**r**) = **4 سم**
- ارتفاع المخروط (**h**) = **9 سم**
- معادلة حجم المخروط هي:  
  $$
  V = \frac{1}{3} \pi r^2 h
  $$

---

### الخطوة 1: التعويض في المعادلة

نقوم بالتعويض بقيم **r = 4** و **h = 9** في المعادلة:

$$
V = \frac{1}{3} \pi (4)^2 (9)
$$

---

### الخطوة 2: حساب مربع نصف القطر

$$
4^2 = 16
$$

تصبح المعادلة:

$$
V = \frac{1}{3} \pi (16)(9)
$$

---

### الخطوة 3: ضرب الأعداد

أولًا نحسب:

$$
16 \times 9 = 144
$$

ثم:

$$
\frac{1}{3} \times 144 = 48
$$

إذًا:

$$
V = 48\pi
$$

---

### الخطوة 4: (اختياري) استخدام قيمة تقريبية لـ π

إذا أردت الناتج العددي، يمكنك استخدام:
- إما $\pi \approx 3.14$

$$
V = 48 \times 3.14 = 150.72 \, \text{سم}^3
$$

---

### ✅ الإجابة النهائية:

- الحجم بالرموز:  
  $$
  V = 48\pi \, \text{سم}^3
  $$

- أو بالقيمة التقريبية:  
  $$
  V \approx 150.72 \, \text{سم}^3
  $$

هل ترغب في شرح سبب وجود الكسر ⅓ في المعادلة؟"
"Sizes and measurement","Calculations of quantities","E","تريد طلاء جدار في غرفتك. عرض الجدار 4 أمتار وارتفاعه 2.5 متر. كم متر مربع من الطلاء تحتاج؟","لحل هذه المسألة، نحتاج إلى حساب **مساحة الجدار** التي تريد طلاءها.  
وبما أن الجدار على شكل **مستطيل**، فإن مساحته تُحسب بالصيغة التالية:

$$
\text{المساحة} = \text{الطول (أو الارتفاع)} \times \text{العرض}
$$

### المعطيات:
- عرض الجدار = 4 أمتار  
- ارتفاع الجدار = 2.5 متر

### الحساب:
$$
\text{المساحة} = 2.5 \, \text{م} \times 4 \, \text{م} = 10 \, \text{م}^2
$$

إذن، تحتاج إلى **10 أمتار مربعة** من الطلاء لتغطية الجدار بالكامل.

> ✅ **الإجابة النهائية: 10 متر مربع (m²)**"
"Sizes and measurement","Calculations of quantities","E","أنت تقوم ببناء صندوق رمل أبعاده 2 م × 2 م وعمقه 0.3 م. كم مكعب متر من الرمل تحتاج لملئه؟","بالطبع! دعني أشرح لك كيفية حل هذه المسألة خطوة بخطوة.

### المعطيات:
- **طول الصندوق** = 2 متر  
- **عرض الصندiqué** = 2 متر  
- **عمق الصندiqué (أي الارتفاع)** = 0.3 متر  

نريد معرفة **كم متر مكعب من الرمل نحتاج لملء الصندوق**، أي أننا نبحث عن **الحجم**.

---

### خطوات الحل:

لحساب حجم الصندوق (وهو على شكل متوازي مستطيلات)، نستخدم قانون الحجم التالي:

$$
\text{الحجم} = \text{الطول} \times \text{العرض} \times \text{الارتفاع}
$$

نعوّض الأرقام:

$$
\text{الحجم} = 2 \, \text{م} \times 2 \, \text{م} \times 0.3 \, \text{م}
$$

$$
\text{الحجم} = 4 \times 0.3 = 1.2 \, \text{م}^3
$$

---

### الإجابة النهائية:
تحتاج إلى **1.2 متر مكعب** من الرمل لملء الصندوق بالكامل.

هل ترغب في معرفة كم ذلك باللترات أو بأوزان الرمل أيضًا؟"
"Sizes and measurement","Calculations of quantities","E","خزان مياه أسطواني قطره 1.2 متر وارتفاعه 2 متر. احسب حجم الماء الذي يمكن أن يحتويه الخزان باللتر.","لحساب **حجم الخزان الأسطواني** وتحويله إلى **لترات**، نقوم باتباع الخطوات التالية:

---

### 📌 المعطيات:
- **القطر** = 1.2 متر  
- **الارتفاع** = 2 متر

---

## ✅ الخطوة 1: حساب نصف القطر (r)

نصف القطر = القطر ÷ 2  
$$
r = \frac{1.2}{2} = 0.6 \text{ متر}
$$

---

## ✅ الخطوة 2: استخدام قانون حجم الأسطوانة

قانون حجم الأسطوانة هو:
$$
V = \pi r^2 h
$$

حيث:
- $ r $ = نصف القطر
- $ h $ = الارتفاع
- $ \pi \approx 3.1416 $

نحسب الحجم بوحدة المتر المكعب:

$$
V = \pi \times (0.6)^2 \times 2
$$
$$
V = 3.1416 \times 0.36 \times 2
$$
$$
V \approx 3.1416 \times 0.72 \approx 2.26 \text{ متر مكعب}
$$

---

## ✅ الخطوة 3: تحويل المتر المكعب إلى لتر

نحن نعلم أن:
$$
1 \text{ متر مكعب} = 1000 \text{ لتر}
$$

إذًا:
$$
2.26 \text{ م}^3 = 2.26 \times 1000 = 2260 \text{ لتر}
$$

---

### ✅ الإجابة النهائية:
**يمكن للخزان أن يحتوي حوالي 2260 لتر من الماء.**

هل ترغب في شرح كيفية رسم الخزان أو إيجاد مساحة سطحه أيضًا؟"
"Sizes and measurement","Calculations of quantities","E","حديقة زهور مصممة بشكل مستطيل (2 م × 1 م) مع نصف دائرة على أحد الجانبين القصيرين. احسب المساحة الإجمالية.","بالطبع! دعني أشرح لك كيفية حساب **المساحة الإجمالية** للحديقة التي وصفتها.

### المعطيات:

- الحديقة على شكل **مستطيل** قياسه (2 م × 1 م).
- هناك **نصف دائرة** مُلحقة على أحد الجانبين القصيرين للمستطيل.

نفترض أن نصف الدائرة مرسوم على أحد الجانبين القصيرة، أي أن **قطر نصف الدائرة = العرض = 1 متر**.

---

## الخطوة 1: حساب مساحة المستطيل

مساحة المستطيل = الطول × العرض  
$$
= 2 \, \text{م} \times 1 \, \text{م} = 2 \, \text{م}^2
$$

---

## الخطوة 2: حساب مساحة نصف الدائرة

- قطر نصف الدائرة = 1 متر ⇒ إذًا **نصف القطر (r)** = $ \frac{1}{2} = 0.5 $ متر

مساحة الدائرة الكاملة = $ \pi r^2 $

إذًا مساحة نصف الدائرة:
$$
\frac{1}{2} \pi r^2 = \frac{1}{2} \pi (0.5)^2 = \frac{1}{2} \pi (0.25) = \frac{\pi}{8} \approx 0.3927 \, \text{م}^2
$$

---

## الخطوة 3: جمع المساحتين

المساحة الإجمالية = مساحة المستطيل + مساحة نصف الدائرة  
$$
= 2 + \frac{\pi}{8} \approx 2 + 0.3927 = 2.3927 \, \text{م}^2
$$

---

### ✅ الإجابة النهائية:

- **بشكل دقيق:** $ 2 + \frac{\pi}{8} \, \text{م}^2 $
- **بشكل تقريبي:** حوالي **2.39 م²**

هل تحب أن أشرح لك كيف نحسب المحيط أيضًا؟"
"Sizes and measurement","Calculations of quantities","F","سيارة تسير مسافة 240 كم في 3 ساعات. ما هي سرعتها بالكيلومترات في الساعة؟","لحساب **السرعة** التي تسير بها السيارة، نستخدم القانون التالي في الفيزياء والرياضيات:

$$
\text{السرعة} = \frac{\text{المسافة}}{\text{الزمن}}
$$

### المعطيات:
- المسافة = 240 كيلومتر  
- الزمن = 3 ساعات

### نعوّض في القانون:
$$
\text{السرعة} = \frac{240}{3} = 80 \text{ كم/ساعة}
$$

### الإجابة النهائية:
$$
\boxed{80} \text{ كم/ساعة}
$$

إذن، سرعة السيارة هي **80 كيلومترًا في الساعة**."
"Sizes and measurement","Calculations of quantities","F","إيداع قدره 1000 دينار يحقق فائدة بسيطة سنوية بنسبة 2.5%. كم ستكون الفائدة بعد عامين؟","لحل هذه المسألة، نستخدم قانون **الفائدة البسيطة**:

$$
\text{الفائدة} = \text{رأس المال} \times \text{النسبة المئوية} \times \text{الزمن}
$$

### المعطيات:
- رأس المال (P) = 1000 دينار  
- النسبة السنوية (r) = 2.5% = 0.025  
- الزمن (t) = سنتان  

### نطبق في القانون:
$$
\text{الفائدة} = 1000 \times 0.025 \times 2
$$

$$
\text{الفائدة} = 50 \text{ دينار}
$$

### الإجابة النهائية:
الفائدة بعد عامين ستكون:  
$$
\boxed{50} \text{ دينار}
$$"
"Sizes and measurement","Calculations of quantities","F","لعبة مصغرة بنسبة ١:٢٠. إذا كان طول النموذج ١٢ سم، فما طول الجسم الحقيقي؟","لحل هذه المسألة، نحتاج أولاً إلى فهم معنى **نسبة التصغير** المعطاة وهي **١:٢٠**.

### 🔍 تفسير النسبة ١:٢٠:
- هذا يعني أن **كل ١ وحدة في النموذج (التصغير)** تمثل **٢٠ وحدة في الحقيقة**.
- إذًا إذا كان طول النموذج المصغر = ١٢ سم، فالطول الحقيقي أكبر بمقدار ٢٠ مرة.

---

### ✅ الخطوة الأولى: ضرب الطول في النموذج × النسبة

$$
\text{الطول الحقيقي} = \text{الطول في النموذج} \times 20
$$

$$
= 12 \, \text{سم} \times 20 = 240 \, \text{سم}
$$

---

### 📌 الإجابة النهائية:
طول الجسم الحقيقي هو **٢٤٠ سم**.  
أو يمكن تحويله إلى أمتار:  
$$
240 \div 100 = 2.4 \, \text{متر}
$$

---

هل ترغب في شرح مبسط أكثر أو رؤية أمثلة مشابهة؟ 😊"
"Sizes and measurement","Calculations of quantities","F","سيارة تستخدم 8 لترات من الوقود لكل 100 كيلومتر. كم كمية الوقود اللازمة للسفر لمسافة 350 كيلومتر؟","لحل هذه المسألة، نستخدم **مبدأ التناسب**، لأن استهلاك السيارة للوقود يتناسب طرديًا مع المسافة المقطوعة.

### المعطيات:
- السيارة تستخدم **8 لترات** من الوقود لكل **100 كيلومتر**.
- تريد معرفة كمية الوقود اللازمة للسفر مسافة **350 كيلومتر**.

---

## الطريقة 1: باستخدام النسبة

نكتب العلاقة:

$$
\frac{8 \text{ لتر}}{100 \text{ كم}} = \frac{x \text{ لتر}}{350 \text{ كم}}
$$

ثم نضرب تبادليًا لحل المعادلة:

$$
x = \frac{8 \times 350}{100}
$$

$$
x = \frac{2800}{100} = 28
$$

---

## الإجابة النهائية:
$$
\boxed{28} \text{ لتر}
$$

أي أن السيارة تحتاج إلى **28 لترًا** من الوقود لتقطع مسافة **350 كيلومتر**. ✅

هل تحب أن أشرح لك كيف تعمل هذه المسألة بطريقة أخرى (مثلاً بطريقة التفكير اليومية دون معادلات)؟"
"Sizes and measurement","Calculations of quantities","G","احسب مساحة السطح لمخروط نصف قطره 5 سم وارتفاعه المائل 13 سم.","لحساب **مساحة سطح المخروط**، نستخدم صيغة رياضية تعتمد على:

- **نصف القطر (r)**: وهو 5 سم في مسألتك.
- **الارتفاع المائل (l)**: وهو 13 سم في مسألتك.

---

### ✳️ صيغة مساحة سطح المخروط:
$$
\text{مساحة السطح} = \pi r (r + l)
$$

حيث:
- $ r $: نصف قطر القاعدة.
- $ l $: الارتفاع المائل.
- $ \pi \approx 3.14 $ أو يمكنك استخدام $ \frac{22}{7} $ حسب ما يناسبك.

---

### 🔢 تطبيق الأرقام على الصيغة:

$$
\text{مساحة السطح} = \pi \times 5 \times (5 + 13)
= \pi \times 5 \times 18
= \pi \times 90
$$

---

### ✅ النتيجة:

إذا استخدمنا $ \pi \approx 3.14 $:

$$
\text{مساحة السطح} \approx 3.14 \times 90 = 282.6 \text{ سم}^2
$$

---

### 📌 ملاحظة:
- هذه المساحة تشمل **القاعدة الدائرية + السطح الجانبي**.
- إذا طُلب فقط **المساحة الجانبية (بدون القاعدة)**، نستخدم:
$$
\text{المساحة الجانبية} = \pi r l = \pi \times 5 \times 13 = \pi \times 65 \approx 204.1 \text{ سم}^2
$$

لكن بما أن السؤال كان عن ""مساحة السطح"" بدون تحديد، فإن المراد هو **المساحة الكلية**.

---

### ✅ الإجابة النهائية:
$$
\boxed{282.6 \text{ سم}^2}
$$"
"Sizes and measurement","Calculations of quantities","G","يريد مزارع أن يسيّج حقلاً دائريًا نصف قطره ٤٥ مترًا؛ فما مقدار السياج الذي يحتاجه؟","لحل هذه المسألة، نحتاج إلى حساب **طول السياج** المطلوب لتطويق **الحقل الدائري**، وهذا يعني أننا نريد إيجاد **محيط الدائرة**.

### معطيات المسألة:
- الشكل: دائرة
- نصف قطر الحقل $(r) = 45$ متر

### القانون:
محيط الدائرة يُحسب باستخدام القانون التالي:

$$
\text{محيط الدائرة} = 2 \pi r
$$

حيث:
- $ \pi \approx 3.14 $ (أو يمكنك استخدام القيمة الدقيقة حسب المطلوب)
- $ r $ هو نصف القطر

### تطبيق القيم:
$$
\text{المحيط} = 2 \times \pi \times 45
= 90 \pi
$$

إذا استخدمنا $ \pi \approx 3.14 $:

$$
\text{المحيط} \approx 90 \times 3.14 = 282.6 \text{ متر}
$$

### إذًا:
المزارع يحتاج إلى حوالي **282.6 متر** من السياج لتطويق الحقل.

### الإجابة النهائية:
$$
\boxed{282.6} \text{ متر}
$$"
"Sizes and measurement","Calculations of quantities","G","فاتورة المياه تعتمد على 1.75 دينار لكل متر مكعب؛ كم ستكون التكلفة لاستخدام 18.6 متر مكعب؟","لحل هذه المسألة الرياضية، نقوم بتطبيق قاعدة بسيطة وهي:

$$
\text{التكلفة الكلية} = \text{سعر المتر المكعب} \times \text{عدد الأمتار المكعبة المستخدمة}
$$

### المعطيات:
- سعر المتر المكعب = **1.75 دينار**
- عدد الأمتار المكعبة المستخدمة = **18.6 متر مكعب**

### الآن نضرب:
$$
\text{التكلفة} = 1.75 \times 18.6
$$

نحسب الناتج:

$$
1.75 \times 18.6 = 32.55
$$

### إذًا:
التكـلفة الكلية لاستخدام **18.6 متر مكعب** من المياه هي **32.55 دينار**.

هل ترغب أن أشرح لك الطريقة بطريقة مبسطة أو خطوة بخطوة؟"
"Sizes and measurement","Calculations of quantities","H","احسب الطول الموجي لموجة راديو ترددها 100 ميجاهرتز في الهواء (سرعة الضوء ≈ 3×10⁸ م/ث).","لحساب **الطول الموجي** لموجة راديو ذات تردد معين، يمكنك استخدام العلاقة التالية من الفيزياء:

$$
\lambda = \frac{c}{f}
$$

حيث:
- $\lambda$ هو **الطول الموجي** (بوحدة المتر).
- $c$ هي **سرعة الموجة** (وهي في هذه الحالة سرعة الضوء في الهواء ≈ $3 \times 10^8$ م/ث).
- $f$ هو **التردد** بوحدة **الهرتز (Hz)**.

---

### المعطيات:
- التردد: $f = 100$ ميجاهرتز = $100 \times 10^6 = 1 \times 10^8$ هرتز  
- سرعة الضوء: $c = 3 \times 10^8$ م/ث

---

### الآن نطبق في المعادلة:

$$
\lambda = \frac{3 \times 10^8}{1 \times 10^8} = 3 \text{ متر}
$$

---

### ✅ الإجابة النهائية:
الطول الموجي للموجة الراديوية ذات التردد 100 ميجاهرتز هو **3 أمتار**."
"Sizes and measurement","Calculations of quantities","H","احسب الطول الموجي لموجة مائية إذا كانت دورتها ٥ ثوانٍ وسرعتها ٣ م/ث.","لحساب **الطول الموجي** لموجة مائية، نستخدم العلاقة بين:

- السرعة $ v $
- الطول الموجي $ \lambda $
- الدورة $ T $

### المعادلة المستخدمة:
$$
v = \frac{\lambda}{T}
$$

ويمكننا إعادة ترتيب المعادلة لإيجاد الطول الموجي $ \lambda $ كالتالي:
$$
\lambda = v \times T
$$

### المعطيات في المسألة:
- السرعة $ v = 3 \, \text{م/ث} $
- الدورة $ T = 5 \, \text{ثوانٍ} $

### الآن نحسب الطول الموجي:
$$
\lambda = 3 \, \text{م/ث} \times 5 \, \text{ث} = 15 \, \text{متر}
$$

### ✅ الإجابة النهائية:
الطول الموجي هو **١٥ مترًا**."
"Sizes and measurement","Calculations of quantities","H","يدور قمر صناعي على ارتفاع ٤٠٠ كم عن سطح الأرض، احسب تقريبا المساحة التي يمكن رؤيتها من هذا القمر باستخدام الصيغة: المساحة = ٢ط × نق × ع. حيث نق هو نصف قطر الأرض ويبلغ حوالي ٦٣٧١ كم; ع هو الارتفاع عن سطح الأرض.","لحساب **المساحة التي يمكن رؤيتها من القمر الصناعي** الذي يدور على ارتفاع 400 كم عن سطح الأرض، سنستخدم الصيغة المعطاة:

$$
\text{المساحة} = 2\pi \times R \times h
$$

حيث:
- $ R $: نصف قطر الأرض = 6371 كم  
- $ h $: ارتفاع القمر الصناعي عن سطح الأرض = 400 كم  
- $ \pi \approx 3.1416 $

### الخطوة الأولى: التعويض في المعادلة

$$
\text{المساحة} = 2 \times \pi \times 6371 \times 400
$$

نحسب القيم خطوة بخطوة:

1. $ 2 \times \pi \approx 2 \times 3.1416 = 6.2832 $
2. $ 6.2832 \times 6371 \approx 20075 $
3. $ 20075 \times 400 = 8,030,000 $

إذًا:

$$
\text{المساحة} \approx 8,030,000 \text{ كم}^2
$$

### الإجابة النهائية:

$$
\boxed{8,030,000 \text{ كم}^2}
$$

أي أن **القمر الصناعي يمكنه رؤية حوالي 8.03 مليون كيلومتر مربع من سطح الأرض** باستخدام هذه الصيغة التقريبية.

> 💡 **ملاحظة**: هذه صيغة تقريبية تُستخدم لحساب المساحة ""المقطوعة"" من سطح الكرة (الأرض) عند وجود نقطة مرتفعة مثل قمر صناعي. هناك طريقة أكثر دقة تعتمد على الهندسة الكروية، لكن هذه الصيغة كافية للتقدير السريع."
"Sizes and measurement","Calculations of quantities","H","احسب الكتلة الإجمالية للهواء في غرفة أبعادها 5 م × 4 م × 2.5 م، مع افتراض أن كثافة الهواء تساوي 1.225 كغ/م³.","لحساب **الكتلة الإجمالية للهواء** داخل غرفة ذات أبعاد معينة، نحتاج إلى استخدام العلاقة بين الكتلة والحجم وكثافة المادة، وهي:

$$
\text{الكتلة} = \text{الحجم} \times \text{الكثافة}
$$

### المعطيات:
- أبعاد الغرفة:  
  الطول = 5 متر  
  العرض = 4 متر  
  الارتفاع = 2.5 متر  
- كثافة الهواء = $1.225 \, \text{كغ}/\text{م}^3$

---

### الخطوة 1: احسب حجم الغرفة
نحسب الحجم باستخدام قانون حجم متوازي المستطيلات:

$$
\text{الحجم} = \text{الطول} \times \text{العرض} \times \text{الارتفاع}
$$

$$
\text{الحجم} = 5 \times 4 \times 2.5 = 50 \, \text{م}^3
$$

---

### الخطوة 2: استخدم الكثافة لحساب الكتلة

$$
\text{الكتلة} = \text{الحجم} \times \text{كثافة الهواء}
$$

$$
\text{الكتلة} = 50 \times 1.225 = 61.25 \, \text{كغ}
$$

---

### الإجابة النهائية:
$$
\boxed{61.25} \text{كغ}
$$

أي أن **كتلة الهواء داخل هذه الغرفة تساوي حوالي 61.25 كجم**."
"Sizes and measurement","Calculations of quantities","H","حدد وزن 0.5 م³ من الخرسانة إذا كانت كثافتها 2400 كجم/م³.","لحل هذه المسألة الرياضية، سنستخدم العلاقة بين **الحجم** و**الكثافة** و**الوزن** (أو الكتلة في الحقيقة، لأن الوزن يُقاس بوحدات قوة مثل النيوتن، لكن غالبًا ما يُقصد بالوزن هنا الكتلة).

### المعطيات:
- **الحجم** = 0.5 متر مكعب (م³)
- **الكثافة** = 2400 كجم/م³

---

### العلاقة المستخدمة:

$$
\text{الكتلة} = \text{الكثافة} \times \text{الحجم}
$$

---

### الحل:

$$
\text{الكتلة} = 2400 \, \text{كجم/م³} \times 0.5 \, \text{م³}
$$

$$
\text{الكتلة} = 1200 \, \text{كجم}
$$

---

### الإجابة النهائية:
وزن (أو كتلة) 0.5 م³ من الخرسانة هو **1200 كجم**. ✅

إذا كنت تحتاج لتحويل ذلك إلى **وزن حقيقي بوحدة النيوتن**، يمكننا استخدام قانون:

$$
\text{الوزن} = \text{الكتلة} \times \text{عجلة الجاذبية}
$$

وبافتراض أن عجلة الجاذبية الأرضية ≈ 9.8 م/ث²:

$$
\text{الوزن} = 1200 \times 9.8 = 11760 \, \text{نيوتن}
$$

لكن إذا كان المطلوب ""الوزن"" بالكيلوجرام (كما يُفهم في الحياة اليومية)، فالإجابة تبقى:  
✅ **1200 كجم**."
"Sizes and measurement","Calculations of quantities","H","قدّر إجمالي إنتاج الطاقة من لوحة شمسية قدرتها 1.5 كيلو وات تعمل لمدة 6 ساعات في اليوم على مدى 30 يوماً.","لحساب **إجمالي إنتاج الطاقة** من لوحة شمسية قدرتها **1.5 كيلوواط** (أي 1.5 kW) تعمل لمدة **6 ساعات في اليوم** على مدى **30 يومًا**، يمكنك اتباع خطوات بسيطة باستخدام معادلة حساب الطاقة:

---

### 📌 المعادلة المستخدمة:
$$
\text{الطاقة (كيلوواط ساعة)} = \text{القدرة (كيلوواط)} \times \text{الزمن (بالساعات)}
$$

---

### 🔢 الخطوات:

#### 1. حساب الإنتاج اليومي:
$$
1.5 \, \text{kW} \times 6 \, \text{ساعات} = 9 \, \text{kWh}
$$

> إذن، تنتج اللوحة **9 كيلوواط ساعة** يوميًا.

#### 2. حساب الإنتاج الشهري (لمدة 30 يوم):
$$
9 \, \text{kWh/يوم} \times 30 \, \text{يوم} = 270 \, \text{kWh}
$$

---

### ✅ النتيجة النهائية:
إجمالي إنتاج الطاقة خلال 30 يومًا هو:  
$$
\boxed{270} \text{ كيلوواط ساعة (kWh)}
$$

---

هل ترغب أن أشرح لك الفرق بين الكيلوواط (kW) والكيلوواط ساعة (kWh) أيضًا؟"
"Data frequencies and probabilities","Collect, display and read data","B","احسب ودوّن عدد الطلاب في صفك الذين لديهم عيون زرقاء.","لحل هذه المسألة البسيطة: **""احسب ودوّن عدد الطلاب في صفك الذين لديهم عيون زرقاء""**، يمكنك اتباع الخطوات التالية:

---

### ✅ **الخطوة 1: تحديد المطلوب**
المطلوب هو معرفة عدد الطلاب في صفك الدراسي الذين **لديهم عيون زرقاء**.

---

### ✅ **الخطوة 2: جمع البيانات**
1. **راقب زملاءك في الصف** أو تحدث معهم.
2. **حدد** من هم الزملاء الذين لديهم عيون زرقاء بوضوح.
3. **يمكنك تسجيل أسمائهم** أو وضع علامات مقابل أسمائهم في قائمة (إن وُجدت).

---

### ✅ **الخطوة 3: العد**
- بعد أن حددت من لديهم عيون زرقاء، **قم بعدّهم واحدًا واحدًا**.
- يمكنك استخدام أصابعك، قطع عد، أو ورقة وقلم لتساعدك على العد بدقة.

---

### ✅ **الخطوة 4: تسجيل النتيجة**
- بعد الانتهاء من العد، **اكتب العدد الذي حصلت عليه**.
- مثلًا: ""عدد الطلاب في صفي الذين لديهم عيون زرقاء هو ___ طالبًا.""

---

### 📌 **مثال عملي**
إذا كان هناك 5 طلاب في صفك ولديهم عيون زرقاء، فستكتب:

> عدد الطلاب في صفي الذين لديهم عيون زرقاء هو **5 طلاب**.

---

### 💡 نصائح إضافية:
- تأكد من أن الطالب لديه عيون **زرقاء بالفعل** وليس بنية داكنة أو خضراء.
- إذا لم تكن متأكدًا من لون عيون أحد الزملاء، يمكنك أن تسأله بشكل مباشر:  
  > ""هل عيونك زرقاء؟""

---

هل ترغب أن أساعدك في تصميم جدول بسيط لتسجيل الأسماء والألوان؟"
"Data frequencies and probabilities","Collect, display and read data","B","استخدم علامات العد لتمثيل عدد الحيوانات الأليفة التي يملكها أصدقاؤك.","بالطبع! دعني أشرح لك كيفية حل هذه المسألة خطوة بخطوة بطريقة سهلة وواضحة.

### 📌 **المسألة**:  
""استخدم **علامات العد** لتمثيل عدد الحيوانات الأليفة التي يملكها أصدقاؤك.""

---

## 🔍 أولًا: ما هي ""علامات العد""؟
علامات العد (Tally Marks) هي طريقة بسيطة لتسجيل أو حساب الكميات بشكل مرئي.  
- نستخدم علامة الخط العمودي **|** لكل عدد من 1 إلى 4.
- عند الوصول إلى العدد **5**، نرسم خطًا مائلًا عبر الأربع خطوط السابقة كهذه: **|||| → ⨳**

---

## 🧩 ثانيًا: كيف تُستخدم في هذه المسألة؟

لكي تحل المسألة، تحتاج إلى:

### ✅ 1. جمع البيانات:
اسأل أصدقائك عن عدد الحيوانات الأليفة التي يمتلكونها، أو افترض بيانات إذا لم تكن متاحة.

مثال:  
- أحمد لديه 2 حيوانات  
- سارة لديها 4  
- خالد لديه 1  
- ليلى لديها 3  
- عمر لديه 5  

### ✅ 2. تنظيم البيانات في جدول:

| الاسم   | عدد الحيوانات الأليفة | علامات العد |
|--------|-----------------------|-------------|
| أحمد   | 2                     | ||          |
| سارة   | 4                     | ||||        |
| خالد   | 1                     | |           |
| ليلى   | 3                     | |||         |
| عمر    | 5                     | ⨳           |

### ✅ 3. تحويل الأعداد إلى علامات العد:

نحول كل عدد إلى علامات كما يلي:
- 1 → |
- 2 → ||
- 3 → |||
- 4 → ||||
- 5 → ⨳
- 6 → ⨳ |
- وهكذا...

---

## 📊 ثالثًا: يمكنك استخدام ذلك في رسم بياني
بعد وضع علامات العد، يمكنك استخدامها لعمل **جدول تكراري** أو حتى **رسم بياني بسيط** لعرض عدد الحيوانات الأليفة.

---

## 💡 مثال عملي:
إذا كان لديك 6 أصدقاء ويملكون على التوالي:  
{ 2, 5, 3, 1, 4, 5 }

فستكتب علامات العد كالتالي:

- 2 → ||
- 5 → ⨳
- 3 → |||
- 1 → |
- 4 → ||||
- 5 → ⨳

---

## 📝 خلاصة:
لحل المسألة:
1. اجمع عدد الحيوانات الأليفة لكل صديق.
2. مثل كل عدد باستخدام علامات العد.
3. يمكنك تنظيم النتائج في جدول أو رسم بياني.

هل تريد أن أساعدك في إنشاء جدول محدد بناءً على بيانات معينة؟ 😊"
"Data frequencies and probabilities","Collect, display and read data","B","اجمع إجمالي عدد الحيوانات الموضحة في الرسم البياني.","بالطبع! لكن أولاً، سأحتاج إلى معرفة نوع الرسم البياني الذي أمامك، ومتى تقول المسألة ""الحيوانات الموضحة في الرسم البياني""، فهذا يعني أن هناك رسمًا بيانيًا (مثل رسم بياني خطي، عمودي، دائري أو غيره) يعرض بيانات عن أنواع مختلفة من الحيوانات مع عدد كل منها.

لمساعدتك بشكل دقيق، إليك الخطوات العامة لحل مثل هذه المسألة:

---

### ✅ **خطوات جمع إجمالي عدد الحيوانات من رسم بياني:**

1. **افهم نوع الرسم البياني:**
   - هل هو رسم بياني خطي؟
   - هل هو رسم بياني عمودي (أعمدة)؟
   - هل هو رسم دائري (بيز)؟
   - أم رسم تخطيطي بسيط يوضح الأعداد؟

2. **حدد أنواع الحيوانات الموجودة:**
   - اقرأ المحاور أو الملصقات على الرسم.
   - مثلاً: قطة، كلب، بقرة، حصان...إلخ.

3. **اقرأ عدد كل حيوان من على الرسم:**
   - إذا كان رسمًا عموديًا: انظر إلى ارتفاع العمود لكل حيوان وقارنه بالمقياس الجانبي.
   - إذا كان دائريًا: قد يُكتب النسبة المئوية أو العدد نفسه داخل القطاعات.
   - إذا كان رسمًا تخطيطيًا: قد يكون العدد مكتوبًا بجانب كل صورة.

4. **اكتب الأعداد في قائمة:**
   - مثال:
     - قطة = 5
     - كلب = 3
     - بقرة = 2
     - حصان = 4

5. **اجمع الأعداد:**
   - مجموع الحيوانات = 5 + 3 + 2 + 4 = **14**

6. **اكتب الإجابة النهائية:**
   - ""إجمالي عدد الحيوانات هو 14.""

---

### 📌 مثال توضيحي:

لنفترض أن الرسم البياني العمودي يحتوي على البيانات التالية:

| الحيوان | العدد |
|--------|-------|
| قطة    | 6     |
| كلب    | 4     |
| عصفور  | 7     |
| سمكة   | 3     |

**الحساب:**  
6 + 4 + 7 + 3 = **20**

**الإجابة:**  
إجمالي عدد الحيوانات هو **20**.

---

### 📷 هل يمكنك إرسال صورة للرسم البياني؟
إذا كنت تستطيع وصف الرسم البياني بالتفصيل أو إرسال صورته، فسأكون سعيدًا بمساعدتك في حل المسألة بدقة أكثر!

هل تريد شرحًا لنوع معين من الرسوم البيانية؟"
"Data frequencies and probabilities","Collect, display and read data","B","انظر إلى الرسم البياني. هل سافر عدد أكبر من الأشخاص بواسطة السيارة أم الحافلة؟","بالطبع! لكن بما أنك ذكرت ""انظر إلى الرسم البياني""، فهذا يعني أن لديك رسمًا بيانيًّا (مخططًا أو جدولًا أو مخطط أعمدة/دوائر مثلاً) يوضح عدد الأشخاص الذين سافروا باستخدام وسائل نقل مختلفة، مثل: **السيارة** و**الحافلة** وغيرها.

لأنني لا أستطيع رؤية الرسم البياني بنفسك، سأشرح لك **الطريقة العامة لحل هذا النوع من المسائل** خطوة بخطوة:

---

### ✅ الخطوات التي يجب اتباعها:

1. **افهم نوع الرسم البياني:**
   - هل هو مخطط أعمدة؟
   - هل هو جدول؟
   - هل هو مخطط دائرة (بيز)؟
   - أو نوع آخر؟

2. **ابحث عن البيانات المتعلقة بالسيارة والحافلة:**
   - في مخطط الأعمدة: انظر إلى الارتفاع (القيمة على المحور العمودي) لكل عمود.
   - في الجدول: ابحث عن الصفوف التي تشير إلى ""السيارة"" و""الحافلة"".
   - في المخطط الدائري: ابحث عن النسب المئوية لكل قطاع.

3. **قارن بين العددين:**
   - خذ القيم العددية لكل من:
     - عدد الأشخاص الذين استخدموا **السيارة**
     - عدد الأشخاص الذين استخدموا **الحافلة**

4. **استنتج:**
   - إذا كان عدد مستخدمي السيارة أكبر → فالإجابة: **السيارة**
   - إذا كان عدد مستخدمي الحافلة أكبر → فالإجابة: **الحافلة**

---

### 📌 مثال لتوضيح الفكرة:

لنفترض أن الرسم البياني يعرض المعلومات التالية:

| الوسيلة    | عدد الأشخاص |
|------------|--------------|
| السيارة     | 150          |
| الحافلة     | 120          |
| القطار      | 90           |

- عدد من سافروا بالسيارة = 150
- عدد من سافروا بالحافلة = 120

✅ إذن: **عدد أكبر من الأشخاص سافروا بواسطة السيارة**.

---

### 💡 نصيحة إضافية:
إذا كان الرسم البياني يحتوي على نسب مئوية فقط (مثل في المخطط الدائري)، يمكنك استخدام النسب لحساب الأعداد إذا كانت هناك قيمة إجمالية معطاة.

مثال:
- نسبة من سافروا بالسيارة = 40%
- نسبة من سافروا بالحافلة = 30%
- العدد الكلي للمسافرين = 500 شخص

→ عدد من سافروا بالسيارة = 40% × 500 = 200  
→ عدد من سافروا بالحافلة = 30% × 500 = 150  
→ إذن السيارة أكثر.

---

### إذا كنت تستطيع وصف الرسم البياني:
فيمكنك كتابة ما يظهر فيه (الأرقام أو النسب)، وأنا أساعدك في الحل مباشرة 😊

هل تريد ذلك؟"
"Data frequencies and probabilities","Collect, display and read data","C","ارسم رسمًا بيانيًا بالأعمدة يوضح عدد الحيوانات الأليفة التي يمتلكها كل زميل في الصف.","بالطبع! لحل هذه المسألة الرياضية، سأشرح لك خطوة بخطوة كيفية **رسم رسم بياني بالأعمدة** (يُعرف أيضًا باسم **الرسم البياني العمودي أو مخطط الأعمدة**) يوضح **عدد الحيوانات الأليفة التي يمتلكها كل زميل في الصف**.

---

### ✅ الخطوة 1: جمع البيانات
أول شيء تحتاجه هو **بيانات** توضح كم عدد الحيوانات الأليفة لدى كل طالب.

مثال على بيانات وهمية:
| اسم الطالب | عدد الحيوانات الأليفة |
|------------|-------------------------|
| أحمد        | 2                       |
| ليلى       | 1                       |
| عمر         | 3                       |
| سارة       | 0                       |
| محمد       | 2                       |

---

### ✅ الخطوة 2: تحضير الأدوات
يمكنك رسم الرسم إما على ورقة رسم (ورق شبكي) أو باستخدام برنامج مثل Excel أو Google Sheets أو أي أداة رسم بيانية.

---

### ✅ الخطوة 3: رسم المحاور
ارسم محورين:

- **المحور الأفقي (X-axis)**: لتضع عليه **أسماء الزملاء**.
- **المحور الرأسي (Y-axis)**: لتضع عليه **عدد الحيوانات الأليفة**.

---

### ✅ الخطوة 4: رسم الأعمدة
لكل زميل:

- ارسم عمودًا فوق اسمه.
- يكون ارتفاع العمود متناسبًا مع عدد الحيوانات الأليفة لديه.

مثال:
- إذا كان أحمد لديه 2 حيوانات، فالعمود المقابل لأحمد يصل إلى الرقم 2 على المحور الرأسي.
- إذا كان سارة لديها 0 حيوانات، فليس هناك عمود لها.

---

### ✅ الخطوة 5: وضع عناوين وتوضيحات
- ضع عنوانًا للرسم مثل: **""عدد الحيوانات الأليفة لكل زميل""**
- قم بتسمية المحورين:
  - المحور الأفقي: ""أسماء الزملاء""
  - المحور الرأسي: ""عدد الحيوانات الأليفة""

---

### 📊 مثال بصري (وصف فقط لأنني لا أستطيع رسم صورة):

```
عدد الحيوانات الأليفة
^
|
3 |               █
  |               █
2 |    █          █
  |    █          █
1 |    █     █    █
  |    █     █    █
0 |    █     █    █     █
  +----+-----+----+-----+
      أحمد  ليلى  عمر  سارة  محمد
```

(حيث تمثل كل ""█"" عمودًا يدل على عدد الحيوانات)

---

### 💡 نصائح إضافية:
- استخدم ألوانًا مختلفة للأعمدة لتجعل الرسم أكثر جذبًا.
- إذا كان عدد الزملاء كبيرًا جدًا، يمكنك اختيار عينة صغيرة من 5 إلى 10 أسماء.
- إذا كنت تستخدم برنامجًا كمبيوتر، فإن معظم البرامج تبني الرسم تلقائيًا بمجرد إدخال البيانات.

---

هل ترغب أن أساعدك برسم هذا الرسم على شكل جدول هنا؟ أم تريد شرح استخدام برنامج معين مثل Excel؟"
"Data frequencies and probabilities","Collect, display and read data","C","كم عدد الطلاب الذين يفضلون اللون الأزرق أكثر من اللون الأخضر، وفقًا للمخطط الصوري؟","بالطبع! لكن أولاً، سأحتاج إلى رؤية **المخطط الصوري** المذكور لحل المسألة بدقة. ومع ذلك، يمكنني شرح **كيف يمكنك حل هذا النوع من المسائل بنفسك** باستخدام خطوات واضحة.

---

### 🎯 السؤال:
> كم عدد الطلاب الذين يفضلون اللون الأزرق أكثر من اللون الأخضر، وفقًا للمخطط الصوري؟

---

### ✳️ الخطوة 1: فهم المخطط الصوري
المخطط الصوري (أو ما يسمى بالرسم البياني أو الرسم التوضيحي) قد يحتوي على:

- صور تمثل عدد الطلاب.
- ألوان مختلفة (مثل: زرقاء، خضراء...).
- مفتاح يوضح كم عدد الطلاب الذي تمثله كل صورة.

مثال:
- قد توجد كرة زرقاء = 2 طلاب.
- كرة خضراء = 5 طلاب.

---

### ✳️ الخطوة 2: عد عدد الصور لكل لون
1. ابحث عن عدد الصور التي تمثل **الطلاب الذين يفضلون اللون الأزرق**.
2. ابحث عن عدد الصور التي تمثل **الطلاب الذين يفضلون اللون الأخضر**.

مثال:
- الأزرق: 4 صور
- الأخضر: 3 صور

---

### ✳️ الخطوة 3: استخدم المفتاح لحساب العدد الفعلي للطلاب
إذا كان كل رمز يمثل، مثلاً، **5 طلاب**:

- الأزرق: 4 × 5 = **20 طالبًا**
- الأخضر: 3 × 5 = **15 طالبًا**

---

### ✳️ الخطوة 4: احسب الفرق بين الأزرق والأخضر
لحساب **كم عدد الطلاب الذين يفضلون الأزرق أكثر من الأخضر**:

$$
\text{الفرق} = \text{عدد الذين يفضلون الأزرق} - \text{عدد الذين يفضلون الأخضر}
$$

مثال:
$$
20 - 15 = 5
$$

إذن، **5 طلاب يفضلون الأزرق أكثر من الأخضر**.

---

### ✅ ملخص الخطوات:
1. افهم المفتاح: كم عدد الطلاب لكل رمز؟
2. عد الرموز لكل لون.
3. اضرب في قيمة المفتاح لتحصل على عدد الطلاب.
4. اطرح عدد الطلاب الذين يفضلون الأخضر من عدد الذين يفضلون الأزرق.

---

هل يمكنك مشاركة تفاصيل المخطط أو رسم تخطيطي له؟ إذا فعلت، سأتمكن من إعطائك الإجابة الدقيقة. 😊"
"Data frequencies and probabilities","Collect, display and read data","C","اقرأ درجة الحرارة عند الساعة 2 ظهراً من الرسم البياني الخطّي.","بالطبع! لحل هذه المسألة: **""اقرأ درجة الحرارة عند الساعة 2 ظهراً من الرسم البياني الخطّي""**، يمكنك اتباع الخطوات التالية:

---

### ✅ الخطوة 1: فهم الرسم البياني
عادةً ما يكون الرسم البياني الخطّي مكوّناً من محورين:
- **المحور الأفقي (الأفق):** يُظهر عادةً الزمن (مثل الساعات أو الأيام).
- **المحور العمودي (الرأس):** يُظهر القيم التي يتم قياسها (في حالتنا: درجات الحرارة).

---

### ✅ الخطوة 2: ابحث عن الساعة 2 ظهراً على المحور الأفقي
- ابحث في المحور الأفقي عن العلامة التي تمثل **الساعة 2 ظهراً (2:00 PM)**.
- قد تكون الساعات مكتوبة بالشكل (12 ساعة) أو (24 ساعة)، لكن 2 ظهراً = **14:00** في النظام 24 ساعة.

---

### ✅ الخطوة 3: اصعد عمودياً من نقطة الساعة 2 ظهراً
- بعد أن تجد مكان الساعة 2 على المحور الأفقي، اصعد **عمودياً (للأعلى)** حتى تصل إلى **الخط المتصل (المنكسر)** في الرسم البياني.

---

### ✅ الخطوة 4: انتقل أفقياً إلى المحور العمودي
- من النقطة التي وصلت إليها في الخط السابق، اتجه **أفقياً نحو اليسار** حتى تصل إلى **المحور العمودي (درجات الحرارة)**.

---

### ✅ الخطوة 5: اقرأ الدرجة
- الآن، ستكون قريبًا من رقم على المحور العمودي. هذا الرقم هو **درجة الحرارة عند الساعة 2 ظهراً**.
- احرص على تقدير القيمة بدقة إذا لم تكن النقطة تقع تمامًا على خط درجة حرارة واضحة.

---

### 📌 مثال:
إذا وقعت النقطة بين 24 و 26 درجة، وكانت أقرب إلى 25، فربما تكون درجة الحرارة هي **25 درجة مئوية**.

---

### 💡 نصائح إضافية:
- استخدم مسطرة أو قلم رصاص لمساعدتك في رسم خطوط تخيلية من المحورين للوصول إلى النقطة بدقة.
- انتبه إلى الوحدات المستخدمة (مثلاً: الدرجات قد تكون مئوية أو فهرنهايت).

---

إذا كنت تستطيع رفع صورة للرسم البياني أو وصفه (كم عدد الساعات الموضحة؟ ما هي درجات الحرارة على المحور؟)، يمكنني مساعدتك بتحديد الدرجة بشكل دقيق جداً.

هل تريد أن نحل مثالاً معاً؟ 😊"
"Data frequencies and probabilities","Collect, display and read data","C","من خلال الاستطلاع. أنشئ جدولًا يوضح عدد الكتب التي قرأها كل طالب في الأسبوع.","بالطبع! لحل هذه المسألة الرياضية: **""من خلال الاستطلاع، أنشئ جدولًا يوضح عدد الكتب التي قرأها كل طالب في الأسبوع""**، سنقوم باتباع خطوات منطقية وبسيطة.

---

### 🔍 أولاً: فهم المطلوب

المطلوب هو إنشاء **جدول إحصائي** يعرض **عدد الكتب التي قرأها كل طالب خلال أسبوع واحد**. هذا الجدول يُبنى بناءً على **استطلاع رأي أو استبيان** تم إجراؤه بين مجموعة من الطلاب.

---

### 📋 ثانيًا: الخطوات اللازمة لإنشاء الجدول

#### 1. **جمع البيانات (من خلال الاستطلاع)**  
قم بسؤال مجموعة من الطلاب عن عدد الكتب التي قرأوها خلال الأسبوع الماضي. مثلاً:

> سؤال الاستطلاع: كم كتابًا قرأت خلال الأسبوع الماضي؟

ثم تسجل إجاباتهم.

مثال على بيانات قد تحصل عليها:

- أحمد: 2 كتاب
- سارة: 1 كتاب
- خالد: 3 كتب
- نورة: 0 كتاب
- محمد: 2 كتاب
- عائشة: 4 كتب
- ...

#### 2. **تنظيم البيانات في جدول تكراري**

ننشئ جدولًا به عمودان:
- **اسم الطالب**
- **عدد الكتب التي قرأها**

| اسم الطالب | عدد الكتب |
|------------|-----------|
| أحمد       | 2         |
| سارة       | 1         |
| خالد       | 3         |
| نورة       | 0         |
| محمد       | 2         |
| عائشة      | 4         |

> ⚠️ إذا كانت المجموعة كبيرة، يمكنك تلخيص البيانات في جدول **توزيعي تكراري** يظهر عدد الطلاب الذين قرؤوا 0 كتاب، 1 كتاب، وهكذا.

مثال:

| عدد الكتب | عدد الطلاب |
|-----------|-------------|
| 0         | 3           |
| 1         | 5           |
| 2         | 7           |
| 3         | 2           |
| 4         | 1           |

---

### 🧮 ثالثًا: استخدام الجدول (إذا طلب ذلك)

يمكنك من هذا الجدول حساب:
- **المتوسط الحسابي** لعدد الكتب.
- **الوسيط**
- **المنوال**
- **النسبة المئوية** للطلاب الذين لم يقرؤوا أي كتاب، وغيرها.

---

### ✅ مثال تطبيقي كامل

لنفترض أنك استطلعت رأي 6 طلاب وحصلت على الإجابات التالية:

> أحمد: 2 – سارة: 1 – خالد: 3 – نورة: 0 – محمد: 2 – عائشة: 4

فإن جدولك سيكون كما يلي:

| اسم الطالب | عدد الكتب |
|------------|-----------|
| أحمد       | 2         |
| سارة       | 1         |
| خالد       | 3         |
| نورة       | 0         |
| محمد       | 2         |
| عائشة      | 4         |

---

### 📌 ملاحظات مهمة

- احرص على دقة تسجيل البيانات.
- يمكنك استخدام برنامج مثل Excel أو Google Sheets لتسهيل التنظيم.
- إذا كان العدد كبيرًا، استخدم جدول تكراري لتجميع البيانات بدلاً من كتابة أسماء الطلاب.

---

هل ترغب أن أساعدك في إنشاء نموذج استطلاع أو حساب المتوسط من جدول معين؟"
"Data frequencies and probabilities","Collect, display and read data","C","املأ القيم الناقصة في جدول التكرار أكمل القيم الناقصة في جدول التكرار التالي: تفاح – ٧، موز – __، برتقال – ٥، عنب – __، المجموع – ٢٠","بالطبع! دعني أشرح لك كيفية حل هذه المسألة خطوة بخطوة.

لدينا جدول تكرار (أي عدد مرات وجود كل نوع من الفواكه)، لكن بعض القيم مفقودة. والهدف هو إيجاد القيم الناقصة بحيث يكون **المجموع الكلي ٢٠**.

المعطيات:

- تفاح: ٧  
- موز: __  
- برتقال: ٥  
- عنب: __  
- المجموع: ٢٠

### الخطوة ١: نجمع القيم المعروفة
التفاح = ٧  
البرتقال = ٥  
إذن مجموع المعروف = ٧ + ٥ = **١٢**

### الخطوة ٢: نحسب مجموع القيم الناقصة
المجموع الكلي = ٢٠  
المجموع حتى الآن = ١٢  
إذًا مجموع القيم الناقصة = ٢٠ − ١٢ = **٨**

يعني أن:
> موز + عنب = ٨

لكن هنا لا يوجد معطى إضافي عن نسبة كل من الموز إلى العنب، لذلك هناك **أكثر من حل ممكن** ما لم يُذكر شيء إضافي مثل:

- هل تكون القيمتين أعدادًا صحيحة؟
- هل يجب أن تكون متساوية؟
- هل هناك نسبة معينة بينهما؟

### إذا لم يُذكر شرط إضافي، فهذه بعض الحلول الممكنة:

| موز | عنب |
|-----|-----|
| ٠   | ٨   |
| ١   | ٧   |
| ٢   | ٦   |
| ٣   | ٥   |
| ٤   | ٤   |
| ٥   | ٣   |
| ٦   | ٢   |
| ٧   | ١   |
| ٨   | ٠   |

### خلاصة:
إذا لم يُذكر أي شرط إضافي، يمكنك اختيار أي زوج من الأرقام من الجدول أعلاه بحيث يكون مجموعها ٨.

مثال:
- لو قلت إن عدد الموز = ٣، إذًا عدد العنب = ٥.

هل تريد أن أساعدك في اختيار قيمة مناسبة بناءً على افتراض معين؟"
"Data frequencies and probabilities","Collect, display and read data","C","أنشئ رسمًا بيانيًا خطيًا باستخدام عدد الخطوات اليومية التالية: الأحد – ٤٥٠٠، الاثنين – ٦٢٠٠، الثلاثاء – ٧١٠٠، الأربعاء – ٥٨٠٠، الخميس – ٦٩٠٠، الجمعة – ٧٥٠٠، السبت – ٨٠٠٠","بالطبع! سأشرح لك **كيفية إنشاء رسم بياني خطي** باستخدام عدد الخطوات اليومية التي أعطيتها. هذه الطريقة تساعدك على تصور (Visualize) التغير في عدد الخطوات خلال أيام الأسبوع.

---

### 📊 المعطيات:

| اليوم     | عدد الخطوات |
|----------|--------------|
| الأحد     | ٤٥٠٠         |
| الاثنين   | ٦٢٠٠         |
| الثلاثاء  | ٧١٠٠         |
| الأربعاء  | ٥٨٠٠         |
| الخميس    | ٦٩٠٠         |
| الجمعة    | ٧٥٠٠         |
| السبت     | ٨٠٠٠         |

---

## ✏️ خطوات رسم الرسم البياني الخطي:

### 1. **جهز الأدوات:**
- ورقة رسم بياني (مربّعة) أو يمكنك استخدام برنامج مثل Excel، Google Sheets، أو أدوات عبر الإنترنت كـ Canva أو Plotly.
- قلم ومسطرة إذا كنت ترسم يدويًا.

---

### 2. **ارسم المحورين:**

- **المحور الأفقي (X):** ضع عليه **أيام الأسبوع** بالترتيب من الأحد إلى السبت.
- **المحور العمودي (Y):** ضع عليه **عدد الخطوات**، ابدأ من صفر وصاعدًا بخطوات منتظمة (مثل كل 500 خطوة = 1 وحدة).

مثال لتقسيم المحور Y:
```
8000 ┼
7500 ┼
7000 ┼
6500 ┼
6000 ┼
5500 ┼
5000 ┼
4500 ┼
4000 ┼
     └───────────────────────
       الأحد الاثنين ... السبت
```

---

### 3. **ضع النقاط على الرسم:**

لكل يوم، ضع نقطة على الرسم عند تقاطع اليوم مع عدد الخطوات المقابلة له.

مثلاً:
- الأحد → ٤٥٠٠ ← نقطة منخفضة نسبيًا.
- السبت → ٨٠٠٠ ← أعلى نقطة.

---

### 4. **وصل النقاط بخطوط مستقيمة:**

بعد وضع جميع النقاط، وصل بينها بخطوط مستقيمة حسب الترتيب الزمني (من الأحد إلى السبت). هذا سيظهر لك الاتجاه العام: هل عدد الخطوات زاد؟ هل كان هناك انخفاض؟

---

### 5. **أضف عنوانًا وعلامات للمحورين:**

- عنوان للرسم: مثلاً ""عدد الخطوات اليومية خلال أسبوع""
- اسم للمحور X: ""الأيام""
- اسم للمحور Y: ""عدد الخطوات""

---

## 📈 مثال توضيحي (إذا كنت تستخدم برنامجًا):

في Excel أو Google Sheets:

1. أدخل البيانات في جدول كما هو في الأعلى.
2. حدد الخانات التي تحتوي على البيانات.
3. اختر ""رسم بياني خطي"" (Line Chart).
4. سيقوم البرنامج برسم الرسم تلقائيًا.

---

## 💡 ملاحظات مهمة:

- الرسم البياني الخطي يُظهر **التغير بمرور الوقت**، وهذا ما يجعله مناسبًا لمثل هذه البيانات.
- يمكنك استخدام ألوان مختلفة أو علامات لكل نقطة لتسهيل القراءة.
- يمكن أن تضيف خط متوسط (Average Line) لتعرف أي الأيام كانت فوق أو تحت المتوسط.

---

هل ترغب أن أساعدك في تصميم جدول بيانات جاهز في Excel أو شرح كيفية رسمه باستخدام برنامج معين؟"
"Data frequencies and probabilities","Collect, display and read data","D","قم بإعداد جدول تكراري للأعداد التالية: 2، 3، 2، 4، 3، 2، 5.","بالطبع! دعني أشرح لك **كيفية إعداد جدول تكراري** (أو جدول توزيع التكرار) للأعداد المعطاة:

الأعداد هي:  
2، 3، 2، 4، 3، 2، 5

---

### ✅ الخطوة 1: رتب الأعداد تصاعديًا (اختياري لكن يساعد على التنظيم)
رتب الأعداد لتسهيل العد:
2، 2، 2، 3، 3، 4، 5

---

### ✅ الخطوة 2: حدد القيم المختلفة
القيم المختلفة في القائمة هي:
- 2
- 3
- 4
- 5

---

### ✅ الخطوة 3: احسب عدد مرات تكرار كل قيمة

| القيمة | عدد التكرارات |
|--------|----------------|
|   2    |       3        |
|   3    |       2        |
|   4    |       1        |
|   5    |       1        |

---

### ✅ شرح بسيط:

- العدد **2** ظهر **3 مرات**
- العدد **3** ظهر **مرتين**
- العدد **4** ظهر **مرة واحدة**
- العدد **5** ظهر **مرة واحدة**

---

### ✅ الخطوة 4: (اختياري) يمكنك إضافة عمود للنسبة المئوية أو التكرار التراكمي إذا طُلب ذلك.

لكن في هذه الحالة، يبدو أن المطلوب هو فقط **جدول التكرار البسيط**.

---

هل تحب أن أساعدك في رسم مخطط بياني لتوزيع التكرار أيضًا؟"
"Data frequencies and probabilities","Collect, display and read data","D","ارسم دائرة بيانات بناءً على المعلومات التالية: تفاح (٤)، موز (٧)، برتقال (٣).","بالطبع! سأشرح لك خطوة بخطوة كيف يمكنك **رسم دائرة بيانات (رسم بياني دائري – Pie Chart)** بناءً على المعلومات التالية:

### المعطيات:
- **تفاح: ٤**
- **موز: ٧**
- **برتقال: ٣**

إذن لدينا إجمالي عدد **١٤ عنصرًا** (٤ + ٧ + ٣ = ١٤)

---

## الخطوات لرسم دائرة بيانات (Pie Chart):

### 1. **احسب النسبة المئوية لكل نوع من الفواكه**

لحساب الزاوية التي تمثل كل نوع في الدائرة، نستخدم العلاقة التالية:

$$
\text{الزاوية} = \left( \frac{\text{عدد العناصر}}{\text{المجموع الكلي}} \right) \times 360^\circ
$$

#### ✅ تفاح (٤):
$$
\text{الزاوية} = \left( \frac{4}{14} \right) \times 360^\circ = 102.86^\circ
$$

#### ✅ موز (٧):
$$
\text{الزاوية} = \left( \frac{7}{14} \right) \times 360^\circ = 180^\circ
$$

#### ✅ برتقال (٣):
$$
\text{الزاوية} = \left( \frac{3}{14} \right) \times 360^\circ = 77.14^\circ
$$

> ملاحظة: مجموع الزوايا يجب أن يكون تقريبًا 360 درجة:  
> $ 102.86 + 180 + 77.14 = 360^\circ $

---

### 2. **ارسم دائرة باستخدام منقلة أو برنامج رسم**

- ارسم دائرة باستخدام فرجار أو أي أداة رسومات.
- استخدم منقلة لقياس ورسم الزوايا التي حسبتها أعلاه.

---

### 3. **قم بتقسيم الدائرة حسب الزوايا**

- ابدأ من نقطة على الدائرة، وارسم زاوية قدرها **١٠٢.٨٦ درجة** للتفاح.
- ثم من النقطة التي انتهيت منها، ارسم زاوية **١٨٠ درجة** للموز.
- وأخيرًا زاوية **٧٧.١٤ درجة** للبرتقال.

---

### 4. **ضع تسميات وتلوين لتوضيح البيانات**

- ضع اسم كل نوع داخل القطاع المخصص له.
- يمكنك تلوين كل قطاع بلون مختلف.
- أضف مفتاح الألوان إذا كنت ستعرض الرسم لشخص آخر.

---

## مثال توضيحي بسيط:

| الفاكهة | العدد | الزاوية |
|--------|-------|---------|
| تفاح   | ٤     | ١٠٢.٨٦° |
| موز    | ٧     | ١٨٠°    |
| برتقال | ٣     | ٧٧.١٤°  |

---

## إذا كنت تريد استخدام برنامج مثل Excel أو Google Sheets:

1. اكتب البيانات في جدول:
   ```
   الفاكهة | العدد
   ----------------
   تفاح   | ٤
   موز    | ٧
   برتقال | ٣
   ```

2. حدد البيانات.
3. اختر ""رسم بياني دائري"" من قائمة الإدراج.
4. سيُنشئ البرنامج الرسم تلقائيًا.

---

هل ترغب أن أساعدك برسم تخطيطي يدوي أو تصميم جاهز يمكنك طباعته؟"
"Data frequencies and probabilities","Collect, display and read data","D","قم بقياس وتسجيل قياسات كف اليد لخمس من زملائك في الصف، ثم نظم البيانات التي حصلت عليها.","بالطبع! دعني أشرح لك خطوة بخطوة كيفية حل هذه المسألة الرياضية بطريقة سهلة ومنظمة:

---

### 📌 **المسألة:**  
""قم بقياس وتسجيل قياسات كف اليد لخمس من زملائك في الصف، ثم نظم البيانات التي حصلت عليها.""

---

## ✅ **أولًا: فهم المطلوب**

المطلوب منك هو:
1. **قياس كف يد 5 من زملائك** (أي العرض أو الطول أو الاثنين).
2. **تسجيل القياسات**.
3. **تنظيم البيانات** بطريقة مرتبة.

---

## 🛠️ **ثانيًا: الأدوات اللازمة**
- مسطرة أو شريط قياس (تُستخدم غالبًا في الخياطة وتُظهر القياس بالسنتيمتر).
- ورقة وقلم لتسجيل النتائج.
- جدول بيانات بسيط (يمكنك رسمه على الورقة).

---

## 📏 **ثالثًا: طريقة القياس**

لقياس كف اليد، يمكنك اختيار أحد القياسات التالية:

### الخيار 1: **عرض كف اليد**
- افتح كف اليد بشكل طبيعي.
- قسِّ المسافة من أقصى إصبع الإبهام إلى أقصى إصبع الخنصر.
- سجل القياس بالسنتيمتر.

### الخيار 2: **طول كف اليد**
- من نهاية الرسغ حتى طرف إصبع الوسط.
- سجل القياس بالسنتيمتر.

> 🔍 **ملاحظة:** يمكنك قياس الإثنين إذا أردت، لكن عادةً يُطلب قياس واحد فقط.

---

## 📊 **رابعًا: تسجيل البيانات**

بعد أن تأخذ القياسات من 5 زملاء، سجلها في جدول مثل هذا:

| اسم الزميل | قياس كف اليد (سم) |
|------------|---------------------|
| أحمد        | 8.5                 |
| علي          | 9.0                 |
| خالد        | 8.7                 |
| محمد         | 9.2                 |
| سعد         | 8.8                 |

---

## 🧮 **خامسًا: تنظيم البيانات**

بعد تسجيل البيانات، يمكنك تنظيمها أكثر عن طريق:

### 1. **ترتيب القياسات تصاعديًا أو تنازليًا**

مثال (تصاعدي):
- أحمد: 8.5 سم
- خالد: 8.7 سم
- سعد: 8.8 سم
- علي: 9.0 سم
- محمد: 9.2 سم

### 2. **حساب المتوسط الحسابي (اختياري)**

لحساب متوسط قياس كف اليد:
$$
\text{المتوسط} = \frac{\text{مجموع القياسات}}{\text{عدد الزملاء}}
$$

مثال:
$$
\text{المتوسط} = \frac{8.5 + 9.0 + 8.7 + 9.2 + 8.8}{5} = \frac{44.2}{5} = 8.84 \text{ سم}
$$

---

## 📝 **سادسًا: كتابة التقرير (إذا طُلب)**

يمكنك كتابة ملخص صغير يقول:

> بعد قياس كف اليد لخمسة من زملائي، كانت القياسات كالتالي: أحمد 8.5 سم، علي 9.0 سم، خالد 8.7 سم، محمد 9.2 سم، وسعد 8.8 سم.  
> وأما المتوسط الحسابي لقياسات الكف فهو 8.84 سم.

---

## 🎯 **خلاصة الخطوات:**

1. حدد نوع القياس (عرض أو طول كف اليد).
2. استخدم مسطرة أو شريط قياس.
3. اجمع بيانات 5 زملاء.
4. سجل القياسات في جدول.
5. نظم البيانات (رتّبها أو احسب المتوسط).
6. قدّم النتائج بطريقة واضحة.

---

هل تريد أن أساعدك في رسم جدول جاهز يمكنك طباعته أو نسخه؟ 😊"
"Data frequencies and probabilities","Collect, display and read data","D","قم بتنظيم نتائج المواد المفضلة لـ 10 طلاب (رياضيات، إنجليزي) حسب الجنس في جدول ثنائي.","بالطبع! دعني أشرح لك خطوة بخطوة كيف يمكنك حل هذه المسألة الرياضية:

### **نص المسألة:**
> قم بتنظيم نتائج المواد المفضلة لـ 10 طلاب (رياضيات، إنجليزي) حسب الجنس في **جدول ثنائي**.

هذا يعني أنك تحتاج إلى تنظيم البيانات بحيث تظهر العلاقة بين **مادتين مفضلتين** و**جنس الطالب**، أي توزيع عدد الطلاب الذكور والإناث الذين يفضلون كل مادة.

---

## ✅ الخطوات العامة:

### 1. جمع البيانات:
لنفترض أنك سألت 10 طلاب عن المادة المفضلة لديهم من بين ""رياضيات"" أو ""إنجليزي""، وسجلت أيضًا جنس كل طالب (ذكر أم أنثى).

مثال على بيانات هؤلاء الطلاب:

| الطالب | الجنس    | المادة المفضلة |
|--------|----------|----------------|
| 1      | ذكر     | رياضيات        |
| 2      | أنثى    | إنجليزي       |
| 3      | ذكر     | رياضيات        |
| 4      | أنثى    | رياضيات        |
| 5      | ذكر     | رياضيات        |
| 6      | أنثى    | إنجليزي       |
| 7      | ذكر     | إنجليزي       |
| 8      | أنثى    | إنجليزي       |
| 9      | ذكر     | رياضيات        |
| 10     | أنثى    | رياضيات        |

---

### 2. بناء الجدول الثنائي (جدول تكراري ثنائي الاتجاه):

نريد أن يكون لدينا جدول يوضح عدد الذكور والإناث لكل مادة مفضلة.

#### 📋 الشكل النهائي للجدول:

| الجنس \ المادة | رياضيات | إنجليزي | المجموع |
|----------------|---------|---------|--------|
| ذكر           | 3       | 1       | 4      |
| أنثى          | 3       | 3       | 6      |
| **المجموع**   | **6**   | **4**   | **10** |

---

## 🔍 شرح الجدول:

- في العمود الأول: نوع الجنس (ذكر / أنثى)
- الصفوف تمثل المواد المفضلة
- الأرقام داخل الجدول تُظهر عدد الطلاب الذين يفضلون المادة ويتم تصنيفهم حسب الجنس.
- السطر والم	column الأخيران يحتويان على المجاميع الكلية.

---

## 📌 ملاحظات مهمة:

- هذا النوع من الجداول يُستخدم كثيرًا في الإحصاء والاحتمالات.
- يساعدنا في فهم إذا كان هناك علاقة بين جنس الطالب ومادته المفضلة.
- يمكن استخدامه أيضًا لاحقًا لحساب الاحتمالات الشرطية أو اختبار كاي تربيع (Chi-Square) إذا كنت ستدرس ذلك مستقبلًا.

---

## ✨ هل تريد مساعدة في رسم الجدول أو تحليل النتائج أكثر؟

أنا هنا للمساعدة!"
"Data frequencies and probabilities","Collect, display and read data","D","اجمع أطوال الطلاب ونظّمها في فترات (مثل ١٢٠–١٣٠ سم) في جدول علامات العد.","بالطبع! دعني أشرح لك خطوة بخطوة كيف يمكنك حل هذه المسألة الرياضية، وهي:

> **""اجمع أطوال الطلاب ونظّمها في فترات (مثل ١٢٠–١٣٠ سم) في جدول علامات العد.""**

### ✅ أولًا: ما المطلوب منك؟
المطلوب هو:
1. تجميع بيانات **أطوال الطلاب**.
2. تقسيم هذه الأطوال إلى **فواصل (فترات)** مثل:  
   - ١٢٠–١٣٠ سم  
   - ١٣٠–١٤٠ سم  
   - وهكذا...
3. استخدام **جدول علامات العد** (Tally Marks) لحساب عدد الطلاب الذين يندرجون تحت كل فترة.

---

## 📝 الخطوات بالتفصيل:

### 🔹 الخطوة 1: اجمع بيانات الأطوال
افترض أن لديك قائمة بأطوال 20 طالبًا مثلًا:

```
١٢٥، ١٣٥، ١٢٨، ١٤٢، ١٣٠، ١٢٧، ١٣٩، ١٤٥، ١٣٣، ١٢١،  
١٣٦، ١٢٩، ١٣٠، ١٤٠، ١٣٨، ١٢٦، ١٣٤، ١٣٧، ١٤١، ١٣١
```

---

### 🔹 الخطوة 2: حدد الفترات (الفواصل)
اختر فترات متساوية الطول. مثلاً كل فترة ١٠ سم:

- ١٢٠ – ١٣٠  
- ١٣٠ – ١٤٠  
- ١٤٠ – ١٥٠

> ملاحظة: احرص على تحديد ما إذا كانت الفترات ""شاملة"" أو ""غير شاملة""، أي هل ١٣٠ يدخل في الفترة الأولى أم الثانية. غالبًا نعتبر أنها تبدأ من القيمة الدنيا وتتضمنها، ولا تتضمن العليا.

مثال:
- الفترة ١٢٠–١٣٠ تعني: الأطوال من ١٢٠ إلى أقل من ١٣٠  
- الفترة ١٣٠–١٤٠ تعني: من ١٣٠ إلى أقل من ١٤٠... وهكذا

---

### 🔹 الخطوة 3: ابدأ بتوزيع الأطوال على الفترات باستخدام علامات العد

| الفترة (سم)       | علامات العد     | العدد |
|-------------------|------------------|--------|
| ١٢٠ – ١٣٠        | |||| |          | ٥      |
| ١٣٠ – ١٤٠        | |||| |||| |     | ٩      |
| ١٤٠ – ١٥٠        | |||| |          | ٦      |

> حيث:
- لكل طول، انظر إلى الفترة التي ينتمي إليها، وضع علامة `/` أو `|`.
- كل خمس علامات تُرسم كمجموعة: `||||` أو `正` (في بعض النظم).
  
---

### 🔹 الخطوة 4: عد علامات كل فترة وأدخل العدد النهائي

بعد وضع العلامات، تحسب عدد العلامات في كل فترة وتكتب العدد النهائي كما في الجدول أعلاه.

---

## ✅ مثال عملي:

لنأخذ الأطوال التالية:

```
١٢٥، ١٣٥، ١٢٨، ١٤٢، ١٣٠، ١٢٧، ١٣٩، ١٤٥، ١٣٣، ١٢١،  
١٣٦، ١٢٩، ١٣٠، ١٤٠، ١٣٨، ١٢٦، ١٣٤، ١٣٧، ١٤١، ١٣١
```

### الآن نضعها في الجدول:

| الفترة (سم)       | علامات العد                     | العدد |
|-------------------|----------------------------------|--------|
| ١٢٠ – ١٣٠        | |||| |                         | ٥      |
| ١٣٠ – ١٤٠        | |||| |||| |                    | ٩      |
| ١٤٠ – ١٥٠        | |||| |                         | ٦      |

---

## 📌 نصائح إضافية:

- استخدم قلمًا وورقة لتتبع الأطوال واحدة واحدة.
- رتّب الأطوال تصاعديًا قبل البدء إن كان ذلك يسهل عليك الأمر.
- تأكد من اختيار فترات مناسبة بعدد البيانات. لا تكون طويلة جدًا ولا قصيرة جدًا.

---

هل عندك بيانات أطوال معينة تريد أن نستخدمها في مثال؟ يمكنني مساعدتك في تنظيمها مباشرة."
"Data frequencies and probabilities","Collect, display and read data","E","حدد العناصر المضللة في الرسم البياني حيث لا يبدأ المحور الرأسي (ص) من الصفر.","بالطبع! لحل مسألة تتعلق **بتحديد العناصر المضللة في رسم بياني حيث لا يبدأ المحور الرأسي (الصادي - Y) من الصفر**، نحتاج إلى فهم لماذا يمكن أن يكون هذا النوع من الرسوم البيانية ""مضللاً"" وكيف نحدد ذلك.

### أولاً: ما معنى أن المحور الرأسي (Y) لا يبدأ من الصفر؟

في بعض الرسوم البيانية، خاصة تلك التي تُستخدم في الإعلام أو الإعلانات، قد يُظهر المحور الرأسي (الذي يمثل القيم العددية) نطاقًا ضيقًا جدًا، مثل أن يبدأ من 90 بدلًا من 0. هذا يجعل التغيرات الصغيرة في البيانات تبدو أكبر مما هي عليه في الواقع.

---

### ثانياً: لماذا يعتبر هذا مضللاً؟

- لأن هذا الأسلوب **يكثف التغيرات البسيطة** ويجعلها تبدو أكثر أهمية.
- قد يؤدي إلى **تفسير خاطئ للبيانات** من قبل القارئ الذي لا ينتبه لمقياس المحور.
- على سبيل المثال:
  - إذا كانت لديك بيانات عن مبيعات شركتين:
    - شركة A: 105 مليون
    - شركة B: 100 مليون
  - وإذا بدأ المحور من 95، فسيظهر الفرق بين الشركتين كبيرًا جدًا، رغم أنه في الواقع صغير (5 مليون فقط).

---

### ثالثاً: كيف تحدد العناصر المضللة في الرسم البياني؟

#### إليك الخطوات العملية:

1. **تفقد بداية المحور الرأسي (Y):**
   - هل يبدأ من الصفر؟ أم من قيمة أعلى؟
   - إذا كان لا يبدأ من الصفر، فقد يكون الرسم مُبالغًا في تضخيم الفروق.

2. **قارن بين قيم البيانات:**
   - كم هو الفرق الحقيقي بين القيم المعروضة؟
   - هل يبدو الفرق أكبر في الرسم مما هو عليه في الأرقام؟

3. **لاحظ النسبة بين الأعمدة أو المنحنيات:**
   - إذا بدا أن أحد الأعمدة أكبر بمرتين بينما الفرق الحقيقي أقل من ذلك، فهذا مؤشر على تشويه بصري.

4. **افحص تدريج المحور:**
   - هل المسافات بين القيم على المحور متوزعة بشكل عادل؟
   - هل هناك اختفاء لجزء من المحور دون تنبيه واضح؟

5. **ابحث عن أي تحذيرات أو إشارات مرئية:**
   - هل هناك خط متعرج أو فواصل تشير إلى أن المحور تم قطعه؟
   - إذا لم يكن هناك تنبيه، فالرسم قد يكون غير واضح أو مُضَلِّل.

---

### رابعاً: مثال توضيحي

لنفترض أن لديك رسمًا بيانيًا يعرض عدد الطلاب الناجحين في امتحانين:

- امتحان أول: 82 طالبًا
- امتحان ثاني: 88 طالبًا

ولكن المحور الرأسي يبدأ من 80 بدلًا من 0. سيعطي هذا انطباعًا بصريًا بأن الفرق كبير، بينما هو في الحقيقة 6 طلاب فقط.

إذا قمت برسم نفس البيانات لكن مع بدء المحور من 0، ستلاحظ أن الفرق يبدو أصغر بكثير، وهذا سيكون أدق في تمثيل الواقع.

---

### خامساً: الخلاصة – كيف تجيب على السؤال؟

> **لتحديد العناصر المضللة في الرسم البياني عندما لا يبدأ المحور الرأسي من الصفر:**
>
> 1. تحقق من نقطة بداية المحور الرأسي.
> 2. قارن بين الفروق الحقيقية في القيم والأحجام المرئية في الرسم.
> 3. ابحث عن أي تشويه بصري ي夸大 من الفروق.
> 4. لاحظ إن كان هناك تنبيه على أن المحور قُطع.
> 5. استنتج إن كان الرسم يُعطي انطباعًا خاطئًا عن البيانات.

---

هل عندك رسم بياني محدد تريد تحليله؟ إذا حطيته هنا، أقدر أساعدك في تحليله بالتفصيل."
"Data frequencies and probabilities","Collect, display and read data","E","قم ببناء مخطط سيقان وأوراق للأعداد التالية: 32، 34، 36، 41، 43، 45، 48.","بالطبع! دعني أشرح لك **كيف تبني مخطط سيقان وأوراق (Stem-and-Leaf Plot)** خطوة بخطوة باستخدام الأعداد المعطاة:

الأعداد هي:  
**32، 34، 36، 41، 43، 45، 48**

---

### 🔹 ما هو مخطط السيقان والأوراق؟
هو نوع من التمثيل البياني يُستخدم لتنظيم البيانات العددية وعرض توزيعها. يتكون من جزأين:
- **السيقان (Stems):** وهي الأرقام الموجودة قبل الرقم الأخير.
- **الأوراق (Leaves):** وهو الرقم الأخير في كل عدد.

---

### 🔹 الخطوات لبناء المخطط:

#### ✅ الخطوة 1: رتب الأعداد تصاعديًا (إن لم تكن مرتبة)
في حالتنا، الأعداد مرتبة بالفعل:
**32، 34، 36، 41، 43، 45، 48**

#### ✅ الخطوة 2: حدد السيقان والأوراق

لكل عدد مكوَّن من رقمين:
- السيقان = الرقم الأول (عشرات)
- الأوراق = الرقم الثاني (آحاد)

مثال:
- العدد 32 → السيقان = 3، الورقة = 2
- العدد 41 → السيقان = 4، الورقة = 1

#### ✅ الخطوة 3: اكتب السيقان المختلفة في قائمة رأسية

من الأعداد المعطاة، نجد أن السيقان هي:
- 3 (من 32، 34، 36)
- 4 (من 41، 43، 45، 48)

#### ✅ الخطوة 4: ضع الأوراق مقابل كل سيقان

| السيقان | الأوراق |
|--------|--------|
|   3    | 2 4 6 |
|   4    | 1 3 5 8 |

---

### 🔹 شكل المخطط النهائي:

```
سيقان | أوراق
3     | 2 4 6
4     | 1 3 5 8
```

> 💡 ملاحظة: يمكنك كتابة المخطط مع وضع خط فاصل بين السيقان والأوراق مثل "" | "" كما فعلنا هنا.

---

### 🔹 معلومات إضافية:

- يمكنك قراءة أي عدد عن طريق دمج السيقان مع الورقة. مثال:
  - 3 | 2 تعني العدد 32
  - 4 | 5 تعني العدد 45

---

هل تحب أن أساعدك في رسم هذا المخطط بشكل أنيق أو تفسير كيف تقرأ النتائج منه؟"
"Data frequencies and probabilities","Collect, display and read data","E","قم بإنشاء مخطط هيستوجرام استنادًا إلى فئات متجمعة من درجات الاختبار كما يلي: 0–10، 11–20، 21–30، 31–40.","بالطبع! سأشرح لك **كيفية إنشاء هيستوجرام (مخطط تكراري)** استنادًا إلى الفئات المتجمعة من درجات الاختبار التالية:

الفئات:  
- 0–10  
- 11–20  
- 21–30  
- 31–40

لكي نتمكن من رسم الهيستوجرام، سنحتاج إلى **عدد الطلاب أو التكرار** في كل فئة. لكن بما أنك لم تُرفق البيانات الكاملة (مثل عدد الطلاب في كل فئة)، سأفترض مثالاً لتوضيح الخطوات.

---

### ✅ **الخطوة 1: جمع البيانات**
لنفترض أن لديك عدد الطلاب الذين حصلوا على الدرجات داخل كل فئة كما يلي:

| الفئة       | عدد الطلاب (التكرار) |
|------------|----------------------|
| 0 – 10     | 5                    |
| 11 – 20    | 8                    |
| 21 – 30    | 12                   |
| 31 – 40    | 7                    |

---

### ✅ **الخطوة 2: رسم الهيستوجرام**

الهيستوجرام هو مخطط خطي يعرض الفئات على المحور الأفقي وعدد التكرارات على المحور الرأسي، حيث تمثل كل فئة مستطيلًا يتناسب ارتفاعه مع التكرار.

#### 🔹 أولاً: تحديد المحاور
- **المحور الأفقي (الإحداثي السيني X):** ضع الفئات (0–10، 11–20، ...).
- **المحور الرأسي (الإحداثي الصادي Y):** ضع التكرارات (من 0 إلى أعلى عدد، مثل 12 في مثالنا).

#### 🔹 ثانيًا: رسم المستطيلات
- لكل فئة، ارسم مستطيلًا:
  - عرضه يغطي حدود الفئة.
  - ارتفاعه يساوي عدد الطلاب (التكرار) في تلك الفئة.
- لا يكون هناك فواصل بين المستطيلات، لأن البيانات متصلة (فئات تالية بعضها البعض).

---

### ✅ **مثال توضيحي لشكل الهيستوجرام (وصفياً)**

```
تكرار
  ^
12 |          █
10 |          █
 8 |     █    █
 6 |     █    █
 4 |     █    █
 2 |  █  █    █    █
   +--+--+--+--+-->
     0-10 11-20 21-30 31-40
```

---

### ✅ **كيف ترسمه عمليًا؟**

يمكنك استخدام أدوات مختلفة لرسم الهيستوجرام:

#### 1. **على الورق:**
- استخدم قلم ومسطرة.
- ارسم المحاور، ثم قم برسم المستطيلات بارتفاعات مناسبة.

#### 2. **باستخدام Excel:**
- أدخل الفئات والتكرارات في جدول.
- حدد البيانات > ""إدراج"" > ""مخطط عمودي"" أو ""هيستوجرام"".

#### 3. **باستخدام Python (matplotlib):**

```python
import matplotlib.pyplot as plt

# الفئات
bins = [0, 10, 20, 30, 40]
# التكرارات
counts = [5, 8, 12, 7]

plt.hist(bins[:-1], bins=bins, weights=counts, edgecolor='black')
plt.xlabel('الدرجات')
plt.ylabel('عدد الطلاب')
plt.title('هيستوجرام درجات الطلاب')
plt.show()
```

---

### ✅ **ملحوظات مهمة:**
- تأكد أن الفئات متصلة وغير متداخلة.
- يجب أن تكون المسافات بين الفئات متساوية إن أمكن.
- الهيستوجرام يختلف عن المخطط العمودي؛ فالهيستوجرام يستخدم لبيانات عددية متصلة.

---

هل تريد أن أساعدك في رسم هيستوجرام بناءً على بيانات فعلية عندك؟ فقط أرسل لي عدد الطلاب في كل فئة :)"
"Data frequencies and probabilities","Collect, display and read data","E","يعرض مخطط السلاسل الزمنية نمو السكان كل ١٠ سنوات من عام ١٩٦٠ إلى ٢٠٢٠. ما هو متوسط معدل النمو لكل عقد؟","لحساب **متوسط معدل النمو لكل عقد** (كل 10 سنوات) من مخطط السلاسل الزمنية لنمو السكان بين عامَي **١٩٦٠ و٢٠٢٠**، يمكنك اتباع الخطوات التالية:

---

### ✅ أولاً: فهم المعطيات

عادةً ما يُظهر **مخطط السلاسل الزمنية** بيانات عدد السكان كل 10 سنوات. أي أنك ستجد قيمًا تقريبًا للسكان في السنوات:

- ١٩٦٠  
- ١٩٧٠  
- ١٩٨٠  
- ١٩٩٠  
- ٢٠٠٠  
- ٢٠١٠  
- ٢٠٢٠  

(إذا كانت لديك القيم الفعلية، ستستخدمها مباشرة)

---

### ✅ ثانيًا: حساب معدل النمو لكل عقد

لحساب **معدل النمو من عقد إلى آخر**، نستخدم معادلة:

$$
\text{معدل النمو} = \frac{\text{عدد السكان في السنة الجديدة} - \text{عدد السكان في السنة القديمة}}{\text{عدد السكان في السنة القديمة}}
$$

أو بصيغة رياضية:

$$
r = \frac{P_{t+1} - P_t}{P_t}
$$

حيث:
- $ P_{t+1} $: عدد السكان في نهاية العقد.
- $ P_t $: عدد السكان في بداية العقد.

هذا يعطيك **نسبة النمو** خلال كل عقد ( decade ).

---

### ✅ ثالثًا: حساب المتوسط

بعد حساب معدلات النمو لكل عقد على حدة، تأخذ **المتوسط الحسابي** لها:

$$
\text{متوسط معدل النمو لكل عقد} = \frac{r_1 + r_2 + r_3 + \dots + r_n}{n}
$$

حيث:
- $ r_1, r_2, \dots $ هي نسب النمو لكل عقد.
- $ n $ هو عدد العقود (من ١٩٦٠ إلى ٢٠٢٠ = ٦ عقود ⇒ ٦ معدلات).

---

### ✅ مثال عملي (افتراضي):

لنفترض أن عدد السكان كان كالتالي:

| السنة | عدد السكان (بالملايين) |
|-------|------------------------|
| ١٩٦٠ | ٣٠                     |
| ١٩٧٠ | ٣٥                     |
| ١٩٨٠ | ٤٢                     |
| ١٩٩٠ | ٥٠                     |
| ٢٠٠٠ | ٦٠                     |
| ٢٠١٠ | ٧٢                     |
| ٢٠٢٠ | ٨٥                     |

#### نحسب معدل النمو لكل عقد:

1. ١٩٦٠–١٩٧٠:  
   $$
   r_1 = \frac{35 - 30}{30} = 0.1667 \Rightarrow 16.67\%
   $$

2. ١٩٧٠–١٩٨٠:  
   $$
   r_2 = \frac{42 - 35}{35} = 0.2 \Rightarrow 20\%
   $$

3. ١٩٨٠–١٩٩٠:  
   $$
   r_3 = \frac{50 - 42}{42} = 0.1905 \Rightarrow 19.05\%
   $$

4. ١٩٩٠–٢٠٠٠:  
   $$
   r_4 = \frac{60 - 50}{50} = 0.2 \Rightarrow 20\%
   $$

5. ٢٠٠٠–٢٠١٠:  
   $$
   r_5 = \frac{72 - 60}{60} = 0.2 \Rightarrow 20\%
   $$

6. ٢٠١٠–٢٠٢٠:  
   $$
   r_6 = \frac{85 - 72}{72} = 0.1806 \Rightarrow 18.06\%
   $$

#### نحسب المتوسط:

$$
\text{المتوسط} = \frac{16.67 + 20 + 19.05 + 20 + 20 + 18.06}{6} = \frac{113.78}{6} \approx 18.96\%
$$

---

### ✅ الإجابة النهائية:

> **متوسط معدل النمو لكل عقد ≈ ١٨٫٩٦٪**

---

### 📌 ملاحظات مهمة:

- إذا طُلب **معدل النمو السنوي المركب (CAGR)** بدلاً من ذلك، تكون الطريقة مختلفة قليلاً.
- إذا كنت لا تملك البيانات الرقمية، بل فقط المخطط، فعليك قراءة القيم من الرسم بدقة.

هل تريد مساعدة في حساب ذلك على بيانات فعلية عندك؟ يمكنني المساعدة إذا قدمت الأرقام!"
"Data frequencies and probabilities","Collect, display and read data","E","احسب الربعين الأدنى والأعلى لمجموعة البيانات: {3، 5، 7، 8، 9، 10، 12، 15، 18}","لحساب **الربع الأدنى (Q₁)** و**الربع الأعلى (Q₃)** لمجموعة البيانات:  
$$
\{3، 5، 7، 8، 9، 10، 12، 15، 18\}
$$

### الخطوة 1: ترتيب البيانات
المجموعة معطاة بترتيب تصاعدي بالفعل:
$$
3، 5، 7، 8، 9، 10، 12، 15، 18
$$

عدد القيم $ n = 9 $

---

### الخطوة 2: إيجاد الوسيط (Q₂)
بما أن عدد القيم فردي (9)، فإن **الوسيط (Q₂)** هو القيمة في المنتصف، أي القيمة رقم 5:

$$
Q₂ = 9
$$

---

### الخطوة 3: تقسيم البيانات
نُقسم البيانات إلى جزأين:

- الجزء الأدنى (قبل الوسيط): $$ 3، 5، 7، 8 $$
- الجزء الأعلى (بعد الوسيط): $$ 10، 12، 15، 18 $$

> ملاحظة: نستبعد الوسيط (9) عند حساب Q₁ و Q₃ لأن عدد القيم فردي.

---

### الخطوة 4: حساب الربع الأدنى (Q₁)

الجزء الأدنى: $$ 3، 5، 7، 8 $$  
عدد القيم = 4 → عدد زوجي  
إذًا Q₁ هو **متوسط القيمتين المتوسطتين**:

$$
Q₁ = \frac{5 + 7}{2} = \frac{12}{2} = 6
$$

---

### الخطوة 5: حساب الربع الأعلى (Q₃)

الجزء الأعلى: $$ 10، 12، 15، 18 $$  
عدد القيم = 4 → عدد زوجي  
إذًا Q₃ هو **متوسط القيمتين المتوسطتين**:

$$
Q₃ = \frac{12 + 15}{2} = \frac{27}{2} = 13.5
$$

---

### ✅ الإجابة النهائية:

- **الربع الأدنى (Q₁) = 6**
- **الربع الأعلى (Q₃) = 13.5**

هل ترغب أن أشرح لك كيف ترسم مخطط الصندوق (Box Plot) لهذه البيانات أيضًا؟"
"Data frequencies and probabilities","Collect, display and read data","F","ارتفاعات 10 طلاب (بالمليمتر) هي: [1500, 1520, 1550, 1570, 1600, 1600, 1620, 1650, 1670, 1700]. احسب الوسيط والمدى الربعي.","لحساب **الوسيط** و**المدى الرُّبعي** (Interquartile Range - IQR) لارتفاعات الطلاب، نقوم باتباع الخطوات التالية:

---

### المعطيات:
البيانات:  
$$
[1500, 1520, 1550, 1570, 1600, 1600, 1620, 1650, 1670, 1700]
$$

عدد القيم = 10 (عدد زوجي)

---

## ✅ أولاً: حساب **الوسيط** (Median)

الوسيط هو القيمة التي تقع في منتصف البيانات المرتبة تصاعديًا.

### بما أن عدد القيم زوجي (10 قيم)، فالوسيط يُحسب كما يلي:
- نأخذ المتوسط الحسابي للقيمتين الخامسة والسادسة.

$$
\text{الوسيط} = \frac{\text{القيمة}_5 + \text{القيمة}_6}{2}
= \frac{1600 + 1600}{2} = \frac{3200}{2} = 1600
$$

✅ **الوسيط = 1600 ملم**

---

## ✅ ثانيًا: حساب **المدى الرُّبعي** (IQR)

المدى الرُّبعي = **الربيع الأعلى (Q3)** − **الربيع الأسفل (Q1)**

### خطوات إيجاد Q1 و Q3:

#### 1. قسمة البيانات إلى نصفين:
بما أن الوسيط بين القيمتين 5 و6، نقسم البيانات إلى جزأين:

- النصف الأول (قبل الوسيط):  
  $$ [1500, 1520, 1550, 1570, 1600] $$
- النصف الثاني (بعد الوسيط):  
  $$ [1600, 1620, 1650, 1670, 1700] $$

#### 2. حساب Q1 (الربيع الأول):
هو الوسيط للنصف الأول.

عدد القيم = 5 → فردي  
الوسيط هو القيمة الثالثة:  
$$
Q1 = 1550
$$

#### 3. حساب Q3 (الربيع الثالث):
هو الوسيط للنصف الثاني.

عدد القيم = 5 → فردي  
الوسيط هو القيمة الثالثة:  
$$
Q3 = 1650
$$

#### 4. حساب المدى الرُّبعي:
$$
IQR = Q3 - Q1 = 1650 - 1550 = 100
$$

✅ **المدى الرُّبعي = 100 ملم**

---

## ✅ الإجابة النهائية:

- **الوسيط = 1600 ملم**
- **المدى الرُّبعي = 100 ملم**

هل تحب أن أشرح لك أيضًا كيف ترسم **مخطط الصندوق والشعرة (Box Plot)** لهذه البيانات؟"
"Data frequencies and probabilities","Collect, display and read data","F","فسر هذا الرسم البياني للأعواد والأوراق: 1 | 2 5 8، 2 | 1 3 6 9، 3 | 0 4 — ما هي القيمة الأكثر تكراراً؟","الرسم البياني الذي قدمته يُسمى **رسمًا بيانيًّا للجذور والأوراق** (Stem-and-Leaf Plot)، وهو طريقة لتنظيم البيانات العددية بحيث يمكن رؤية توزيعها بسهولة.

### أولاً: فهم الرسم البياني

الرسم المذكور:

```
1 | 2  5  8  
2 | 1  3  6  9  
3 | 0  4
```

- الرقم على يسار الخط العمودي (مثل: 1، 2، 3) يُسمى **الجذر** (stem).
- الأرقام على اليمين تُسمى **الأوراق** (leaves)، وهي تمثل الآحاد.
- مثلاً:
  - `1 | 2 5 8` تعني الأعداد: **12، 15، 18**
  - `2 | 1 3 6 9` تعني الأعداد: **21، 23، 26، 29**
  - `3 | 0 4` تعني الأعداد: **30، 34**

### ثانيًا: إعادة كتابة جميع القيم

لنعيد كتابة جميع الأعداد لنفهم التكرارات:

- من السطر الأول: **12، 15، 18**
- من السطر الثاني: **21، 23، 26، 29**
- من السطر الثالث: **30، 34**

إذن، البيانات هي:
```
12، 15، 18، 21، 23، 26، 29، 30، 34
```

### ثالثًا: البحث عن القيمة الأكثر تكرارًا

ننظر إلى كل عدد وكم مرة ظهر. في هذه الحالة:

- كل عدد ظهر **مرة واحدة فقط**.

### إذًا، ما هو الحل؟

بما أن **كل القيم تظهر مرة واحدة فقط**، فإننا نقول إن:

> **ليس هناك قيمة تكرارية بشكل واضح، أو يمكن القول إن لا يوجد ""منوال"" (Mode) واضح.**

لكن إذا كان المطلوب هو تحديد القيمة التي تتكرر أكثر (حتى ولو لم تتكرر)، فالجواب سيكون:

> ❗ **كل القيم متكررة بنفس النسبة، وبالتالي لا يوجد منوال واضح.**

---

### ✅ الإجابة النهائية:

**لا توجد قيمة أكثر تكرارًا لأن كل القيم تظهر مرة واحدة فقط.**"
"Data frequencies and probabilities","Collect, display and read data","F","لديك مجموعة بيانات: [15، 17، 18، 20، 21، 22، 23، 30]. قم برسم مخطط الصندوق وطرفيه لهذه البيانات.","بالطبع! لرسم **مخطط الصندوق وطرفيه (Box-and-Whisker Plot)**، نحتاج إلى حساب خمسة قياسات أساسية من البيانات:

1. **القيمة الدنيا (Minimum)**
2. **الربيع الأول (Q1 - الربع السفلي)**
3. **الوسيط (Median أو Q2)**
4. **الربيع الثالث (Q3 - الربع العلوي)**
5. **القيمة العليا (Maximum)**

---

### 📌 أولاً: ترتيب البيانات
المجموعة المعطاة هي:
> [15، 17، 18، 20، 21، 22، 23، 30]

وهي مرتبة بالفعل.

عدد القيم = **8** (عدد زوجي)

---

## ✅ الخطوة 1: تحديد القيم الأساسية

### 1. **القيمة الدنيا**:  
هي أول قيمة في القائمة المرتبة → **15**

### 2. **القيمة العليا**:  
هي آخر قيمة في القائمة المرتبة → **30**

### 3. **الوسيط (Q2)**:  
بما أن عدد القيم زوجي (8)، فإن الوسيط هو متوسط القيمتين الرابعة والخامسة:

$$
\text{الوسيط} = \frac{20 + 21}{2} = 20.5
$$

### 4. **الربيع الأول (Q1)**:  
هو الوسيط للنصف الأول من البيانات: [15، 17، 18، 20]  
عدد القيم = 4 → الوسيط بين القيمتين الثانية والثالثة:

$$
Q1 = \frac{17 + 18}{2} = 17.5
$$

### 5. **الربيع الثالث (Q3)**:  
هو الوسيط للنصف الثاني من البيانات: [21، 22، 23، 30]

$$
Q3 = \frac{22 + 23}{2} = 22.5
$$

---

## ✅ الخطوة 2: حساب المدى الربيعي IQR

$$
IQR = Q3 - Q1 = 22.5 - 17.5 = 5
$$

---

## ✅ الخطوة 3: تحديد القيم الخارجية (Outliers)

نحسب الحد الأدنى والحد الأقصى المسموح به:

- **الحد الأدنى المقبول** = $ Q1 - 1.5 \times IQR = 17.5 - 7.5 = 10 $
- **الحد الأعلى المقبول** = $ Q3 + 1.5 \times IQR = 22.5 + 7.5 = 30 $

إذًا:
- أي قيمة أقل من **10** تعتبر قيمة شاذة.
- أي قيمة أكثر من **30** تعتبر قيمة شاذة.

في بياناتنا لا توجد قيم أقل من 10 أو أكبر من 30، إذًا **لا توجد قيم شاذة**.

---

## ✅ الخطوة 4: رسم مخطط الصندوق وطرفيه

رغم أنني لا أستطيع رسم صورة مباشرة، لكني سأصف لك كيف يُرسم:

1. ارسم محوراً أفقياً (أو عمودياً حسب التفضيل) يمثل القيم من 15 إلى 30.
2. ضع علامة عند كل من القيم التالية:
   - القيمة الدنيا: **15**
   - الربيع الأول (Q1): **17.5**
   - الوسيط (Q2): **20.5**
   - الربيع الثالث (Q3): **22.5**
   - القيمة العليا: **30**
3. ارسم ""صندوقاً"" بين Q1 و Q3.
4. ارسم خطًا عموديًا داخل الصندوق عند الوسيط.
5. ارسم ""طرفين"" (خطين) من طرفي الصندوق إلى القيمة الدنيا والعليا.

---

## ✏️ ملخص القيم التي تحتاجها لرسم المخطط:

| الاسم | القيمة |
|------|--------|
| القيمة الدنيا | 15 |
| الربيع الأول (Q1) | 17.5 |
| الوسيط (Q2) | 20.5 |
| الربيع الثالث (Q3) | 22.5 |
| القيمة العليا | 30 |

---

هل ترغب أن أساعدك في رسم هذا المخطط بشكل تقريبي باستخدام رموز ASCII؟"
"Data frequencies and probabilities","Collect, display and read data","F","يوضح المخطط الدائري الوقت المستغرق في الواجبات المدرسية (رياضيات 25%، علوم 35%، لغة إنجليزية 40%). قم بتقدير الوقت المستغرق في مادة الرياضيات إذا كان الوقت الإجمالي هو 4 ساعات.","لحل هذه المسألة، نحتاج إلى حساب النسبة المئوية لوقت مادة الرياضيات من الوقت الإجمالي.

المعطيات:
- النسبة المئوية لمواد الرياضيات = **25%**
- الوقت الإجمالي = **4 ساعات**

### الخطوة 1: تحويل النسبة المئوية إلى رقم عشري
نقسم النسبة على 100:

$$
25\% = \frac{25}{100} = 0.25
$$

### الخطوة 2: ضرب الرقم العشري في الوقت الإجمالي

$$
0.25 \times 4 = 1
$$

### إذًا:
الوقت المستغرق في مادة الرياضيات هو: **1 ساعة**.

✅ **الإجابة النهائية: 1 ساعة**."
"Data frequencies and probabilities","Collect, display and read data","G","يوضح جدول التكرار علامات الاختبار مع الفئات 40–49 (3)، 50–59 (5)، 60–69 (8)، 70–79 (4)؛ ارسم رسمًا بيانيًا عموديًا.","بالطبع! دعني أشرح لك خطوة بخطوة كيفية حل هذه المسألة الرياضية التي تتطلب **رسم رسم بياني عمودي (مدرج تكراري)** من جدول التكرار المعطى.

---

### 📊 **الجدول المعطى:**

| الفئة (علامة الاختبار) | التكرار (عدد الطلاب) |
|------------------|----------------|
| 40 – 49           | 3               |
| 50 – 59           | 5               |
| 60 – 69           | 8               |
| 70 – 79           | 4               |

---

## ✏️ الخطوات لرسم الرسم البياني العمودي:

### 1. **تحضير المحورين:**
- **المحور الأفقي (السينات - X):** نضع عليه **الفئات العمرية أو فئات العلامات**.
- **المحور الرأسي (الصادات - Y):** نضع عليه **التكرار (عدد الطلاب)**.

---

### 2. **ارسم المحاور:**
- ارسم خطًا أفقيًا وآخر رأسيًا يتقاطعان عند نقطة الأصل (يمكنك اختيار مقياس مناسب).
- على المحور الأفقي، ضع الفئات:  
  - 40–49  
  - 50–59  
  - 60–69  
  - 70–79  

- على المحور الرأسي، ضع قيمًا من 0 إلى أعلى تكرار (وهو هنا 8)، مثل: 0, 2, 4, 6, 8.

---

### 3. **ارسم الأعمدة:**
- لكل فئة، ارسم عمودًا:
  - عرضه يمثل مدى الفئة (مثلاً 40–49 هو عرض 10).
  - ارتفاعه يتناسب مع عدد التكرار.

| الفئة       | التكرار | ارتفاع العمود |
|------------|---------|---------------|
| 40–49      | 3       | 3 وحدات       |
| 50–59      | 5       | 5 وحدات       |
| 60–69      | 8       | 8 وحدات       |
| 70–79      | 4       | 4 وحدات       |

> 💡 ملاحظة: لا يكون هناك فواصل بين الأعمدة في المدرج التكراري، لأن البيانات متصلة (فئات).

---

### 4. **قم بتسمية الرسم البياني:**
- عنوان للرسم: مثلاً ""توزيع الطلاب حسب العلامات""
- اسم المحور الأفقي: ""العلامات""
- اسم المحور الرأسي: ""عدد الطلاب""

---

## 🖊️ مثال بسيط لتوضيح الشكل النهائي:

```
عدد الطلاب
    ^
  8 |             █
  7 |             █
  6 |             █
  5 |      █      █
  4 |      █      █     █
  3 |   █  █      █     █
  2 |   █  █      █     █
  1 |   █  █      █     █
    +---+----+-----+-----+
      40-49 50-59 60-69 70-79
```

---

## 🎯 خلاصة:

لحل المسألة، عليك أن:
1. تحضر محورين أفقي ورأسي.
2. تضع الفئات على الأفقي والتكرار على الرأسي.
3. ترسم أعمدة تتناسب أطوالها مع التكرارات.
4. تكتب عنوانًا وتسمية للمحورين.

---

هل تريد أن أساعدك برسم الجدول أو تصميم الرسم على شكل صورة باستخدام رموز؟ 😊"
"Data frequencies and probabilities","Collect, display and read data","G","ارسم منحنى التكرار التراكمي من: 0–10 (2)، 10–20 (6)، 20–30 (9)، 30–40 (3)","لحل هذه المسألة ورسم **المنحنى التكراري التراكمي** (Cumulative Frequency Curve)، نحتاج إلى اتباع خطوات منظمة لتحويل البيانات المعطاة إلى جدول تكرار تراكمي، ومن ثم رسم المنحنى.

### أولاً: فهم المعطيات

المعطى هو:

| الفئة       | التكرار |
|-------------|---------|
| 0 – 10      | 2       |
| 10 – 20     | 6       |
| 20 – 30     | 9       |
| 30 – 40     | 3       |

---

### ثانياً: إنشاء جدول التكرار التراكمي

نقوم بجمع التكرار تدريجياً (تراكمياً) مع استخدام الحدود العليا لكل فئة.

| الحد الأعلى للفئة | التكرار | التكرار التراكمي |
|------------------|--------|------------------|
| أقل من 10        | 2      | 2                |
| أقل من 20        | 6      | 2 + 6 = 8        |
| أقل من 30        | 9      | 8 + 9 = 17       |
| أقل من 40        | 3      | 17 + 3 = 20      |

التكرار التراكمي يُحسب بإضافة كل تكرار للقيمة السابقة له، أي عدد القيم التي تقل عن الحد الأعلى لكل فئة.

---

### ثالثاً: رسم المنحنى التكراري التراكمي

#### الخطوات:

1. على المحور الأفقي (السيني): نضع الحدود العليا للفئات: 10، 20، 30، 40.
2. على المحور الرأسي (الصادي): نضع قيم التكرار التراكمي المقابل: 2، 8، 17، 20.
3. نرسم النقاط:
   - (10, 2)
   - (20, 8)
   - (30, 17)
   - (40, 20)
4. نصل بين هذه النقاط بمنحنى أملس (وليس خطوط مستقيمة فقط)، لكن في بعض الحالات يمكن رسم خطوط مكسورة إذا لم يُطلب منحنى أملس.

> ملاحظة: أحياناً يبدأ المنحنى من النقطة (0, 0) باعتبار أن عدد القيم الأقل من الصفر هو صفر.

---

### رابعاً: استخدام المنحنى (اختياري)

باستخدام المنحنى التراكمي يمكنك تقدير:

- الوسيط (Median): نجد النصف من التكرار الكلي (20 ÷ 2 = 10)، ثم نبحث عن القيمة المقابلة على المنحنى.
- الربيعات (Quartiles) وغيرها من القيم الإحصائية.

---

### خامساً: مثال توضيحي سريع

إذا كنت تستخدم ورقة رسم بيانية:

- ضع على المحور الأفقي: 0، 10، 20، 30، 40
- ضع على المحور الرأسي: من 0 إلى 20
- ارسم النقاط كما ذكرنا
- اربط النقاط بمنحنى ناعم أو خطوط متصلة

---

### خلاصة الخطوات:

1. حدد الحدود العليا للفئات.
2. أنشئ جدول التكرار التراكمي.
3. مثل النقاط على نظام إحداثي.
4. اربط النقاط بمنحنى أو خطوط.
5. استخدم المنحنى لتحليل البيانات (مثل تحديد الوسيط).

هل ترغب أن أساعدك برسم المنحنى بشكل بصري باستخدام جدول أو رسم تخطيطي؟"
"Data frequencies and probabilities","Collect, display and read data","G","أظهر استطلاع لصف دراسي أن ١٢ طالبًا يحبون الرياضيات، و٨ يحبون العلوم، و٥ يحبون كليهما؛ مثّل ذلك باستخدام مخطط فن.","بالطبع! سأشرح لك خطوة بخطوة كيفية حل هذه المسألة الرياضية وتفسيرها باستخدام **مخطط فن (Venn Diagram)**.

---

### 📌 المعطيات:

- عدد طلاب الذين يحبون **الرياضيات** = ١٢  
- عدد طلاب الذين يحبون **العلوم** = ٨  
- عدد طلاب الذين يحبون **كليهما** = ٥

---

### ✏️ الخطوات:

#### 1. نرسم مخطط فن:
- نرسم **دائرتين متقاطعتين**:
  - إحداهما تمثل من يحبون **الرياضيات**
  - والأخرى تمثل من يحبون **العلوم**
  - الجزء المشترك بين الدائرتين (التقاطع) يمثل من يحبون **كلا المادتين**

#### 2. نضع الأعداد في أماكنها الصحيحة:
- في **منطقة التقاطع** (التي تقع داخل الدائرتين): نضع العدد **٥**، لأنهم يحبون كلاًّ من الرياضيات والعلوم.
- في **الجزء الذي فقط في دائرة الرياضيات** (ولا يتضمن العلوم)، نضع:
  ```
  ١٢ – ٥ = ٧
  ```
  لأن ٥ منهم يحبون كليهما، فالباقي فقط يحبون الرياضيات.
- في **الجزء الذي فقط في دائرة العلوم** (ولا يتضمن الرياضيات)، نضع:
  ```
  ٨ – ٥ = ٣
  ```
  لأن ٥ منهم يحبون كليهما، فالباقي فقط يحبون العلوم.

---

### ✍️ التسمية النهائية لمخطط فن:

- الجزء المشترك: **٥**
- فقط الرياضيات: **٧**
- فقط العلوم: **٣**

إذا جمعت كل هذه:
```
٧ + ٣ + ٥ = ١٥ طالبًا
```

وهذا يمثل **إجمالي عدد الطلاب المختلفين** الذين شاركوا في الاستطلاع (بعيدًا عن التكرار).

---

### 🎯 الخلاصة:

| القسم | عدد الطلاب |
|-------|-------------|
| فقط الرياضيات | ٧ |
| فقط العلوم | ٣ |
| كلاهما | ٥ |
| **المجموع** | **١٥ طالبًا** |

---

هل ترغب أن أرسم لك مخطط فن بشكل رمزي هنا (بالكلمات) أو بأي برنامج آخر؟"
"Data frequencies and probabilities","Collect, display and read data","G","بالنظر إلى البيانات المجمعة التالية: 0–5 (3)، 5–10 (7)، 10–15 (12)، حدد الفئة الأكثر تكرارا.","لحل هذه المسألة الرياضية، نحتاج إلى تحديد **الفئة الأكثر تكراراً**، وتُعرف أيضاً باسم **المنوال (Mode) في البيانات المجمعة أو المبوبة**.

لكن بما أننا هنا أمام **جداول تكرارية** (أي بيانات موزعة على فئات)، لا يمكننا حساب المنوال كما نفعل مع القيم الفردية. بدل ذلك، نحدد **الفئة التي تحتوي على أعلى تكرار**، وتصبح هي **الفئة المنوالية** (الفئة الأكثر تكرارًا).

### المعطيات:

| الفئة       | التكرار |
|------------|---------|
| 0 – 5      | 3       |
| 5 – 10     | 7       |
| 10 – 15    | 12      |

### الخطوة 1: حدد الفئة ذات أعلى تكرار

ننظر إلى أعمدة التكرار:

- الفئة 0–5 لها تكرار = 3
- الفئة 5–10 لها تكرار = 7
- الفئة 10–15 لها تكرار = 12 ← **الأعلى**

### الاستنتاج:

إذن، **الفئة الأكثر تكراراً هي: 10 – 15**.

---

### ✅ الإجابة النهائية:

**الفئة الأكثر تكراراً هي: 10 – 15.**

هل ترغب بأن أشرح لك كيف نحسب قيمة المنوال التقريبية داخل هذه الفئة باستخدام صيغة رياضية؟"
"Data frequencies and probabilities","Collect, display and read data","H","سجّل عدد السيارات التي تمر في كل فترة زمنية مدتها ٥ دقائق خلال ساعة واحدة، ثم ارسم مخطط سلسلة زمنية.","بالطبع! دعني أشرح لك خطوة بخطوة كيف يمكنك حل هذه المسألة الرياضية، والتي تتعلق **بتسجيل عدد السيارات التي تمر خلال فترات زمنية مدتها 5 دقائق خلال ساعة واحدة**، ثم **رسم مخطط سلسلة زمنية**.

---

### 🧾 أولاً: الفكرة الأساسية

الهدف هو:
1. تقسيم الساعة إلى فترات زمنية كل منها 5 دقائق.
2. عد عدد السيارات التي تمر في كل فترة.
3. رسم مخطط يوضح هذا العدد على شكل **مخطط سلسلة زمنية (Time Series Plot)**.

---

## ✏️ الخطوات التفصيلية:

### 1. **تقسيم الساعة إلى فترات زمنية**

الساعة = 60 دقيقة  
كل فترة = 5 دقائق  
إذًا عدد الفترات =  
$$
\frac{60}{5} = 12 \text{ فترة}
$$

| رقم الفترة | الزمن |
|-----------|--------|
| 1         | 0 - 5 دقائق |
| 2         | 5 - 10 دقائق |
| 3         | 10 - 15 دقائق |
| ...       | ... |
| 12        | 55 - 60 دقائق |

---

### 2. **جمع البيانات: عدد السيارات في كل فترة**

تخيل أنك كنت تراقب الشارع أو طريقًا ما، وقمت بتسجيل عدد السيارات التي مرت خلال كل فترة 5 دقائق. مثلاً:

| الفترة | عدد السيارات |
|--------|----------------|
| 1      | 8              |
| 2      | 12             |
| 3      | 7              |
| 4      | 15             |
| 5      | 9              |
| 6      | 11             |
| 7      | 14             |
| 8      | 10             |
| 9      | 13             |
| 10     | 16             |
| 11     | 8              |
| 12     | 9              |

> 💡 إذا لم يكن لديك بيانات فعلية، يمكنك افتراضها لأغراض التمرين.

---

### 3. **رسم مخطط السلسلة الزمنية (Time Series Chart)**

مخطط السلسلة الزمنية يُظهر كيف تتغير القيم (عدد السيارات) مع مرور الوقت.

#### كيف ترسمه؟

- المحور الأفقي (X-axis): الزمن (فترات الـ 5 دقائق)
- المحور الرأسي (Y-axis): عدد السيارات

يمكنك استخدام أدوات مثل:
- ورقة وقلم (رسم يدوي)
- برنامج Excel
- موقع [Desmos](https://www.desmos.com/)
- لغة Python (matplotlib)

---

### 🔍 مثال بسيط لرسم يدوي:

```
عدد السيارات
 ^
16 |                 *
15 |            *            
14 |                      *
13 |                   *
12 |        *
11 |               *
10 |                  *
 9 |     *                    *
 8 |  *                       *
 7 |        *
   +------------------------------------>
     1 2 3 4 5 6 7 8 9 10 11 12
          فترات الزمن (كل فترة 5 دقائق)
```

---

### 📊 ملاحظات مهمة:

- يمكن أن تستخدم **أعمدة (Bar Chart)** أو **نقاط متصلة (Line Chart)**.
- المهم هو أن تظهر **كيف يتغير عدد السيارات بمرور الوقت**.
- من خلال المخطط، يمكنك ملاحظة الفترات ذات الكثافة العالية أو المنخفضة.

---

## 🛠️ نصائح إضافية:

- إذا كنت تجمع البيانات عمليًا، استخدم هاتفك أو ورقة لتدوين العدد كل 5 دقائق.
- إذا كنت تستخدم برنامجًا كـ Excel، فقط ضع العمود الأول (الفترة أو الزمن) والثاني (عدد السيارات)، ثم اختر ""مخطط خطي"" أو ""مخطط زمني"".

---

هل ترغب أن أساعدك في رسم هذا المخطط باستخدام Excel أو Python؟"
"Data frequencies and probabilities","Collect, display and read data","H","استخدم رسم النقاط لتمثيل توزيع درجات الحرارة اليومية على مدى 14 يومًا: 15-22 درجة مئوية.","بالطبع! دعني أشرح لك خطوة بخطوة كيفية **حل هذه المسألة الرياضية** التي تطلب منك استخدام **رسم النقاط (Dot Plot)** لتمثيل توزيع درجات الحرارة اليومية على مدى 14 يومًا، حيث تتراوح الدرجات بين 15 إلى 22 درجة مئوية.

---

### 🔹 أولًا: ما هو رسم النقاط (Dot Plot)؟
هو نوع من التمثيل البياني يُستخدم لعرض البيانات العددية بطريقة بسيطة، حيث تمثل كل نقطة قيمة معينة في مجموعة البيانات، وترتب النقاط فوق خط أرقام بحيث يمكنك مشاهدة تكرار كل قيمة وتوزيع البيانات.

---

## ✅ خطوات حل المسألة:

### 📌 الخطوة 1: فهم المعطيات

البيانات هي درجات حرارة يومية على مدى **14 يومًا**، وتتراوح بين **15 إلى 22 درجة مئوية**.  
لكن لم تذكر الدرجات الفعلية لكل يوم، لذلك سأفترض بعض القيم كمثال لتوضيح الطريقة.

#### 🔸 مثال على بيانات درجات الحرارة (افتراضية):
لنفترض أن الدرجات كانت كما يلي:
```
16, 18, 17, 15, 19, 20, 18, 17, 18, 21, 22, 20, 19, 18
```

---

### 📌 الخطوة 2: إنشاء خط الأعداد

ارسم خط أرقام أفقي يحتوي على القيم من **15 إلى 22**.

مثال:
```
15   16   17   18   19   20   21   22
```

---

### 📌 الخطوة 3: وضع النقاط فوق الأرقام المقابلة

لكل درجة حرارة في البيانات، ضع نقطة فوق الرقم المناسب. إذا تكررت الدرجة، اجعل النقاط عمودية فوق بعضها.

مثال باستخدام البيانات الافتراضية:

```
درجة الحرارة | عدد التكرارات
----------------------------
     15      | ●
     16      | ●
     17      | ● ●
     18      | ● ● ● ● ●
     19      | ● ●
     20      | ● ●
     21      | ●
     22      | ●
```

رسم النقاط سيكون كالتالي (يمكنك تخيله أو رسمه على ورقة):

```
    ●
    ●           ●
    ●     ●     ●     ●
    ●     ●     ●     ●         ●   ●
15  16   17   18   19   20   21   22
```

(كل صف يمثل مستوى أعلى من النقاط)

---

### 📌 الخطوة 4: تحليل الرسم

بعد رسم النقاط، يمكنك ملاحظة:

- **أكثر درجة حرارة تكررت**: في مثالنا، هي 18 (تكررت 5 مرات).
- **أقل درجة حرارة**: 15.
- **أعلى درجة حرارة**: 22.
- **توزيع الدرجات**: هل هي مركزة في منتصف النطاق؟ هل هناك انحراف لأحد الطرفين؟

---

### 📌 الخطوة 5: كتابة الاستنتاج

يمكنك أن تكتب مثلًا:

> ""يوضح رسم النقاط أن أكثر درجات الحرارة شيوعًا خلال الـ 14 يومًا كانت 18 درجة مئوية، حيث تكررت 5 مرات، بينما أقل درجة كانت 15 وأعلى درجة 22.""

---

## ✍️ خلاصة:

لحل المسألة، يجب عليك:

1. جمع أو افتراض بيانات درجات الحرارة.
2. رسم خط أرقام يشمل القيم من 15 إلى 22.
3. وضع نقطة فوق كل قيمة حسب تكرارها.
4. تحليل الرسم واستخلاص المعلومات منه.

---

إذا كنت تريد رسم هذا الرسم على ورقة أو برنامج مثل Excel أو أي أداة رسوم بيانية، يمكنني مساعدتك أيضًا في ذلك!

هل ترغب في رسم هذا على شكل جدول أو تحتاج إلى نسخة قابلة للطباعة؟"
"Data frequencies and probabilities","Collect, display and read data","H","باستخدام البيانات المعطاة، سجّل استهلاك الطاقة الشهري على مدار عام كامل، واستعمل رسمًا بيانيًا خطيًا لتحديد التغيرات الموسمية.","بالطبع! دعني أشرح لك خطوة بخطوة كيفية حل هذه المسألة الرياضية:

---

## **الهدف من المسألة:**
- تسجيل **استهلاك الطاقة الشهري** على مدار عام كامل.
- استخدام **رسم بياني خطي** لتحديد **التغيرات الموسمية** في الاستهلاك.

---

### ✅ الخطوة 1: جمع البيانات (أو استخدم ما هو معطى)
تحتاج إلى بيانات **استهلاك الطاقة لكل شهر** من أشهر السنة.  
عادة تكون البيانات على شكل جدول مثل هذا:

| الشهر       | استهلاك الطاقة (كيلوواط/ساعة) |
|-------------|-------------------------------|
| يناير       | 300                           |
| فبراير      | 280                           |
| مارس        | 250                           |
| أبريل       | 200                           |
| مايو        | 180                           |
| يونيو       | 220                           |
| يوليو        | 350                           |
| أغسطس       | 360                           |
| سبتمبر      | 280                           |
| أكتوبر      | 240                           |
| نوفمبر      | 270                           |
| ديسمبر      | 310                           |

> إذا لم تكن لديك البيانات، يمكنك افتراضها أو طلبها من المعلّم.

---

### ✅ الخطوة 2: إعداد الرسم البياني الخطي

#### الأدوات التي قد تحتاجها:
- ورقة رسم بياني (رسم يدوي أو باستخدام برنامج مثل Excel أو Google Sheets).
- محور X (الأفقي): الأشهر (يناير إلى ديسمبر).
- محور Y (الرأسي): كمية استهلاك الطاقة (كيلوواط/ساعة).

#### خطوات رسم الخط:
1. ارسم محورين عمودي وأفقي.
2. ضع الأشهر على المحور الأفقي (X).
3. ضع قيم استهلاك الطاقة على المحور الرأسي (Y).
4. حدد نقطة لكل شهر تعكس قيمة الاستهلاك.
5. وصل النقاط بخط متصل.

---

### ✅ الخطوة 3: تحليل التغيرات الموسمية

بعد رسم البيانات، يمكنك دراسة المنحنى للإجابة على أسئلة مثل:

- أي شهر كان **أعلى استهلاك**؟
- أي شهر كان **أقل استهلاك**؟
- هل هناك **مواسم واضحة** (مثل زيادة الاستهلاك في الشتاء أو الصيف)؟
- هل هناك **أنماط متكررة** كل عام؟
- هل هناك **زيادة أو انخفاض مستمر** في فترة معينة؟
  
---

### ✅ مثال على تحليل بسيط:

من الجدول السابق:

- **أعلى استهلاك:** أغسطس (360 كيلوواط/ساعة) → ربما بسبب تشغيل المكيفات.
- **أدنى استهلاك:** مايو (180 كيلوواط/ساعة) → مناخ معتدل.
- **زيادة في الشتاء (ديسمبر–فبراير):** بسبب التدفئة.
- **زيادة في الصيف (يونيو–أغسطس):** بسبب التبريد.

---

### ✅ الخلاصة:

لحل المسألة، عليك أن:

1. تسجل بيانات استهلاك الطاقة لكل شهر.
2. ترسم بيانًا خطيًا يوضح التغير عبر الأشهر.
3. تفسر الرسم لتحديد الأنماط والتغيرات الموسمية.

---

هل تحب أن أساعدك في إنشاء جدول بيانات وهمي ورسم بياني مثالي يمكنك استخدامه في عرض تقديمي أو واجب مدرسي؟"
"Data frequencies and probabilities","Collect, display and read data","H","يوضح مخطط دائري الفئات أ، ب، وج بزايا مركزية 90°، 120°، و150°؛ احسب النسبة المئوية لكل منها.","لحساب **النسبة المئوية** لكل فئة من الفئات (أ، ب، ج) في مخطط دائري (قطاعي)، نستخدم العلاقة التالية:

### 📌 العلاقة:
النسبة المئوية =  
$$
\frac{\text{زاوية القطاع}}{360^\circ} \times 100\%
$$

لأن الدائرة الكاملة تحتوي على **360 درجة**.

---

### ✏️ المعطيات:
- زاوية الفئة (أ) = $90^\circ$
- زاوية الفئة (ب) = $120^\circ$
- زاوية الفئة (ج) = $150^\circ$

---

### 🔢 الحساب:

#### 1. النسبة المئوية للفئة (أ):
$$
\frac{90}{360} \times 100 = 0.25 \times 100 = 25\%
$$

#### 2. النسبة المئوية للفئة (ب):
$$
\frac{120}{360} \times 100 = \frac{1}{3} \times 100 \approx 33.33\%
$$

#### 3. النسبة المئوية للفئة (ج):
$$
\frac{150}{360} \times 100 = \frac{5}{12} \times 100 \approx 41.67\%
$$

---

### ✅ النتائج النهائية:

| الفئة | الزاوية | النسبة المئوية |
|-------|---------|----------------|
| أ     | 90°     | 25%            |
| ب     | 120°    | ≈ 33.33%       |
| ج     | 150°    | ≈ 41.67%       |

---

💡 يمكنك التأكد من صحة الحل عن طريق جمع الزوايا أو النسب:

- $90 + 120 + 150 = 360^\circ$ ✔️
- $25\% + 33.33\% + 41.67\% \approx 100\%$ ✔️

هل ترغب أن أساعدك برسم المخطط أو تحويلها إلى جدول إكسيل؟"
"Data frequencies and probabilities","Compare and evaluate data","B","من الرسم البياني الشريطي التالي: ما هما اليومين اللذان كان فيهما أكبر عدد من الطلاب الذين يرتدون القبعات؟ [الإثنين (5)، الثلاثاء (5)، الأربعاء (4)، الخميس (1)، الجمعة (3)]","لحل هذه المسألة، نقوم بتحليل البيانات المعطاة التي تمثل عدد الطلاب الذين يرتدون القبعات في كل يوم من أيام الأسبوع.

المعطيات:
- الإثنين: 5 طلاب
- الثلاثاء: 5 طلاب
- الأربعاء: 4 طلاب
- الخميس: 1 طالب
- الجمعة: 3 طلاب

### الخطوة الأولى: مقارنة الأعداد
نبحث عن **اليومين الذين يحتويان على أكبر عدد** من الطلاب الذين يرتدون القبعات.

نلاحظ أن:
- الإثنين = 5
- الثلاثاء = 5
وكل الأيام الأخرى تحتوي على أعداد أقل من ذلك (4، 1، 3).

### إذًا:
اليومان اللذان كان فيهما **أكبر عدد من الطلاب الذين يرتدون القبعات** هما:
> **الإثنين والثلاثاء**

لأن العدد في كليهما هو 5 وهو أعلى رقم بين باقي الأيام.

---

هل ترغب أن أشرح لك كيف يمكنك رسم هذا الرسم البياني الشريطي أيضًا؟"
"Data frequencies and probabilities","Compare and evaluate data","B","أي يوم شهد أكبر كمية من المطر: الإثنين (20 ملم)، الثلاثاء (12 ملم)، الأربعاء (25 ملم)؟","بالطبع! لحل هذه المسألة الرياضية البسيطة، كل ما عليك فعله هو **مقارنة كميات المطر** التي سُجلت في كل يوم. إليك الخطوات:

### الكميات المعطاة:
- **الإثنين:** 20 ملم  
- **الثلاثاء:** 12 ملم  
- **الأربعاء:** 25 ملم

### الآن قارن بين الأرقام:
- 12 < 20 < 25

أي أن **يوم الأربعاء** شهد **أكبر كمية من المطر** (25 ملم).

---

### إذًا، الإجابة النهائية هي:
> **الأربعاء** هو اليوم الذي شهد أكبر كمية من المطر.

هل ترغب أن أشرح لك كيف ترسم جدولًا أو مخططًا لتمثيل هذه البيانات؟"
"Data frequencies and probabilities","Compare and evaluate data","B","ما الفرق بين أطول وأقصر الأعمدة في الرسم البياني: 3، 6، 8، 5، 3، 2؟","لحل هذه المسألة الرياضية: **""ما الفرق بين أطول وأقصر الأعمدة في الرسم البياني: 3، 6، 8، 5، 3، 2؟""**، نقوم باتباع الخطوات التالية:

---

### 🔹 الخطوة 1: فهم السؤال
- لديك قائمة بالأعداد: **3، 6، 8، 5، 3، 2**
- هذه الأعداد تمثل **أطوال الأعمدة (الحجوم أو القيم)** في رسم بياني (ربما رسم خطي أو أعمدة).
- المطلوب هو إيجاد **الفرق بين أطول عمود (أكبر قيمة) وأقصر عمود (أصغر قيمة)**.

---

### 🔹 الخطوة 2: تحديد أكبر عدد (أطول عمود)
من القائمة:
**3، 6، 8، 5، 3، 2**

- **أكبر عدد هو: 8**

---

### 🔹 الخطوة 3: تحديد أصغر عدد (أقصر عمود)
- **أصغر عدد هو: 2**

---

### 🔹 الخطوة 4: حساب الفرق
نحسب الفرق بين أكبر عدد وأصغر عدد:

$$
\text{الفرق} = 8 - 2 = 6
$$

---

### ✅ الإجابة النهائية:
> **الفرق بين أطول وأقصر الأعمدة هو: 6**

إذا كنت ترغب برسم هذه الأعمدة، يمكنك تخيلها كأشرطة أو أعمدة في رسم بياني حيث كل رقم يمثل ارتفاع عمود، ثم تقارن بين العمود الأعلى (8) والأسفل (2)، ويكون الفرق بينهما 6 وحدات."
"Data frequencies and probabilities","Compare and evaluate data","B","أي لون حصل على عدد الأصوات الأوسط: الأحمر (4)، الأزرق (7)، الأخضر (3)؟","لحل هذه المسألة، نحتاج إلى إيجاد **عدد الأصوات الأوسط** (أي **الوسيط**) بين عدد الأصوات لكل لون.

الألوان وعدد الأصوات هي:

- الأحمر: 4 أصوات  
- الأزرق: 7 أصوات  
- الأخضر: 3 أصوات

### الخطوة 1: ترتيب الأعداد تصاعديًا
نقوم بترتيب الأعداد من الأصغر إلى الأكبر:

**3، 4، 7**

### الخطوة 2: إيجاد العدد الأوسط (الوسيط)
بما أن لدينا **3 أعداد** (فردية)، فإن **الوسيط هو العدد الذي في المنتصف** بعد الترتيب، وهو:

**4**

### الخطوة 3: معرفة أي لون يتطابق مع هذا العدد
العدد **4** يعود للون **الأحمر**.

---

### ✅ الإجابة النهائية:
**اللون الذي حصل على عدد الأصوات الأوسط هو: الأحمر.**"
"Data frequencies and probabilities","Compare and evaluate data","C","ما هو الفرق بين أعلى وأدنى الدرجات في الرسم البياني؟","بالطبع! لحل مسألة ""ما هو الفرق بين أعلى وأدنى الدرجات في الرسم البياني""، سنتبع خطوات بسيطة. لكن أولًا، دعني أوضح ما المقصود بهذه العبارة وكيف تقرأ المعلومات من **الرسم البياني**.

### الخطوة 1: فهم السؤال
السؤال يطلب منك:
- إيجاد **أعلى درجة** (القيمة الأكبر) في الرسم البياني.
- إيجاد **أدنى درجة** (القيمة الأصغر) في الرسم البياني.
- ثم حساب **الفرق** بين هذين العددين.

---

### الخطوة 2: قراءة البيانات من الرسم البياني

لحل المسألة، يجب أن يكون لديك **رسم بياني** أمامك (مثل رسم بياني خطي، أو عمودي، أو دائري...إلخ). وفق نوع الرسم البياني، اتبع الطريقة المناسبة لقراءة القيم.

#### مثال:
لنفترض أن الرسم البياني يعرض درجات طلاب في اختبار كالتالي:

| الاسم   | الدرجة |
|--------|--------|
| أحمد   | 85     |
| سارة   | 92     |
| عمر    | 70     |
| ليلى   | 95     |

فـ:
- **أعلى درجة = 95**
- **أدنى درجة = 70**
- **الفرق = 95 - 70 = 25**

إذن، الفرق هو **25**.

---

### الخطوة 3: الخطوات العامة لحل المسألة

1. **افحص الرسم البياني**: ابحث عن القيم العددية المعروضة (درجات، مبيعات، عدد الطلاب...).
2. **حدد أعلى قيمة** موجودة على الرسم.
3. **حدد أقل قيمة** موجودة على الرسم.
4. **اطرح أقل قيمة من أعلى قيمة**.
5. **اكتب الناتج** وهو الفرق المطلوب.

---

### نصائح:
- إذا كان الرسم البياني معقدًا (مثلاً رسم بياني خطي أو مدرج تكراري)، فاستخدم خطوط التوجيه أو المحاور لتحديد القيم بدقة.
- إذا لم يكن الرسم البياني أمامك، فلا يمكن حل المسألة بدقة، لأنها تعتمد على بيانات مرئية.

---

هل عندك رسم بياني معين؟ إذا شاركتني البيانات أو نوع الرسم البياني، يمكنني مساعدتك بشكل أكثر تحديدًا."
"Data frequencies and probabilities","Compare and evaluate data","C","احسب المتوسط (الوسط الحسابي) لدرجات الاختبار التالية: 80، 85، 90، 95، 100","لحساب **المتوسط الحسابي (أو الوسط الحسابي)** لدرجات الاختبار:  
**80، 85، 90، 95، 100**

### الخطوة 1: اجمع الدرجات
$$
80 + 85 + 90 + 95 + 100 = 450
$$

### الخطوة 2: عد عدد الدرجات
هناك 5 درجات.

### الخطوة 3: استخدم قانون المتوسط الحسابي
$$
\text{المتوسط} = \frac{\text{مجموع الدرجات}}{\text{عدد الدرجات}} = \frac{450}{5} = 90
$$

### ✅ الإجابة النهائية:
$$
\boxed{90}
$$"
"Data frequencies and probabilities","Compare and evaluate data","C","احسب المدى للقيم التالية: ٤٥، ٣٩، ٥٠، ٤٨","لحساب **المدى** (Range) في مجموعة من القيم العددية، اتبع الخطوات التالية:

### ١. رتّب القيم تصاعديًا (ليس إلزاميًا، لكن يساعد على الفهم):
القيم المعطاة:  
**٤٥، ٣٩، ٥٠، ٤٨**

نُرتبها:  
**٣٩، ٤٥، ٤٨، ٥٠**

---

### ٢. حدّد أقل قيمة وأكبر قيمة:
- **أقل قيمة** = **٣٩**
- **أكبر قيمة** = **٥٠**

---

### ٣. استخدم قانون المدى:
$$
\text{المدى} = \text{أكبر قيمة} - \text{أقل قيمة}
$$

$$
\text{المدى} = 50 - 39 = 11
$$

---

### ✅ الإجابة النهائية:
**المدى هو ١١**

إذا عندك أكثر سؤال أو بتحب أشرح أي شيء إضافي عن الإحصاء الوصفي، أنا هنا! 😊"
"Data frequencies and probabilities","Compare and evaluate data","C","ما القيمة المفقودة إذا كان متوسط ثلاثة أعداد هو 10 واثنان منها هما 8 و12؟","لحل هذه المسألة، دعنا نبدأ بفهم المعطيات:

- لدينا **متوسط 3 أعداد = 10**  
- العددان الآخران هما: **8** و **12**  
- نريد إيجاد **العدد الثالث المفقود**

### خطوات الحل:

#### 1. تذكّر قانون المتوسط:
$$
\text{المتوسط} = \frac{\text{مجموع الأعداد}}{\text{عددها}}
$$

هنا عدد 3 أعداد، والمتوسط = 10، إذًا:

$$
10 = \frac{8 + 12 + س}{3}
$$

حيث $ س $ هو العدد الثالث المجهول.

#### 2. اجمع الطرف الأيسر:

$$
10 = \frac{20 + س}{3}
$$

#### 3. اضرب الطرفين في 3 لحذف المقام:

$$
30 = 20 + س
$$

#### 4. اطرح 20 من الطرفين:

$$
س = 30 - 20 = 10
$$

### ✅ الإجابة النهائية:
$$
\boxed{10}
$$

إذن العدد الثالث (القيمة المفقودة) هو **10**."
"Data frequencies and probabilities","Compare and evaluate data","C","أي يوم شهد أعلى زيادة في القيم في الرسم البياني؟","بالطبع! لكي أشرح لك كيفية حل مسألة من نوع: **""أي يوم شهد أعلى زيادة في القيم في الرسم البياني؟""**، سأحتاج إلى وجود رسم بياني يوضح القيم على مدى عدة أيام. لكن بما أنك لم ترفق الرسم البياني، سأشرح لك **الطريقة العامة لحل هذا النوع من الأسئلة** خطوة بخطوة.

---

### 🔍 **فهم السؤال:**
المطلوب هو تحديد **اليوم الذي حدثت فيه أكبر زيادة في القيمة مقارنة باليوم السابق**. لا يُقصد به القيمة الأعلى (ذلك سيكون اليوم الذي له أعلى قيمة)، بل **الزيادة الأكبر بين يوم وآخر**.

---

### 📊 مثال لتوضيح الفكرة:

لنفترض أن لديك الرسم البياني التالي يعرض القيم خلال 5 أيام:

| اليوم     | القيمة |
|-----------|--------|
| الأحد     | 10     |
| الإثنين   | 15     |
| الثلاثاء | 25     |
| الأربعاء | 27     |
| الخميس   | 35     |

---

### ✅ الخطوات لحل المسألة:

1. **حدد قيم كل يوم.**
2. **احسب الفرق (الزيادة) بين كل يوم واليوم السابق له.**

مثال:

- الإثنين: 15 - 10 = **+5**
- الثلاثاء: 25 - 15 = **+10**
- الأربعاء: 27 - 25 = **+2**
- الخميس: 35 - 27 = **+8**

3. **قارن بين هذه الزيادات.**
   - الإثنين: +5
   - الثلاثاء: +10 ← أعلى زيادة
   - الأربعاء: +2
   - الخميس: +8

4. **استنتج اليوم الذي شهد أعلى زيادة.**
   - أعلى زيادة كانت **+10** بين الإثنين (15) والثلاثاء (25).
   - إذًا، **الثلاثاء هو اليوم الذي شهد أعلى زيادة**.

---

### 🧠 نصائح مهمة:
- إذا كان الرسم البياني عموديًا أو خطيًا، فانظر إلى **الفرق الرأسي بين نقطتين متتاليتين**.
- انتبه إلى أن بعض الناس يخلطون بين ""أعلى قيمة"" و""أعلى زيادة""، وهما غير متساويين.
- استخدم المسطرة إن لزم الأمر لتقدير القيم بدقة من الرسم البياني.

---

### 📌 خلاصة:
لإيجاد اليوم الذي شهد **أعلى زيادة في القيم**:
> 💡 قارن الفرق بين القيمة الحالية والقيمة السابقة لكل يوم، ثم حدد اليوم الذي كان الفرق فيه الأكبر.

---

إذا كنت تستطيع إرسال بيانات أو رسم بياني معين، يمكنني مساعدتك في تحليله مباشرة."
"Data frequencies and probabilities","Compare and evaluate data","D","قارن بين المتوسط لمجموعتين من البيانات: A = [3، 4، 5]، B = [5، 6، 7].","لحل هذه المسألة الرياضية، والتي تطلب منك **مقارنة المتوسط (المتوسط الحسابي) لمجموعتين من البيانات**:

- المجموعة A = [3، 4، 5]  
- المجموعة B = [5، 6، 7]

### أولًا: ما هو المتوسط الحسابي؟
المتوسط الحسابي لمجموعة من الأعداد يُحسب بـ:
$$
\text{المتوسط} = \frac{\text{مجموع القيم}}{\text{عدد القيم}}
$$

---

### ثانيًا: احسب المتوسط لكل مجموعة

#### 1. المتوسط للمجموعة A:
$$
\text{متوسط A} = \frac{3 + 4 + 5}{3} = \frac{12}{3} = 4
$$

#### 2. المتوسط للمجموعة B:
$$
\text{متوسط B} = \frac{5 + 6 + 7}{3} = \frac{18}{3} = 6
$$

---

### ثالثًا: قارن بين المتوسطين

- متوسط المجموعة A = 4  
- متوسط المجموعة B = 6  

إذن:
$$
\text{متوسط B} > \text{متوسط A}
$$

أي أن **المتوسط الحسابي للمجموعة B أكبر من المتوسط الحسابي للمجموعة A**.

---

### خلاصة الحل:
- متوسط A = 4  
- متوسط B = 6  
- وبالتالي، المجموعة B لها متوسط أعلى.

هل ترغب في مقارنة غير المتوسط أيضًا، مثل الوسيط أو الانحراف المعياري؟"
"Data frequencies and probabilities","Compare and evaluate data","D","أي مجموعة بيانات لديها تباين أكبر: [5، 10، 15] أم [8، 9، 10]؟","لحل هذه المسألة الرياضية وتحديد أي مجموعة بيانات لديها **تباين** (Variance) أكبر، نقوم باتباع خطوات حساب التباين لكلتا المجموعتين.

---

### 🔍 **ما هو التباين؟**
التباين يُظهر مدى **انتشار القيم** في مجموعة البيانات حول **المتوسط الحسابي**. كلما زاد التباين، زاد تشتت القيم.

### ✅ **خطوات حساب التباين:**

1. احسب المتوسط الحسابي للبيانات.
2. اطرح المتوسط من كل قيمة للحصول على الانحرافات.
3. قم بتربيع كل انحراف.
4. اجمع الانحرافات المربعة.
5. قسم المجموع على عدد القيم (إذا كنت تحسب **التباين للمجتمع**), أو على $n - 1$ (إذا كانت عينة).

في هذا السؤال، بما أنك لم تحدد إن كانت البيانات عينة أم مجتمعاً كاملاً، سأوضح لك **كلا الحالتين**، لكن سنفترض أنها **مجتمع** (Population)، لأن العدد قليل جداً.

---

## 📌 المجموعة الأولى: [5, 10, 15]

### 1. المتوسط:
$$
\text{المتوسط} = \frac{5 + 10 + 15}{3} = \frac{30}{3} = 10
$$

### 2. الانحرافات عن المتوسط:
$$
(5 - 10)^2 = (-5)^2 = 25 \\
(10 - 10)^2 = 0^2 = 0 \\
(15 - 10)^2 = 5^2 = 25
$$

### 3. مجموع الانحرافات المربعة:
$$
25 + 0 + 25 = 50
$$

### 4. التباين (للمجتمع):
$$
\sigma^2 = \frac{50}{3} \approx 16.67
$$

---

## 📌 المجموعة الثانية: [8, 9, 10]

### 1. المتوسط:
$$
\text{المتوسط} = \frac{8 + 9 + 10}{3} = \frac{27}{3} = 9
$$

### 2. الانحرافات عن المتوسط:
$$
(8 - 9)^2 = (-1)^2 = 1 \\
(9 - 9)^2 = 0^2 = 0 \\
(10 - 9)^2 = 1^2 = 1
$$

### 3. مجموع الانحرافات المربعة:
$$
1 + 0 + 1 = 2
$$

### 4. التباين (للمجتمع):
$$
\sigma^2 = \frac{2}{3} \approx 0.67
$$

---

## ✅ الاستنتاج:

- التباين للمجموعة الأولى ≈ **16.67**
- التباين للمجموعة الثانية ≈ **0.67**

➡️ إذن، **المجموعة [5، 10، 15] لديها تباين أكبر**.

---

### 💡 هل تريد معرفة الانحراف المعياري أيضاً؟
نعم! الجذر التربيعي للتباين:

- للمجموعة الأولى: $\sqrt{16.67} \approx 4.08$
- للمجموعة الثانية: $\sqrt{0.67} \approx 0.82$

---

هل ترغب أن أشرح الفرق بين استخدام $n$ و $n-1$ في حساب التباين؟"
"Data frequencies and probabilities","Compare and evaluate data","D","ابحث عن الوسيط في البيانات التالية: 7، 9، 12، 10، 11.","لحل هذه المسألة و**إيجاد الوسيط (Median)** للبيانات التالية:

```
7، 9، 12، 10، 11
```

### أولًا: ما هو الوسيط؟
الوسيط هو **القيمة التي تقع في منتصف البيانات بعد ترتيبها تصاعديًا أو تنازليًا**.  
إذا كانت عدد القيم **فرديًا**، يكون الوسيط هو **القيمة المتوسطة تمامًا**.  
أما إذا كان العدد **زوجيًا**، نأخذ **متوسط القيمتين المتوسطتين**.

---

### خطوات الحل:

#### 1. رتب البيانات ترتيبًا تصاعديًا:
البيانات الأصلية:  
```
7، 9، 12، 10، 11
```

نرتبها:
```
7، 9، 10، 11، 12
```

#### 2. عد عدد القيم:
عدد القيم = **5** → عدد **فردي**

#### 3. حدد موقع الوسيط:
عند وجود عدد فردي من القيم، يكون الوسيط هو القيمة التي في الموقع:

$$
\text{موضع الوسيط} = \frac{n + 1}{2}
$$

حيث $ n $ هو عدد القيم.

$$
\frac{5 + 1}{2} = \frac{6}{2} = 3
$$

أي أن الوسيط هو **القيمة الثالثة** في البيانات المرتبة.

#### 4. ابحث عن القيمة الثالثة:
من البيانات المرتبة:  
```
7، 9، 10، 11، 12
```

القيمة الثالثة = **10**

---

### ✅ إذًا، الوسيط هو:  
$$
\boxed{10}
$$"
"Data frequencies and probabilities","Compare and evaluate data","E","فسّر ماذا يخبرك المدى الربعي الصغير عن مجموعة البيانات.","بالطبع! دعني أشرح لك ما المقصود **بالمدى الربعي**، وما يخبرك به **صغره** عن مجموعة البيانات.

---

### 📌 أولًا: ما هو **المدى الرُّبعي (Interquartile Range - IQR)**؟

المدى الرُّبعي هو مقياس **لنشر البيانات أو تشتتها**، ويركز على **الجزء الأوسط من البيانات**.  
يحسب المدى الرُّبعي بالصيغة التالية:

$$
\text{IQR} = Q_3 - Q_1
$$

حيث:
- $ Q_1 $: هو **الربيع الأول** – أي القيمة التي تفصل 25% الدنيا من البيانات.
- $ Q_3 $: هو **الربيع الثالث** – أي القيمة التي تفصل 75% الدنيا من البيانات.

---

### 🧠 الآن: ماذا يعني أن يكون **المدى الرُّبعي صغيرًا**؟

إذا كان **المدى الرُّبعي صغيرًا**، فهذا يعني أن:

✅ **القيم في منتصف البيانات متقاربة من بعضها البعض**.  
أي أن **الـ 50% الوسطى من البيانات لا تختلف كثيرًا**، وبالتالي:

🔹 **البيانات مركزية نسبيًا**  
🔹 **قليلة التباين أو التشتت في المنتصف**  
🔹 **ليس هناك اختلاف كبير بين القيم المتوسطة**

---

### 🔍 مثال لتوضيح الفكرة:

لنفترض لديك مجموعتين من الدرجات:

#### المجموعة A:  
$$ 70, 72, 74, 76, 78 $$  
→ $ Q_1 = 72 $، $ Q_3 = 76 $  
→ $ \text{IQR} = 76 - 72 = 4 $

#### المجموعة B:  
$$ 50, 60, 70, 80, 90 $$  
→ $ Q_1 = 60 $، $ Q_3 = 80 $  
→ $ \text{IQR} = 80 - 60 = 20 $

نلاحظ أن **المدى الرُّبعي للمجموعة A أصغر**، وهذا يعني أن **درجات الطلاب فيها أكثر تقاربًا**، بينما في المجموعة B هناك تفاوت أكبر بين الدرجات.

---

### ✅ خلاصة:

> **المدى الرُّبعي الصغير يدل على أن القيم الوسطى للبيانات قريبة من بعضها البعض، أي أن هناك تجانسًا أو قلة تشتت في منتصف البيانات.**

---

هل تحب أن أساعدك في حساب المدى الرُّبعي لمجموعة بيانات معينة؟ 😊"
"Data frequencies and probabilities","Compare and evaluate data","E","قم بتحليل الرسم البياني الصندوقي التالي وتفسير مدى انتشار البيانات وميولها.","بالطبع! لحل هذه المسألة، نحتاج إلى تحليل **الرسم البياني الصندوقي (Box Plot)** وتفسير **مدى انتشار البيانات** و**ميولها (الانحراف أو التماثل)**. لكن بما أنك لم ترفق الرسم البياني، سأشرح لك خطوات تحليل أي رسم بياني صندوقي وكيف يمكنك فهمه بنفسك.

---

### 🧠 أولاً: ما هو الرسم البياني الصندوقي؟

الرسم الصندوقي (Box and Whisker Plot) يُظهر توزيع مجموعة من البيانات باستخدام خمسة قياسات رئيسية:

1. **القيمة الدنيا (Minimum)** – أقل قيمة في البيانات.
2. **الربيع الأول (Q1)** – 25% من البيانات دونه.
3. **الوسيط (Q2)** – 50% من البيانات دونه وفوقه.
4. **الربيع الثالث (Q3)** – 75% من البيانات دونه.
5. **القيمة العليا (Maximum)** – أعلى قيمة في البيانات.

ويوجد أيضًا **القيم الشاذة (Outliers)** التي تظهر خارج ""الذيلين"" (Whiskers).

---

### 🔍 ثانيًا: كيفية تحليل مدى انتشار البيانات

#### ✅ 1. **حساب المدى البيني الربيعي (IQR)**:
$$
\text{IQR} = Q3 - Q1
$$
- كلما زاد هذا الفرق، كانت البيانات أكثر انتشارًا حول الوسيط.
- إذا كان IQR صغيرًا، فالبيانات مركزة.

#### ✅ 2. **المدى الكلي (Range)**:
$$
\text{Range} = \text{Max} - \text{Min}
$$
- يعطي فكرة عن الانتشار العام للبيانات.

#### ✅ 3. **طول الصندوق والذيلين**:
- صندوق طويل يعني بيانات متفرقة.
- ذيل طويل على أحد الجانبين يعني وجود انحراف.

---

### 📊 ثالثًا: تفسير ميل البيانات (الانحراف أو التماثل)

ننظر إلى طول الذيل الأيسر والأيمن:

| الحالة | التفسير |
|--------|---------|
| **الذيل الأيمن أطول** | البيانات **مشوهة لليمين (Positively Skewed)**، معظم القيم منخفضة، وهناك بعض القيم العالية. |
| **الذيل الأيسر أطول** | البيانات **مشوهة لليسار (Negatively Skewed)**، معظم القيم مرتفعة، وهناك بعض القيم المنخفضة. |
| **الذيلان متقاربان** | البيانات **متقاربة ومتماثلة تقريبًا** حول الوسيط. |

---

### 💡 مثال توضيحي:

لنفترض أن عندك رسمًا بيانيًا به:
- القيمة الدنيا = 10  
- Q1 = 20  
- الوسيط = 30  
- Q3 = 50  
- القيمة العليا = 90  

#### تحليل:
- IQR = 50 - 20 = 30  
- المدى = 90 - 10 = 80  
- الذيل الأيمن (من 50 إلى 90) أطول من الذيل الأيسر (من 10 إلى 20) → إذن البيانات **مشوهة لليمين**

---

### ✍️ كيف تكتب التفسير النهائي؟

مثال لتفسير الرسم البياني الصندوقي:

> يشير الرسم البياني الصندوقي إلى أن البيانات تتركز بين القيمتين 20 و50، حيث يمثل ذلك الربيعين الأول والثالث. يبلغ المدى البيني الربيعي 30 وحدة، مما يدل على انتشار متوسط للبيانات. كما يبدو أن البيانات مشوَّهة لليمين؛ لأن الذيل الأيمن أطول من الأيسر، مما يدل على وجود عدد قليل من القيم المرتفعة النادرة.

---

### هل تريد تحليل رسم بياني معين؟
إذا كنت تستطيع رفع الصورة أو وصفها لي بالكلمات (مثلاً: الوسيط كم؟ Q1 وQ3؟)، سأساعدك بتحليلها مباشرة.

هل ترغب في ذلك؟ 😊"
"Data frequencies and probabilities","Compare and evaluate data","E","أي مقياس (المتوسط، الوسيط، المنوال) يُمثّل هذه البيانات بشكل أفضل: ٣، ٣، ٣، ٤، ١٠٠؟","لحل هذه المسألة، نحتاج إلى مقارنة **المتوسط** و**الوسيط** و**المنوال** للبيانات:  
**٣، ٣، ٣، ٤، ١٠٠**

ثم نحدد **أي مقياس يمثل البيانات بشكل أفضل** من حيث **دقة التمثيل ومقاومته للقيم الشاذة (الغير طبيعية)**.

---

### أولاً: احسب كل مقياس

#### 1. **المتوسط الحسابي**:
$$
\text{المتوسط} = \frac{\text{مجموع القيم}}{\text{عدد القيم}} = \frac{3 + 3 + 3 + 4 + 100}{5} = \frac{113}{5} = 22.6
$$

#### 2. **الوسيط**:
رتب البيانات تصاعديًا (وهي مرتبة بالفعل):  
٣، ٣، ٣، ٤، ١٠٠  
الوسيط هو **القيمة الوسطى** في عدد فردي من القيم ⇒ القيمة الثالثة:
$$
\text{الوسيط} = 3
$$

#### 3. **المنوال**:
هو القيمة التي تتكرر أكثر عدد من المرات.
- القيمة ٣ تكررت ٣ مرات ⇒ المنوال هو:
$$
\text{المنوال} = 3
$$

---

### ثانيًا: المقارنة

| المقياس     | القيمة |
|------------|--------|
| المتوسط    | 22.6   |
| الوسيط      | 3      |
| المنوال     | 3      |

---

### ثالثًا: تحليل النتائج

- لدينا هنا **قيمة شاذة (Outlier)** وهي **100**، وهي بعيدة جدًا عن باقي القيم.
- هذا التأثير الكبير جعل **المتوسط مرتفعًا جدًا (22.6)**، رغم أن معظم البيانات صغيرة.
- بينما **الوسيط والمنوال لم يتأثرا بهذه القيمة الشاذة**، وظلا قريبين من معظم القيم.

---

### رابعًا: أي مقياس يمثل البيانات بشكل أفضل؟

بما أن **الوسيط والمنوال** لا يتأثران بالقيم الشاذة، ويُظهران أن معظم القيم قريبة من 3، فإن:

> ✅ **الوسيط أو المنوال هما معيار تمثيل أفضل لهذه البيانات.**

لكن إذا كان عليك اختيار **مقياس واحد فقط**، فالـ **الوسيط** غالبًا يُستخدم لتمثيل مركز البيانات خاصة عند وجود قيم شاذة.

---

### ✅ الإجابة النهائية:

**الوسيط (3)** يمثل هذه البيانات بشكل أفضل لأنه لا يتأثر بالقيمة الشاذة (100)، بينما المتوسط (22.6) مضلل بعض الشيء بسبب هذه القيمة الكبيرة غير الطبيعية."
"Data frequencies and probabilities","Compare and evaluate data","E","مجموعة بيانات تحتوي على القيم: 5، 6، 7، 8، 9، 50. احسب المتوسط الحسابي والوسيط. أي من القيمتين تأثرت أكثر بالقيمة الشاذة؟","بالطبع! دعني أشرح لك خطوة بخطوة كيفية حل هذه المسألة الرياضية:

---

### **المعطيات:**
لدينا مجموعة البيانات التالية:
```
5، 6، 7، 8، 9، 50
```

نُلاحظ أن القيمة **50** تبدو **قيمة شاذة (Outlier)** لأنها بعيدة نسبيًا عن باقي القيم.

---

## ✅ أولًا: حساب **المتوسط الحسابي**

### **الخطوة 1: جمع القيم**
$$
5 + 6 + 7 + 8 + 9 + 50 = 85
$$

### **الخطوة 2: قسمتها على عدد القيم (وهو 6)**
$$
المتوسط الحسابي = \frac{85}{6} ≈ 14.17
$$

---

## ✅ ثانيًا: حساب **الوسيط (Median)**

### **الخطوة 1: ترتيب القيم تصاعديًا** (هي مرتبة بالفعل):
```
5، 6، 7، 8، 9، 50
```

### **الخطوة 2: تحديد إذا ما كان عدد القيم فرديًا أو زوجيًا**
- العدد هو **6** → عدد **زوجي**

### **الخطوة 3: نأخذ متوسط القيمتين الوسطيتين**
- القيمتين في المواضع الثالث والرابع:
  ```
  القيمة الثالثة = 7  
  القيمة الرابعة = 8
  ```

$$
الوسيط = \frac{7 + 8}{2} = \frac{15}{2} = 7.5
$$

---

## ✅ الآن: أي من القيمتين (المتوسط أم الوسيط) تأثرت أكثر بالقيمة الشاذة؟

### لنقارن:
- **المتوسط الحسابي ≈ 14.17**
- **الوسيط = 7.5**

إذا لم تكن القيمة **50** موجودة (لنفترض)، وحسبنا المتوسط:

```
5، 6، 7، 8، 9
```

$$
المتوسط بدون القيمة الشاذة = \frac{5+6+7+8+9}{5} = \frac{35}{5} = 7
$$

نرى أن:
- **المتوسط ارتفع من 7 إلى 14.17** بسبب القيمة الشاذة.
- أما **الوسيط** فقد ظل قريبًا من القيم الأصلية (7.5).

---

## ✅ الاستنتاج:

🔹 **المتوسط الحسابي تأثر بشكل كبير بالقيمة الشاذة.**  
🔹 **الوسيط لم يتأثر كثيرًا**، لأنه يعتمد فقط على القيم الوسطية ولا يهتم بالقيم المتطرفة.

---

### ✅ الإجابة النهائية:

- **المتوسط الحسابي ≈ 14.17**
- **الوسيط = 7.5**
- **المتوسط الحسابي هو الأكثر تأثرًا بالقيمة الشاذة.**

هل ترغب أن أوضح لك الفرق بين المتوسط والوسيط بمخطط أو مثال آخر؟"
"Data frequencies and probabilities","Compare and evaluate data","E","فسر الرسم البياني الصندوقي حيث يكون الوسيط أقرب بكثير إلى الربع الأول (Q1) مقارنة بالربع الثالث (Q3). ماذا يوحي هذا عن البيانات؟","عندما يكون **الوسيط (Median)** في الرسم البياني الصندوقي أقرب إلى **الربع الأول (Q1)** مقارنة بـ **الربع الثالث (Q3)**، فهذا يشير إلى خاصية مهمة في توزيع البيانات. دعني أشرح لك بالتفصيل:

---

### 📌 ما هو الرسم البياني الصندوقي (Box Plot)؟
هو رسم بياني يستخدم لوصف توزيع مجموعة من البيانات باستخدام الخمسة مقاييس التالية:
1. القيمة الدنيا (Minimum)
2. الربع الأول (Q1)
3. الوسيط (Median أو Q2)
4. الربع الثالث (Q3)
5. القيمة العليا (Maximum)

ويُستخدم هذا الرسم لفهم شكل التوزيع، وجودة البيانات، وتحديد القيم الشاذة.

---

### 💡 ما معنى أن يكون الوسيط أقرب إلى Q1 منه إلى Q3؟

هذا يعني أن:
- **نصف البيانات أقل من أو تساوي قيمة الوسيط**
- بينما **الجزء الأكبر من النصف الثاني للبيانات متباعد أكثر**

وهذا يشير إلى أن البيانات **مشوَّهة نحو اليمين (Right Skewed)** أو ما يُعرف أيضًا بـ **الانحراف الموجب (Positive Skewness)**.

---

### 🧠 ما الذي يوحيه هذا الشكل عن البيانات؟

- هناك **عدد قليل من القيم الكبيرة جدًا** تبعد عن باقي البيانات.
- معظم القيم تتجمع عند **الأطراف الدنيا** من التوزيع.
- المتوسط الحسابي غالبًا سيكون أكبر من الوسيط.
  
مثال:  
لو نظرت إلى دخل الأفراد في مجتمع، ستلاحظ أن معظم الناس لديهم دخل متوسط أو منخفض، لكن عددًا قليلاً جدًا لديهم دخل مرتفع جدًا. هذا سيؤدي إلى تشويه نحو اليمين.

---

### 📊 توضيح بصري (تخيلي):

```
|----|         |-------|
Q1  Median     Q3
```

المسافة بين Q1 والوسيط صغيرة، بينما المسافة بين الوسيط وQ3 كبيرة.  
هذا يدل على أن الذيل الأيمن (الجزء العلوي من البيانات) أطول، مما يؤكد التشويه الموجب.

---

### ✅ استنتاجك النهائي يجب أن يكون:

> إذا كان الوسيط أقرب إلى الربع الأول (Q1) من الربع الثالث (Q3) في الرسم الصندوقي، فإن هذا يشير إلى أن **توزيع البيانات مشوَّه نحو اليمين**، أي أن هناك بعض القيم العظمى الكبيرة التي تبعد عن التجمع الرئيسي للبيانات.

---

هل تحب أن أساعدك برسم تخطيطي أو مثال عددي لتوضيح الفكرة أكثر؟ 😊"
"Data frequencies and probabilities","Compare and evaluate data","F","متوسط درجات امتحان صفين هما 78 و 83. مقارنة بذلك، مدى درجات الصف الأول هو 20 ومدى درجات الصف الثاني هو 5. أي الصفين يمتلك درجات أكثر اتساقًا؟","لحل هذه المسألة، نحتاج إلى فهم معنى **المتوسط (الوسط الحسابي)** و**المدى**، ثم تحديد ما المقصود بـ""الدرجات الأكثر اتساقًا"".

---

### 📌 المعاني:

- **المتوسط (Mean):**
  - يمثل القيمة ""المتوسطة"" لدرجات الطلاب في الصف.
  - لا يخبرنا عن تشتت الدرجات، بل فقط عن مركزها.

- **المدى (Range):**
  - هو الفرق بين أعلى درجة وأدنى درجة في البيانات.
  - كلما قل المدى، كانت الدرجات أقرب من بعضها البعض، أي **أكثر اتساقًا**.

---

### 📊 المعطيات:

| الصف | المتوسط | المدى |
|------|----------|--------|
| الأول | 78      | 20     |
| الثاني | 83      | 5      |

---

### ✅ التحليل:

- مدى درجات **الصف الأول = 20** → هذا يعني أن هناك فارقًا كبيرًا بين أعلى وأدنى درجة.
- مدى درجات **الصف الثاني = 5** → هذا يعني أن الدرجات قريبة جدًا من بعضها البعض.

---

### 🧠 الاستنتاج:

بما أن **المدى يقيس التشتت أو الاتساق**، فإن:

> **كلما قل المدى، كانت الدرجات أكثر اتساقًا.**

إذن:

✅ **الصف الثاني** يمتلك درجات **أكثر اتساقًا** لأن مدى درجاته أقل (5 مقابل 20).

---

### 💡 ملاحظة إضافية:
لو كان لدينا مقاييس تشتيت أخرى مثل **الانحراف المعياري**، لكان ذلك مؤشرًا أكثر دقة على الاتساق، لكن بما أن المعطى هنا هو **المدى** فقط، فهو الكافي للإجابة.

هل ترغب أن أشرح لك كيف نحسب الانحراف المعياري كمقياس للتشتت أيضًا؟"
"Data frequencies and probabilities","Compare and evaluate data","F","المجموعة أ: [10، 10، 10، 10، 10]؛ المجموعة ب: [6، 8، 10، 12، 14]. أيهما لديه انحراف معيار أعلى؟","لحل هذه المسألة والوصول إلى أي المجموعتين لها **انحراف معياري أعلى**، نحتاج أولاً لفهم معنى الانحراف المعياري، ثم نحسبه لكل مجموعة.

---

### 🔹 ما هو الانحراف المعياري؟
الانحراف المعياري (Standard Deviation) هو مقياس لإيجاد مدى **تباعد القيم في مجموعة بيانات** عن الوسط الحسابي. كلما زادت القيم تباعدًا عن المتوسط، زاد الانحراف المعياري.

---

## ✳️ خطوات حساب الانحراف المعياري:

1. **احسب الوسط الحسابي** للمجموعة.
2. **اطرح الوسط من كل قيمة** لتحصل على الفرق.
3. **ربّع كل فرق**.
4. **احسب متوسط هذه المربعات** = هذا هو التباين (Variance).
5. **خذ الجذر التربيعي للتباين** لتحصل على الانحراف المعياري.

---

## 📌 لنبدأ بحساب الانحراف المعياري لكل مجموعة:

### 🔹 المجموعة أ: [10, 10, 10, 10, 10]

#### 1. الوسط الحسابي:
$$
\text{المتوسط} = \frac{10 + 10 + 10 + 10 + 10}{5} = 10
$$

#### 2. الفروقات:
كل قيمة - المتوسط = $10 - 10 = 0$  
إذن الفروقات هي: [0, 0, 0, 0, 0]

#### 3. مربعات الفروقات:
$$
[0^2, 0^2, 0^2, 0^2, 0^2] = [0, 0, 0, 0, 0]
$$

#### 4. التباين:
$$
\text{التباين} = \frac{0 + 0 + 0 + 0 + 0}{5} = 0
$$

#### 5. الانحراف المعياري:
$$
\text{الانحراف المعياري} = \sqrt{0} = 0
$$

---

### 🔹 المجموعة ب: [6, 8, 10, 12, 14]

#### 1. الوسط الحسابي:
$$
\text{المتوسط} = \frac{6 + 8 + 10 + 12 + 14}{5} = \frac{50}{5} = 10
$$

#### 2. الفروقات:
- $6 - 10 = -4$
- $8 - 10 = -2$
- $10 - 10 = 0$
- $12 - 10 = 2$
- $14 - 10 = 4$

الفروقات: [-4, -2, 0, 2, 4]

#### 3. مربعات الفروقات:
$$
[(-4)^2, (-2)^2, 0^2, 2^2, 4^2] = [16, 4, 0, 4, 16]
$$

#### 4. التباين:
$$
\text{التباين} = \frac{16 + 4 + 0 + 4 + 16}{5} = \frac{40}{5} = 8
$$

#### 5. الانحراف المعياري:
$$
\text{الانحراف المعياري} = \sqrt{8} \approx 2.83
$$

---

## ✅ الاستنتاج النهائي:

- **المجموعة أ**: انحراف معياري = 0  
- **المجموعة ب**: انحراف معياري ≈ 2.83

🔹 إذًا، **المجموعة ب لديها انحراف معياري أعلى**.

---

### 📌 لماذا؟
لأن قيم المجموعة ب تختلف عن الوسط (بعضها أقل، وبعضها أعلى)، بينما جميع قيم المجموعة أ متساوية، فلا يوجد تباين إطلاقًا.

---

هل تحب أن أشرح لك كيف ترسم هذه القيم على شكل رسم بياني لتُظهر التشتت بصريًا؟"
"Data frequencies and probabilities","Compare and evaluate data","F","بيانات المبيعات: يناير - 40، فبراير - 38، مارس - 39، أبريل - 85. هل قيمة أبريل تعتبر نقطه شاذة؟ برر إجابتك.","لحل هذه المسألة وتحديد ما إذا كانت قيمة **المبيعات في أبريل (85)** تعتبر **نقطة شاذة** (Outlier)، نحتاج إلى اتباع خطوات منطقية تعتمد على تحليل البيانات المعطاة:

---

### 📌 أولاً: البيانات المعطاة

البيانات هي:

- يناير: 40  
- فبراير: 38  
- مارس: 39  
- أبريل: 85  

---

### 📌 ثانياً: ما المقصود بالنقطة الشاذة؟

النقطة الشاذة (Outlier) هي القيمة التي **تختلف بشكل كبير** عن باقي القيم في مجموعة البيانات، أي أنها **لا تتبع النمط العام للبيانات**.

---

### 📌 ثالثاً: طريقة تحديد النقاط الشاذة

يمكننا استخدام الطريقة الإحصائية التالية:

#### 1. ترتيب البيانات تصاعديًا:
38, 39, 40, 85

#### 2. حساب الربيعيات:
- **الوسيط (Q2):** بين القيمتين الثانية والثالثة = (39 + 40)/2 = 39.5  
- **الربيع الأول (Q1):** متوسط القيمتين الأوليتين = (38 + 39)/2 = 38.5  
- **الربيع الثالث (Q3):** متوسط القيمتين الأخيرتين = (40 + 85)/2 = 62.5

#### 3. حساب المدى الربيعي (IQR):
$$
\text{IQR} = Q3 - Q1 = 62.5 - 38.5 = 24
$$

#### 4. تحديد الحدود الدنيا والعليا لتحديد الشواذ:
- الحد العلوي = $ Q3 + 1.5 \times IQR = 62.5 + 1.5 \times 24 = 62.5 + 36 = 98.5 $
- الحد السفلي = $ Q1 - 1.5 \times IQR = 38.5 - 1.5 \times 24 = 38.5 - 36 = 2.5 $

#### 5. هل القيمة 85 أكبر من الحد العلوي (98.5)؟
- لا، لأن 85 < 98.5

إذن، **85 لا تقع خارج الحدود المسموح بها** وبالتالي **ليست نقطة شاذة إحصائية رياضية** بحسب هذا المعيار.

---

### ✅ لكن... تحليل نوعي (Qualitative Analysis):

رغم أن القيمة **85 لا تُعد نقطة شاذة إحصائيًا** باستخدام معيار الربيعيات، إلا أننا نلاحظ أن:

- القيم الثلاث الأولى قريبة جدًا من بعضها (38، 39، 40)
- بينما قفزت القيمة الرابعة (85) بشكل كبير جدًا عنها

> **هذا قد يشير إلى وجود سبب غير عادي أو حدث استثنائي في شهر أبريل** (مثل عرض خاص، موسم تسويق، أو خطأ في إدخال البيانات).

---

### ✍️ الاستنتاج النهائي:

- **من الناحية الإحصائية:** لا، قيمة أبريل (85) **ليست نقطة شاذة** باستخدام معيار IQR.
- **من الناحية العملية:** القيمة **مرتفعة جداً مقارنة بالأشهر السابقة**، وقد تكون **تشير إلى حالة خاصة** تستلزم التحقق منها (هل هي صحيحة؟ هل كان هناك سبب؟).

---

### 🧠 خلاصة:

> **لا تعتبر قيمة أبريل (85) نقطة شاذة إحصائيًا، لكنها تبدو غير طبيعية مقارنة بالقيم الأخرى، وقد تحتاج إلى مراجعة لمعرفة سبب الانحراف الكبير.**

هل ترغب أن أشرح لك كيف ترسم مخطط الصندوق (Box Plot) لتظهر ذلك بصريًا؟"
"Data frequencies and probabilities","Compare and evaluate data","F","تم الإبلاغ عن متوسط دخل قدره 50,000 دينار. معظم الأشخاص في البيانات يكسبون أقل من 30,000 دينار. ماذا يُشير هذا إلى توزيع هذه البيانات؟","هذا السيناريو يشير إلى أن **توزيع الدخل في هذه البيانات غير متماثل (مشوه)**، وتحديدًا أنه **مشوه إلى اليمين (Skewed Right)**.

### التفسير:

- **المتوسط = 50,000 دينار**
- **أغلب الأشخاص يكسبون أقل من 30,000 دينار**

### ماذا يعني ذلك؟

إذا كان **معظم الناس** يتقاضون دخلاً أقل من المتوسط، فهذا يعني أن هناك عددًا **قليلًا جدًا من الأفراد ذوي الدخل المرتفع جداً** الذين رفعوا **المتوسط** إلى 50,000 دينار، رغم أن معظم القيم تقع تحت هذا الرقم بكثير.

### خصائص هذا النوع من التوزيع:

- في **التوزيع المشوه لليمين**:
  - الذيل الأيمن (القيم العالية) أطول.
  - **المتوسط > الوسيط > المنوال**
- بما أن معظم الناس يتقاضون أقل من 30,000، فإن **الوسيط** يجب أن يكون أقل من المتوسط (أي أيضًا أقل من 50,000، وربما قريب من 30,000).
- هذا يؤكد أن التوزيع ليس طبيعيًا أو متوازنًا.

---

### مثال توضيحي:

تخيل أن لديك 10 أشخاص ودخلهم كالتالي (بالآلاف):

- 9 أشخاص يتقاضون: 20,000 دينار
- 1 شخص يتقاضى: 140,000 دينار

**المتوسط** = (9×20,000 + 140,000) ÷ 10 = 320,000 ÷ 10 = **32,000 دينار**

رغم أن 90% منهم يتقاضون فقط 20,000، فإن المتوسط أعلى بسبب الشخص الغني. إذا زاد الفرق أكثر، يمكن أن يرتفع المتوسط إلى 50,000 كما في سؤالك.

---

### الاستنتاج:

> هذا يشير إلى أن **توزيع الدخل مشوه لليمين**، أي أن هناك عددًا قليلاً من أصحاب الدخل المرتفع الذين يرفعون المتوسط، بينما يبقى معظم الدخل منخفضًا.

هل ترغب أن أشرح لك كيف تُظهر هذا التوزيع بيانيًا أو كيف تحدد نوع التشويه من بيانات معينة؟"
"Data frequencies and probabilities","Compare and evaluate data","F","في مجموعة من 10 طلاب، متوسط عدد الكتب التي تم قراءتها هو 6. إذا كان هناك طالبان قد قرأوا 0 كتاب، كيف سيؤثر ذلك على المتوسط؟","حسنًا، دعني أشرح لك كيفية حل هذه المسألة خطوة بخطوة.

### **المعطيات:**
- عدد الطلاب = 10 طلاب.
- المتوسط (متوسط عدد الكتب التي قرأها الطلاب) = 6 كتب.
- يوجد طالبان لم يقرآ أي كتاب، أي قرآ 0 كتاب.

### **المطلوب:**
فهم كيف سيؤثر وجود الطالبين اللذين قرآ 0 كتاب على المتوسط.

---

## **الخطوة 1: إيجاد العدد الإجمالي للكتب قبل معرفة تفاصيل الطالبين**

نحن نعلم أن:

$$
\text{المتوسط} = \frac{\text{عدد الكتب الإجمالي}}{\text{عدد الطلاب}}
$$

إذن:

$$
6 = \frac{\text{عدد الكتب الإجمالي}}{10}
\Rightarrow \text{عدد الكتب الإجمالي} = 6 \times 10 = 60
$$

أي أن هؤلاء العشرة طلاب قرؤوا مجتمعين **60 كتابًا**.

---

## **الخطوة 2: نفترض أن الطالبين الذين قرآ 0 كتاب هما جزء من هذا المجموع**

هذا يعني أن الـ 8 طلاب الآخرين هم من قرؤوا كل الكتب، لأن:

$$
\text{كتب الطالبين} = 0 + 0 = 0 \\
\text{كتب الـ 8 الباقية} = 60 - 0 = 60
$$

أي أن 8 طلاب قرؤوا 60 كتابًا مجتمعين.

---

## **الخطوة 3: ماذا يحدث لو حذفنا هذين الطالبين من الحساب؟**

لنرى كيف سيتغير المتوسط إذا اعتبرنا فقط الـ 8 طلاب الذين قرؤوا الكتب:

$$
\text{متوسط جديد} = \frac{60}{8} = 7.5
$$

أي أن:

> إذا استثنينا الطالبين الذين لم يقرآ شيئًا، فإن متوسط عدد الكتب يزيد إلى **7.5** كتاب للطالب.

---

## **الخلاصة:**

- كان المتوسط الأصلي بين 10 طلاب هو **6**.
- بسبب وجود طالبين لم يقرآ أي كتاب، انخفض المتوسط.
- لو حسبنا المتوسط بدون هذين الطالبين، سيكون أعلى (**7.5**)، لكن بما أنهم موجودون في المجموعة، فإن المتوسط **ظل 6**.

---

## ✅ **التأثير على المتوسط:**

وجود طالبين قرآ 0 كتاب:
- لا يغير العدد الإجمالي للكتب (لا يزال 60).
- لكن وجودهم يقلل من المتوسط، لأنه يتم تقسيم نفس العدد من الكتب على عدد أكبر من الطلاب (10 بدلًا من 8).

---

هل ترغب أن أساعدك في صياغة سؤال مشابه أو رسم جدول لتوضيح الأمر أكثر؟"
"Data frequencies and probabilities","Compare and evaluate data","G","قارن نطاق الربيع الداخلي لمجموعة البيانات A (Q1=12، Q3=28) ومجموعة البيانات B (Q1=14، Q3=22).","لحل هذه المسألة ومقارنة **نطاق الربيع الداخلي** (Interquartile Range - IQR) للمجموعتين A وB، نقوم باتباع الخطوات التالية:

---

### 🔹 ما هو نطاق الربيع الداخلي (IQR)؟

هو مقياس للتفريق أو التشتت في مجموعة بيانات، ويُحسب بالصيغة التالية:

$$
\text{IQR} = Q3 - Q1
$$

حيث:
- $ Q1 $: الربيع الأول (القيمة التي تفصل 25% الدنيا من البيانات).
- $ Q3 $: الربيع الثالث (القيمة التي تفصل 75% الدنيا من البيانات).

---

### 🔹 المعطيات:

- **مجموعة A**:  
  $ Q1 = 12 $، $ Q3 = 28 $

- **مجموعة B**:  
  $ Q1 = 14 $، $ Q3 = 22 $

---

### 🔹 الحساب:

#### ✏️ لمجموعة A:
$$
\text{IQR}_A = Q3 - Q1 = 28 - 12 = 16
$$

#### ✏️ لمجموعة B:
$$
\text{IQR}_B = Q3 - Q1 = 22 - 14 = 8
$$

---

### 🔹 المقارنة:

- نطاق الربيع الداخلي لمجموعة A هو **16**.
- نطاق الربيع الداخلي لمجموعة B هو **8**.

إذًا:

$$
\boxed{\text{IQR}_A > \text{IQR}_B}
$$

---

### 🔹 الاستنتاج:

مجموعة **A** لها تشتت داخلي (مدى ربيعي) **أكبر** من مجموعة **B**، مما يعني أن القيم في المنتصف (من 25% إلى 75%) في مجموعة A أكثر انتشارًا من تلك في مجموعة B.

---

هل ترغب أن أشرح لك معنى IQR بمزيد من التبسيط أو كيف يظهر ذلك على رسم الصندوق؟"
"Data frequencies and probabilities","Compare and evaluate data","G","استخدم درجات ز لتقارن بين الطالب أ (الدرجة 85، μ=80، σ=5) والطالب ب (الدرجة 92، μ=88، σ=3).","لحل هذه المسألة الرياضية، سنستخدم **الدرجة المعيارية (Z-score)** لتقييم ومقارنة أداء الطالب **أ** والطالب **ب** بشكل عادل، بالنظر إلى أن كل منهما ينتمي إلى توزيع مختلف (متوسط وانحراف معياري مختلف).

---

### 🔹 المعطيات:

- **الطالب أ:**
  - الدرجة = 85
  - المتوسط (μ) = 80
  - الانحراف المعياري (σ) = 5

- **الطالب ب:**
  - الدرجة = 92
  - المتوسط (μ) = 88
  - الانحراف المعياري (σ) = 3

---

### 🔸 ما هي درجة Z؟

الدرجة المعيارية أو **Z-score** تُحسب بالصيغة التالية:

$$
Z = \frac{\text{الدرجة الفردية} - \text{المتوسط}}{\text{الانحراف المعياري}}
$$

وهي تعبر عن مدى بُعد الدرجة الفردية عن المتوسط بوحدات الانحراف المعياري.

---

### 🔹 حساب درجات Z لكل طالب:

#### ✅ للطالب أ:
$$
Z_A = \frac{85 - 80}{5} = \frac{5}{5} = 1
$$

#### ✅ للطالب ب:
$$
Z_B = \frac{92 - 88}{3} = \frac{4}{3} \approx 1.33
$$

---

### 🔍 التفسير:

- الطالب أ لديه Z = 1، أي أنه أعلى من المتوسط بمقدار **واحد انحراف معياري**.
- الطالب ب لديه Z ≈ 1.33، أي أنه أعلى من المتوسط بمقدار **1.33 انحراف معياري**.

---

### ✅ الاستنتاج:

رغم أن الطالب أ حصل على درجة أقل (85) من الطالب ب (92)، فإن **الطالب ب أفضل نسبيًا** مقارنة بزملائه في نفس التوزيع، لأن درجة Z الخاصة به أعلى.

---

### 📌 خلاصة:

| الطالب | الدرجة | Z-score | التقييم النسبي |
|--------|--------|----------|----------------|
| أ      | 85     | 1        | أعلى من المتوسط بانحراف واحد |
| ب      | 92     | 1.33     | أعلى من المتوسط بـ 1.33 انحراف |

🔹 إذًا، **الطالب ب أفضل من حيث الأداء النسبي**.

هل تحب أن أشرح لك كيف تُفسر القيم Z إحصائيًا أكثر؟"
"Data frequencies and probabilities","Compare and evaluate data","G","ركض أربعة طلاب مسافة ميل واحد في الأوقات التالية (بالدقائق): – أليكس: ٨٫٣  – بريانا: ٩٫٦  – كارلوس: ٨٫٧  – ديانا: ٩٫٢. كان متوسط الزمن ٩٫٠ دقائق، والانحراف المعياري ٠٫٤ دقيقة. احسب القيمة المعيارية (z-score) لكل طالب، ثم رتّب الطلاب من الأسرع إلى الأبطأ بالنسبة إلى المتوسط (وليس فقط حسب الزمن الفعلي).","حسنًا، دعني أشرح لك خطوة بخطوة كيفية حل هذه المسألة.

### **المطلوب:**
1. حساب **القيمة المعيارية (Z-score)** لكل طالب.
2. **ترتيب الطلاب من الأسرع إلى الأبطأ** بالنسبة للمتوسط (أي بناءً على الـ Z-score وليس الزمن الفعلي).

---

## ✳️ ما هي القيمة المعيارية (Z-score)؟

القيمة المعيارية (Z-score) تُحسب بالصيغة التالية:

$$
z = \frac{\text{القيمة الفردية} - \text{المتوسط}}{\text{الانحراف المعياري}}
$$

- إذا كانت القيمة المعيارية **سالبة**: فهذا يعني أن الزمن أقل من المتوسط → الطالب أسرع من المتوسط.
- إذا كانت **موجبة**: الزمن أعلى من المتوسط → الطالب أبطأ من المتوسط.
- كلما زادت القيمة المطلقة للـ $ z $، ابتعدت القيمة عن المتوسط أكثر.

---

## 📌 المعطيات:

- **المتوسط** = ٩٫٠ دقيقة  
- **الانحراف المعياري** = ٠٫٤ دقيقة  
- أزمنة الركض:
  - أليكس: ٨٫٣ دقيقة
  - بريانا: ٩٫٦ دقيقة
  - كارلوس: ٨٫٧ دقيقة
  - ديانا: ٩٫٢ دقيقة

---

## 🧮 حساب القيم المعيارية (Z-scores):

### 1. أليكس:
$$
z = \frac{8.3 - 9.0}{0.4} = \frac{-0.7}{0.4} = -1.75
$$

### 2. بريانا:
$$
z = \frac{9.6 - 9.0}{0.4} = \frac{0.6}{0.4} = 1.5
$$

### 3. كارلوس:
$$
z = \frac{8.7 - 9.0}{0.4} = \frac{-0.3}{0.4} = -0.75
$$

### 4. ديانا:
$$
z = \frac{9.2 - 9.0}{0.4} = \frac{0.2}{0.4} = 0.5
$$

---

## 📊 نلخص النتائج في جدول:

| الطالب   | الزمن (دقيقة) | القيمة المعيارية (z-score) |
|---------|----------------|----------------------------|
| أليكس    | ٨٫٣           | -١٫٧٥                     |
| كارلوس   | ٨٫٧           | -٠٫٧٥                     |
| ديانا    | ٩٫٢           | +٠٫٥                      |
| بريانا   | ٩٫٦           | +١٫٥                      |

---

## 🔁 رتبة السرعة بناءً على الـ Z-score (من الأسرع إلى الأبطأ):

نترتّب الطلاب من **الأقل قيمة لـ z** إلى **الأعلى** لأن:

- القيم **السالبة** تعني سرعة أعلى من المتوسط.
- القيم **الموجبة** تعني بطء أكثر من المتوسط.

### ✅ الترتيب:

1. **أليكس** (-١٫٧٥) ← الأسرع مقارنة بالمتوسط
2. **كارلوس** (-٠٫٧٥)
3. **ديانا** (+٠٫٥)
4. **بريانا** (+١٫٥) ← الأبطأ مقارنة بالمتوسط

---

## ✅ الإجابة النهائية:

- **القيم المعيارية (Z-scores):**
  - أليكس: -١٫٧٥  
  - كارلوس: -٠٫٧٥  
  - ديانا: +٠٫٥  
  - بريانا: +١٫٥  

- **ترتيب الطلاب من الأسرع إلى الأبطأ نسبةً للمتوسط:**
  1. أليكس  
  2. كارلوس  
  3. ديانا  
  4. بريانا

هل تريد شرحًا بصريًّا أو رسومات لتوضيح الفكرة أكثر؟"
"Data frequencies and probabilities","Compare and evaluate data","G","تَمّ تحليل مخططين مبعثرين: – الرسم (أ): الوقت المخصص للدراسة مقابل الدرجات، حيث r = ٠٫٨٨  – الرسم (ب): عدد ساعات مشاهدة التلفاز مقابل الدرجات، حيث r = –٠٫١٢. حدد ما إذا كانت العلاقة في كل رسم إيجابية أو سلبية أو لا توجد علاقة.","بالطبع! دعني أشرح لك كيف تحل هذه المسألة ببساطة.

لدينا هنا **مخططين مبعثرين** (Scatter Plots)، وكل منهما يُظهر العلاقة بين متغيرين، وقد تم إعطاؤك **معامل الارتباط (r)** لكل منهما. مهمتك هي تحديد نوع العلاقة: هل هي **إيجابية**؟ **سلبية**؟ أم **لا توجد علاقة**؟

### أولًا: ما معنى معامل الارتباط (r)؟
- معامل الارتباط (r) يقيس **قوة واتجاه العلاقة الخطية** بين متغيرين.
- قيمته تتراوح بين **-1 و+1**:
  - إذا كانت **r قريبة من +1**: العلاقة **إيجابية قوية**.
  - إذا كانت **r قريبة من -1**: العلاقة **سلبية قوية**.
  - إذا كانت **r قريبة من 0**: **لا توجد علاقة خطية واضحة**.

---

### الآن ننتقل لتحليل كل رسم:

#### الرسم (أ):  
- الوقت المخصص للدراسة مقابل الدرجات  
- معامل الارتباط $ r = 0.88 $

✅ بما أن القيمة قريبة من +1، فهذا يعني أن هناك **علاقة إيجابية قوية** بين الوقت المخصص للدراسة والدرجات.

**الاستنتاج:** العلاقة في الرسم (أ) هي **علاقة إيجابية**.  
كلما زاد الوقت المخصص للدراسة، زادت الدرجات بشكل عام.

---

#### الرسم (ب):  
- عدد ساعات مشاهدة التلفاز مقابل الدرجات  
- معامل الارتباط $ r = -0.12 $

❌ القيمة قريبة من الصفر، وهذا يدل على أن العلاقة ضعيفة جدًا، ويمكن اعتبارها **عدم وجود علاقة ذات دلالة إحصائية**.

**الاستنتاج:** العلاقة في الرسم (ب) هي **لا توجد علاقة واضحة**.

(ملاحظة: بالرغم من أن القيمة سالبة قليلًا، إلا أنها لا تدل على علاقة قوية أو مهمة، لذلك لا نعتبرها علاقة سلبية حقيقية.)

---

### خلاصة الحل:

| الرسم | معامل الارتباط (r) | نوع العلاقة        |
|-------|---------------------|--------------------|
| (أ)   | ٠٫٨٨                | علاقة إيجابية      |
| (ب)   | –٠٫١٢               | لا توجد علاقة     |

هل ترغب أن أشرح لك كيف نرسم مثل هذه العلاقات أو كيف نحسب معامل الارتباط؟"
"Data frequencies and probabilities","Compare and evaluate data","H","اختبر ما إذا كانت النرد عادلاً بناءً على التكرارات الملحوظة: {1: 18، 2: 16، 3: 20، 4: 14، 5: 17، 6: 15}","لحل هذه المسألة و""اختبار ما إذا كان **النرد عادلًا**"" (أي أنه لا يُفضّل أي وجه على آخر)، نحتاج إلى استخدام **اختبار كاي-تربيع للملاءمة (Chi-Square Goodness-of-Fit Test)**.

---

### 📌 المعطيات:

التكرارات الملحوظة (Observed Frequencies):

| الوجه | التكرار |
|-------|---------|
| 1     | 18      |
| 2     | 16      |
| 3     | 20      |
| 4     | 14      |
| 5     | 17      |
| 6     | 15      |

إجمالي عدد المحاولات:
$$
n = 18 + 16 + 20 + 14 + 17 + 15 = 100
$$

---

## 🔍 الفرضيات:

- **H₀**: النرد عادل (كل الوجوه لها نفس احتمال ظهور).
- **H₁**: النرد غير عادل (بعض الوجوه تظهر بترددات مختلفة).

---

## ✅ الخطوات لاختبار كاي-تربيع:

### 1. حساب التكرارات المتوقعة (Expected Frequencies):

بما أن النرد عادل، فإن كل وجه من الأوجه الستة له احتمال متساوٍ:
$$
P = \frac{1}{6}
$$

عدد التجارب = 100  
إذًا التكرار المتوقع لكل وجه:
$$
E_i = \frac{100}{6} \approx 16.6667
$$

---

### 2. حساب إحصاء كاي-تربيع:

المعادلة المستخدمة:

$$
\chi^2 = \sum_{i=1}^{6} \frac{(O_i - E_i)^2}{E_i}
$$

حيث:
- $ O_i $: التكرار الملحوظ.
- $ E_i $: التكرار المتوقع.

لنحسب الآن لكل وجه:

| الوجه | $ O_i $ | $ E_i $ | $ (O_i - E_i)^2 $ | $ \frac{(O_i - E_i)^2}{E_i} $ |
|-------|-----------|------------|----------------------|-------------------------------|
| 1     | 18        | 16.6667    | (1.3333)² ≈ 1.7777   | 1.7777 / 16.6667 ≈ 0.1067     |
| 2     | 16        | 16.6667    | (-0.6667)² ≈ 0.4444  | 0.4444 / 16.6667 ≈ 0.0267     |
| 3     | 20        | 16.6667    | (3.3333)² ≈ 11.1111  | 11.1111 / 16.6667 ≈ 0.6667    |
| 4     | 14        | 16.6667    | (-2.6667)² ≈ 7.1111  | 7.1111 / 16.6667 ≈ 0.4267     |
| 5     | 17        | 16.6667    | (0.3333)² ≈ 0.1111   | 0.1111 / 16.6667 ≈ 0.0067     |
| 6     | 15        | 16.6667    | (-1.6667)² ≈ 2.7777  | 2.7777 / 16.6667 ≈ 0.1667     |

الآن نجمع القيم الأخيرة:

$$
\chi^2 = 0.1067 + 0.0267 + 0.6667 + 0.4267 + 0.0067 + 0.1667 \approx 1.4002
$$

---

### 3. درجات الحرية (Degrees of Freedom):

$$
df = k - 1 = 6 - 1 = 5
$$

حيث $ k $ هو عدد الفئات (أوجه النرد).

---

### 4. تحديد مستوى الدلالة (مثلاً α = 0.05)

من جدول توزيع كاي-تربيع عند df = 5 و α = 0.05، فإن:

- القيمة الجدولية (Critical Value): **11.07**
- أو يمكن مقارنة p-value مع 0.05

---

### 5. الاستنتاج:

- القيمة المحسوبة: $ \chi^2 \approx 1.4 $
- أقل بكثير من القيمة الحرجة: **11.07**

إذًا لا يوجد دليل كافٍ لرفض الفرضية الصفرية.

---

## ✅ الخلاصة:

> بناءً على اختبار كاي-تربيع، **لا يمكن رفض فرضية أن النرد عادل**، لأن الإحصاء المحسوب (1.4) أصغر بكثير من القيمة الحرجة (11.07). وبالتالي، **نستنتج أن النرد يبدو عادلًا**.

هل تريد أن أشرح لك كيف تجد القيم من جدول كاي-تربيع أو كيف تستخدم هذا الاختبار في برنامج مثل Excel أو Python؟"
"Data frequencies and probabilities","Compare and evaluate data","H","حدد أي طالب قد حقق أداءً أفضل مقارنة بفصله: ٨٨ في اختبار مع متوسط = ٨٠ والانحراف المعياري = ٥، مقابل ٩١ في متوسط = ٨٥ والانحراف المعياري = ٤.","لحل هذه المسألة وتحديد **أي طالب أدى أفضل مقارنة بزملائه في الفصل**، لا يكفي فقط النظر إلى الدرجة المطلقة (٨٨ أو ٩١)، بل يجب مقارنة الأداء **بالنظر إلى المتوسط والانحراف المعياري لكل اختبار**. هذا يعني أننا سنستخدم ما يُعرف بالدرجة القياسية أو **الدرجة الزائية (Z-score)**.

---

### 📌 ما هي الدرجة الزائية (Z-score)؟

الدرجة الزائية تُحسب باستخدام المعادلة التالية:

$$
Z = \frac{\text{الدرجة الفردية} - \text{المتوسط}}{\text{الانحراف المعياري}}
$$

كلما زادت قيمة Z-score، كان الطالب أداؤه أفضل من باقي زملائه في الفصل نسبةً إليهم.

---

### 🔢 لنحسب Z-score لكل طالب:

#### الطالب الأول:
- درجة الطالب: 88  
- متوسط الفصل: 80  
- انحراف معياري: 5  

$$
Z_1 = \frac{88 - 80}{5} = \frac{8}{5} = 1.6
$$

#### الطالب الثاني:
- درجة الطالب: 91  
- متوسط الفصل: 85  
- انحراف معياري: 4  

$$
Z_2 = \frac{91 - 85}{4} = \frac{6}{4} = 1.5
$$

---

### ✅ المقارنة:

- Z للطالب الأول = **1.6**
- Z للطالب الثاني = **1.5**

إذن، **الطالب الأول حصل على درجة Z أعلى**، مما يعني أنه **أدى بشكل أفضل مقارنة بزملائه في فصله**.

---

### 🎯 الإجابة النهائية:

> **الطالب الذي حصل على 88 في اختبار متوسطه 80 مع انحراف معياري 5 قد حقق أداءً أفضل مقارنة بفصله.**

لأن درجة Z الخاصة به (1.6) أكبر من درجة Z للطالب الآخر (1.5)."
"Data frequencies and probabilities","Compare and evaluate data","H","باستخدام صيغة القيمة المعيارية (z)، احسب عدد الانحرافات المعيارية التي يبعدها العدد ٩٢ عن المتوسط ٨٥ (مع الانحراف المعياري σ = ٣).","لحساب **عدد الانحرافات المعيارية** التي يبعدها العدد **92** عن **المتوسط 85** باستخدام **القيمة المعيارية (z)**، نستخدم الصيغة التالية:

$$
z = \frac{\text{القيمة - المتوسط}}{\text{الانحراف المعياري}} = \frac{X - \mu}{\sigma}
$$

### المعطيات:
- القيمة $ X = 92 $
- المتوسط $ \mu = 85 $
- الانحراف المعياري $ \sigma = 3 $

### نقوم بالتعويض في المعادلة:

$$
z = \frac{92 - 85}{3} = \frac{7}{3} \approx 2.33
$$

### النتيجة:
القيمة 92 تبعد عن المتوسط بمقدار **تقريبًا 2.33 انحراف معياري**.

أي أنها أعلى من المتوسط بحوالي **2.33 σ**.

✅ إذن:  
$$
\boxed{z \approx 2.33}
$$"
"Data frequencies and probabilities","Compare and evaluate data","H","احسب معامل الارتباط للبيانات المزدوجة التالية: س = {2، 4، 6}، ص = {3، 7، 11}","لحساب **معامل الارتباط الخطي (Pearson Correlation Coefficient)** بين المتغيرين $ x $ و $ y $، نستخدم الصيغة التالية:

$$
r = \frac{n\sum xy - (\sum x)(\sum y)}{\sqrt{[n\sum x^2 - (\sum x)^2][n\sum y^2 - (\sum y)^2]}}
$$

حيث:
- $ n $: عدد الأزواج (عدد النقاط في كل من $ x $ و $ y $)
- $ \sum x $: مجموع قيم $ x $
- $ \sum y $: مجموع قيم $ y $
- $ \sum xy $: مجموع حاصل ضرب كل زوج $ x \times y $
- $ \sum x^2 $: مجموع مربعات قيم $ x $
- $ \sum y^2 $: مجموع مربعات قيم $ y $

---

### المعطيات:

$ x = \{2, 4, 6\} $  
$ y = \{3, 7, 11\} $

نبدأ بجمع البيانات المطلوبة:

| $x$ | $y$ | $xy$ | $x^2$ | $y^2$ |
|------|------|--------|--------|--------|
| 2    | 3    | 6      | 4      | 9      |
| 4    | 7    | 28     | 16     | 49     |
| 6    | 11   | 66     | 36     | 121    |

**المجاميع:**
- $ \sum x = 2 + 4 + 6 = 12 $
- $ \sum y = 3 + 7 + 11 = 21 $
- $ \sum xy = 6 + 28 + 66 = 100 $
- $ \sum x^2 = 4 + 16 + 36 = 56 $
- $ \sum y^2 = 9 + 49 + 121 = 179 $
- $ n = 3 $

---

### الآن نطبق في صيغة معامل الارتباط:

$$
r = \frac{3(100) - (12)(21)}{\sqrt{[3(56) - (12)^2][3(179) - (21)^2]}}
$$

#### البسط:

$$
3 \cdot 100 = 300 \\
12 \cdot 21 = 252 \\
300 - 252 = 48
$$

#### المقام:

$$
3 \cdot 56 = 168 \\
12^2 = 144 \\
168 - 144 = 24
$$

$$
3 \cdot 179 = 537 \\
21^2 = 441 \\
537 - 441 = 96
$$

$$
\sqrt{24 \cdot 96} = \sqrt{2304} = 48
$$

---

### إذًا:

$$
r = \frac{48}{48} = 1
$$

---

### ✅ النتيجة النهائية:

$$
\boxed{r = 1}
$$

وهذا يعني أن هناك **ارتباطًا خطيًا كاملاً موجبًا** بين المتغيرين $ x $ و $ y $. أي أنه كلما زادت قيمة $ x $، زادت قيمة $ y $ بنفس النسبة."
"Data frequencies and probabilities","Compare and evaluate data","H","قيم موثوقية مجموعة بيانات تحتوي على 500 نتيجة اختبار COVID-19 حيث كانت 8 نتائج إيجابية خاطئة و4 نتائج سلبية خاطئة.","لحل هذه المسألة، نحتاج إلى تقييم **موثوقية** مجموعة بيانات تحتوي على 500 نتيجة اختبار لـ COVID-19، مع معرفة أن هناك:

- 8 نتائج **إيجابية خاطئة** (False Positives)
- 4 نتائج **سلبية خاطئة** (False Negatives)

## أولاً: فهم المصطلحات الأساسية

في سياق اختبارات التشخيص الطبي، نستخدم المصفوفة التالية لتفسير النتائج:

|                        | الفعلي إيجابي (Actual Positive) | الفعلي سلبي (Actual Negative) |
|------------------------|-------------------------------|-------------------------------|
| **الاختبار إيجابي**     | صحيح إيجابي (TP)              | خاطئ إيجابي (FP = 8)         |
| **الاختبار سلبي**       | خاطئ سلبي (FN = 4)           | صحيح سلبي (TN)               |

حيث:
- **TP (True Positive)**: عدد الحالات التي تم تشخيصها بشكل صحيح بأنها إيجابية.
- **TN (True Negative)**: عدد الحالات التي تم تشخيصها بشكل صحيح بأنها سلبية.
- **FP (False Positive)**: عدد الحالات التي تم تشخيصها خطأ بأنها إيجابية وهي في الحقيقة سلبية.
- **FN (False Negative)**: عدد الحالات التي تم تشخيصها خطأ بأنها سلبية وهي في الحقيقة إيجابية.

## ثانياً: استخدام المعطيات

نعلم أن:
- العدد الكلي للنتائج = 500
- FP = 8
- FN = 4

لكن لا نعرف عدد الحالات الإيجابية والسلبية الفعلية. لكن يمكننا حساب **TN** و**TP** إذا عرفنا عدد الحالات الفعلية الإيجابية أو السلبية.

### الخيار 1: افتراض أن عدد الحالات الفعلية غير متوفر
بما أنك لم تعطِ عدد الحالات الفعلية (كم عدد الأشخاص الذين كانوا مصابين حقاً)، فإننا لا نستطيع حساب **الدقة (Accuracy)** أو **الحساسية (Sensitivity)** أو **التحديدية (Specificity)** بشكل دقيق دون معلومات إضافية.

لكن يمكننا حساب الدقة إذا استخدمنا ما لدينا من FP وFN وعدد الحالات الكلية.

لكن لنلاحظ أن:

$$
\text{Accuracy} = \frac{\text{TP} + \text{TN}}{\text{TP} + TN + FP + FN}
$$

وهو:

$$
\text{Accuracy} = \frac{\text{TP} + \text{TN}}{500}
$$

لكن بدون TP وTN، لا يمكن حسابه.

---

## ثالثاً: الافتراض الممكن – تحديد عدد الحالات الفعلية

لو قمنا بفرض أن عدد الحالات الفعلية الإيجابية هو مثلاً 200 (مثلاً فقط)، فسيكون:

- عدد الحالات السلبية الفعلية = 500 - 200 = 300

ثم:

- TP = عدد الإيجابيات الصحيحة = عدد الحالات الفعلية الإيجابية - FN = 200 - 4 = 196
- TN = عدد السلبيات الصحيحة = عدد الحالات الفعلية السلبية - FP = 300 - 8 = 292

ثم نحسب:

### 1. **الدقة (Accuracy)**

$$
\text{Accuracy} = \frac{TP + TN}{Total} = \frac{196 + 292}{500} = \frac{488}{500} = 0.976 = 97.6\%
$$

### 2. **الحساسية (Recall / Sensitivity)** – قدرة الاختبار على اكتشاف الإيجابيات الحقيقية:

$$
\text{Sensitivity} = \frac{TP}{TP + FN} = \frac{196}{196 + 4} = \frac{196}{200} = 0.98 = 98\%
$$

### 3. **التحديدية (Specificity)** – قدرة الاختبار على اكتشاف السلبيات الحقيقية:

$$
\text{Specificity} = \frac{TN}{TN + FP} = \frac{292}{292 + 8} = \frac{292}{300} ≈ 0.973 = 97.3\%
$$

### 4. **معدل الخطأ (Error Rate)**:

$$
\text{Error Rate} = 1 - Accuracy = 1 - 0.976 = 0.024 = 2.4\%
$$

---

## رابعاً: الخلاصة

إذا كانت لديك:
- FP = 8
- FN = 4
- Total = 500

فإن:
- عدد الأخطاء = FP + FN = 12
- عدد النتائج الصحيحة = 500 - 12 = 488
- **الدقة الدنيا الممكنة** = 488 ÷ 500 = **97.6%**

> هذا يعني أن **موثوقية البيانات هي على الأقل 97.6%**، اعتمادًا على عدد الحالات الفعلية.

---

## خامساً: هل يمكنك تحسين التقدير؟

نعم، لو أعطيت عدد الحالات الفعلية الإيجابية (Positive cases)، ستتمكن من حساب:

- الحساسية (Sensitivity)
- التحديدية (Specificity)
- الدقة (Accuracy)
- معدل F1 (F1 Score)

وهي مؤشرات أفضل لتحديد **موثوقية** الاختبار.

---

هل ترغب أن أساعدك في حساب هذه المؤشرات بمثال عملي بناءً على عدد معين من الحالات الإيجابية؟"
"Data frequencies and probabilities","Understanding probabilities","B","يوجد دولاب فيه 3 أقسام حمراء وقسم واحد أزرق. أي لون أكثر احتمالية للظهور؟","لحل هذه المسألة، نحتاج إلى حساب **احتمال ظهور كل لون** بناءً على عدد الأقسام في الدولاب.

### المعطيات:
- عدد الأقسام الحمراء = 3
- عدد الأقسام الزرقاء = 1  
- إذًا، **إجمالي الأقسام = 3 + 1 = 4**

---

### خطوات الحل:

#### 1. احتمال ظهور اللون الأحمر:
$$
P(\text{أحمر}) = \frac{\text{عدد الأقسام الحمراء}}{\text{إجمالي الأقسام}} = \frac{3}{4}
$$

#### 2. احتمال ظهور اللون الأزرق:
$$
P(\text{أزرق}) = \frac{\text{عدد الأقسام الزرقاء}}{\text{إجمالي الأقسام}} = \frac{1}{4}
$$

---

### الاستنتاج:
بما أن:
$$
\frac{3}{4} > \frac{1}{4}
$$

فإن **اللون الأحمر أكثر احتمالًا للظهور** من اللون الأزرق.

---

### الإجابة النهائية:
✅ **اللون الأحمر هو الأكثر احتمالية للظهور، واحتماليته هي 3/4.**"
"Data frequencies and probabilities","Understanding probabilities","B","ما هي فرص الحصول على الرقم 6 عند رمي الزهر؟ أ) دائماً ب) أحياناً ج) أبداً","بالطبع! دعني أشرح لك هذه المسألة خطوة بخطوة.

### السؤال:
**ما هي فرص الحصول على الرقم 6 عند رمي الزهر؟**

الخيارات:

أ) دائماً  
ب) أحياناً  
ج) أبداً

---

### فهم المسألة:

- **الزهر** هو **نرد** (واحد من لعبة النرد)، ويكون عادة مكعباً له **6 أوجه** مرقمة من **1 إلى 6**.
- عند **رمي الزهر مرة واحدة**، فإن أي وجه من الأوجه الستة يمكن أن يظهر **بشكل عشوائي**.
- إذن هناك **6 نتائج محتملة**: {1, 2, 3, 4, 5, 6}.
- فقط **وجه واحد** هو الذي يحتوي على الرقم **6**.

---

### احتمال ظهور الرقم 6:

- احتمال حدوث نتيجة معينة = عدد الحالات المواتية ÷ عدد جميع الحالات الممكنة.
- هنا:  
  - عدد الحالات المواتية لظهور الرقم 6 = **1**
  - عدد جميع الحالات الممكنة = **6**

إذن:

$$
\text{احتمال ظهور الرقم 6} = \frac{1}{6}
$$

وهذا يعني أن الرقم 6 **ليس مضموناً**، ولا هو مستحيل. بل **قد يظهر أو لا يظهر** حسب الحظ.

---

### تحليل الخيارات:

أ) **دائماً** ❌ خاطئ، لأن الرقم 6 لا يظهر في كل مرة ترمي فيها الزهر.  
ب) **أحياناً** ✅ صحيح، لأنه قد يظهر في بعض المرات (وليس دائماً).  
ج) **أبداً** ❌ خاطئ، لأنه من الممكن أن يظهر الرقم 6.

---

### الإجابة الصحيحة:
**ب) أحياناً**

هل تحب أن أشرح لك كيف نحسب الاحتمالات بشكل عام؟ 😊"
"Data frequencies and probabilities","Understanding probabilities","B","هل من المؤكد، أو المحتمل، أو المستحيل رؤية الشمس في الليل؟","سؤالك:  
**""هل من المؤكد، أو المحتمل، أو المستحيل رؤية الشمس في الليل؟""**  
هو سؤال يجمع بين **المعرفة العلمية** و**المنطق اليومي**، ويمكن تحليله خطوة بخطوة كما يلي:

---

### 1. **فهم مفهوم ""الليل"" و""رؤية الشمس"":**

- **الليل**: هو الفترة الزمنية التي تحدث عندما تكون المنطقة من الأرض التي نعيش فيها بعيدة عن الشمس بسبب دوران الأرض حول محورها.
- **رؤية الشمس**: تعني أن يكون الشمس فوق الأفق المرئي، ويمكن رؤيتها بالعين المجردة.

إذن، **خلال الليل، تكون الشمس تحت الأفق**، ولذلك لا يمكن رؤيتها بشكل طبيعي.

---

### 2. **تحليل الاحتمالات:**

#### أ. **هل من **مؤكد** رؤية الشمس في الليل؟**
- **لا، ليس من المؤكد** رؤية الشمس في الليل.
- لأن الليل يحدث بسبب انعدام ضوء الشمس في تلك المنطقة.

#### ب. **هل من **محتمل** رؤية الشمس في الليل؟**
- **في بعض الحالات النادرة جداً، قد يكون ذلك ممكناً بسبب ظواهر طبيعية مثل:**
  - **انكسار الضوء في الغلاف الجوي:** في بعض الأوقات القريبة من الغروب أو الشروق (أي عند بداية الليل أو نهايته)، قد يبدو أن الشمس مرئية رغم أنها فعلياً تحت الأفق.
  - **في المناطق القطبية:** في فترات معينة من السنة (مثل الصيف القطبي)، لا تغرب الشمس أصلاً، بل تبقى قريبة من الأفق — لكن هذه ليست ليلة حقيقية.
- لكن إذا كنا نتحدث عن **الليل الكامل** (حيث تكون الشمس بعيدة تماماً عن الأفق)، **فليس من المحتمل رؤيتها**.

#### ج. **هل من **مستحيل** رؤية الشمس في الليل؟**
- **نعم، من المستحيل رؤية الشمس في الليل الحقيقي.**
- لأن الليل يحدث بسبب موقع الأرض الذي يجعل الشمس خلف الأرض، وبالتالي لا يمكن رؤيتها بدون استخدام أدوات أو في ظروف غير طبيعية.

---

### ✅ **الاستنتاج النهائي:**

> **من المستحيل رؤية الشمس في الليل.**

لأن:
- الليل يحدث بسبب دوران الأرض بحيث تكون المنطقة التي نراقب منها بعيدة عن الشمس.
- وبالتالي، تكون الشمس تحت الأفق ولا يمكن رؤيتها دون تدخل بشري أو ظاهرة طبيعية استثنائية (ولا حتى في هذه الحالة نقول إنها ""ليل حقيقي"").

---

هل تحب أن أشرح لك ماذا يحدث في المناطق القطبية حيث ترى الشمس لـ 24 ساعة؟ 😊"
"Data frequencies and probabilities","Understanding probabilities","C","ما هي احتمالية رمي عملة والحصول على صورة؟","بالطبع! دعني أشرح لك كيفية حل هذه المسألة بشكل بسيط وواضح.

### السؤال:
**ما هي احتمالية رمي عملة والحصول على صورة؟**

---

## 1. فهم المسألة

عند رمي **عملة معدنية عادية** (مثل ريال، دولار، أو غيرها)، فإن هناك نتيجتين محتملتين فقط:

- **صورة** (أحيانًا تُسمى ""وجه"" أو ""رأس"")
- **كتابة** (أو ""ظل"" أو ""خلف"")

نفترض أن العملة **عادلة**، أي أن كلا النتيجتين لهما نفس الفرصة في الظهور.

---

## 2. تعريف الحدث المراد حساب احتماله

المطلوب هو:  
> احتمالية الحصول على **صورة** عند رمي العملة مرة واحدة.

---

## 3. قانون الاحتمال البسيط

في الاحتمالات البسيطة، نستخدم القانون التالي:

$$
\text{الاحتمال} = \frac{\text{عدد النتائج المفضلة}}{\text{عدد جميع النتائج الممكنة}}
$$

---

## 4. تطبيق الأعداد على المسألة

- عدد النتائج المفضلة (أي الحصول على صورة): **1**
- عدد جميع النتائج الممكنة (صورة أو كتابة): **2**

إذًا:

$$
P(\text{صورة}) = \frac{1}{2}
$$

---

## ✅ الإجابة النهائية:

$$
\boxed{\frac{1}{2}}
$$

أو يمكنك كتابتها بالشكل:

$$
\boxed{0.5}
$$

أو حتى كنسبة مئوية:

$$
\boxed{50\%}
$$

---

هل تحب أن أشرح لك كيف تتغير النتيجة إذا رميت العملة أكثر من مرة؟ 😊"
"Data frequencies and probabilities","Understanding probabilities","C","ما هي احتمالية اختيار يوم عمل من قائمة تضم جميع الأيام السبعة؟","بالطبع! دعني أشرح لك كيفية حل هذه المسألة خطوة بخطوة.

### **المسألة:**
ما هي احتمالية اختيار **يوم عمل** من قائمة تضم **جميع الأيام السبعة** في الأسبوع؟

---

### **أولًا: فهم المعطيات**

- عدد أيام الأسبوع = 7 أيام (الأحد، الإثنين، الثلاثاء، الأربعاء، الخميس، الجمعة، السبت)
- أيام العمل غالبًا تكون:
  - **الإثنين، الثلاثاء، الأربعاء، الخميس، الجمعة**  
  (في كثير من الدول العربية والعالم)

إذن:

- عدد **أيام العمل** = 5 أيام
- عدد الأيام الكلية = 7 أيام

---

### **ثانيًا: تعريف الاحتمال**

الاحتمال يُحسب بالعلاقة:

$$
\text{الاحتمال} = \frac{\text{عدد النتائج المرغوبة}}{\text{عدد النتائج الممكنة}}
$$

---

### **ثالثًا: تطبيق الأرقام**

- عدد النتائج المرغوبة = 5 (أيام العمل)
- عدد النتائج الممكنة = 7 (كل أيام الأسبوع)

إذًا:

$$
\text{الاحتمال} = \frac{5}{7}
$$

---

### **النتيجة النهائية:**

$$
\boxed{\frac{5}{7}}
$$

---

### **ملاحظة:**
إذا كانت أيام العمل عندك مختلفة (مثلاً السبت والاثنين)، يمكنك تعديل العدد المرغوب وفقًا لذلك. لكن إذا لم يُذكر خلاف، نعتبر أن أيام العمل هي 5 أيام من الإثنين إلى الجمعة.

هل تريد معرفة كيف نحول هذا الكسر إلى نسبة مئوية أيضًا؟ 😊"
"Data frequencies and probabilities","Understanding probabilities","C","النرد يظهر الأرقام من 1 إلى 6. ما هي احتمالية الحصول على عدد زوجي عند رمي النرد؟","بالطبع! دعني أشرح لك كيفية حل هذه المسألة خطوة بخطوة.

### 🎲 **المسألة**:  
رمي نرد عادي يُظهر الأرقام من **1 إلى 6**.  
ما هو **احتمال الحصول على عدد زوجي**؟

---

### ✅ **الخطوة 1: تحديد إجمالي النتائج الممكنة**

عند رمي نرد عادي، هناك **6** نتائج ممكنة:

$$
\{1, 2, 3, 4, 5, 6\}
$$

---

### ✅ **الخطوة 2: تحديد النتائج المرغوبة (الأعداد الزوجية)**

الأعداد الزوجية بين 1 و 6 هي:

$$
\{2, 4, 6\}
$$

إذن هناك **3** نتائج مرغوبة.

---

### ✅ **الخطوة 3: استخدام قانون الاحتمال**

$$
\text{الاحتمال} = \frac{\text{عدد النتائج المرغوبة}}{\text{عدد جميع النتائج الممكنة}}
$$

$$
\text{الاحتمال} = \frac{3}{6} = \frac{1}{2}
$$

---

### ✅ **النتيجة النهائية**:

$$
\boxed{\frac{1}{2}}
$$

أو إذا كنت تفضل التعبير بالنسب المئوية:  
الاحتمال هو **50%** للحصول على عدد زوجي عند رمي النرد.

هل ترغب في معرفة كيف تُحسب احتمالات حالات أخرى مع النرد أو القطع النقدية أيضًا؟ 😊"
"Data frequencies and probabilities","Understanding probabilities","C","ماذا يعني إذا كانت هناك حالة احتمالها 0؟","سؤالك جميل جدًا، وله أهمية كبيرة في علم **الاحتمالات والإحصاء**.

### السؤال:  
> ماذا يعني إذا كانت هناك حالة احتمالها 0؟

---

## 🌟 الإجابة القصيرة:
إذا كان **احتمال حدوث حدث ما يساوي صفر (0)**، فهذا عادةً يعني أن هذا الحدث **غير ممكن أو شبه مستحيل**، أي أنه **لا يتوقع حدوثه** في ظل الظروف المتوفرة.

لكن! هناك تفصيل مهم بين:

- **الحدث المستحيل تمامًا**
- و**الحدث الذي له احتمال صفر لكنه قد يحدث في بعض الحالات (خاصة في المتغيرات العشوائية المستمرة)**

---

## 📚 لنوضح الفرق بمثالين:

### ✅ مثال 1: متغير منفصل (Discrete)
لنفترض أنك تُلقي حجر نرد عادي له 6 أوجه (من 1 إلى 6).

- احتمال أن تظهر نتيجة **7** هو **0**.
- لماذا؟ لأن النتائج المحتملة فقط هي: {1, 2, 3, 4, 5, 6}.
- إذًا، ظهور 7 **مستحيل تمامًا** ⇒ احتماله = 0.

### ✅ مثال 2: متغير مستمر (Continuous)
لنفترض أن لديك متغيرًا عشوائيًا **X** يمثل قياسًا لطول شخص ما، وهو يتبع توزيعًا مستمرًا مثل التوزيع الطبيعي.

- ما هو احتمال أن يكون طول الشخص **بالضبط** 170.000000... سم؟
- الجواب: **الاحتمال = 0**

#### لماذا؟
لأن في التوزيع المستمر، عدد القيم الممكنة **لا نهائي**، وبالتالي فإن احتمال اختيار قيمة واحدة **محددة تمامًا** هو **صفر تقريبًا**.

لكن هذا لا يعني أن الطول 170 سم **مستحيل**، بل يعني أنه من غير الممكن أن نحسب احتمالًا دقيقًا لقيمة واحدة، لذلك نحسب احتمالات على **فترة** (مثلاً: احتمال أن يكون الطول بين 169 و 171 سم).

---

## 🔍 خلاصة الفكرة:

| نوع الحدث | هل يمكن أن يحدث؟ | هل احتماله يمكن أن يكون صفرًا؟ |
|-----------|------------------|-------------------------------|
| الحدث المستحيل تمامًا | ❌ لا | ✅ نعم |
| الحدث النادر جدًا (في المتغيرات المستمرة) | ✅ نعم (نظرًا للطبيعة الرياضية) | ✅ نعم |

---

## 💬 تفسير رياضي إضافي (إن كنت مهتمًا):

في نظرية الاحتمالات، عندما نتعامل مع **توزيعات احتمالية مستمرة**، فإننا نستخدم **دالة كثافة الاحتمال (PDF)** بدلًا من دالة الاحتمال المباشر.

ومن هنا:

$$
P(X = a) = 0 \quad \text{لكن} \quad P(a < X < b) > 0
$$

أي أن الاحتمال على نقطة واحدة = 0، لكن الاحتمال على فترة ليس بصفر.

---

هل تحب أن أشرح لك كيف نحسب هذه الاحتمالات باستخدام التكامل في حالة المتغيرات المستمرة؟ 😊"
"Data frequencies and probabilities","Understanding probabilities","C","هل يمكن أن تكون احتمالية حدث ما أكثر من 1؟ (نعم أم لا)","الإجابة: **لا**.

### التفسير:

الاحتمالات في علم الإحصاء والاحتمالات **لا يمكن أن تكون أكثر من 1**، ولا أقل من 0.  
- القيمة **0** تعني أن الحدث **مستحيل** ولا يمكن أن يحدث.
- القيمة **1** تعني أن الحدث **مؤكد** سيحدث.

### لماذا لا يمكن أن يكون الاحتمال أكبر من 1؟
لأن الاحتمال يُحسب عادةً باستخدام العلاقة:

$$
P(\text{الحدث}) = \frac{\text{عدد النتائج المرغوبة}}{\text{عدد جميع النتائج الممكنة}}
$$

وبما أن عدد النتائج المرغوبة **لا يمكن أن يكون أكثر** من عدد جميع النتائج الممكنة، فإن الناتج سيكون دائمًا بين 0 و1 (بما في ذلك 0 و1).

### مثال:
- عند رمي حجر نرد:
  - احتمال ظهور العدد 3 هو: $ \frac{1}{6} $
  - احتمال ظهور عدد بين 1 و6 هو: $ \frac{6}{6} = 1 $
  - احتمال ظهور العدد 7 هو: $ \frac{0}{6} = 0 $

### خلاصة:
✅ **الاحتمالات تقع دائمًا في المدى:**  
$$
0 \leq P(A) \leq 1
$$

فلا يمكن أن تكون احتمالية حدث ما أكثر من 1."
"Data frequencies and probabilities","Understanding probabilities","C","أي الاحتمالين أكثر تأكيدًا: الحصول على رقم أقل من 10 عند رمي نرد قياسي، أم الحصول على صورة عند رمي عملة؟","بالطبع! دعني أشرح لك المسألة خطوة بخطوة.

المسألة تطلب مقارنة بين **احتمالين**:

1. **الحصول على رقم أقل من 10 عند رمي نرد قياسي (ذو 6 أوجه).**
2. **الحصول على صورة (أي الوجه الثاني للعملة، غير الكتابة) عند رمي عملة عادية.**

---

### 🔹 أولاً: احتمال الحصول على رقم **أقل من 10** عند رمي **نرد قياسي**

- النرد القياسي له **6 أوجه فقط**: {1, 2, 3, 4, 5, 6}
- جميع هذه الأرقام **أقل من 10**.
- إذًا، **كل النتائج الممكنة تكون أقل من 10**.

✅ إذًا:
$$
P(\text{رقم < 10}) = \frac{\text{عدد النتائج المرضية}}{\text{عدد النتائج الممكنة}} = \frac{6}{6} = 1
$$

أي أن هذا الحدث **مؤكد بنسبة 100%**.

---

### 🔹 ثانيًا: احتمال الحصول على **صورة** عند رمي **عملة عادية**

- العملة العادية لها وجهان:
  - كتابة (أو الرقم)
  - صورة (أو الشعار)

- إذا افترضنا أن الرمية عادلة، فإن كل وجه له نفس فرصة الظهور.

✅ إذًا:
$$
P(\text{صورة}) = \frac{1}{2} = 0.5
$$

أي 50%.

---

### ✅ الاستنتاج:

- احتمال الحصول على **رقم أقل من 10 عند رمي نرد** = **1**
- احتمال الحصول على **صورة عند رمي عملة** = **0.5**

🔹 إذًا، **الحدث الأول (رقم أقل من 10 عند رمي نرد)** هو **الأكثر تأكدًا**.

---

### 📌 خلاصة:

> الحصول على رقم أقل من 10 عند رمي نرد قياسي **أكثر تأكُّدًا** من الحصول على صورة عند رمي عملة.

هل ترغب في شرح باستخدام مخطط أو أمثلة إضافية؟"
"Data frequencies and probabilities","Understanding probabilities","D","ما هو احتمال ظهور عدد زوجي عند رمي نقطة سته؟","بالطبع! دعني أشرح لك كيفية حل هذه المسألة خطوة بخطوة.

### السؤال:
> ما هو احتمال ظهور عدد زوجي عند رمي **نرد سُداسي** (أو نقطة سته كما يُقال في بعض المناطق)؟

---

## 🔹 أولاً: فهم المعطيات

عند رمي نرد سُداسي منتظم (كما في لعبة النرد)، فإن عدد الوجهات الممكنة هو:

$$
\{1,\ 2,\ 3,\ 4,\ 5,\ 6\}
$$

إذن، **عدد جميع النتائج الممكنة = 6**

---

## 🔹 ثانياً: تحديد النتائج المرغوبة

نحن نريد حساب احتمال **ظهور عدد زوجي**.

الأعداد الزوجية بين 1 و 6 هي:

$$
\{2,\ 4,\ 6\}
$$

إذن، **عدد النتائج المرغوبة = 3**

---

## 🔹 ثالثاً: استخدام قانون الاحتمال

يُحسب الاحتمال باستخدام القانون التالي:

$$
P(\text{حدث}) = \frac{\text{عدد النتائج المحققة للحدث}}{\text{عدد النتائج الكلية}}
$$

في حالتنا:

$$
P(\text{عدد زوجي}) = \frac{3}{6} = \frac{1}{2}
$$

---

## ✅ الإجابة النهائية:

$$
\boxed{\frac{1}{2}}
$$

أو إذا كنت تفضل النسبة المئوية، فيكون الاحتمال:

$$
50\%
$$

هل تريد أن أساعدك في مسائل مشابهة أو أكثر تعقيداً؟"
"Data frequencies and probabilities","Understanding probabilities","D","إذا كان هناك دائرة دوران مقسومة إلى 5 أقسام متساوية، ما هي فرصة الوقوف على قسم واحد؟ عبّر عن الاحتمال على شكل كسر.","لحل هذه المسألة، دعنا نفهم أولاً ما المطلوب:

لدينا **دائرة دوران (مثل عجلة حظ)** مقسَّمة إلى **5 أقسام متساوية**.  
عندما تدور العجلة وتقف بشكل عشوائي، فإن **كل قسم له نفس احتمال الوقوف عليه**.

### خطوات الحل:
1. عدد النتائج الممكنة = عدد الأقسام = **5**
2. النتائج المرغوبة = 1 (لأننا نريد فرصة الوقوف على **قسم واحد معين**)
3. الاحتمال =  
$$
\frac{\text{عدد النتائج المرغوبة}}{\text{عدد جميع النتائج الممكنة}} = \frac{1}{5}
$$

### إذن، الإجابة هي:
$$
\boxed{\frac{1}{5}}
$$"
"Data frequencies and probabilities","Understanding probabilities","D","ما هي نسبة احتمال اختيار كرة حمراء من كيس يحتوي على 2 كرة حمراء و3 كرات زرقاء و5 كرات خضراء؟","لحل هذه المسألة، نحتاج إلى حساب **نسبة احتمال اختيار كرة حمراء** من الكيس.

### أولاً: فهم المعطيات

- عدد الكرات الحمراء = **2**
- عدد الكرات الزرقاء = **3**
- عدد الكرات الخضراء = **5**

### ثانيًا: نحسب العدد الإجمالي للكرات

$$
\text{إجمالي عدد الكرات} = 2 + 3 + 5 = 10
$$

### ثالثًا: نستخدم قانون الاحتمال

$$
\text{احتمال اختيار كرة حمراء} = \frac{\text{عدد الكرات الحمراء}}{\text{إجمالي عدد الكرات}}
$$

نعوّض الأرقام:

$$
\text{احتمال اختيار كرة حمراء} = \frac{2}{10} = \frac{1}{5}
$$

### رابعًا: التعبير عن النتيجة

إذن، **نسبة احتمال اختيار كرة حمراء هي**:

$$
\boxed{\frac{1}{5}}
$$

أو يمكنك كتابتها بالشكل العشري أو النسبي:

- بالعشري: $ 0.2 $
- بالنسبة المئوية: $ 20\% $

هل ترغب في شرح مبسط أكثر أو مثال مشابه؟"
"Data frequencies and probabilities","Understanding probabilities","D","اختر عددًا من 1 إلى 10 — ما هي احتمالية الحصول على عدد أقل من 6 بالتعبير العشري؟","بالطبع! دعني أشرح لك كيفية حل هذه المسألة خطوة بخطوة.

### **المسألة:**
- تختار عددًا **عشوائيًا من 1 إلى 10**.
- المطلوب: حساب **احتمال أن يكون العدد أقل من 6**، وتعبير الناتج **بالشكل العشري**.

---

### **الخطوة 1: تحديد جميع الاحتمالات الممكنة**

عند اختيار عدد من 1 إلى 10، فإن الأعداد المحتملة هي:

$$
\{1, 2, 3, 4, 5, 6, 7, 8, 9, 10\}
$$

إذن، **عدد جميع الاحتمالات الممكنة = 10**

---

### **الخطوة 2: تحديد الاحتمالات المُحققة للشرط (أي الأعداد الأقل من 6)**

الأعداد الأقل من 6 هي:

$$
\{1, 2, 3, 4, 5\}
$$

إذن، **عدد النتائج المرغوبة = 5**

---

### **الخطوة 3: حساب الاحتمال**

الاحتمال يُحسب بالصيغة التالية:

$$
\text{الاحتمال} = \frac{\text{عدد النتائج المرغوبة}}{\text{عدد جميع الاحتمالات الممكنة}}
$$

$$
= \frac{5}{10} = 0.5
$$

---

### ✅ **الإجابة النهائية:**
$$
\boxed{0.5}
$$

أي أن احتمال اختيار عدد أقل من 6 هو **0.5** بالتعبير العشري.

هل ترغب في شرحها بطريقة أخرى مثل استخدام الكسور أو النسب المئوية؟"
"Data frequencies and probabilities","Understanding probabilities","E","تم تقسيم قرص دوار إلى 8 أجزاء متساوية: 3 أجزاء حمراء، 2 جزء أزرق، و3 أجزاء صفراء. احسب احتمال P(أزرق).","لحساب **الاحتمال P(أزرق)** في هذه المسألة، نقوم بتطبيق مبدأ الاحتمال البسيط:

### المعطيات:
- القرص الدوار مقسوم إلى **8 أجزاء متساوية**.
- عدد الأجزاء الزرقاء = **2**.

### الخطوة 1: تعريف الاحتمال
الاحتمال هو نسبة عدد النتائج المرغوبة (هنا: الأجزاء الزرقاء) إلى العدد الكلي للنتائج الممكنة (إجمالي الأجزاء).

$$
P(\text{أزرق}) = \frac{\text{عدد الأجزاء الزرقاء}}{\text{إجمالي عدد الأجزاء}}
$$

### الخطوة 2: التعويض
$$
P(\text{أزرق}) = \frac{2}{8}
$$

نقوم بتبسيط الكسر:

$$
P(\text{أزرق}) = \frac{1}{4}
$$

### الإجابة النهائية:
$$
\boxed{\frac{1}{4}}
$$

وهذا يعني أن احتمال توقف المؤشر على اللون الأزرق هو **ربع** أو **0.25** أو **25%**."
"Data frequencies and probabilities","Understanding probabilities","E","أُلقي حجرا نرد. ما احتمال أن يكون المجموع 7؟","بالطبع! دعني أشرح لك كيفية حساب احتمال أن يكون مجموع الوجهين على حجري نرد هو **7** عند رميهما.

---

### 🔹 أولاً: فهم المسألة

عند إلقاء **حجري نرد** (زوج من النرد)، كل حجر يُظهر رقمًا بين **1 و 6**.

نريد حساب **احتمال أن يكون مجموع الرقمين = 7**.

---

### 🔹 الخطوة 1: عدد جميع النتائج الممكنة

كل حجر نرد له 6 أوجه، إذن:

$$
\text{عدد النتائج الممكنة} = 6 \times 6 = 36
$$

(أي هناك 36 زوجًا ممكنًا من الأرقام)

---

### 🔹 الخطوة 2: عدد النتائج التي يكون فيها المجموع 7

نبحث عن الأزواج التي مجموعها يساوي 7:

- (1 , 6)
- (2 , 5)
- (3 , 4)
- (4 , 3)
- (5 , 2)
- (6 , 1)

إذًا لدينا **6** أزواج فقط تحقق هذا الشرط.

---

### 🔹 الخطوة 3: حساب الاحتمال

$$
\text{الاحتمال} = \frac{\text{عدد النتائج المرغوبة}}{\text{عدد النتائج الممكنة}} = \frac{6}{36} = \frac{1}{6}
$$

---

### ✅ الإجابة النهائية:

> احتمال أن يكون مجموع حجري النرد 7 هو:  
> $$
\boxed{\frac{1}{6}}
$$

هل تحب أن أريك جدولًا بكل النتائج الممكنة لتتخيل الفكرة أكثر؟"
"Data frequencies and probabilities","Understanding probabilities","E","إذا كانت احتمالية الفوز 0.4، فكم مرة تتوقع أن تفوز في 50 تجربة؟","لحل هذه المسألة الرياضية، نستخدم **مبدأ التوقع الرياضي** في الاحتمالات.

### المعطيات:
- احتمالية الفوز في تجربة واحدة = $ 0.4 $
- عدد التجارب = $ 50 $

### المطلوب:
إيجاد عدد المرات المتوقعة للفوز في هذه الـ 50 تجربة.

---

### الحل:

عدد النتائج المتوقعة = (عدد التجارب) × (احتمال النجاح في كل تجربة)

$$
\text{التوقع} = n \times p
$$

حيث:
- $ n = 50 $
- $ p = 0.4 $

نعوّض:

$$
\text{التوقع} = 50 \times 0.4 = 20
$$

---

### الإجابة النهائية:
تتوقع أن تفوز **20 مرة** في 50 تجربة.

✅ **النتيجة: 20 مرة**"
"Data frequencies and probabilities","Understanding probabilities","E","يوجد في درج الجوارب 5 جورباً أسود، 4 جورباً أبيض، و3 جورباً رمادي. ما هو احتمال عدم سحب جورب أسود؟","لحل هذه المسألة، نحتاج إلى حساب **احتمال عدم سحب جورب أسود** من الدرج عند سحب **جورب واحد عشوائيًا**.

### أولاً: تحديد عدد الجوارب الكلي

عدد الجوارب في الدرج:
- أسود: 5
- أبيض: 4
- رمادي: 3

إذن العدد الكلي للجوارب هو:
$$
5 + 4 + 3 = 12
$$

---

### ثانيًا: تحديد عدد الحالات المواتية لعدم سحب جورب أسود

""عدم سحب جورب أسود"" يعني أن يكون الجورب إما **أبيض أو رمادي**.

عدد الجوارب البيضاء والرمادية:
$$
4 + 3 = 7
$$

---

### ثالثًا: حساب الاحتمال

الاحتمال يُحسب بقسمة عدد النتائج المواتية على عدد النتائج الممكنة:

$$
P(\text{عدم سحب جورب أسود}) = \frac{\text{عدد الجوارب غير السوداء}}{\text{عدد الجوارب الكلي}} = \frac{7}{12}
$$

---

### ✅ الإجابة النهائية:

$$
\boxed{\frac{7}{12}}
$$

هل ترغب في معرفة احتمال سحب أكثر من جورب أو استخدام قواعد الاحتمالات الأخرى؟"
"Data frequencies and probabilities","Understanding probabilities","E","لعبة دوارة تحتوي على 4 أقسام متساوية. احتمالية ظهور اللون الأحمر نظرًيا = 0.25. في 40 دورة، ظهر اللون الأحمر 18 مرة. قارن بين الاحتمالات التجريبية والنظرية.","بالطبع! دعني أشرح لك خطوة بخطوة كيفية حل هذه المسألة الرياضية ومقارنة **الاحتمالات التجريبية والنظرية**.

---

### 🎯 **المعطيات:**

- اللعبة عبارة عن **دوّار (spinner)** يحتوي على **4 أقسام متساوية**.
- الألوان في الدوّار غير محددة، لكننا نهتم فقط باحتمال ظهور **اللون الأحمر**.
- الاحتمال النظري لظهور اللون الأحمر = **0.25** أو ¼، لأن هناك 4 أقسام متساوية.
- عدد الدورات (التكرارات) = **40 مرة**.
- عدد مرات ظهور اللون الأحمر فعليًا (تجريبيًا) = **18 مرة**.

---

## 🔍 1. ما هو الاحتمال النظري؟

هو احتمال يتم حسابه بناءً على المنطق والبنية الرياضية للمسألة، دون القيام بتجربة فعلية.

في هذه الحالة:

$$
\text{الاحتمال النظري} = \frac{1}{4} = 0.25
$$

أي أن كل قسم له نفس الفرصة بالظهور، وبالتالي فإن فرص ظهور الأحمر هي 0.25.

---

## 🔬 2. ما هو الاحتمال التجريبي؟

وهو احتمال يتم حسابه من خلال **إجراء تجربة فعلية**، ويُحسب باستخدام العلاقة:

$$
\text{الاحتمال التجريبي} = \frac{\text{عدد مرات حدوث الحدث}}{\text{عدد المحاولات الكلي}}
$$

في هذه الحالة:

$$
\text{الاحتمال التجريبي} = \frac{18}{40} = 0.45
$$

---

## 📊 3. المقارنة بين الاحتمالين:

| النوع           | الاحتمال |
|------------------|---------|
| الاحتمال النظري   | 0.25    |
| الاحتمال التجريبي | 0.45    |

### ✅ الاستنتاج:

- الاحتمال التجريبي (**0.45**) أعلى من الاحتمال النظري (**0.25**).
- هذا قد يكون بسبب:
  - عدد المحاولات ليس كبيرًا (40 فقط)، لذا قد تتباين النتائج التجريبية عن النظرية.
  - أو وجود تحيز في الدوّار (مثلاً لا تكون الأقسام تمامًا متساوية).
  - أو مجرد صدفة.

> مع زيادة عدد المحاولات، من المتوقع أن **تقترب الاحتمالات التجريبية من النظرية** (قانون الأعداد الكبيرة).

---

### 💡 خلاصة:

- **الاحتمال النظري**: 0.25  
- **الاحتمال التجريبي**: 0.45  
- الاحتمال التجريبي **أكبر** من النظري في هذه الحالة.

هل تحب أن أشرح لك كيف يمكنك تمثيل ذلك بمخطط أو جدول؟ 😊"
"Data frequencies and probabilities","Understanding probabilities","E","ألقيت نردًا 60 مرة، وظهر الرقم 3 في 7 من المرات. ما هو الاحتمال التجريبي للحصول على الرقم 3؟","لحساب **الاحتمال التجريبي** لظهور الرقم **3** عند رمي النرد 60 مرة، نستخدم المعلومات من التجربة نفسها.

### تعريف الاحتمال التجريبي:
الاحتمال التجريبي هو نسبة عدد مرات حدوث الحدث إلى عدد مرات تكرار التجربة.

### المعطيات:
- عدد مرات ظهور الرقم **3** = **7**
- عدد مرات رمي النرد (عدد تكرارات التجربة) = **60**

### قانون الاحتمال التجريبي:
$$
\text{الاحتمال التجريبي} = \frac{\text{عدد مرات حدوث الحدث}}{\text{عدد تكرارات التجربة}}
$$

### نقوم بالتعويض:
$$
\text{الاحتمال التجريبي} = \frac{7}{60}
$$

### إذا أردت تحويل الكسر إلى رقم عشري:
$$
\frac{7}{60} \approx 0.1167
$$

أو يمكنك كتابته كنسبة مئوية بضربه في 100:
$$
0.1167 \times 100 \approx 11.67\%
$$

---

### ✅ الإجابة النهائية:
**الاحتمال التجريبي لظهور الرقم 3 هو**  
$$
\boxed{\frac{7}{60}} \quad \text{أو} \quad \boxed{0.1167}
$$"
"Data frequencies and probabilities","Understanding probabilities","F","تُرمى قطعة نقود مرتين. ما هو احتمال الحصول على وجه واحد فقط؟","بالطبع! دعنا نحل هذه المسألة خطوة بخطوة.

### **المسألة**:  
تُرمى قطعة نقود مرتين.  
ما هو **احتمال الحصول على وجه واحد فقط**؟

---

## **الخطوة 1: فهم التجربة العشوائية**

عند رمي قطعة نقود مرتين، كل رمية لها نتيجتان محتملتان:
- إما **وجه (نرمز له بـ ص)**  
- أو **كتابة (نرمز له بـ ك)**

إذن، فإن الفضاء العيني (كل النتائج الممكنة) يتكون من أزواج توضح نتيجة الرمية الأولى والثانية.

---

## **الخطوة 2: كتابة الفضاء العيني**

الفضاء العيني $ S $ يحتوي على جميع النتائج الممكنة:

$$
S = \{(ص, ص), (ص, ك), (ك, ص), (ك, ك)\}
$$

أي أن هناك **4 نتائج ممكنة**.

---

## **الخطوة 3: تحديد النتائج التي فيها ""وجه واحد فقط""**

نقصد بذلك أن يكون ظهور الوجه مرة واحدة فقط في الرميتين.

نبحث عن الأزواج التي تحتوي على وجه **مرة واحدة بالضبط**:

- $ (ص, ك) $ ✅
- $ (ك, ص) $ ✅

بينما نستبعد:
- $ (ص, ص) $ ❌ (لأنه ظهر وجه مرتين)
- $ (ك, ك) $ ❌ (لم يظهر وجه إطلاقًا)

إذن، عدد النتائج المُحقِّقة للشرط = **2**

---

## **الخطوة 4: حساب الاحتمال**

$$
\text{الاحتمال} = \frac{\text{عدد النتائج المحققة للشرط}}{\text{عدد النتائج الكلية}} = \frac{2}{4} = \frac{1}{2}
$$

---

## ✅ **الإجابة النهائية**:

$$
\boxed{\frac{1}{2}}
$$

أي أن احتمال الحصول على **وجه واحد فقط** عند رمي قطعة نقود مرتين هو **نصف**."
"Data frequencies and probabilities","Understanding probabilities","F","أُلقي حجرا نرد. ما احتمال الحصول على مجموع 9؟","لحل هذه المسألة:

> **""أُلقي حجري نرد. ما احتمال الحصول على مجموع 9؟""**

سنقوم بخطوات واضحة لحساب الاحتمال.

---

### 🔹 الخطوة 1: فهم التجربة

عند رمي **حجري نرد**، فإن كل حجر يحتوي على 6 أوجه (من 1 إلى 6).  
إذن عدد النتائج الممكنة عند رمي الحجرين هو:

$$
6 \times 6 = 36
$$

أي أن هناك **36 نتيجة ممكنة** في الفضاء العيني.

---

### 🔹 الخطوة 2: تحديد النتائج التي تحقق ""مجموع 9""

نريد معرفة كم عدد الأزواج $(a, b)$ بحيث يكون:

$$
a + b = 9
$$

حيث $ a $ و $ b $ قيم بين 1 و 6.

دعنا نجد جميع الأزواج التي تحقق ذلك:

- (3 , 6)
- (4 , 5)
- (5 , 4)
- (6 , 3)

إذًا هناك **4 نتائج مفضلة** فقط تعطي مجموع 9.

---

### 🔹 الخطوة 3: حساب الاحتمال

الاحتمال هو:

$$
P = \frac{\text{عدد النتائج المفضلة}}{\text{عدد النتائج الممكنة}} = \frac{4}{36} = \frac{1}{9}
$$

---

### ✅ الإجابة النهائية:

$$
\boxed{\frac{1}{9}}
$$

أو بالتقريب: حوالي **0.111 أو 11.1%**.

هل ترغب أن أشرح لك أيضًا كيف نصل للأزواج الممكنة بطريقة منهجية؟"
"Data frequencies and probabilities","Understanding probabilities","F","إذا كانت P(A) = 0.6 و P(B) = 0.3، وكانت A و B مستقلتين، فما هي P(A و B)؟","لحل هذه المسألة، نحتاج إلى استخدام قاعدة **احتمال حدوث حادثين مستقلين معًا**.

### المعطيات:
- $ P(A) = 0.6 $
- $ P(B) = 0.3 $
- الحدثان $ A $ و $ B $ **مستقلان**

### المطلوب:
إيجاد احتمال أن يقع الحدثان $ A $ و $ B $ **معًا**، أي:
$$
P(A \text{ و } B) = P(A \cap B)
$$

---

### القاعدة المستخدمة:
إذا كان الحدثان $ A $ و $ B $ **مستقلين**، فإن:
$$
P(A \cap B) = P(A) \cdot P(B)
$$

---

### الحل:
نطبق القيم المعطاة في المعادلة:

$$
P(A \cap B) = 0.6 \times 0.3 = 0.18
$$

---

### الإجابة النهائية:
$$
\boxed{0.18}
$$

أي أن احتمال وقوع الحدثين $ A $ و $ B $ معًا هو **0.18**."
"Data frequencies and probabilities","Understanding probabilities","F","تعلن لعبة عن فرصة فوز قدرها 1 من 500. ما هي هذه الاحتمالية كعدد عشري؟","لحل هذه المسألة، نقوم بتحويل احتمال ""1 من 500"" إلى **عدد عشري**.

### المعطى:
- احتمال الفوز = **1 من 500**  
  أي أن هناك فرصة واحدة للفوز من بين 500 فرصة.

### الخطوة الأولى: تحويل النسبة إلى كسر
هذا يُكتب بالشكل:

$$
\frac{1}{500}
$$

### الخطوة الثانية: قسمة 1 ÷ 500
نحسب:

$$
1 \div 500 = 0.002
$$

### إذًا:
الاحتمال كعدد عشري هو:

$$
\boxed{0.002}
$$

---

هل ترغب في معرفة كيف تُحول هذا العدد إلى نسبة مئوية أيضًا؟"
"Data frequencies and probabilities","Understanding probabilities","F","تم سحب بطاقة من مجموعة البطاقات القياسية. ما هي احتمال أن تكون البطاقة بطاقة وجه أو بطاقة من نوع القلوب؟","بالطبع! دعني أشرح لك كيفية حل هذه المسألة خطوة بخطوة.

### **المعطيات:**
- لدينا **مجموعة بطاقات قياسية** (Standard Deck of Cards).
- مجموعة البطاقات القياسية تحتوي على **52 بطاقة**.
- تنقسم البطاقات إلى **4 أنواع (أزقاق):**
  - القلوب ❤️
  - المايل ♦️
  - الشجر ♠️
  - الترابي ♣️
- كل نوع يحتوي على **13 بطاقة**: الأرقام من 2 إلى 10، وبطاقات الوجه (الملك، والملكة، والولد) أي:
  - King, Queen, Jack

---

### **المطلوب:**
إيجاد احتمال أن تكون البطاقة المسحوبة:
> **بطاقة وجه أو بطاقة من نوع القلوب**

وهذا يعني أننا نريد احتمال **اتحاد حدثين**:
- الحدث الأول: سحب بطاقة وجه.
- الحدث الثاني: سحب بطاقة من نوع القلوب.

لكن لأن هناك بطاقات مشتركة بين الحدثين (مثلاً: ملك القلوب هو بطاقة وجه وقلوب)، فنحن لا نجمعها مرتين. لذلك نستخدم قاعدة:

$$
P(A \cup B) = P(A) + P(B) - P(A \cap B)
$$

---

### **الخطوات:**

#### 1. عدد بطاقات الوجه:
- في كل نوع هناك 3 بطاقات وجه (ملك، ملكة، ولد)
- عدد الأنواع = 4
- إذًا عدد بطاقات الوجه الكلي = $ 3 × 4 = 12 $

#### 2. عدد بطاقات القلوب:
- كل نوع له 13 بطاقة، بما فيها القلوب
- إذًا عدد بطاقات القلوب = 13

#### 3. عدد البطاقات المشتركة (بطاقات الوجه من نوع القلوب):
- في القلوب 3 بطاقات وجه: ملك، ملكة، ولد
- إذًا عدد البطاقات المشتركة = 3

---

### **الحساب:**

$$
P(\text{وجه أو قلوب}) = P(\text{وجه}) + P(\text{قلوب}) - P(\text{وجه وقلوب})
$$

$$
= \frac{12}{52} + \frac{13}{52} - \frac{3}{52}
$$

$$
= \frac{22}{52}
$$

$$
= \frac{11}{26}
$$

---

### ✅ **الإجابة النهائية:**
$$
\boxed{\frac{11}{26}}
$$

أي أن احتمال سحب بطاقة تكون **وجه أو قلوب** هو **11 من 26**.

هل تحب أن أشرح لك بطريقة أخرى أو تضيف أمثلة؟"
"Data frequencies and probabilities","Understanding probabilities","F","في حقيبة توجد 10 كرات زرقاء و5 كرات حمراء و5 كرات خضراء. ما هي فرصة عدم سحب كرة زرقاء؟","لحساب **فرصة عدم سحب كرة زرقاء** من الحقيبة، نقوم باتباع الخطوات التالية:

---

### 📌 أولاً: تحديد عدد الكرات الإجمالي

في الحقيبة:
- 10 كرات زرقاء  
- 5 كرات حمراء  
- 5 كرات خضراء  

إذن العدد الإجمالي للكرات هو:
$$
10 + 5 + 5 = 20 \text{ كرة}
$$

---

### 📌 ثانياً: ما المطلوب؟

المطلوب هو **حساب احتمال عدم سحب كرة زرقاء**، أي أن الكرة المسحوبة تكون **إما حمراء أو خضراء**.

أي أن عدد الكرات غير الزرقاء هو:
$$
5 \text{ (حمراء) } + 5 \text{ (خضراء) } = 10 \text{ كرات}
$$

---

### 📌 ثالثاً: حساب الاحتمال

الاحتمال يُحسب بالصيغة التالية:
$$
\text{الاحتمال} = \frac{\text{عدد النتائج المرغوبة}}{\text{عدد جميع النتائج الممكنة}}
$$

في حالتنا:
- عدد النتائج المرغوبة = 10 (غير زرقاء)
- عدد جميع النتائج = 20 (إجمالي الكرات)

إذن:
$$
\text{احتمال عدم سحب كرة زرقاء} = \frac{10}{20} = \frac{1}{2}
$$

---

### ✅ الإجابة النهائية:

$$
\boxed{\frac{1}{2}} \quad \text{أو} \quad \boxed{0.5} \quad \text{أو} \quad \boxed{50\%}
$$

هل ترغب في شرحها بطريقة أخرى مثل استخدام الاحتمال المكمل؟"
"Data frequencies and probabilities","Understanding probabilities","G","في مجموعة من 20 طالبًا، 12 منهم يدرسون الرياضيات، و7 يدرسون العلوم، و5 يدرسون كلا الموضوعين؛ احسب P(الرياضيات ∪ العلوم).","لحساب الاحتمال $ P(\text{الرياضيات} \cup \text{العلوم}) $، نحتاج إلى فهم ما تعنيه هذا الترميز:

- الحدث $ \text{الرياضيات} \cup \text{العلوم} $ يعني:  
  **عدد الطلاب الذين يدرسون الرياضيات أو العلوم (أو كليهما)**.

### المعطيات:
- عدد الطلاب في المجموعة: $ 20 $
- عدد من يدرسون **الرياضيات**: $ 12 $
- عدد من يدرسون **العلوم**: $ 7 $
- عدد من يدرسون **كلاًّ الموضوعين**: $ 5 $

### الخطوة 1: استخدم قاعدة اتحاد المجموعات
لحساب عدد الطلاب الذين يدرسون الرياضيات أو العلوم، نستخدم الصيغة التالية:

$$
|\text{الرياضيات} \cup \text{العلوم}| = |\text{الرياضيات}| + |\text{العلوم}| - |\text{الرياضيات} \cap \text{العلوم}|
$$

نعوّض الأعداد:

$$
|\text{الرياضيات} \cup \text{العلوم}| = 12 + 7 - 5 = 14
$$

إذن، هناك **14 طالبًا** يدرسون إما الرياضيات أو العلوم أو كليهما.

### الخطوة 2: حساب الاحتمال
الاحتمال هو نسبة هؤلاء الطلاب إلى مجموع الطلاب:

$$
P(\text{الرياضيات} \cup \text{العلوم}) = \frac{|\text{الرياضيات} \cup \text{العلوم}|}{\text{إجمالي عدد الطلاب}} = \frac{14}{20} = \frac{7}{10}
$$

### ✅ الإجابة النهائية:
$$
\boxed{\frac{7}{10}}
$$

هل ترغب في شرح العلاقة بين هذه المسألة و""قاعدة الاحتمالات"" بشكل أعم؟"
"Data frequencies and probabilities","Understanding probabilities","G","استخدم قاعدة الجمع: P(A) = 0.4، P(B) = 0.3، P(A ∩ B) = 0.1؛ احسب P(A ∪ B)","لحساب احتمال **اتحاد الحدثين** $ P(A \cup B) $، نستخدم **قاعدة الجمع في الاحتمالات**، والتي تنص على:

$$
P(A \cup B) = P(A) + P(B) - P(A \cap B)
$$

### معطيات المسألة:
- $ P(A) = 0.4 $
- $ P(B) = 0.3 $
- $ P(A \cap B) = 0.1 $

### الآن نعوّض هذه القيم في المعادلة:

$$
P(A \cup B) = 0.4 + 0.3 - 0.1 = 0.6
$$

### إذًا:
$$
\boxed{P(A \cup B) = 0.6}
$$

### ملاحظة:
نقوم بطرح $ P(A \cap B) $ لتجنب حساب الجزء المشترك بين الحدثين مرتين عند جمع $ P(A) $ و $ P(B) $."
"Data frequencies and probabilities","Understanding probabilities","G","صندوق يحتوي على 4 كرات خضراء و3 كرات حمراء و2 كرة صفراء؛ يتم سحب كرتين بدون استبدال. احسب P(خضراء ثم حمراء)","لحساب الاحتمال **P(خضراء ثم حمراء)** في هذه المسألة، أي احتمال سحب **كرة خضراء أولاً ثم كرة حمراء ثانياً** من الصندوق **بدون استبدال**، نتبع الخطوات التالية:

---

### 📦 المعطيات:
- عدد الكرات الخضراء = 4  
- عدد الكرات الحمراء = 3  
- عدد الكرات الصفراء = 2  
- العدد الكلي للكرات = 4 + 3 + 2 = **9 كرات**

نقوم بسحب **كرتين بدون استبدال**، أي أن بعد سحب الكرة الأولى لا تُعاد إلى الصندوق.

---

### 🔍 المطلوب:
احسب احتمال سحب **كرة خضراء أولًا** ثم **كرة حمراء ثانيًا**، أي:

$$
P(\text{خضراء ثم حمراء})
$$

---

### ✳️ الخطوة 1: احتمال سحب كرة خضراء أولًا

عند السحب الأول:  
عدد الكرات الكلية = 9  
عدد الكرات الخضراء = 4  

$$
P(\text{خضراء أولًا}) = \frac{4}{9}
$$

---

### ✳️ الخطوة 2: احتمال سحب كرة حمراء ثانيًا (بعد سحب خضراء)

بعد سحب كرة خضراء، لم تعد تُعاد → عدد الكرات المتبقية = 8  
عدد الكرات الحمراء ما زال = 3 (لم تسحب بعد)

$$
P(\text{حمراء ثانيًا} \mid \text{خضراء أولًا}) = \frac{3}{8}
$$

---

### 🧮 الخطوة 3: اضرب الاحتمالين (لأن الحدثين متتاليان ويعتمدان على بعض):

$$
P(\text{خضراء ثم حمراء}) = P(\text{خضراء أولًا}) \times P(\text{حمراء ثانيًا} \mid \text{خضراء أولًا})
$$

$$
= \frac{4}{9} \times \frac{3}{8} = \frac{12}{72} = \frac{1}{6}
$$

---

### ✅ الإجابة النهائية:
$$
\boxed{\frac{1}{6}}
$$

أي أن احتمال سحب كرة خضراء أولاً ثم حمراء ثانيًا هو **1/6**."
"Data frequencies and probabilities","Understanding probabilities","G","في استبيان، ٣٥٪ يحبون القهوة و٤٥٪ يحبون الشاي، و٢٠٪ يحبون كلاهما؛ احسب احتمال أن لا يحب أحدهم أيًا منهما.","لحل هذه المسألة، سنستخدم مفهوم **نظرية الاحتمالات** وخصوصًا قاعدة جمع الاحتمالات مع مراعاة **التداخل** (أي الأشخاص الذين يحبون كلاً من القهوة والشاي).

### المعطيات:
- نسبة من يحبون **القهوة** = 35% → $ P(C) = 0.35 $
- نسبة من يحبون **الشاي** = 45% → $ P(T) = 0.45 $
- نسبة من يحبون **كلاهما** = 20% → $ P(C \cap T) = 0.20 $

نريد حساب احتمال أن **لا يحب أحدهم أيًا منهما**، أي لا يحب القهوة ولا الشاي.

وهو يُساوي:

$$
P(\text{لا يحب أيًا}) = 1 - P(C \cup T)
$$

حيث:
- $ P(C \cup T) $ هي احتمال أن يحب أحدًا القهوة أو الشاي أو كليهما.

### نستخدم قاعدة الاتحاد في الاحتمالات:
$$
P(C \cup T) = P(C) + P(T) - P(C \cap T)
$$

نعوّض القيم:
$$
P(C \cup T) = 0.35 + 0.45 - 0.20 = 0.60
$$

إذًا:
$$
P(\text{لا يحب أيًا}) = 1 - 0.60 = 0.40
$$

### الإجابة النهائية:
$$
\boxed{40\%}
$$

أي أن احتمال أن لا يحب شخص ما أيًا من القهوة أو الشاي هو **40٪**."
"Data frequencies and probabilities","Understanding probabilities","H","توجد في مصنع 3 آلات تنتج أشياء بمعدلات عيوب تبلغ 2% و4% و5%؛ احسب احتمالية أن يكون المتنج معيبًا إذا كانت الآلات تنتج 40% و35% و25% على التوالي.","لحل هذه المسألة، نستخدم **قاعدة احتمال الكلي (قانون الاحتمال الكامل)**، حيث يتم حساب احتمال أن يكون المنتج معيبًا من أي من الآلات الثلاث، مع مراعاة النسب المئوية لإنتاج كل آلة ونسبة العيوب فيها.

### المعطيات:

- هناك 3 آلات تُنتج بنسَب:
  - الآلة الأولى: 40% من الإنتاج، ومعدل العيوب = 2%
  - الآلة الثانية: 35% من الإنتاج، ومعدل العيوب = 4%
  - الآلة الثالثة: 25% من الإنتاج، ومعدل العيوب = 5%

### المطلوب:

احسب احتمال أن يكون **منتج عشوائي معيب**.

---

### الخطوة 1: تحويل النسب إلى كسور عشرية

| الآلة | نسبة الإنتاج | نسبة العيوب |
|-------|--------------|-------------|
| A     | 0.40         | 0.02        |
| B     | 0.35         | 0.04        |
| C     | 0.25         | 0.05        |

---

### الخطوة 2: استخدام قاعدة الاحتمال الكلي

$$
P(\text{معيب}) = P(A) \cdot P(\text{معيب}|A) + P(B) \cdot P(\text{معيب}|B) + P(C) \cdot P(\text{معيب}|C)
$$

نعوّض الأرقام:

$$
P(\text{معيب}) = (0.40)(0.02) + (0.35)(0.04) + (0.25)(0.05)
$$

$$
= 0.008 + 0.014 + 0.0125 = 0.0345
$$

---

### النتيجة النهائية:

$$
\boxed{0.0345}
$$

أي أن احتمال أن يكون المنتج معيبًا هو **3.45%**."
"Data frequencies and probabilities","Understanding probabilities","H","توجد دفعة تحتوي على معدل عيوب نسبته 5%. احسب احتمال أن تكون جميع العناصر في عينة عشوائية من 4 عناصر سليمة بدون أي عيب.","لدينا دفعة تحتوي على **معدل عيوب نسبته 5%**، أي أن احتمال أن يكون عنصر **معيبًا** هو:

$$
P(\text{عيب}) = 0.05
$$

ومن ثم فإن احتمال أن يكون عنصر **سليمًا** هو:

$$
P(\text{سليم}) = 1 - 0.05 = 0.95
$$

### المطلوب:
حساب احتمال أن تكون **جميع العناصر الأربعة في العينة سليمة**.

بما أن أخذ العناصر يتم **عشوائيًا وبشكل مستقل** (نفترض أن حجم الدفعة كبير بما يكفي بحيث لا تتأثر النسبة عند أخذ عنصر)، فإن احتمال أن تكون جميع العناصر الأربع سليمة هو:

$$
P(\text{كلها سليمة}) = P(\text{عنصر سليم})^4 = 0.95^4
$$

نحسب ذلك:

$$
0.95^4 = 0.81450625
$$

### إذًا الإجابة النهائية هي:
$$
\boxed{0.8145}
$$

أو حوالي **81.45%** احتمال أن تكون جميع العناصر الأربعة سليمة."
"Data frequencies and probabilities","Understanding probabilities","H","قدّر القيمة المتوقعة لتذكرة يانصيب تكلفتها 2 دينار مع فرصة واحدة من 1000 للفوز بمبلغ 500 دينار.","لحساب **القيمة المتوقعة (Expected Value)** لتذكرة اليانصيب، نقوم بتطبيق مفهوم **المتوقّع الرياضي** في الاحتمالات. هذا يساعدنا على فهم ما إذا كانت تذكرة اليانصيب ""جيدة"" من الناحية المالية أو لا.

### معطيات المسألة:
- **تكلفة التذكرة**: 2 دينار.
- **فرصة الفوز**: 1 من أصل 1000 → أي احتمال الفوز = $ \frac{1}{1000} $
- **مبلغ الجائزة**: 500 دينار
- إذًا، احتمال **الخسارة** هو $ \frac{999}{1000} $

---

### الخطوة 1: حساب الربح الصافي

عند الفوز، تحصل على 500 دينار، لكنك دفعت 2 دينار ثمن التذكرة، لذا:

- **الربح الصافي عند الفوز**:  
  $ 500 - 2 = 498 $ دينار

- **الخسارة عند عدم الفوز**:  
  خسرت 2 دينار (ثمن التذكرة)، أي أن العائد هو $ -2 $

---

### الخطوة 2: استخدام قانون القيمة المتوقعة

$$
\text{القيمة المتوقعة} = (\text{احتمال الفوز} \times \text{الربح عند الفوز}) + (\text{احتمال الخسارة} \times \text{الخسارة})
$$

$$
= \left( \frac{1}{1000} \times 498 \right) + \left( \frac{999}{1000} \times (-2) \right)
$$

$$
= \frac{498}{1000} - \frac{1998}{1000}
$$

$$
= \frac{-1500}{1000} = -1.5
$$

---

### النتيجة:

القيمة المتوقعة هي **-1.5 دينار**

أي أنك **بشكل متوسط** تخسر 1.5 دينار لكل تذكرة تشتريها.

---

### تفسير النتيجة:
رغم أن الجائزة كبيرة (500 دينار)، إلا أن فرصتك ضئيلة جدًا (واحدة من ألف)، مما يجعل الاستثمار فيها غير مجدي رياضيًا. ومعنى ذلك:

- كلما اشتريت أكثر من تذكرة، كلما زادت **خسارتك المتوقعة**.
- هذه القيمة سالبة تعني أن اللعبة **غير عادلة** للمشارك.

هل تريد أن أشرح لك كيف تُحسب القيمة المتوقعة بشكل عام؟"
"Data frequencies and probabilities","Understanding probabilities","H","إذا كانت احتمالية تعطل آلة في يوم واحد هي 0.01، ما هي احتمالية أن تستمر في العمل بدون تعطل لمدة 100 يوم؟","لحل هذه المسألة، نحتاج إلى حساب **احتمال أن الآلة تستمر في العمل بدون تعطل لمدة 100 يوم متتالي**، علماً بأن:

- احتمال **تعطل الآلة في يوم واحد** = $ 0.01 $
- إذن احتمال **عدم تعطلها (أي أنها تعمل) في يوم واحد** = $ 1 - 0.01 = 0.99 $

### الفكرة الأساسية:
كل يوم هو حدث مستقل (أي أن عمل الآلة اليوم لا يتأثر بعملها بالأمس)، ولذلك نضرب احتمالات الأيام المختلفة معًا.

### خطوات الحل:

1. احتمال أن تعمل الآلة ليوم واحد دون تعطّل:  
   $ P(\text{تعمل}) = 0.99 $

2. احتمال أن تعمل **لمدة 100 يوم** دون تعطّل:  
   نضرب الاحتمال نفسه 100 مرة:  
   $$
   P(\text{تعمل 100 يوم}) = 0.99^{100}
   $$

3. نحسب ذلك باستخدام الآلة الحاسبة:  
   $$
   0.99^{100} \approx 0.366
   $$

### الإجابة النهائية:
$$
\boxed{0.366}
$$

أي أن هناك حوالي **36.6%** فرصة لأن الآلة تستمر في العمل بدون تعطّل لمدة 100 يوم."
"Data frequencies and probabilities","Combinatorics","B","لون جميع الطرق المختلفة لترتيب الكتل الحمراء والزرقاء والصفراء.","بالطبع! دعني أساعدك في فهم المسألة وحلها خطوة بخطوة.

### أولاً: فهم السؤال

السؤال يقول:  
**""لون جميع الطرق المختلفة لترتيب الكتل الحمراء والزرقاء والصفراء.""**

هذا يشير إلى أن لديك **ثلاث كتل بألوان مختلفة**:  
- أحمر (مثلاً نرمز له بـ **أ**)  
- أزرق (نرمز له بـ **ب**)  
- أصفر (نرمز له بـ **ج**)

والمطلوب هو معرفة **كل الترتيبات الممكنة لهذه الكتل الثلاث**.

---

### ثانيًا: ما هي ""الترتيبات"" أو ""التباديل""؟

عند ترتيب عدد من العناصر المختلفة، فإن عدد الترتيبات الممكنة يُحسب باستخدام **التباديل** (Permutations).  
إذا كانت كل العناصر **مختلفة**، فإن عدد الترتيبات = **عامل العدد n** حيث n هو عدد العناصر.

#### هنا لدينا 3 كتل مختلفة:
عدد الترتيبات = 3! = 3 × 2 × 1 = **6 طرق**

---

### ثالثًا: كتابة جميع الترتيبات

لنكتب جميع الترتيبات الممكنة للألوان:

| الترتيب | الترتيب بالألوان     |
|--------|----------------------|
| 1      | أحمر، أزرق، أصفر    |
| 2      | أحمر، أصفر، أزرق    |
| 3      | أزرق، أحمر، أصفر    |
| 4      | أزرق، أصفر، أحمر    |
| 5      | أصفر، أحمر، أزرق    |
| 6      | أصفر، أزرق، أحمر    |

---

### رابعًا: إذا كان هناك شرط إضافي (مثل عدد معين من الكتل لكل لون)؟

إذا كانت المسألة تعني أن لديك **أكثر من كتلة لكل لون** (مثلاً: 2 حمراء، و3 زرقاء، وكتبتين صفراء)، فإن الطريقة ستختلف. وفي هذه الحالة نستخدم **تباديل مع تكرار**.

لكن بما أن السؤال لم يذكر عدد الكتل لكل لون، سنفترض أن كل لون له **كتلة واحدة فقط**.

---

### خامسًا: الخلاصة

لقد قمنا بـ:
- تحديد عدد الألوان: 3
- حسبنا عدد الترتيبات: 3! = 6
- سردنا كل الترتيبات الممكنة

---

### هل تريد تعميم ذلك على عدد أكبر من الكتل؟

إذا كنت تريد معرفة عدد الطرق لترتيب عدد أكثر من الكتل (مثلاً 4 أو 5 كتل بألوان مختلفة)، يمكنني مساعدتك أيضاً.

هل ترغب في رسم توضيحي أو جدول Excel يوضح الترتيبات؟ 😊"
"Data frequencies and probabilities","Combinatorics","B","ارسم جميع الطرق الممكنة لتلوين علم يحتوي على شريطين باستخدام اللونين الأحمر والأزرق.","بالطبع! دعنا نحل هذه المسألة خطوة بخطوة.

### **المسألة:**
> ارسم جميع الطرق الممكنة لتلوين علم يحتوي على شريطين باستخدام اللونين الأحمر والأزرق.

---

### **فهم المسألة:**

- لدينا **علم مكوّن من شريطين** (متجاورين عموديًا أو أفقيًا، لكن غالبًا في مثل هذه المسائل يُفترض أن الترتيب مهم، سواء كان رأسيًا أو أفقيًا).
- كل شريط يمكن تلوينه بلون أحمر أو أزرق.
- المطلوب هو **تحديد ورسم جميع التركيبات الممكنة** لتلوين الشريطين باستخدام هذين اللونين.

---

### **الخطوات:**

#### 1. عدد الشريطين:
- هناك شريطان فقط: لنسميهما ""الشريط العلوي"" و""الشريط السفلي"" (أو ""الأيسر"" و""الأيمن"" إذا كانوا أفقيين).

#### 2. عدد الألوان لكل شريط:
- كل شريط يمكن أن يكون:
  - أحمر (**أح**)  
  - أو أزرق (**أز**)

#### 3. عدد التوليفات الممكنة:
بما أن كل شريط له خياران (أحمر أو أزرق)، فإن عدد التوليفات الكلية هو:

$$
2 \times 2 = 4
$$

---

### **التوليفات الأربع الممكنة هي:**

1. الشريط الأول: أحمر — الشريط الثاني: أحمر  
   → (أحمر / أحمر)

2. الشريط الأول: أحمر — الشريط الثاني: أزرق  
   → (أحمر / أزرق)

3. الشريط الأول: أزرق — الشريط الثاني: أحمر  
   → (أزرق / أحمر)

4. الشريط الأول: أزرق — الشريط الثاني: أزرق  
   → (أزرق / أزرق)

---

### **كيف ترسمها؟**

يمكنك رسم كل علم كمستطيل مقسّم إلى شريطين (رأسيًا أو أفقيًا):

- لو رسمت الشريطين **أفقيين** (علوي وسفلي):
  - ارسم مستطيلًا واقسمه إلى نصفين أفقيين.
  - صبغ النصف العلوي والسفلية حسب التوليفة.

- لو رسمت الشريطين **رأسيين** (يساري ويميني):
  - ارسم مستطيلًا واقسمه إلى نصفين رأسيين.
  - صبغ النصف الأيسر والأيمن حسب التوليفة.

---

### **مثال على الرسم (وصفياً):**

1. **(أحمر / أحمر)**: كلا الشريطين أحمر  
   🔴🔴 أو 🔴  
      🔴

2. **(أحمر / أزرق)**: الشريط العلوي أحمر، والسفلي أزرق  
   🔵🔵 أو 🔴  
      🔵

3. **(أزرق / أحمر)**: الشريط العلوي أزرق، والسفلي أحمر  
   🔵🔴 أو 🔵  
      🔴

4. **(أزرق / أزرق)**: كلا الشريطين أزرق  
   🔵🔵 أو 🔵  
      🔵

---

### ✅ **الخلاصة:**
عدد الطرق الممكنة لتلوين العلم = **4 طرق**، وهي:

1. (أحمر / أحمر)  
2. (أحمر / أزرق)  
3. (أزرق / أحمر)  
4. (أزرق / أزرق)

كل طريقة يمكنك تمثيلها برسم علم مقسوم إلى شريطين وتلوين كل منهما باللون المناسب.

هل تحب أن أساعدك في رسمها بصيغة جدول أو تنسيق معين؟"
"Data frequencies and probabilities","Combinatorics","B","كم عدد الطرق التي يمكنك بها ترتيب 3 كتل: أ، ب، ج؟","لحل هذه المسألة: **""كم عدد الطرق التي يمكنك بها ترتيب 3 كتل: أ، ب، ج؟""**  
نحن نبحث عن عدد **التباديل (Permutations)** الممكنة لثلاثة عناصر مختلفة.

---

### 🔍 الفكرة:
عندما يكون لدينا عدد من العناصر المختلفة ونريد معرفة عدد الطرق التي يمكن ترتيبها بها، فإننا نستخدم **التباديل**.

إذا كان لدينا $ n $ عناصر مختلفة تمامًا، فإن عدد طرق ترتيبها هو:

$$
\text{عدد الترتيبات} = n!
$$

حيث $ n! $ يُقرأ ""عاملي $ n $"" وهو حاصل ضرب كل الأعداد الصحيحة الموجبة الأقل من أو تساوي $ n $:

$$
n! = n \times (n-1) \times (n-2) \times \cdots \times 1
$$

---

### 📌 في مسألتك:
عدد الكتل = 3 (وهي: أ، ب، ج)

إذًا:

$$
\text{عدد الترتيبات} = 3! = 3 \times 2 \times 1 = 6
$$

---

### ✅ الترتيبات الممكنة هي:
1. أ، ب، ج  
2. أ، ج، ب  
3. ب، أ، ج  
4. ب، ج، أ  
5. ج، أ، ب  
6. ج، ب، أ

---

### 🧮 إذًا الجواب النهائي:
$$
\boxed{6}
$$"
"Data frequencies and probabilities","Combinatorics","C","كم عدد الأزياء التي يمكنك أن ترتديها باستخدام 2 قميص و3 بنطلونات؟","لحل هذه المسألة الرياضية، نحتاج إلى معرفة **كم عدد الأزياء المختلفة** التي يمكن تشكيلها باستخدام:

- **2 قميص**
- **3 بنطلونات**

### الفكرة الأساسية:
كل قميص يمكن ارتداؤه مع أي بنطال. إذن لكل قميص، لديك 3 خيارات من البنطلونات.

### الحل:
عدد الأزياء = عدد القمصان × عدد البنطلونات  
$$
= 2 \times 3 = 6
$$

### التفسير:
لنسمِّ القمصان: **قميص أ - قميص ب**  
ولنسمِّ البنطلونات: **بنطال 1 - بنطال 2 - بنطال 3**

الأزياء الممكنة ستكون:
1. قميص أ + بنطال 1  
2. قميص أ + بنطال 2  
3. قميص أ + بنطال 3  
4. قميص ب + بنطال 1  
5. قميص ب + بنطال 2  
6. قميص ب + بنطال 3

إذًا، يمكنك تكوين **6 أزياء مختلفة**.

### الإجابة النهائية:
$$
\boxed{6}
$$"
"Data frequencies and probabilities","Combinatorics","C","كم عدد الطرق المختلفة التي يمكنك من خلالها ترتيب 2 من الطلاب من مجموعة مكونة من 4 طلاب؟","لحل هذه المسألة:

> **كم عدد الطرق المختلفة التي يمكنك من خلالها ترتيب 2 من الطلاب من مجموعة مكونة من 4 طلاب؟**

هذا النوع من المسائل يدخل في باب **التباديل (Permutations)**، لأن السؤال يتحدث عن **ترتيب** طالبين اثنين، أي أن **الترتيب مهم**.

---

### المعلومة الأساسية:
- لديك **4 طلاب**.
- تريد اختيار **طالبين اثنين** منهم **مع مراعاة الترتيب**.

أي: كم عدد الطرق لاختيار طالب أول ثم طالب ثاني من بين 4 طلاب؟

---

### الطريقة الأولى: استخدام قانون التباديل

التباديل لاختيار $ r $ عناصر من $ n $ مع مراعاة الترتيب تعطى بالصيغة:

$$
P(n, r) = \frac{n!}{(n - r)!}
$$

حيث:
- $ n = 4 $
- $ r = 2 $

$$
P(4, 2) = \frac{4!}{(4 - 2)!} = \frac{4 \times 3 \times 2 \times 1}{2 \times 1} = \frac{24}{2} = 12
$$

إذن عدد الطرق لترتيب 2 من أصل 4 طلاب هو **12 طريقة**.

---

### الطريقة الثانية: بالتفكير المنطقي

- أول طالب يمكنك اختياره بأي من الـ 4 طرق.
- بعد اختيار الأول، يتبقى لك 3 طلاب للاختيار الثاني.

إذًا:

$$
4 \times 3 = 12
$$

نفس النتيجة.

---

### خلاصة:

عدد الطرق المختلفة لترتيب 2 من الطلاب من مجموعة مكونة من 4 طلاب هو:

$$
\boxed{12}
$$"
"Data frequencies and probabilities","Combinatorics","C","استخدم مبدأ العد: لديك 5 قمصان و 2 بنطلون و 3 أحذية — كم عدد الأزياء المختلفة التي يمكنك تشكيلها؟","بالطبع! لحل هذه المسألة، سنستخدم **مبدأ العد** (أو مبدأ الضرب في العد)، وهو ينص على أنه:

> إذا كان هناك $ n_1 $ طريقة لفعل شيء أول، و$ n_2 $ طريقة لفعل شيء ثانٍ، و$ n_3 $ طريقة لفعل شيء ثالث، وهكذا، فإن عدد الطرق الكلية لأداء جميع هذه الأفعال معًا هو:
$$
n_1 \times n_2 \times n_3 \times \dots
$$

---

### في مسألتك:

- لديك **5 قمصان**
- و**2 بنطلون**
- و**3 أحذية**

كل زيا يتكون من:  
- اختيار **قميص واحد**  
- و**بنطلون واحد**  
- و**حذاء واحد**

إذن:

$$
\text{عدد الأزياء المختلفة} = 5 \times 2 \times 3 = 30
$$

---

### الإجابة النهائية:
$$
\boxed{30}
$$

أي يمكنك تشكيل **30 زياً مختلفاً** باستخدام القمصان والبنطلونات والأحذية المتوفرة."
"Data frequencies and probabilities","Combinatorics","C","ارسم مخطط شجري لجميع النتائج الممكنة عند قذف عملة ورمي مكعب أرقام.","بالطبع! سنقوم بحل هذه المسألة الرياضية عن طريق **رسم مخطط شجري** (Tree Diagram) يُظهر **جميع النتائج الممكنة** عند:

- **قذف عملة معدنية** (لها وجهان: صورة Head - H، وكتابة Tail - T)
- **ورمي مكعب أرقام** (مكعب عادي من 1 إلى 6)

---

### 🔹 الخطوة الأولى: فهم التجربة

التجربة تتكون من جزأين:
1. قذف العملة → لها نتيجتان ممكنتان:
   - H (صورة)
   - T (كتابة)

2. رمي مكعب الأرقام → لها 6 نتائج ممكنة:
   - 1، 2، 3، 4، 5، 6

بما أن الحدثين **مستقلان** (نتيجة العملة لا تؤثر على نتيجة المكعب والعكس)، فإن العدد الكلي للنتائج هو:

$$
2 \times 6 = 12\ \text{نتيجة ممكنة}
$$

---

### 🔹 الخطوة الثانية: رسم المخطط الشجري

نبدأ برأس واحد (الجذر) للمخطط، ثم نقسمه حسب النتائج الممكنة.

#### 📌 المرحلة الأولى: قذف العملة
- نرسم فرعين من نقطة البداية:
  - فرع لـ **H**
  - فرع لـ **T**

#### 📌 المرحلة الثانية: رمي المكعب
- من **كل فرع** من الفرعين السابقين، نرسم 6 فروع جديدة تمثل نتائج المكعب (من 1 إلى 6)

---

### 🔹 المخطط الشجري (وصف نصي):

```
                   ابدأ
                  /   \
               H        T
              /|\      /|\
            1 2 3 4   1 2 3 4
                 5 6       5 6
```

أي أن كل نتيجة من H أو T تقود إلى 6 نتائج أخرى.

---

### 🔹 النتائج النهائية (المسارات في المخطط):

كل مسار من أعلى إلى أسفل يعطي زوجًا يمثل نتيجة القذف + رمية النرد:

- H1, H2, H3, H4, H5, H6  
- T1, T2, T3, T4, T5, T6  

إذن:  
**المخطط الشجري يحتوي على 12 نهاية (نتيجة نهائية)**

---

### 🔹 مثال عملي على استخدامه:

لو سُئِل:  
> ما احتمال ظهور ""صورة"" مع رقم زوجي؟

- النتائج المواتية: H2, H4, H6 → 3 نتائج
- إجمالي النتائج: 12

$$
\text{الاحتمال} = \frac{3}{12} = \frac{1}{4}
$$

---

### ✅ خلاصة:

- استخدمت المخطط الشجري لرسم جميع النتائج الممكنة.
- بدأنا بالعملة، ثم فرع لكل رقم في المكعب.
- المخطط يساعد في تصور كل الاحتمالات، ويسهل حساب الاحتمالات الشرطية أو المركبة.

هل تحب أن أرسم لك هذا المخطط بشكل بصري باستخدام ASCII أو تنسيق آخر؟"
"Data frequencies and probabilities","Combinatorics","D","أنت تلعب لعبة رمي العملة مرتين — اكتب جميع النتائج المحتملة.","بالطبع! دعني أشرح لك كيف تجد جميع **النتائج المحتملة** عند لعب لعبة **رمي العملة مرتين**.

### 🎲 ما هي اللعبة؟
عندك عملة (مثلاً: ريال أو دولار)، لها وجهان:
- **كتابة (كتاب)**  
- **صورة (رأس)**  

ورميها مرتين يعني أنك تُجري تجربتين، وكل تجربة لها نتيجتان ممكنتان.

---

## ✳️ الخطوة 1: حدد النتائج الممكنة لكل رمية

- الرمية الأولى: نتيجتها إما **كتابة (ك)** أو **صورة (ص)**
- الرمية الثانية: نتيجتها إما **كتابة (ك)** أو **صورة (ص)**

---

## ✳️ الخطوة 2: اكتب جميع التوافيق الممكنة

نأخذ كل نتيجة من الرمية الأولى ونجمعها مع كل نتيجة من الرمية الثانية.

هذا يسمى **الضرب الديكارتي** بين نتائج الرمية الأولى والثانية.

### 🔹 النتائج:

| الرمية الأولى | الرمية الثانية | النتيجة الكاملة |
|---------------|------------------|-------------------|
| كتابة         | كتابة            | (ك، ك)           |
| كتابة         | صورة             | (ك، ص)           |
| صورة          | كتابة            | (ص، ك)           |
| صورة          | صورة             | (ص، ص)           |

---

## ✅ إذًا، جميع النتائج المحتملة هي:

> **(ك، ك)** — كتابة ثم كتابة  
> **(ك، ص)** — كتابة ثم صورة  
> **(ص، ك)** — صورة ثم كتابة  
> **(ص، ص)** — صورة ثم صورة

إذن، عدد **جميع النتائج المحتملة = 4**

---

### 💡 هل تريد طريقة سهلة لتذكر العدد فقط؟

كل رمية لها 2 نتائج → إذا رميت مرتين، فإن العدد الكلي للنتائج هو:

$$
2 \times 2 = 4
$$

وإذا رميت 3 مرات مثلاً:

$$
2 \times 2 \times 2 = 8
$$

وهكذا.

---

هل تحب أن أشرح لك هذا بطريقة **شجرة الاحتمالات** أيضًا؟"
"Data frequencies and probabilities","Combinatorics","D","كلمة مرور تتكون من حرفين متبوعين برقم واحد - كم عدد كلمات المرور المختلفة الممكنة باستخدام الحروف أ، ب، ج والأرقام 1، 2؟","بالطبع! دعنا نحل هذه المسألة خطوة بخطوة.

### **المعطيات:**

- كلمة المرور تتكون من:  
  ✅ **حرفين** متبوعين بـ  
  ✅ **رقم واحد**  
- الحروف المسموح باستخدامها هي: **أ، ب، ج** (أي 3 حروف)  
- الأرقام المسموح باستخدامها هي: **1، 2** (أي رقمين)

---

## **الخطوة 1: عدد الاحتمالات لكل موقع في كلمة المرور**

1. **الحرف الأول:**  
   يمكنك الاختيار بين 3 حروف (أ، ب، ج) → **3 احتمالات**

2. **الحرف الثاني:**  
   أيضًا يمكنك الاختيار بين نفس 3 الحروف → **3 احتمالات**

3. **الرقم:**  
   يمكنك الاختيار بين رقمين (1 أو 2) → **2 احتمال**

---

## **الخطوة 2: استخدام قاعدة الضرب**

لحساب العدد الكلي لكلمات المرور المختلفة الممكنة، نضرب عدد الاحتمالات لكل موقع:

$$
\text{عدد كلمات المرور} = 3 \times 3 \times 2 = 18
$$

---

### ✅ **الإجابة النهائية:**
**يمكن تشكيل 18 كلمة مرور مختلفة** وفقاً للشروط المعطاة.

هل تحب أن أوضح لك كيف يمكن كتابة جميع هذه الاحتمالات؟ 😊"
"Data frequencies and probabilities","Combinatorics","D","كم عدد الوجبات المختلفة التي يمكنك إعدادها إذا كان لديك 2 مقبلات، و3 أطباق رئيسية، و2 حلوى؟","لحل هذه المسألة، نحتاج إلى حساب **عدد الوجبات المختلفة** التي يمكن تشكيلها من:

- **2 مقبلات**
- **3 أطباق رئيسية**
- **2 حلوى**

### الفكرة الأساسية:
كل وجبة تتكون من **مُقبلة واحدة** + **طَبق رئيسي واحد** + **حلوى واحدة**.

إذن، لحساب عدد التوليفات (أو الوجبات) الممكنة، نقوم بـ **ضرب عدد الخيارات في كل فئة** مع بعضها البعض.

### الطريقة:
عدد الوجبات = عدد المقبلات × عدد الأطباق الرئيسية × عدد الحلويات  
عدد الوجبات = 2 × 3 × 2

### النتيجة:
عدد الوجبات = **12 وجبة مختلفة**

---

### مثال لتوضيح الفكرة:
لنفترض أن:

- المقبلات: زيتون، سلطة
- الأطباق الرئيسية: دجاج، لحم، سمك
- الحلويات: كيكة، بودينغ

فإن إحدى الوجبات قد تكون:
- مقبلة: زيتون + طبق رئيسي: دجاج + حلوى: كيكة

وهكذا لكل توليفة ممكنة.

---

✅ **الإجابة النهائية:**  
يمكن إعداد **12 وجبة مختلفة**."
"Data frequencies and probabilities","Combinatorics","D","كم عدد الطرق التي يمكن أن يجلس بها 4 طلاب في صف من 4 كراسي؟","لحل هذه المسألة:

> **كم عدد الطرق التي يمكن أن يجلس بها 4 طلاب في صف من 4 كراسي؟**

نحن نبحث عن عدد **الترتيبات الممكنة** للـ 4 طلاب على 4 كراسي، أي عدد **التباديل (Permutations)**.

---

### ✅ الفكرة الأساسية:
عند ترتيب $ n $ أشخاص في $ n $ أماكن مختلفة، فإن عدد الترتيبات الممكنة هو:

$$
n! = n \times (n-1) \times (n-2) \times \dots \times 1
$$

وهنا $ n = 4 $، إذًا:

$$
4! = 4 \times 3 \times 2 \times 1 = 24
$$

---

### 🧮 شرح خطوة بخطوة:

1. أول طالب له **4 خيارات** من الكراسي.
2. بعد أن يجلس الأول، يتبقى **3 كراسي** للطالب الثاني → **3 خيارات**.
3. للطالب الثالث **2 خيارات**.
4. وللطالب الرابع **1 كرسي فقط** → **خيار واحد**.

إذن:

$$
\text{عدد الطرق} = 4 \times 3 \times 2 \times 1 = 24
$$

---

### ✅ الإجابة النهائية:

$$
\boxed{24}
$$

أي أن هناك **24 طريقة مختلفة** لجلوس 4 طلاب على 4 كراسي."
"Data frequencies and probabilities","Combinatorics","E","كم عدد الطرق لاختيار طالبتين من مجموعة مكونة من 6 طالبات؟ استخدم صيغة التوافيق.","لحل هذه المسألة: **""كم عدد الطرق لاختيار طالبتين من مجموعة مكونة من 6 طالبات؟""**، سنستخدم **صيغة التوافيق (التوفيقات)** لأن ترتيب الاختيار **غير مهم** في هذه الحالة. أي أن اختيار الطالبة أ ثم الطالبة ب هو نفسه اختيار الطالبة ب ثم أ.

---

### ✳️ صيغة التوافيق:

$$
\binom{n}{r} = \frac{n!}{r!(n - r)!}
$$

حيث:
- $ n $: عدد العناصر الكلي (في حالتنا = 6 طالبات)
- $ r $: عدد العناصر المُراد اختيارها (في حالتنا = 2 طالبتين)

---

### 📌 نطبق الأرقام على الصيغة:

$$
\binom{6}{2} = \frac{6!}{2!(6 - 2)!} = \frac{6!}{2! \cdot 4!}
$$

نلاحظ أنه يمكن تبسيط العدد $ 6! $ و $ 4! $ كما يلي:

$$
\frac{6 \cdot 5 \cdot 4!}{2! \cdot 4!}
$$

نحذف $ 4! $ من البسط والمقام:

$$
= \frac{6 \cdot 5}{2!} = \frac{30}{2} = 15
$$

---

### ✅ الإجابة النهائية:

$$
\boxed{15}
$$

أي أن هناك **15 طريقة** مختلفة لاختيار طالبتين من مجموعة مكونة من 6 طالبات."
"Data frequencies and probabilities","Combinatorics","E","كم عدد الطرق التي يمكن بها جلوس 4 أصدقاء في صف مكون من 4 كراسي؟ استخدم رمز التباديل.","بالطبع! يمكننا حل هذه المسألة باستخدام **رمز التباديل**، لأننا نريد معرفة عدد الطرق المختلفة التي يمكن بها **ترتيب 4 أصدقاء في 4 كراسي**، أي أن **الترتيب مهم**.

---

### 📌 المعطيات:
- عدد الأصدقاء = 4  
- عدد الكراسي = 4  
- كل صديق سيجلس على كرسي واحد فقط.  
- لا يُسمح بوجود أكثر من شخص على كرسي واحد.  
- الترتيب مهم (أي أن جلوس أحمد أولًا ليس هو نفسه جلوسه ثانيًا).

---

### ✳️ استخدام رمز التباديل:

التباديل (Permutation) تُستخدم لحساب عدد الطرق التي يمكن بها **ترتيب عدد من العناصر** أو اختيارها مع **مراعاة الترتيب**.

في حالتنا هنا، نريد ترتيب **كل** الأصدقاء الأربعة، أي:

$$
P(4, 4)
$$

وهو ما يعني: عدد التباديل عند اختيار 4 عناصر من 4 مع مراعاة الترتيب.

---

### 🔢 قانون التباديل:

$$
P(n, r) = \frac{n!}{(n - r)!}
$$

نطبق على مسألتنا:

$$
P(4, 4) = \frac{4!}{(4 - 4)!} = \frac{4!}{0!}
$$

ونحن نعلم أن:

- $ 4! = 4 × 3 × 2 × 1 = 24 $
- $ 0! = 1 $

إذن:

$$
P(4, 4) = \frac{24}{1} = 24
$$

---

### ✅ الإجابة النهائية:

عدد طرق جلوس 4 أصدقاء في 4 كراسي هي:

$$
\boxed{24}
$$

هل ترغب أن أشرح لك كيف نصل إلى هذا الرقم بطريقة مباشرة دون استخدام القانون؟"
"Data frequencies and probabilities","Combinatorics","E","تُسحب مجموعة من 5 بطاقات من مجموعة بطاقات. كم عدد المجموعات المختلفة الممكنة؟ استخدم صيغة التوافيق.","لحل هذه المسألة، سنستخدم **صيغة التوافيق** (Combination)، لأن ترتيب البطاقات غير مهم في المجموعات.

### 📌 المعطيات:
- نسحب **5 بطاقات**.
- مجموعة البطاقات الكاملة تحتوي عادةً على **52 بطاقة** (ما لم يُذكر خلاف ذلك في المسألة).
- الترتيب **غير مهم**، إذًا نستخدم التوافيق.

---

### 🔢 صيغة التوافيق:

$$
\binom{n}{r} = \frac{n!}{r!(n - r)!}
$$

حيث:
- $ n $: عدد العناصر الكلي (هنا 52 بطاقة).
- $ r $: عدد العناصر المختارة (هنا 5 بطاقات).

---

### ✏️ تطبيق القيم:

$$
\binom{52}{5} = \frac{52!}{5!(52 - 5)!} = \frac{52!}{5! \cdot 47!}
$$

نقوم بتبسيط العدد العاملي:

$$
= \frac{52 \times 51 \times 50 \times 49 \times 48}{5 \times 4 \times 3 \times 2 \times 1}
$$

$$
= \frac{311,875,200}{120} = 2,598,960
$$

---

### ✅ الإجابة النهائية:

عدد المجموعات المختلفة الممكنة لاختيار 5 بطاقات من 52 هو:

$$
\boxed{2,\!598,\!960}
$$

إذا كانت لديك مجموعة مختلفة من عدد البطاقات، أخبرني وسأعد الحساب بناءً على ذلك. 😊"
"Data frequencies and probabilities","Combinatorics","E","استخدم مبدأ العد الأساسي لإيجاد عدد الطرق الممكنة لتكوين زي يتكون من 2 قميص، و3 بنطلونات، و2 قبعة.","بالطبع! يمكننا حل هذه المسألة باستخدام **مبدأ العد الأساسي** (Basic Counting Principle)، وهو أسلوب بسيط وفعّل لحساب عدد الطرق المختلفة التي يمكن فيها اختيار مجموعة من العناصر، بحيث يتم الاختيار من كل نوع بشكل مستقل.

---

### 📌 المعطيات:

- لديك:  
  - **2 قميص**
  - **3 بنطلونات**
  
  - **2 قبعة**

والمطلوب هو حساب عدد **الوجوه المختلفة للزي الكامل** المكون من **قميص واحد + بنطال واحد + قبعة واحدة**.

---

### ✅ مبدأ العد الأساسي:

إذا كان هناك أكثر من خيار مستقل، فإن العدد الكلي للتركيبات = **ضرب عدد الخيارات في بعضها**.

أي:

$$
\text{عدد التوليفات} = (\text{عدد القمصان}) \times (\text{عدد البنطالات}) \times (\text{عدد القبعات})
$$

---

### 🔢 تطبيق الأعداد:

$$
\text{عدد التوليفات} = 2 \times 3 \times 2 = 12
$$

---

### ✅ الإجابة النهائية:

يمكن تكوين **12 زيًا مختلفًا** باستخدام 2 قميص و3 بنطلونات و2 قبعة.

---

هل تحب أن أشرح لك الفكرة بمثال عملي أو رسم توضيحي؟"
"Data frequencies and probabilities","Combinatorics","F","كم عدد الطرق التي يمكن بها منح الجوائز الثلاث (الأولى والثانية والثالثة) بين 10 متسابقين؟","لحل هذه المسألة:

> **كم عدد الطرق التي يمكن بها منح الجوائز الثلاث (الأولى والثانية والثالثة) بين 10 متسابقين؟**

نحتاج إلى تحديد عدد **الترتيبات الممكنة** لاختيار 3 فائزين من أصل 10 متسابقين، مع مراعاة أن **كل جائزة مختلفة** (أي أن الترتيب مهم: الجائزة الأولى ليست مثل الثانية أو الثالثة).

---

### ✳️ هذا هو نوع من ""التباديل"" (Permutations)

عندما نختار **رُتباً** (أي أن الترتيب مهم)، نستخدم قانون **التباديل**:

$$
P(n, r) = \frac{n!}{(n - r)!}
$$

حيث:
- $ n $ = عدد المتسابقين = 10  
- $ r $ = عدد الجوائز = 3  

نحسب:

$$
P(10, 3) = \frac{10!}{(10 - 3)!} = \frac{10!}{7!}
$$

والآن نحسب:

$$
\frac{10!}{7!} = 10 \times 9 \times 8 = 720
$$

---

### ✅ إذًا، عدد الطرق الممكنة لتوزيع الجوائز الثلاث على 10 متسابقين هو:  
$$
\boxed{720}
$$

هل تود أن أشرح لك الفرق بين التباديل والتوافيق أيضًا؟"
"Data frequencies and probabilities","Combinatorics","F","استخدم مثلث باسكال لإيجاد عدد الطرق لاختيار 3 عناصر من بين 6 عناصر.","لحل هذه المسألة باستخدام **مثلث باسكال**، نريد إيجاد عدد الطرق لاختيار 3 عناصر من بين 6 عناصر. وهذا يُكتب رياضيًا بالعلاقة:

$$
\binom{6}{3}
$$

وهو ما يُعرف بـ **المعامل الثنائي** (Binomial Coefficient).

---

### 🔺 ما هو مثلث باسكال؟

مثلث باسكال هو ترتيب أعداد على شكل مثلث، حيث يتم تكوين كل عدد عن طريق جمع العددين الموجودين مباشرة فوقه:

```
       1
      1 1
     1 2 1
    1 3 3 1
   1 4 6 4 1
 1 5 10 10 5 1
1 6 15 20 15 6 1
```

كل سطر في هذا المثلث يمثل معاملات مفكوك ذات الحدين $(a + b)^n$، وترتيب الأسطر يكون حسب $ n = 0, 1, 2, 3, \dots $

---

### ✏️ الخطوات لإيجاد $\binom{6}{3}$:

1. نبحث عن **السطر السادس** في مثلث باسكال (نبدأ العد من الصفر).
   - إذن السطر السادس هو:  
     $$
     1 \quad 6 \quad 15 \quad 20 \quad 15 \quad 6 \quad 1
     $$

2. الأعداد في هذا السطر تمثل:
   $$
   \binom{6}{0}, \binom{6}{1}, \binom{6}{2}, \binom{6}{3}, \binom{6}{4}, \binom{6}{5}, \binom{6}{6}
   $$

3. إذاً العدد الرابع من اليسار (وهو $\binom{6}{3}$) هو:

$$
\boxed{20}
$$

---

### ✅ الإجابة النهائية:

عدد الطرق لاختيار 3 عناصر من بين 6 عناصر هو:

$$
\boxed{20}
$$

إذا أردت، يمكنني أيضًا أن أشرح لك كيف تحسب ذلك بدون مثلث باسكال باستخدام القانون الرياضي للمعاملات الثنائية."
"Data frequencies and probabilities","Combinatorics","F","نادي يحتوي على 10 أعضاء. كم عدد الطرق التي يمكنك من خلالها اختيار رئيس، ونائب رئيس، وامين سر إذا كان يجب أن يكون الرئيس أكبر سناً من نائب الرئيس؟","لدينا نادٍ يحتوي على **10 أعضاء**، ونريد اختيار **رئيس** و**نائب رئيس** و**أمين سر**، مع شرط أن يكون **الرئيس أكبر سناً من نائب الرئيس**.

### الخطوة 1: فهم طبيعة الأدوار
الأدوار:
- **رئيس**
- **نائب رئيس**
- **أمين سر**

هذا يعني أن الأدوار **مميزة** (ليست مجموعة غير مرتبة)، أي أن ترتيب الاختيار مهم.  
لكن هناك شرط إضافي هو:
> ""يجب أن يكون **الرئيس أكبر سناً من نائب الرئيس**"".

نفترض أن كل الأعضاء لديهم **أعمار مختلفة** (وإلا لا يمكن تطبيق الشرط بدقة).

---

### الخطوة 2: عدد الطرق العامة لاختيار 3 أشخاص بأدوار مميزة

أولًا، بدون أي شروط:

- نختار 3 أشخاص من بين 10: عدد التوافيق هو $ \binom{10}{3} $
- ثم نخصص لكل منهم دور (رئيس، نائب رئيس، أمين سر): عدد التوزيعات = $3! = 6$

إذن عدد الطرق العامة دون شروط:

$$
\binom{10}{3} \times 3! = 120 \times 6 = 720
$$

لكن هذا **بدون شرط كون الرئيس أكبر سناً من نائب الرئيس**.

---

### الخطوة 3: تطبيق الشرط

لنفكر في كيفية تطبيق الشرط: ""**الرئيس يجب أن يكون أكبر سناً من نائب الرئيس**"".

#### المبدأ الأساسي:
- عند اختيار شخصين (وليسميا A و B) ليكونا رئيسًا ونائب رئيس، فإن هناك احتمالان:
  - A أكبر من B → نجعل A رئيسًا
  - B أكبر من A → نجعل B رئيسًا

وبما أن الأعمار مختلفة، فلا يوجد تعادل.

في النصف من الحالات تقريبًا يكون الشخص الأول أكبر من الثاني، وفي النصف الآخر العكس.

إذن: من بين كل زوج من الأشخاص المرشحين للرئاسة والنواب، فقط **نصف الترتيبات** تحقق الشرط ""الرئيس أكبر سناً"".

#### لكن هنا لدينا 3 أدوار: رئيس، نائب، أمين سر

نختار 3 أشخاص من الـ 10، ثم نخصص لهم الأدوار بحيث يحقق الشرط.

1. نختار 3 أشخاص من الـ 10: $ \binom{10}{3} = 120 $

2. لكل مجموعة من 3 أشخاص، نُخصص لهم الأدوار الثلاثة: عدد الطرق = $3! = 6$

   ولكن من هذه 6 طرق، نحن نريد فقط تلك التي فيها **الشخص الأكبر سنًا هو الرئيس**، و**الشخص الثاني (الأصغر منه) هو نائب الرئيس**.

   أما أمين السر فيمكن أن يكون أي شخص ثالث.

#### لنحسب عدد التعيينات الصحيحة لكل ثلاثي

افترض أن الأشخاص الثلاثة هم: X, Y, Z، وترتيبهم بالعمر هو:  
X > Y > Z

نريد أن يكون:
- الرئيس هو الأكبر (X)
- نائب الرئيس هو الأوسط أو الأصغر، بشرط أن يكون أصغر من الرئيس → (Y أو Z)
- أمين السر هو الباقي

لكن في الواقع، بما أن لدينا شرطًا واحدًا فقط:
> ""الرئيس > نائب الرئيس"" (من حيث العمر)

فكل ما نريده هو أن يكون **الرئيس أكبر من نائب الرئيس**، وليس هناك شرط على موقع أمين السر.

لذلك، من بين الـ 6 طرق لتوزيع الأدوار على الثلاثة، نختار فقط تلك التي فيها:
- الشخص الأكبر هو **رئيس**
- الشخص الثاني (الأصغر منه) هو **نائب رئيس**
- الثالث هو **أمين سر**

عدد هذه التعيينات = عدد الترتيبات التي فيها:
- الرئيس هو الأكبر
- النائب ليس الأكبر (أي أحد الشخصين الآخرين)

لثلاثة أشخاص، عدد الطرق التي يكون فيها **الرئيس هو الأكبر** و**النائب ليس الأكبر**:

- نختار من بين الشخصين الصغيرين من يكون نائب الرئيس: 2 خيارات
- الباقي يكون أمين السر: 1 خيار

إذن: لكل ثلاثي، عدد التعيينات المقبولة = **2**

---

### الخطوة 4: العدد الكلي للتعيينات المقبولة

- عدد الثلاثيات الممكنة: $ \binom{10}{3} = 120 $
- لكل ثلاثية، عدد التعيينات المقبولة = 2
- إذن العدد الكلي:

$$
120 \times 2 = 240
$$

---

### ✅ الإجابة النهائية:

$$
\boxed{240}
$$

أي أنه هناك **240 طريقة** لاختيار رئيس ونائب وسكرتير بحيث يكون **الرئيس أكبر سناً من نائب الرئيس**."
"Data frequencies and probabilities","Combinatorics","F","استخدم مثلث باسكال لكتابة معاملات (أ + ب)⁴.","بالطبع! يمكننا استخدام **مثلث باسكال** لإيجاد **معاملات مفكوك**:

$$
(a + b)^4
$$

### أولًا: ما هو مثلث باسكال؟
مثلث باسكال هو ترتيب أعداد على شكل مثلث، حيث يكون كل عدد هو **مجموع العددين الموجودين مباشرةً فوقه**. الصف الأول (من الأعلى) يبدأ بـ 1، ثم نضيف صفوفًا تحته كما يلي:

```
       1                     ← الصف 0
      1 1                    ← الصف 1
     1 2 1                   ← الصف 2
    1 3 3 1                  ← الصف 3
   1 4 6 4 1                 ← الصف 4
```

### ثانيًا: كيف تُستخدم معاملات مثلث باسكال في المفكوك؟
عند فك $(a + b)^n$، فإن المعاملات تكون هي الأعداد الموجودة في **الصف رقم $n$** من مثلث باسكال.

في حالتنا:
- نريد فك $(a + b)^4$
- إذن نستخدم **الصف الرابع** من مثلث باسكال:

$$
\text{الصف 4: } 1\quad 4\quad 6\quad 4\quad 1
$$

### ثالثًا: كتابة المفكوك
المعاملات التي سنستخدمها هي:  
$$
1,\ 4,\ 6,\ 4,\ 1
$$

عدد الحدود = $n + 1 = 5$  
ونكتب المفكوك بالشكل التالي:

$$
(a + b)^4 = a^4 + 4a^3b + 6a^2b^2 + 4ab^3 + b^4
$$

### خلاصة:
باستخدام مثلث باسكال، وجدنا أن معاملات $(a + b)^4$ هي:

$$
\boxed{1,\ 4,\ 6,\ 4,\ 1}
$$

والمفكوك الكامل هو:

$$
\boxed{(a + b)^4 = a^4 + 4a^3b + 6a^2b^2 + 4ab^3 + b^4}
$$

هل تحب أن أشرح لك لماذا يعمل هذا بطريقة رياضية أكثر؟"
"Data frequencies and probabilities","Combinatorics","G","يستخدم رمز ثنائي ٦ خانات؛ كم عدد الرموز التي تحتوي على بالضبط رقمين ١؟","لحل هذه المسألة الرياضية:

> **""يستخدم رمز ثنائي ٦ خانات؛ كم عدد الرموز التي تحتوي على بالضبط رقمين ١؟""**

### الفهم:
- الرمز **ثنائي** يعني أن كل خانة تكون إما **0** أو **1**.
- عدد الخانات = **6**.
- نريد **عدد التوافيق (التوليفات)** الممكنة حيث يكون هناك **بالضبط رقمين 1** في الـ 6 خانات.

أي: من بين الـ 6 خانات، نختار **2 خانتين** لتكون **1**، والباقي تكون **0**.

### الحل:
هذا سؤال يعتمد على **حساب التوافيق (Combination)**، لأن ترتيب الـ 1 مهم لكن لا نعيد ترتيبها – نحسب فقط عدد الطرق لاختيار موضعين من أصل 6.

نستخدم:

$$
\binom{n}{k} = \frac{n!}{k!(n-k)!}
$$

حيث:
- $ n = 6 $: عدد الخانات.
- $ k = 2 $: عدد الأرقام 1 المرغوبة.

$$
\binom{6}{2} = \frac{6!}{2!(6-2)!} = \frac{6 \times 5}{2 \times 1} = 15
$$

### الإجابة النهائية:
$$
\boxed{15}
$$

إذًا، هناك **15 رمزًا ثنائيًا مكوّنًا من 6 خانات** يحتوي على **بالضبط رقمين 1**."
"Data frequencies and probabilities","Combinatorics","G","استخدم مبدأ الشمول والاستبعاد: في فصل دراسي من 30 طالبًا، 18 منهم يلعبون كرة القدم، و15 يلعبون كرة السلة، و10 يلعبون الرياضيين كليهما. كم عدد الطلاب الذين لا يلعبون أيًا من الرياضتين؟","لحل هذه المسألة الرياضية، سنستخدم **مبدأ الشمول والاستبعاد**، وهو مبدأ في نظرية المجموعات يُستخدم لحساب عدد العناصر في اتحاد مجموعتين مع أخذ التداخل بينهما بعين الاعتبار.

---

### 📌 المعطيات:
- عدد طلاب الفصل: 30  
- عدد الذين يلعبون كرة القدم: 18  
- عدد الذين يلعبون كرة السلة: 15  
- عدد الذين يلعبون كلا الرياضتين (التداخل): 10

---

### ✳️ الخطوة الأولى: استخدام مبدأ الشمول والاستبعاد

لحساب عدد الطلاب الذين يلعبون **إما كرة القدم أو كرة السلة أو كليهما**، نحسب:

$$
|A \cup B| = |A| + |B| - |A \cap B|
$$

حيث:
- $ |A| = 18 $ (كرة القدم)
- $ |B| = 15 $ (كرة السلة)
- $ |A \cap B| = 10 $ (الذين يلعبون كليهما)

$$
|A \cup B| = 18 + 15 - 10 = 23
$$

إذن، هناك **23 طالبًا** يلعبون واحدة على الأقل من الرياضتين.

---

### ✳️ الخطوة الثانية: حساب عدد الطلاب الذين لا يلعبون أي رياضة

عدد جميع الطلاب = 30  
عدد الذين يلعبون رياضة واحدة على الأقل = 23  

إذن، عدد الذين **لا يلعبون أيًا من الرياضتين** هو:

$$
30 - 23 = 7
$$

---

### ✅ الإجابة النهائية:
**7 طلاب** لا يلعبون أيًا من الرياضتين.

---

هل ترغب في شرح مرئي أو جدول لتوضيح الأمر أكثر؟"
"Data frequencies and probabilities","Combinatorics","G","يمتلك الرسم البياني 6 عقد؛ كم عدد الحواف اللازمة لربط كل زوج من العقد (رسم بياني كامل)؟","لحل هذه المسألة، دعنا نفهم أولًا ما هو **الرسم البياني الكامل**.

---

### 📌 المفهوم الأساسي:
في **الرسم البياني الكامل** (Complete Graph)، تكون كل **عقدة** (Vertex) متصلة بـ **كل العقد الأخرى** بحافة واحدة. أي لا توجد أي زوج من العقد غير مرتبط.

إذا كان عدد العقد هو $ n $، فإن عدد الحواف (Edges) في الرسم البياني الكامل يُحسب باستخدام المعادلة التالية:

$$
E = \frac{n(n - 1)}{2}
$$

> لماذا هذه الصيغة؟ لأنك تقوم بعدّ **كل الأزواج الممكنة** بين العقد، وكل زوج يتصل بحافة واحدة فقط. عدد هذه الأزواج هو عدد التوافيق $ \binom{n}{2} $، والتي تساوي $ \frac{n(n-1)}{2} $.

---

### 🔢 تطبيق على مسألتك:

عدد العقد $ n = 6 $

نستخدم المعادلة:

$$
E = \frac{6(6 - 1)}{2} = \frac{6 \times 5}{2} = \frac{30}{2} = 15
$$

---

### ✅ الإجابة النهائية:
عدد الحواف اللازمة لربط كل زوج من العقد (في رسم بياني كامل مكوَّن من 6 عقد) هو:

$$
\boxed{15}
$$"
"Data frequencies and probabilities","Combinatorics","H","باستخدام دوال التوليد، أوجد عدد الحلول الصحيحة للمعادلة: x₁ + x₂ + x₃ = ١٠، حيث xᵢ ≥ ٠.","لحل هذه المسألة باستخدام **دوال التوليد (Generating Functions)**، دعنا نشرح خطوة بخطوة كيف يمكننا إيجاد عدد **الحلول الصحيحة غير السالبة** للمعادلة:

$$
x_1 + x_2 + x_3 = 10 \quad \text{حيث } x_i \geq 0
$$

---

### 🔹 الخطوة 1: فهم المسألة

نريد عدد الحلول الصحيحة غير السالبة (أي أن القيم تكون من الأعداد الطبيعية أو الصفر) للمعادلة أعلاه. هذا يكافئ حساب عدد طرق توزيع العدد 10 على 3 متغيرات.

---

### 🔹 الخطوة 2: استخدام دوال التوليد

كل متغير $ x_i \geq 0 $ يمكن أن يأخذ أي قيمة صحيحة من 0 إلى ما لا نهاية. لذلك، فإن الدالة المولدة لكل متغير هي:

$$
f(x) = 1 + x + x^2 + x^3 + \cdots = \frac{1}{1 - x} \quad \text{(متسلسلة هندسية)}
$$

بما أن لدينا 3 متغيرات مستقلة، فإن الدالة المولدة للمسألة بأكملها هي:

$$
G(x) = \left( \frac{1}{1 - x} \right)^3 = \frac{1}{(1 - x)^3}
$$

---

### 🔹 الخطوة 3: إيجاد معامل $ x^{10} $

عدد الحلول الصحيحة غير السالبة للمعادلة هو **معامل $ x^{10} $** في المتسلسلة التي تمثل $ G(x) = \frac{1}{(1 - x)^3} $.

#### 📌 معلومة مهمة:

يمكننا استخدام المتطابقة التالية:

$$
\frac{1}{(1 - x)^n} = \sum_{k=0}^\infty \binom{n + k - 1}{k} x^k
$$

في حالتنا:
- $ n = 3 $
- $ k = 10 $

إذًا معامل $ x^{10} $ هو:

$$
\binom{3 + 10 - 1}{10} = \binom{12}{10} = \binom{12}{2} = 66
$$

---

### ✅ الإجابة النهائية:

$$
\boxed{66}
$$

أي أن هناك **66 حلًا صحيحًا غير سالبًا** للمعادلة:

$$
x_1 + x_2 + x_3 = 10 \quad \text{حيث } x_i \geq 0
$$

---

هل تحب أن أوضح لك أيضًا الطريقة الأخرى لحل هذا النوع من المعادلات (طريقة ""Stars and Bars"")؟"
"Data frequencies and probabilities","Combinatorics","H","لديك 6 أقلام حمراء و5 أقلام زرقاء. كم عدد الطرق لاختيار 3 أقلام بحيث يكون هناك على الأقل قلم أحمر واحد؟","لحل هذه المسألة:

> **لديك 6 أقلام حمراء و5 أقلام زرقاء. كم عدد الطرق لاختيار 3 أقلام بحيث يكون هناك على الأقل قلم أحمر واحد؟**

### الخطوة 1: فهم السؤال

نريد أن نختار 3 أقلام من مجموع:
- 6 قلم حمراء
- 5 قلم زرقاء  
إذًا المجموع = 6 + 5 = **11 قلم**

والمطلوب هو عدد طرق اختيار 3 أقلام، **بحيث يكون بينها على الأقل قلم أحمر واحد**.

---

### الخطوة 2: استخدام مبدأ ""العد الكلي - العد الغير مرغوب فيه""

بدلًا من حساب كل الحالات التي تحتوي على **قلم أحمر واحد أو أكثر** مباشرة (وهذا سيتطلب عدة حالات)، يمكننا استخدام طريقة أسرع:

#### عدد جميع الطرق لاختيار أي 3 أقلام من 11 قلم:
$$
\binom{11}{3} = \frac{11 \times 10 \times 9}{3 \times 2 \times 1} = 165
$$

#### عدد الطرق غير المرغوبة: أي اختيار 3 أقلام **ولم يكن فيها أي قلم أحمر** (أي تكون كلها زرقاء):

عدد الأقلام الزرقاء = 5  
نختار منها 3:
$$
\binom{5}{3} = \frac{5 \times 4 \times 3}{3 \times 2 \times 1} = 10
$$

---

### الخطوة 3: احسب عدد الطرق المرغوبة

العدد المطلوب = (عدد جميع التوليفات) − (عدد التوليفات بدون أي قلم أحمر):
$$
\text{العدد المطلوب} = 165 - 10 = 155
$$

---

### ✅ الإجابة النهائية:
$$
\boxed{155}
$$

أي أن هناك **155 طريقة** لاختيار 3 أقلام بحيث يحتوي الاختيار على **على الأقل قلم أحمر واحد**."
"Functional relationships (patterns and structures)","Recognising patterns and structures","B","ماذا يأتي بعد ذلك؟ 2، 4، 6، 8، ___","السلام عليكم!  
هذه مسألة جميلة وبسيطة، وهي من نوع **متتاليات عددية** (أو ما يسمى بالإنجليزية: Number Sequence).

لدينا الأعداد التالية:

**2، 4، 6، 8، ___**

### الخطوة 1: نلاحظ الفرق بين كل عددين متتالين:
- 4 - 2 = 2  
- 6 - 4 = 2  
- 8 - 6 = 2  

نرى أن هناك **زيادة منتظمة بمقدار 2** بين كل عدد و الذي يليه.

### إذًا، هذا تسلسل حسابي (Arithmetic Sequence)

### الخطوة 2: لإيجاد العدد التالي:
نضيف 2 إلى آخر عدد معطى:

**8 + 2 = 10**

### ✅ إذًا، الجواب هو: **10**

---

لو عندك تسلسلات أصعب أو غير منتظمة، يمكن تحليل نمطها بنفس الطريقة:  
- ابحث عن الفرق بين الأعداد  
- أو هل هناك ضرب أو قسمة  
- أو نمط معقد مثل التربيع أو التكعيب

هل تحب نحاول على مثال أكثر تعقيدًا؟ 😊"
"Functional relationships (patterns and structures)","Recognising patterns and structures","B","املأ الرقم الناقص: 5، 10، ___، 20","بالطبع! لننظر إلى المتتالية المعطاة:

**5، 10، ___، 20**

نريد معرفة النمط الموجود بين هذه الأعداد لإيجاد العدد الناقص.

### الخطوة 1: نلاحظ الفرق بين الأعداد
- الفرق بين العدد الثاني والعدد الأول:  
  **10 - 5 = 5**
- نتوقع أن يكون الفرق نفسه بين باقي الأعداد.

إذا افترضنا أن **النمط هو إضافة 5 كل مرة**، فسنحسب العدد الثالث كما يلي:
- **10 + 5 = 15**

ثم العدد الرابع سيكون:
- **15 + 5 = 20** ✅ وهو يتطابق مع المعطى.

### إذًا:
الرقم الناقص هو: **15**

### الإجابة النهائية:
**5، 10، 15، 20**

هل تحب أن أشرح لك كيف نتأكد من النمط في مثل هذه المتتاليات؟ 😊"
"Functional relationships (patterns and structures)","Recognising patterns and structures","B","أي عدد يكسر النمط؟ 2، 4، 6، 9، 10","بالطبع! دعني أشرح لك كيف تحل هذا النوع من المسائل، وهي مسائل **""تحديد العدد الذي يكسر النمط""** في سلسلة أعداد.

### المعطى:
السلسلة:  
**2، 4، 6، 9، 10**

المطلوب:  
إيجاد **العدد الذي لا يتبع النمط نفسه الذي تتبعه باقي الأعداد**، أي العدد ""الغريب"" أو الذي ""يُخرج السلسلة عن نمطها"".

---

### الخطوة 1: ابحث عن النمط العام

لننظر إلى الأعداد:

- 2 → عدد زوجي
- 4 → عدد زوجي
- 6 → عدد زوجي
- 9 → عدد **فردي**
- 10 → عدد زوجي

هل لاحظت شيئًا؟  
كل الأعداد **إلا 9** هي أعداد **زوجية**.  
أما **9 فهو عدد فردي**.

إذن، إذا كان النمط هو ""كل الأعداد زوجية""، فإن **العدد 9 هو الذي يكسر هذا النمط**.

---

### الخطوة 2: هل هناك نمط آخر محتمل؟

يمكننا أيضًا التحقق مما إذا كان هناك نمط رياضي آخر مثل:

- الفرق بين كل عددين متتاليين:
  - 4 - 2 = 2  
  - 6 - 4 = 2  
  - 9 - 6 = 3 ← هنا تغيّر الفرق  
  - 10 - 9 = 1  

إذاً، الفرق لم يكن ثابتًا، لكن حتى قبل أن ينكسر الفرق الثابت، كان لدينا **عدم انتظام في نوع العدد (فردي/زوجي)**، وهو مؤشر قوي على انحراف.

لكن ما يهم دائمًا هو **أبسط وأقوى نمط** يمكن استخلاصه، وغالبًا يكون هو المقصود.

---

### ✅ الإجابة النهائية:
**العدد الذي يكسر النمط هو: `9`**

لأنه العدد الوحيد في السلسلة الذي **ليس زوجيًا**.

---

هل تحب أن أشرح طريقة أخرى لتحليل النمط أو تريد تمرينًا مشابهًا لتتدرب عليه؟"
"Functional relationships (patterns and structures)","Recognising patterns and structures","B","هل هذا النمط تصاعدي أم تنازلي؟ 50، 45، 40، 35","بالطبع! لنحلل النمط الذي أعطيته:

الأعداد هي:  
**50، 45، 40، 35**

### الخطوة 1: نلاحظ الفرق بين كل عدد و predecessor (الذي يسبقه):
- 45 − 50 = **−5**
- 40 − 45 = **−5**
- 35 − 40 = **−5**

هنا نرى أن هناك **نقصانًا ثابتًا قدره 5** في كل مرة.

### الخطوة 2: نحدد نوع النمط
بما أن الأعداد **تقل بمقدار ثابت** (كل مرة تنقص 5)، إذًا هذا النمط هو نمط **تنازلي**.

---

### ✅ الإجابة النهائية:
**النمط تنازلي، لأن الأعداد تقل بمقدار 5 في كل مرة.**

هل تحب أن أوضح لك كيف تكتب الحدود التالية أو تكمل النمط؟ 😊"
"Functional relationships (patterns and structures)","Recognising patterns and structures","B","اكتب الرقمين التاليين: 3، 6، 9، ___، ___","بالطبع! دعني أشرح لك كيفية حل هذه المسألة خطوة بخطوة.

السلسلة المعطاة هي:

**3، 6، 9، __، __**

### الخطوة 1: ابحث عن النمط
نحاول أن نكتشف العلاقة بين الأرقام لنعرف كيف تسير السلسلة.

نلاحظ أن:

- 3 ➕ 3 = 6  
- 6 ➕ 3 = 9  

إذًا هناك **نمط جمعي**: كل رقم يزيد عن السابق بمقدار **3**.

### الخطوة 2: نكمل السلسلة
نستمر في إضافة 3 لكل رقم:

- 9 ➕ 3 = **12**
- 12 ➕ 3 = **15**

### إذًا، الجواب هو:
**3، 6، 9، 12، 15**

هل تحب أن أشرح لك الأمر بطريقة أخرى، مثل استخدام الضرب أو الجداول؟"
"Functional relationships (patterns and structures)","Recognising patterns and structures","B","ما هي القاعدة؟ 1، 3، 3، 5، 7 ← القاعدة: أضف ___","بالطبع! دعنا نحلل السلسلة العددية المعطاة:

**1، 3، 3، 5، 7**

ونريد معرفة **القاعدة** التي تتبعها هذه الأعداد، وخصوصًا أن المطلوب هو:  
""القاعدة: أضف ___""

---

### الخطوة 1: نحسب الفروق بين كل حدين متتاليين

- من 1 إلى 3:  
  $ 3 - 1 = +2 $

- من 3 إلى 3:  
  $ 3 - 3 = 0 $

- من 3 إلى 5:  
  $ 5 - 3 = +2 $

- من 5 إلى 7:  
  $ 7 - 5 = +2 $

إذن الفروقات هي:  
**+2, 0, +2, +2**

---

### الخطوة 2: نبحث عن نمط في الفروقات

نلاحظ أن:
- أول عدد يُضيف **+2**
- ثم بعده **لا توجد زيادة (0)**
- ثم **+2** مرتين متتاليتين

ربما يكون النمط هنا أنه بعد التزايد الأولي، يتكرر شيء ما.

لكن لا يبدو أن هناك تكرارًا واضحًا لعدد ثابت في الإضافة.  
ومع ذلك، يمكننا محاولة صياغة القاعدة بطريقة أخرى.

---

### الاحتمال 1: قاعدة غير خطية أو تعتمد على الموقع

دعنا نحاول النظر إلى الأرقام من حيث مواقعها:

| الموضع | العدد |
|--------|-------|
| 1      | 1     |
| 2      | 3     |
| 3      | 3     |
| 4      | 5     |
| 5      | 7     |

هل يمكنك ملاحظة شيء؟

- الحد الثاني = 3  
- الحد الثالث = 3  
- الحد الرابع = 5  
- الحد الخامس = 7

أي أن من الموضع 2 فصاعدًا، يبدو أن الأعداد تتزايد كما في المتتالية الفردية:  
**3، 5، 7** ← أعداد فردية متتالية!

ولكن الحد الأول هو 1، والثاني 3، والثالث أيضًا 3.

---

### الاحتمال 2: القاعدة مرتبطة بالحد السابق

نعود إلى الفروق:

- من 1 → 3: +2  
- من 3 → 3: 0  
- من 3 → 5: +2  
- من 5 → 7: +2

إذا نظرنا جيدًا، قد تكون القاعدة:

> ""ابدأ بإضافة 2، ثم لا تغيّر، ثم استمر بإضافة 2""

لكن هذا ليس ثابتًا، لذلك ربما القاعدة ليست إضافة عدد ثابت فقط.

---

### لكن بما أن السؤال يقول:  
> ""القاعدة: أضف ___""

فهذا يعني أن هناك عددًا واحدًا يتم إضافته دائمًا (متتالية حسابية)، أو أن هناك عددًا معينًا يُضاف بشكل رئيسي.

لكن بما أن الزيادة ليست ثابتة، فربما القصد هو:

> ""أكبر عدد يُضاف في معظم الحالات هو 2""،  
أو  
> ""القاعدة الأساسية هي إضافة 2، لكن في مكان واحد لم تتم الإضافة"".

وهذا يقودنا إلى احتمال أن السلسلة تحتوي على خطأ طفيف، أو أن القاعدة العامة هي:

✅ **القاعدة: أضف 2، إلا بين الحدين الثاني والثالث، حيث لا تُضاف أي قيمة.**

أو بصيغة أبسط تناسب السؤال:

> ✅ **القاعدة: أضف 2**

لأن معظم الحدود تتزايد بمقدار 2، باستثناء مرة واحدة لم تتغير فيها القيمة.

---

### إذًا، الجواب البسيط سيكون:

> **القاعدة: أضف 2**

(مع ملاحظة أن الحد الثالث نفسه مثل الثاني، لكن هذا قد يكون استثناءً أو خطأ في السلسلة).

هل تحب أن نكمل السلسلة بناءً على هذه القاعدة؟"
"Functional relationships (patterns and structures)","Recognising patterns and structures","C","اكتشف القاعدة: 3 → 6، 4 → 8، 5 → 10، ___ → ___","بالطبع! لنحلل هذه المسألة خطوة بخطوة لاكتشاف القاعدة.

لدينا الأزواج التالية:

- 3 → 6  
- 4 → 8  
- 5 → 10  
- ___ → ___  

### أولًا: ابحث عن العلاقة بين العدد الأيسر ونظيره الأيمن

نلاحظ أن:

- 3 × 2 = 6  
- 4 × 2 = 8  
- 5 × 2 = 10  

إذًا **القاعدة** هي:  
> ""كل عدد في الطرف الأيسر يُضرب في 2 للحصول على العدد في الطرف الأيمن.""

أو رياضيًا:
> $ y = 2x $

### ثانيًا: استخدم القاعدة لإكمال الفراغ

نحتاج إلى عدد جديد نضعه مكان الفراغ في الطرف الأيسر، ثم نحسب ناتجه باستخدام القاعدة.

مثلاً، إذا أخذنا العدد التالي بعد 5 وهو 6:

- 6 → 6 × 2 = 12

إذًا يمكن أن نكتب:

- 3 → 6  
- 4 → 8  
- 5 → 10  
- **6 → 12**

(يمكنك استخدام أي عدد آخر أيضًا، مثل 7 → 14 أو 2 → 4 إلخ، طالما تطبيق القاعدة.)

---

### ✅ الإجابة النهائية (مثلاً):

- 3 → 6  
- 4 → 8  
- 5 → 10  
- **6 → 12**

والقاعدة هي: **""اضرب العدد في 2""**."
"Functional relationships (patterns and structures)","Recognising patterns and structures","C","إذا كانت السلسلة تتبع النمط 'طرح 4'، فما هما العددان التاليان: 40، 36، ___، ___.","لدينا سلسلة أعداد:  
**40، 36، ___، ___**  
ويُقال إن السلسلة تتبع النمط **""طرح 4""**.

### الخطوة 1: فهم النمط
كلما قيل أن السلسلة تتبع نمط ""طرح 4""، فهذا يعني أننا نأخذ العدد الحالي ونَطْرح منه 4 للحصول على العدد التالي.

مثال:
- من 40 إلى 36:  
  $ 40 - 4 = 36 $

### الخطوة 2: إيجاد العدد الثالث
نأخذ العدد الثاني (36) ونطرح منه 4:
- $ 36 - 4 = 32 $

إذًا العدد الثالث هو **32**

### الخطوة 3: إيجاد العدد الرابع
نأخذ العدد الثالث (32) ونطرح منه 4:
- $ 32 - 4 = 28 $

إذًا العدد الرابع هو **28**

### الإجابة النهائية:
السلسلة تصبح:  
**40، 36، 32، 28**

✅ إذًا العددان التاليان هما: **32** و **28**."
"Functional relationships (patterns and structures)","Recognising patterns and structures","C","ما هي قاعدة النمط؟ 1، 4، 9، 16، 25...","بالطبع! دعنا نحلل هذا النمط خطوة بخطوة:

النمط المعطى هو:

**1، 4، 9، 16، 25، ...**

### الخطوة 1: نلاحظ القيم
نبدأ بملاحظة الأرقام:

- الحد الأول = **1**
- الحد الثاني = **4**
- الحد الثالث = **9**
- الحد الرابع = **16**
- الحد الخامس = **25**

### الخطوة 2: نبحث عن العلاقة بين كل حد وترتيبه
نحاول معرفة ما إذا كانت هذه الأرقام مرتبطة **بتربيع الأعداد الطبيعية**:

| الترتيب (n) | الحد (aₙ) | هل هو مربع كامل؟ |
|-------------|-----------|-------------------|
| 1           | 1         | $1^2 = 1$        |
| 2           | 4         | $2^2 = 4$        |
| 3           | 9         | $3^2 = 9$        |
| 4           | 16        | $4^2 = 16$       |
| 5           | 25        | $5^2 = 25$       |

نعم! كل حد هو **مربع ترتيبه**.

### إذًا، قاعدة النمط هي:

$$
a_n = n^2
$$

أي أن الحد النوني في هذا النمط يُحسب بتربيع عدد ترتيبه.

---

### أمثلة:
- الحد السادس = $6^2 = 36$
- الحد العاشر = $10^2 = 100$

هل تحب أن أشرح لك كيف نكتشف مثل هذه الأنماط عمومًا؟ 😊"
"Functional relationships (patterns and structures)","Recognising patterns and structures","C","ما هو الرقم المفقود: 5، 10، ___، 20، 25؟","بالطبع! لننظر إلى المتتالية المعطاة:

**5، 10، ___، 20، 25**

نريد معرفة **النمط** الذي تتبعه هذه الأعداد لاكتشاف **الرقم المفقود**.

---

### الخطوة 1: نلاحظ الفرق بين الأعداد

- 10 − 5 = **5**
- نفترض أن الفرق هو 5 أيضًا بين 10 والعدد المفقود.
- إذًا:  
  العدد المفقود = 10 + 5 = **15**

ثم نتحقق من أنه:
- 20 − 15 = 5 ✅
- 25 − 20 = 5 ✅

---

### الاستنتاج:

النمط واضح: كل عدد يزيد عن السابق بمقدار **5**.

إذًا الرقم المفقود هو:  
✅ **15**

---

### المتتالية الكاملة تصبح:

**5، 10، 15، 20، 25**

هل تريد أن أشرح لك كيف يمكن حل مثل هذه المسائل عمومًا؟ 😊"
"Functional relationships (patterns and structures)","Recognising patterns and structures","D","حدِّد الفرق المشترك ثم أوجد الحد العاشر في المتتالية: 4، 7، 7، 10، 13، ...","لحل هذه المسألة، سنقوم بخطوتين:

1. **تحديد الفرق المشترك في المتتالية.**
2. **إيجاد الحد العاشر باستخدام هذا الفرق.**

---

### 📌 الخطوة 1: تحديد الفرق المشترك

المعطى:  
المتتالية هي:  
**4، 7، 7، 10، 13، ...**

نبدأ بحساب الفروق بين كل حدين متتاليين:

- $ 7 - 4 = 3 $
- $ 7 - 7 = 0 $
- $ 10 - 7 = 3 $
- $ 13 - 10 = 3 $

هنا نلاحظ أن الفرق **ليس ثابتًا طوال المتتالية**، لكن بعد الحد الثاني تكرر الفرق 3.

لننظر إلى المتتالية بدءًا من الحد الثالث:

- الحد الثالث = 7
- الحد الرابع = 10 (أي 7 + 3)
- الحد الخامس = 13 (أي 10 + 3)

إذن، **من الحد الثالث فصاعدًا**، المتتالية تتبع نمطًا منتظمًا بفرق مشترك قدره **3**.

لكن كيف نفسر الحدود الأولى؟  
الحدود: 4، 7، 7، 10، 13...

ربما هناك خطأ في كتابة المتتالية أو أنها ليست متتالية حسابية بالكامل، لكن بما أن السؤال يطلب تحديد الفرق المشترك **ثم** إيجاد الحد العاشر، فإن المقصود هو **الجزء المنتظم من المتتالية**.

إذًا، نفترض أن المتتالية بدأت بشكل غير منتظم ثم دخلت في نمط حسابي منتظم ابتداءً من الحد الثالث.

---

### ✏️ الخطوة 2: إيجاد الحد العاشر

سنعتبر أن المتتالية تصبح **حسابية من الحد الثالث فصاعدًا**، أي:

- أول حد في المتتالية الحسابية = 7 (وهو الحد الثالث في الأصل)
- الفرق المشترك $ d = 3 $

نريد إيجاد **الحد العاشر في المتتالية الأصلية**.

#### أولاً: عدد الحدود في الجزء الحسابي

- الحد الثالث = 7  
- نريد الحد العاشر ⇒ هناك $ 10 - 2 = 8 $ حدود فقط تنتمي للمتتالية الحسابية (من الحد الثالث إلى العاشر).

#### ثانيًا: استخدام قانون المتتالية الحسابية

القانون العام للحد النوني في متتالية حسابية:

$$
a_n = a_1 + (n - 1)d
$$

لكن هنا:
- $ a_1 = 7 $ (الحد الثالث)
- $ n = 8 $ (لأن الحد العاشر هو الحد الثامن في المتتالية الحسابية)
- $ d = 3 $

$$
a_8 = 7 + (8 - 1) \cdot 3 = 7 + 21 = 28
$$

---

### ✅ الإجابة النهائية:

- **الفرق المشترك:** 3  
- **الحد العاشر في المتتالية:** $\boxed{28}$"
"Functional relationships (patterns and structures)","Recognising patterns and structures","D","أي حد في المتتالية: ٧، ١٤، ٢١، ٢٨، … يساوي ١٠٥؟","لدينا المتتالية:  
**٧، ١٤، ٢١، ٢٨، …**

ونريد أن نعرف **أي حد في هذه المتتالية يساوي ١٠٥؟**

---

### أولاً: نلاحظ أن هذه متتالية عددية.

نرى أن كل حد يزيد عن السابق بمقدار **٧**، إذًا:

- هي **متتالية حسابية**.
- أساسها (الفرق بين أي حدين متتاليين) هو:  
  $ d = 14 - 7 = 7 $

- الحد الأول:  
  $ a = 7 $

---

### ثانيًا: نستخدم قانون الحد العام للمتتالية الحسابية:

$$
a_n = a + (n - 1)d
$$

نعوّض:
- $ a = 7 $
- $ d = 7 $
- $ a_n = 105 $

$$
105 = 7 + (n - 1) \cdot 7
$$

نحل هذه المعادلة لإيجاد $ n $:

$$
105 = 7 + 7(n - 1)
$$

$$
105 = 7 + 7n - 7
$$

$$
105 = 7n
$$

$$
n = \frac{105}{7} = 15
$$

---

### إذًا:

الحد رقم **١٥** هو الذي يساوي **١٠٥**.

✅ **الإجابة النهائية:**  
**الحد الخامس عشر (رقم ١٥) هو الذي يساوي ١٠٥.**

هل تحب أن أوضح لك كيف تكتب هذا الحل خطوة بخطوة؟"
"Functional relationships (patterns and structures)","Recognising patterns and structures","D","استخدم القيم التالية لتحديد الصيغة العامة للتتابع العددي: −2، 0، 2، 4، 6، …","بالطبع! دعنا نحلل التتابع العددي المعطى ونحدد **الصيغة العامة** له.

### المعطيات:
التتابع هو:  
$$
-2,\ 0,\ 2,\ 4,\ 6,\ \ldots
$$

---

## الخطوة 1: تحديد نوع التتابع

نلاحظ أن الفرق بين كل حدين متتاليين ثابت:

$$
0 - (-2) = 2 \\
2 - 0 = 2 \\
4 - 2 = 2 \\
6 - 4 = 2
$$

إذًا، هذا تتابع **حسابي** (حيث يكون الفرق المشترك $d$ ثابتًا).

---

## الخطوة 2: تذكر الصيغة العامة للتتابع الحسابي

الصيغة العامة للحد النوني (أي الحد رقم $n$) في تتابع حسابي هي:

$$
a_n = a_1 + (n - 1)d
$$

حيث:
- $a_1$ هو أول حد في التتابع.
- $d$ هو الفرق المشترك.
- $n$ هو ترتيب الحد (عدد طبيعي يبدأ من 1).

---

## الخطوة 3: التعويض بالقيم

في تتابعنا:
- $a_1 = -2$
- $d = 2$

نعوّض في الصيغة:

$$
a_n = -2 + (n - 1) \cdot 2
$$

---

## الخطوة 4: تبسيط التعبير

نوزّع الـ 2 داخل القوس:

$$
a_n = -2 + 2(n - 1)
$$

$$
= -2 + 2n - 2
$$

$$
= 2n - 4
$$

---

## ✅ الإجابة النهائية:

الصيغة العامة للحد النوني في هذا التتابع هي:

$$
\boxed{a_n = 2n - 4}
$$

---

### مثال:
للتحقق، نحسب بعض الحدود باستخدام هذه الصيغة:

- $n = 1$: $a_1 = 2(1) - 4 = -2$
- $n = 2$: $a_2 = 2(2) - 4 = 0$
- $n = 3$: $a_3 = 2(3) - 4 = 2$
- وهكذا ...

وهذا يتطابق مع التتابع المعطى. إذًا الحل صحيح!

هل تريد شرح الصيغة بطريقة أخرى أو تحويلها إلى صيغة تكرارية؟"
"Functional relationships (patterns and structures)","Recognising patterns and structures","D","تتبع سلسلة القاعدة التالية: ت(n) = 3n + 9. ما هو الحد الرابع والخامس؟","بالطبع! دعني أشرح لك كيفية حل هذه المسألة خطوة بخطوة.

لدينا قاعدة السلسلة (أو المتتالية) معطاة على الشكل التالي:

$$
T(n) = 3n + 9
$$

وهذا يعني أن الحد الذي في **المرتبة $ n $** يُحسب باستخدام هذه الصيغة.  
نريد إيجاد **الحد الرابع** و**الخامس**، أي عندما $ n = 4 $ و $ n = 5 $.

---

### ✅ الحد الرابع:
نعوّض $ n = 4 $ في المعادلة:

$$
T(4) = 3(4) + 9 = 12 + 9 = 21
$$

إذًا الحد الرابع هو: **21**

---

### ✅ الحد الخامس:
نعوّض $ n = 5 $ في المعادلة:

$$
T(5) = 3(5) + 9 = 15 + 9 = 24
$$

إذًا الحد الخامس هو: **24**

---

### ✅ الإجابة النهائية:
- الحد الرابع = **21**
- الحد الخامس = **24**

هل تحب أن أشرح لك كيف تجد أي حد في السلسلة بنفسك؟ 😊"
"Functional relationships (patterns and structures)","Recognising patterns and structures","E","احسب الحد العاشر من المتسلسلة: ن² + 2","بالطبع! دعيني أشرح لك كيفية حساب الحد العاشر من المتسلسلة التي على الشكل:

$$
n^2 + 2
$$

### أولاً: فهم المعطى

الصيغة العامة للمتسلسلة هي:

$$
a_n = n^2 + 2
$$

أي أن كل حد في المتسلسلة يُحسب بأخذ مربع موقع الحد (ن) ثم إضافة 2 إليه.

### المطلوب:
حساب **الحد العاشر**، أي $ a_{10} $

### الحل:

نعوّض $ n = 10 $ في المعادلة:

$$
a_{10} = 10^2 + 2 = 100 + 2 = 102
$$

### الإجابة النهائية:
الحد العاشر هو  
$$
\boxed{102}
$$

إذا كنتِ تحتاجين لحساب حدود أخرى أو تريدين كتابة أول عدة حدود من المتسلسلة، يمكنني مساعدتك أيضًا!"
"Functional relationships (patterns and structures)","Recognising patterns and structures","E","اربط قاعدة النمط بالتسلسل: أ) n+2، ب) 2n، ج) n² — أي واحدة تناسب 1، 4، 9، 16...؟","بالطبع! دعنا نحل هذه المسألة خطوة بخطوة.

### السؤال:
لديك تسلسل الأعداد:  
**1، 4، 9، 16، ...**

وأمامك ثلاث قواعد للنمط (الصيغة العامة للحد النوني):
- **(أ)** $ n + 2 $
- **(ب)** $ 2n $
- **(ج)** $ n^2 $

المطلوب هو تحديد أي من هذه القواعد تناسب التسلسل المعطى.

---

## الخطوة 1: فهم التسلسل
التسلسل هو:  
**1، 4، 9، 16، ...**

نلاحظ أن هذه أعداد مربعة:

- $ 1 = 1^2 $
- $ 4 = 2^2 $
- $ 9 = 3^2 $
- $ 16 = 4^2 $

إذًا، التسلسل يتبع النمط:  
**مربع العدد الطبيعي**  
أي أن الحد النوني هو:  
$$
a_n = n^2
$$

---

## الخطوة 2: مقارنة مع الخيارات

### (أ) $ n + 2 $
هذا يعني أن:
- إذا كان $ n = 1 $، فالناتج = $ 1 + 2 = 3 $
- $ n = 2 $ → $ 4 $؟ لا، سيكون $ 2 + 2 = 4 $
- $ n = 3 $ → $ 5 $ ← لا يطابق

لا يتطابق مع التسلسل: **1، 4، 9، 16**

### (ب) $ 2n $
- $ n = 1 $ → $ 2 \times 1 = 2 $
- $ n = 2 $ → $ 4 $
- $ n = 3 $ → $ 6 $

وهذا يعطي: 2، 4، 6، 8... وهو تسلسل زوجي بسيط، **ليس المربّعات**.

### (ج) $ n^2 $
- $ n = 1 $ → $ 1^2 = 1 $
- $ n = 2 $ → $ 2^2 = 4 $
- $ n = 3 $ → $ 3^2 = 9 $
- $ n = 4 $ → $ 4^2 = 16 $

وهذا تمامًا هو التسلسل المعطى!

---

## ✅ الإجابة الصحيحة:
**(ج) $ n^2 $** هي القاعدة التي تناسب التسلسل **1، 4، 9، 16، ...**

هل ترغب في شرح المزيد عن كيفية إيجاد قاعدة التسلسل بنفسك في المستقبل؟"
"Functional relationships (patterns and structures)","Recognising patterns and structures","E","درج يحتوي على ١ بلوك في الدرجة الأولى، ٢ في الثانية، ٤ في الثالثة، ثم ٧، ثم ١١... اكتب قاعدة لهذه المتتالية.","الدرج يحتوي على عدد من **البلوكات** في كل درجة كما يلي:

- الدرجة 1: ١  
- الدرجة 2: ٢  
- الدرجة 3: ٤  
- الدرجة 4: ٧  
- الدرجة 5: ١١  
...

### أولاً: نلاحظ التسلسل العددي:
المعطى هو:

$$
a_1 = 1,\quad a_2 = 2,\quad a_3 = 4,\quad a_4 = 7,\quad a_5 = 11,\dots
$$

نحسب الفروق بين الحدود المتتالية:

$$
a_2 - a_1 = 2 - 1 = 1 \\
a_3 - a_2 = 4 - 2 = 2 \\
a_4 - a_3 = 7 - 4 = 3 \\
a_5 - a_4 = 11 - 7 = 4
$$

نلاحظ أن **الفروقات تزداد بمعدل 1 في كل مرة**، أي أن الفرق يتبع متتالية حسابية.

إذًا يمكننا القول إن:

$$
a_{n} = a_{n-1} + (n-1)
$$

وهذه **صيغة تكرارية (Recurrence Relation)**. لكنك طلبت **قاعدة**، أي صيغة عامة تعطيك $ a_n $ مباشرة بدون الحاجة إلى الحد السابق.

---

### ثانيًا: نحاول إيجاد صيغة عامة للمتتالية

من الملاحظات السابقة:

- الفرق بين الحدود: 1، 2، 3، 4، ...
- هذا يعني أن المتتالية الأصلية تتكون من **مجموع متتالية الحسابيات**.

نبدأ من $ a_1 = 1 $

ثم:

$$
a_2 = a_1 + 1 = 1 + 1 \\
a_3 = a_2 + 2 = 1 + 1 + 2 \\
a_4 = a_3 + 3 = 1 + 1 + 2 + 3 \\
a_5 = a_4 + 4 = 1 + 1 + 2 + 3 + 4 \\
\vdots \\
a_n = 1 + \sum_{k=1}^{n-1} k
$$

ومن المعروف أن:

$$
\sum_{k=1}^{n-1} k = \frac{(n-1)n}{2}
$$

إذًا:

$$
a_n = 1 + \frac{(n-1)n}{2}
$$

---

### ✅ إذًا الصيغة العامة للمتتالية هي:

$$
\boxed{a_n = 1 + \frac{n(n-1)}{2}}
$$

---

### مثال: لنتحقق من بعض الحدود

- عند $ n = 1 $:  
  $$
  a_1 = 1 + \frac{1(0)}{2} = 1
  $$
- عند $ n = 2 $:  
  $$
  a_2 = 1 + \frac{2(1)}{2} = 1 + 1 = 2
  $$
- عند $ n = 3 $:  
  $$
  a_3 = 1 + \frac{3(2)}{2} = 1 + 3 = 4
  $$
- عند $ n = 4 $:  
  $$
  a_4 = 1 + \frac{4(3)}{2} = 1 + 6 = 7
  $$
- عند $ n = 5 $:  
  $$
  a_5 = 1 + \frac{5(4)}{2} = 1 + 10 = 11
  $$

كلها متطابقة مع المعطى ⇒ إذًا الصيغة صحيحة.

---

### خلاصة:

المتتالية تعبر عن **عدد البلوكات في الدرجة رقم $ n $**، وتحسب بالعلاقة:

$$
\boxed{a_n = 1 + \frac{n(n-1)}{2}}
$$"
"Functional relationships (patterns and structures)","Recognising patterns and structures","F","حدد الصفين التاليين من مثلث باسكال بعد الصف 1، 4، 6، 4، 1.","بالطبع! دعني أشرح لك خطوة بخطوة كيفية تحديد الصفين التاليين من **مثلث باسكال** بعد الصف:

$$
1,\ 4,\ 6,\ 4,\ 1
$$

---

### 🔍 أولًا: ما هو مثلث باسكال؟
مثلث باسكال هو ترتيب أعداد على شكل مثلث، حيث يحتوي كل صف على **معاملات مفكوك ذات الحدين** $(a + b)^n$. ويُبنى هذا المثلث بحيث يكون كل عدد في الصف هو **مجموع العددين الموجودين مباشرةً فوقه** في الصف السابق.

أول عدة صفوف من مثلث باسكال هي:

```
Row 0:        1
Row 1:       1   1
Row 2:     1   2   1
Row 3:   1   3   3   1
Row 4: 1   4   6   4   1
```

إذن، الصف الذي ذكرته:
$$
1,\ 4,\ 6,\ 4,\ 1
$$
هو **الصف رقم 4** (حيث نبدأ العد من 0).

---

### ✨ الآن نريد إيجاد:
- **الصف الخامس (Row 5)**  
- ثم **الصف السادس (Row 6)**

---

## 📌 طريقة بناء الصف التالي:

لكي تجد الصف التالي، نضيف بين كل عددين في الصف الحالي مجموعهما، مع وضع 1 في البداية والنهاية.

لنبدأ:

---

### 🔹 الصف الخامس (Row 5):

الصف الرابع:  
$$
1\quad 4\quad 6\quad 4\quad 1
$$

نجمع الأزواج:

- $1 + 4 = 5$
- $4 + 6 = 10$
- $6 + 4 = 10$
- $4 + 1 = 5$

نضع الواحد في البداية والنهاية:

$$
1,\ 5,\ 10,\ 10,\ 5,\ 1
$$

✅ إذًا الصف الخامس:
$$
\boxed{1,\ 5,\ 10,\ 10,\ 5,\ 1}
$$

---

### 🔹 الصف السادس (Row 6):

نأخذ الصف الخامس:
$$
1\quad 5\quad 10\quad 10\quad 5\quad 1
$$

نجمع الأزواج:

- $1 + 5 = 6$
- $5 + 10 = 15$
- $10 + 10 = 20$
- $10 + 5 = 15$
- $5 + 1 = 6$

نضع الواحد في البداية والنهاية:

$$
1,\ 6,\ 15,\ 20,\ 15,\ 6,\ 1
$$

✅ إذًا الصف السادس:
$$
\boxed{1,\ 6,\ 15,\ 20,\ 15,\ 6,\ 1}
$$

---

### ✅ الإجابة النهائية:

- الصف الخامس: $ \boxed{1,\ 5,\ 10,\ 10,\ 5,\ 1} $
- الصف السادس: $ \boxed{1,\ 6,\ 15,\ 20,\ 15,\ 6,\ 1} $

هل ترغب أن أوضح لك كيف تستخدم هذه المعاملات في مفكوك ذات الحدين أيضًا؟"
"Functional relationships (patterns and structures)","Recognising patterns and structures","F","تم تعريف سلسلة على النحو التالي: ب₁ = 2، بₙ = بₙ₋₁ + 3ن. احسب ب₄.","لدينا تعريف متسلسلة رياضية على الشكل التالي:

- $ b_1 = 2 $
- $ b_n = b_{n-1} + 3n $

ونريد حساب $ b_4 $.  
سنتبع التعريف بشكل **تكراري** (خطوة بخطوة) حتى نصل إلى $ b_4 $.

---

### الخطوة الأولى:
نبدأ من المعطى:

$$
b_1 = 2
$$

---

### الخطوة الثانية: نحسب $ b_2 $

من التعريف:

$$
b_2 = b_1 + 3 \cdot 2 = 2 + 6 = 8
$$

---

### الخطوة الثالثة: نحسب $ b_3 $

$$
b_3 = b_2 + 3 \cdot 3 = 8 + 9 = 17
$$

---

### الخطوة الرابعة: نحسب $ b_4 $

$$
b_4 = b_3 + 3 \cdot 4 = 17 + 12 = 29
$$

---

### إذًا، الإجابة النهائية هي:
$$
\boxed{29}
$$"
"Functional relationships (patterns and structures)","Recognising patterns and structures","F","تعرف على النمط: 1، 4، 9، 16، 25... ما نوع هذه السلسلة؟","السلسلة:  
**1، 4، 9، 16، 25، ...**  

هي سلسلة تتبع **نمطًا رياضيًا واضحًا**. دعني أشرح لك كيف يمكنك معرفة النمط وكيفية تصنيف السلسلة.

---

### 🔍 أولاً: ابحث عن النمط

ننظر إلى الحدود:

- الحد الأول = **1** = $1^2$
- الحد الثاني = **4** = $2^2$
- الحد الثالث = **9** = $3^2$
- الحد الرابع = **16** = $4^2$
- الحد الخامس = **25** = $5^2$

إذن، كل حد هو **مربع العدد الطبيعي المقابل له**.

---

### 📌 إذًا، قاعدة السلسلة هي:

$$
a_n = n^2
$$

حيث:
- $a_n$ هو الحد رقم $n$
- $n$ هو عدد طبيعي يبدأ من 1

---

### ✅ نوع السلسلة:

هذه سلسلة **تربيعية** أو ""مربعات الأعداد الطبيعية"".

ومن حيث التصنيف الرياضي:
- ليست حسابية (لأن الفرق بين الحدود ليس ثابتًا)
- ليست هندسية (لأن النسبة بين الحدود ليست ثابتة)
- لكنها **متتالية غير خطية** تعتمد على **الأس الثاني (التربيع)**

---

### 💡 مثال لتوليد الحدود التالية:

- الحد السادس = $6^2 = 36$
- الحد السابع = $7^2 = 49$
- وهكذا...

---

### خلاصة:

- النمط: كل حد هو **مربع ترتيبه**.
- الصيغة: $a_n = n^2$
- نوع السلسلة: **مربعات الأعداد الطبيعية**

هل تريد أن أوضح لك كيف تُثبت ذلك رياضيًا أو كيف تجد حدًا معينًا في السلسلة؟"
"Functional relationships (patterns and structures)","Recognising patterns and structures","F","تتزايد سلسلة الأعداد كما يلي: 1، 1، 2، 3، 5، 8... ما هو الحد التاسع في هذه السلسلة؟","السلسلة التي ذكرتها هي:

**1، 1، 2، 3، 5، 8، ...**

وهذه تُعرف **بمتتالية فيبوناتشي (Fibonacci Sequence)**.

### خاصية متتالية فيبوناتشي:
كل حد فيها (بعد الحدين الأول والثاني) هو **مجموع الحدين السابقين له**.

أي أن:

- الحد الأول = 1  
- الحد الثاني = 1  
- الحد الثالث = 1 + 1 = 2  
- الحد الرابع = 1 + 2 = 3  
- الحد الخامس = 2 + 3 = 5  
- الحد السادس = 3 + 5 = 8  
- وهكذا ...

### لنحسب الأحـداث حتى نصل إلى الحد التاسع:

| رقم الحد | القيمة |
|---------|--------|
| 1       | 1      |
| 2       | 1      |
| 3       | 1+1 = 2 |
| 4       | 1+2 = 3 |
| 5       | 2+3 = 5 |
| 6       | 3+5 = 8 |
| 7       | 5+8 = 13 |
| 8       | 8+13 = 21 |
| 9       | 13+21 = 34 |

### إذًا:
**الحد التاسع في السلسلة هو: 34**

✅ **الإجابة النهائية:** $\boxed{34}$"
"Functional relationships (patterns and structures)","Recognising patterns and structures","G","هل يمكن كتابة العدد ٧٢٩ على الصورة ٣^س حيث س عدد صحيح غير سالب؟","نعم، يمكننا حل هذه المسألة بسهولة من خلال فهم قواعد الأسس والأسس ذات الأساس المشترك.

---

### السؤال:
هل يمكن كتابة العدد **٧٢٩** على الصورة **٣^س** حيث **س عدد صحيح غير سالب**؟

---

### الخطوة ١: تحليل العدد ٧٢٩
نريد أن نعرف إذا كان يمكننا كتابته كأس للعدد ٣، أي هل يوجد عدد صحيح غير سالب **س** بحيث:

$$
٣^س = ٧٢٩
$$

---

### الخطوة ٢: نبدأ بحساب قوى العدد ٣ لنرى متى نصل إلى ٧٢٩:

$$
٣^١ = ٣ \\
٣^٢ = ٩ \\
٣^٣ = ٢٧ \\
٣^٤ = ٨١ \\
٣^٥ = ٢٤٣ \\
٣^٦ = ٧٢٩
$$

وها نحن وصلنا إلى:

$$
٣^٦ = ٧٢٩
$$

---

### إذًا:
العدد **٧٢٩** **يمكن** كتابته على الصورة **٣^س** عندما يكون **س = ٦**، وهو عدد صحيح غير سالب.

---

### الإجابة النهائية:
✅ **نعم، يمكن كتابة العدد ٧٢٩ على الصورة ٣^س، حيث س = ٦.**

هل تحب أشرح لك الطريقة باستخدام اللوغاريتمات أيضًا؟"
"Functional relationships (patterns and structures)","Recognising patterns and structures","G","ابحث عن أي حد في المتتابعة 2، 5، 10، 17، 26 له القيمة 101.","لدينا المتتابعة التالية:

$$
2,\ 5,\ 10,\ 17,\ 26,\ \dots
$$

ونريد أن نعرف **أي حد في هذه المتتابعة له القيمة 101**.

---

### أولًا: نلاحظ الحدود ونحاول إيجاد **النمط الرياضي** أو **الصيغة العامة للحد النوني $ a_n $**.

#### الخطوة 1: حساب الفروقات بين الحدود المتتالية:
$$
\begin{align*}
a_2 - a_1 &= 5 - 2 = 3 \\
a_3 - a_2 &= 10 - 5 = 5 \\
a_4 - a_3 &= 17 - 10 = 7 \\
a_5 - a_4 &= 26 - 17 = 9 \\
\end{align*}
$$

الفروقات هي:  
$$
3,\ 5,\ 7,\ 9,\ \dots
$$

وهذه متتابعة حسابية (فروق ثابتة بين كل حدين) بفرق مقداره 2، إذًا المتتابعة الأصلية **ليست حسابية ولا هندسية**، لكنها من الدرجة الثانية (متتابعة تربيعية).

---

### ثانيًا: لنفترض أن الحد العام على الشكل التالي:

$$
a_n = An^2 + Bn + C
$$

نستخدم الحدود المعطاة لبناء معادلات وإيجاد $ A, B, C $

#### باستخدام:
- $ a_1 = 2 $
- $ a_2 = 5 $
- $ a_3 = 10 $

نعوّض في المعادلة العامة:

$$
\begin{cases}
A(1)^2 + B(1) + C = 2 \\
A(2)^2 + B(2) + C = 5 \\
A(3)^2 + B(3) + C = 10 \\
\end{cases}
\Rightarrow
\begin{cases}
A + B + C = 2 \quad \text{(1)}\\
4A + 2B + C = 5 \quad \text{(2)}\\
9A + 3B + C = 10 \quad \text{(3)}\\
\end{cases}
$$

---

### ثالثًا: نحل هذا النظام من المعادلات.

#### نطرح (1) من (2):
$$
(4A + 2B + C) - (A + B + C) = 5 - 2 \\
\Rightarrow 3A + B = 3 \quad \text{(4)}
$$

#### نطرح (2) من (3):
$$
(9A + 3B + C) - (4A + 2B + C) = 10 - 5 \\
\Rightarrow 5A + B = 5 \quad \text{(5)}
$$

#### نطرح (4) من (5):
$$
(5A + B) - (3A + B) = 5 - 3 \\
\Rightarrow 2A = 2 \Rightarrow A = 1
$$

#### نعوّض $ A = 1 $ في (4):  
$$
3(1) + B = 3 \Rightarrow B = 0
$$

#### نعوّض $ A = 1, B = 0 $ في (1):  
$$
1 + 0 + C = 2 \Rightarrow C = 1
$$

إذًا، **الصيغة العامة للمتتابعة** هي:

$$
a_n = n^2 + 1
$$

---

### رابعًا: نبحث عن أي حد له القيمة 101.

نضع:

$$
a_n = 101 \Rightarrow n^2 + 1 = 101 \Rightarrow n^2 = 100 \Rightarrow n = 10
$$

---

### ✅ الإجابة النهائية:

الحد العاشر ($ n = 10 $) هو الذي قيمته **101**."
"Functional relationships (patterns and structures)","Recognising patterns and structures","G","حدّد ما إذا كانت المتتالية ٢، ٥، ١٠، ١٧، ٢٦ تتبع نموذجًا تربيعيًا، وفسّر إجابتك.","لحل هذه المسألة:  
**""حدد ما إذا كانت المتتالية ٢، ٥، ١٠، ١٧، ٢٦ تتبع نموذجًا تربيعيًا، وفسّر إجابتك.""**

### الخطوة الأولى: فهم ما المقصود بـ ""نموذج تربيعي""
متتالية **تربيعية** تعني أن الحد النوني لها يمكن كتابته على الصورة:

$$
a_n = An^2 + Bn + C
$$

حيث $ A \neq 0 $.  
وهذا يعني أن الفروقات الثانية بين الحدود تكون **ثابتة**.

---

### الخطوة الثانية: احسب الفروق الأولى (أي الفرق بين كل حد و predecessor)

المتتالية:  
$$
2,\ 5,\ 10,\ 17,\ 26
$$

الفروق الأولى:
$$
5 - 2 = 3 \\
10 - 5 = 5 \\
17 - 10 = 7 \\
26 - 17 = 9
$$

إذن الفروق الأولى هي:
$$
3,\ 5,\ 7,\ 9
$$

---

### الخطوة الثالثة: احسب الفروق الثانية (أي الفرق بين الفروق الأولى)

الفروق الثانية:
$$
5 - 3 = 2 \\
7 - 5 = 2 \\
9 - 7 = 2
$$

إذن الفروق الثانية هي:
$$
2,\ 2,\ 2
$$

وهذه **ثابتة**!

---

### الاستنتاج:

بما أن **الفروق الثانية ثابتة**، فإن المتتالية تتبع نموذجًا **تربيعيًا**.

---

### الخطوة الرابعة: (اختياري) حاول إيجاد المعادلة التربيعية

لنفترض أن الحد العام هو:

$$
a_n = An^2 + Bn + C
$$

نستخدم أول 3 حدود لتكوين معادلات:

- عندما $ n = 1 $: $ a_1 = A(1)^2 + B(1) + C = A + B + C = 2 $
- عندما $ n = 2 $: $ a_2 = 4A + 2B + C = 5 $
- عندما $ n = 3 $: $ a_3 = 9A + 3B + C = 10 $

نحل هذا النظام:

من المعادلة الأولى:
$$
A + B + C = 2 \quad \text{(1)}
$$

المعادلة الثانية:
$$
4A + 2B + C = 5 \quad \text{(2)}
$$

المعادلة الثالثة:
$$
9A + 3B + C = 10 \quad \text{(3)}
$$

نطرح (1) من (2):
$$
(4A + 2B + C) - (A + B + C) = 5 - 2 \\
3A + B = 3 \quad \text{(4)}
$$

نطرح (2) من (3):
$$
(9A + 3B + C) - (4A + 2B + C) = 10 - 5 \\
5A + B = 5 \quad \text{(5)}
$$

نطرح (4) من (5):
$$
(5A + B) - (3A + B) = 5 - 3 \\
2A = 2 \Rightarrow A = 1
$$

نعوّد في (4):  
$ 3(1) + B = 3 \Rightarrow B = 0 $

نعوّد في (1):  
$ 1 + 0 + C = 2 \Rightarrow C = 1 $

إذن المعادلة العامة هي:

$$
a_n = n^2 + 1
$$

---

### التحقق:

- $ a_1 = 1^2 + 1 = 2 $
- $ a_2 = 2^2 + 1 = 5 $
- $ a_3 = 3^2 + 1 = 10 $
- $ a_4 = 4^2 + 1 = 17 $
- $ a_5 = 5^2 + 1 = 26 $

كلها متطابقة! ✅

---

### الإجابة النهائية:

> **نعم، المتتالية تتبع نموذجًا تربيعيًا، لأن الفروق الثانية ثابتة. ويمكن التعبير عنها بالصيغة الرياضية:**  
> $$
> a_n = n^2 + 1
> $$"
"Functional relationships (patterns and structures)","Recognising patterns and structures","G","استخدم بنية المتتالية الحسابية لإيجاد الحد العشرين في متتالية تبدأ بـ٧ وتزداد بمقدار ٥ في كل مرة 7.","لحل هذه المسألة الرياضية باستخدام **بنية المتتالية الحسابية**، دعنا نمر بخطوات واضحة.

---

### 📌 المعطيات:

- الحد الأول من المتتالية: $ a = 7 $
- الفرق المشترك (أي المقدار الذي تزداد به المتتالية في كل مرة): $ d = 5 $
- نريد إيجاد **الحد العشرين**: أي $ n = 20 $

---

### 🔤 صيغة الحد العام للمتتالية الحسابية:

$$
a_n = a + (n - 1) \cdot d
$$

حيث:
- $ a_n $: هو الحد المراد إيجاده
- $ a $: الحد الأول
- $ d $: الفرق المشترك
- $ n $: ترتيب الحد

---

### ✏️ نطبق القيم على الصيغة:

$$
a_{20} = 7 + (20 - 1) \cdot 5
$$

$$
a_{20} = 7 + 19 \cdot 5
$$

$$
a_{20} = 7 + 95
$$

$$
a_{20} = 102
$$

---

### ✅ الإجابة النهائية:

الحد العشرون في المتتالية هو:  
$$
\boxed{102}
$$

هل تحب أن أشرح لك كيف تُنشئ المتتالية خطوة بخطوة؟ 😊"
"Functional relationships (patterns and structures)","Recognising patterns and structures","H","تم إعطاء صيغة تكرارية هي f(n) = f(n−1) + f(n−2)؛ احسب f(6) إذا كانت f(1) = 1 و f(2) = 1.","لديك صيغة تكرارية ( recurrent relation ) هي:

$$
f(n) = f(n-1) + f(n-2)
$$

وهذه الصيغة تشبه كثيرًا **متتالية فيبوناتشي** (Fibonacci sequence)، والتي تُعرف بأن كل حد هو مجموع الحدين السابقين له.

وقد أعطيت أيضًا الشروط الابتدائية:

$$
f(1) = 1,\quad f(2) = 1
$$

### المطلوب:
احسب $ f(6) $

---

### الحل:

نحسب القيم بالتتابع من $ f(1) $ إلى $ f(6) $:

$$
\begin{align*}
f(1) &= 1 \quad \text{(معلوم)} \\
f(2) &= 1 \quad \text{(معلوم)} \\
f(3) &= f(2) + f(1) = 1 + 1 = 2 \\
f(4) &= f(3) + f(2) = 2 + 1 = 3 \\
f(5) &= f(4) + f(3) = 3 + 2 = 5 \\
f(6) &= f(5) + f(4) = 5 + 3 = 8 \\
\end{align*}
$$

---

### إذًا الإجابة النهائية:

$$
\boxed{8}
$$"
"Functional relationships (patterns and structures)","Recognising patterns and structures","H","السلسلة 81، 27، 9، 3،... هي سلسلة هندسية. أظهر خطوة بخطوة كيفية حساب مجموع الحدود من 6 إلى 10 باستخدام صيغة السلسلة الهندسية.","بالطبع! دعنا نحل المسألة خطوة بخطوة.

السلسلة المعطاة هي:  
**81، 27، 9، 3، ...**

وهذه **سلسلة هندسية** (Geometric Sequence)، أي أن كل حد يُحصل عليه من الحد السابق بضربه في نسبة ثابتة تسمى **النسبة المشتركة (r)**.

---

### ✅ الخطوة 1: حدد أول حد ونسبة السلسلة

الحد الأول $ a = 81 $

نحسب النسبة المشتركة $ r $:

$$
r = \frac{27}{81} = \frac{1}{3}
$$

إذًا:
- $ a = 81 $
- $ r = \frac{1}{3} $

---

### ✅ الخطوة 2: صيغة الحد العام للسلسلة الهندسية

الحد العام للسلسلة الهندسية هو:

$$
a_n = a \cdot r^{n-1}
$$

---

### ✅ الخطوة 3: حدد الحدود من 6 إلى 10

نريد حساب مجموع الحدود من الحد السادس إلى العاشر، أي نجمع:

$$
a_6 + a_7 + a_8 + a_9 + a_{10}
$$

نحسب كل حد باستخدام الصيغة:

#### الحد السادس:
$$
a_6 = 81 \cdot \left(\frac{1}{3}\right)^{6-1} = 81 \cdot \left(\frac{1}{3}\right)^5 = 81 \cdot \frac{1}{243} = \frac{81}{243} = \frac{1}{3}
$$

#### الحد السابع:
$$
a_7 = 81 \cdot \left(\frac{1}{3}\right)^6 = 81 \cdot \frac{1}{729} = \frac{81}{729} = \frac{1}{9}
$$

#### الحد الثامن:
$$
a_8 = 81 \cdot \left(\frac{1}{3}\right)^7 = 81 \cdot \frac{1}{2187} = \frac{81}{2187} = \frac{1}{27}
$$

#### الحد التاسع:
$$
a_9 = 81 \cdot \left(\frac{1}{3}\right)^8 = 81 \cdot \frac{1}{6561} = \frac{81}{6561} = \frac{1}{81}
$$

#### الحد العاشر:
$$
a_{10} = 81 \cdot \left(\frac{1}{3}\right)^9 = 81 \cdot \frac{1}{19683} = \frac{81}{19683} = \frac{1}{243}
$$

---

### ✅ الخطوة 4: جمع الحدود من 6 إلى 10

نجمع:

$$
\frac{1}{3} + \frac{1}{9} + \frac{1}{27} + \frac{1}{81} + \frac{1}{243}
$$

نستخدم قواسم مشتركة لجمعها. القاسم المشترك الأدنى هو **243**.

$$
= \frac{81}{243} + \frac{27}{243} + \frac{9}{243} + \frac{3}{243} + \frac{1}{243}
= \frac{81 + 27 + 9 + 3 + 1}{243}
= \frac{121}{243}
$$

---

### ✅ الخطوة 5: استخدام صيغة مجموع عدد من الحدود في سلسلة هندسية

بدلاً من حساب كل حد على حدة، يمكننا استخدام صيغة مجموع عدد من الحدود:

$$
S_n = a \cdot \frac{1 - r^n}{1 - r}
$$

لكن هذه الصيغة تعطي **مجموع أول n حد**.  
ولحساب **مجموع الحدود من 6 إلى 10**، نقوم بما يلي:

$$
S_{6 \text{ إلى }10} = S_{10} - S_5
$$

أي:

- نحسب مجموع أول 10 حدود.
- نطرح منها مجموع أول 5 حدود.

#### أولاً: مجموع أول 10 حدود

$$
S_{10} = 81 \cdot \frac{1 - \left(\frac{1}{3}\right)^{10}}{1 - \frac{1}{3}} = 81 \cdot \frac{1 - \frac{1}{59049}}{\frac{2}{3}} = 81 \cdot \frac{\frac{59048}{59049}}{\frac{2}{3}}
$$

$$
= 81 \cdot \frac{59048}{59049} \cdot \frac{3}{2} = \frac{81 \cdot 59048 \cdot 3}{59049 \cdot 2}
$$

نحسب ذلك:

$$
= \frac{81 \cdot 177144}{118098}
$$

(يمكنك حساب هذا الرقم بدقة إذا كنت تريد القيمة العشرية، لكن لنواصل بالصيغة الكسرية)

#### ثانيًا: مجموع أول 5 حدود

$$
S_5 = 81 \cdot \frac{1 - \left(\frac{1}{3}\right)^5}{1 - \frac{1}{3}} = 81 \cdot \frac{1 - \frac{1}{243}}{\frac{2}{3}} = 81 \cdot \frac{242}{243} \cdot \frac{3}{2}
$$

$$
= \frac{81 \cdot 242 \cdot 3}{243 \cdot 2}
$$

#### الآن نحسب الفرق:

$$
S_{6 \text{ إلى }10} = S_{10} - S_5 = \frac{81 \cdot 177144}{118098} - \frac{81 \cdot 726}{486}
$$

بما أن المقامات مختلفة، نحتاج إلى توحيد المقامات أو استخدام الآلة الحاسبة لتبسيط النتيجة.

لكن كما رأينا من قبل، فإن:

$$
S_{6 \text{ إلى }10} = \frac{121}{243}
$$

---

### ✅ الإجابة النهائية:

**مجموع الحدود من 6 إلى 10 في السلسلة الهندسية 81، 27، 9، 3، ... هي:**

$$
\boxed{\frac{121}{243}}
$$"
"Functional relationships (patterns and structures)","Allocations and proportionality","B","كل طفل يحصل على قلم رصاص واحد. كم عدد الأقلام الرصاص لثلاثة أطفال؟ ______","هذه مسألة بسيطة جداً تعتمد على الفهم اللغوي للمعطيات، وتعتبر من المسائل التي تُطرح لتعليم الأطفال أساسيات العد والضرب.

### نص المسألة:
> **كل طفل يحصل على قلم رصاص واحد. كم عدد الأقلام الرصاص لثلاثة أطفال؟**

### المعطيات:
- كل طفل يحصل على **قلم رصاص واحد**.
- عدد الأطفال هو **ثلاثة**.

### الحل:
إذا كان **كل طفل يحصل على قلم واحد**، إذن:
- الطفل الأول ← 1 قلم
- الطفل الثاني ← 1 قلم
- الطفل الثالث ← 1 قلم

نجمع الأقلام:  
**1 + 1 + 1 = 3**

أو بطريقة أخرى، يمكننا استخدام الضرب:
- 3 أطفال × 1 قلم لكل طفل = **3 أقلام**

### الإجابة النهائية:
> **3** (اكتبها في الفراغ: ""______"")

✅ **الإجابة: 3 أقلام رصاص**

هل ترغب في شرحها بطريقة مرحة للأطفال أو باستخدام صور؟"
"Functional relationships (patterns and structures)","Allocations and proportionality","B","هل السيارة أسرع أم أبطأ من الدراجة؟ ______","بالطبع! لحل هذه المسألة:  
**""هل السيارة أسرع أم أبطأ من الدراجة؟ ______""**  
نحتاج إلى مقارنة **السرعة** التي تتحرك بها كل من **السيارة** و**الدراجة**.

لكن أول شيء يجب أن نفهمه هو:  
هل عندك **معلومات معطاة في المسألة** مثل سرعة السيارة وسرعة الدراجة؟  
مثلًا:

- السيارة تسير بسرعة 80 كم/ساعة  
- والدراجة تسير بسرعة 20 كم/ساعة  

إذا كان هذا هو الحال، فالمقارنة ستكون سهلة:

---

### 🔍 خطوات الحل:

1. **حدد السرعات المعطاة:**
   - سرعة السيارة = 80 كم/ساعة  
   - سرعة الدراجة = 20 كم/ساعة  

2. **قارن بين السرعتين:**
   - هل 80 > 20؟ نعم  
   - إذًا: **السيارة أسرع من الدراجة**

3. **اكتب الإجابة النهائية:**
   - **السيارة أسرع من الدراجة**

---

### ❗ إذا لم تكن لديك سرعات معطاة:

فإن الجملة ""هل السيارة أسرع أم أبطأ من الدراجة؟"" لا يمكن الإجابة عنها بدقة بدون معلومات إضافية، لأن:

- بعض السيارات قد تكون بطيئة (مثل سيارات المزرعة)  
- بعض الدراجات قد تكون سريعة جدًا (مثل دراجات السباق)

لكن **بشكل عام وفي معظم الحالات الواقعية**:
✅ **السيارة أسرع من الدراجة**

لأن السيارات عادةً تُصمم لتكون أسرع من الدراجات العادية.

---

### ✅ خلاصة:

- إذا كانت لديك **سرعتان محددتين**، قارن بينهما مباشرة.
- إذا لم تكن لديك سرعات، يمكنك القول:
  
  > **بشكل عام، السيارة أسرع من الدراجة.**

هل ترغب في حل المسألة بناءً على أرقام معينة؟ شاركني الأرقام وأساعدك بالتفصيل."
"Functional relationships (patterns and structures)","Allocations and proportionality","B","هل حقيبة الظهر أثقل أم أخف من حقيبة الأقلام؟ ______","لكي تتمكن من حل هذه المسألة:  
**""هل حقيبة الظهر أثقل أم أخف من حقيبة الأقلام؟""**  
تحتاج إلى **مقارنة الوزن بين حقيبة الظهر وحقيبة الأقلام**.

### إليك الخطوات التي يمكنك اتباعها:

---

### 🔹 1. **حدد وزن كلتا الحقيبتين**
- عليك معرفة **وزن حقيبة الظهر** (بما تحتويه، إن كانت مملوءة).
- وكذلك **وزن حقيبة الأقلام** (سواء كانت فارغة أو فيها أدوات).

> إذا لم يكن الوزن معطى في المسألة، فقد تحتاج إلى استخدام **مقاييس الوزن** أو **ال	scale** لقياس الوزن فعليًا.

---

### 🔹 2. **قارن بين الوزنين**
بعد أن تحصل على الوزنين، قم بمقارنتهما:

| المقارنة | المعنى |
|---------|--------|
| وزن حقيبة الظهر > وزن حقيبة الأقلام | إذًا حقيبة الظهر **أثقل** |
| وزن حقيبة الظهر < وزن حقيبة الأقلام | إذًا حقيبة الظهر **أخف** |
| وزن حقيبة الظهر = وزن حقيبة الأقلام | إذًا الوزن **متساوٍ** |

---

### 🔹 3. **مثال لتوضيح الفكرة**

#### لنفترض:
- وزن حقيبة الظهر = 5 كجم  
- وزن حقيبة الأقلام = 0.8 كجم

إذًا:
> 5 كجم > 0.8 كجم → **حقيبة الظهر أثقل**

---

### ❓ هل المسألة جزء من سؤال أكبر؟
إذا كانت المسألة ضمن قصة أو سياق معين (مثلاً: ""لدى أحمد حقيبة ظهر وعند علي حقيبة أقلام..."")، يفضل إعطائي المزيد من التفاصيل لأشرح لك بشكل أكثر دقة.

---

### ✅ خلاصة:
لحل السؤال:
> ""هل حقيبة الظهر أثقل أم أخف من حقيبة الأقلام؟""

**تحتاج إلى:**
1. معرفة وزن كلتا الحقيبتين.
2. مقارنة الوزنين.
3. الإجابة بناءً على النتيجة.

هل تريد أن نفترض أوزانًا ونجرب الحل معاً؟ 😊"
"Functional relationships (patterns and structures)","Allocations and proportionality","C","إذا كانت تكلفة قلم رصاص واحد 2 دينار، فما هي تكلفة 4 أقلام رصاص؟","بالطبع! لنحل هذه المسألة خطوة بخطوة:

### المعطى:
- تكلفة **قلم رصاص واحد** = **2 دينار**

### المطلوب:
- حساب تكلفة **4 أقلام رصاص**

---

### الحل:

بما أن كل قلم يكلف 2 دينار، فإن تكلفة 4 أقلام هي:

$$
\text{تكلفة 4 أقلام} = 4 \times 2 = 8 \text{ دنانير}
$$

---

### الإجابة النهائية:
**تكلفة 4 أقلام رصاص هي 8 دنانير.**

هل تحب أن أشرحها بطريقة أخرى، مثل استخدام الجمع بدل الضرب؟ 😊"
"Functional relationships (patterns and structures)","Allocations and proportionality","C","أكمل النسبة: 2:4 = 3:___","بالطبع! دعني أشرح لك كيفية حل هذه المسألة:

لدينا النسبة التالية:

**2 : 4 = 3 : ___**

### المقصود بالنسب:
النسبة تعني القسمة، فمثلاً النسبة **2 : 4** تعني  
$$
\frac{2}{4} = \frac{1}{2}
$$

أي أن الطرف الأيسر يساوي نصف.

ونريد أن نجد عددًا (لنسميه س) بحيث تكون النسبة  
$$
\frac{3}{س} = \frac{1}{2}
$$

### الخطوة التالية:
نقوم بحل المعادلة:

$$
\frac{3}{س} = \frac{1}{2}
$$

نضرب طرفين في وسطين:

$$
3 × 2 = 1 × س
$$

$$
6 = س
$$

إذن:

$$
س = 6
$$

### الإجابة النهائية:
$$
2 : 4 = 3 : \boxed{6}
$$

هل تحب أن أشرحها بطريقة أخرى أو باستخدام جدول؟"
"Functional relationships (patterns and structures)","Allocations and proportionality","C","تستخدم وصفة 3 أكواب من الطحين لصنع 6 فطائر. كم تحتاج من الأكواب لصنع 12 فطيرة؟","بالطبع! دعني أشرح لك المسألة خطوة بخطوة.

لدينا في المسألة:

- **3 أكواب من الطحين** تُستخدم لصنع **6 فطائر**.

نريد أن نعرف كم **كوب طحين** نحتاج لصنع **12 فطيرة**.

---

### ✅ الخطوة 1: احسب كمية الطحين اللازمة لفطيرة واحدة

نقسم عدد الأكواب على عدد الفطائر:

$$
\frac{3 \text{ أكواب}}{6 \text{ فطائر}} = 0.5 \text{ كوب لكل فطيرة}
$$

أي أن كل فطيرة تحتاج إلى نصف كوب طحين.

---

### ✅ الخطوة 2: احسب كمية الطحين لـ 12 فطيرة

نضرب كمية الطحين لكل فطيرة × عدد الفطائر:

$$
0.5 \text{ كوب} \times 12 = 6 \text{ أكواب}
$$

---

### ✅ الإجابة النهائية:

تحتاج إلى **6 أكواب من الطحين** لصنع **12 فطيرة**.

هل تحب أن أشرحها بطريقة أخرى مثل التناسب أو القاعدة الثلاثية؟"
"Functional relationships (patterns and structures)","Allocations and proportionality","C","املأ الفراغات:
    الدقائق: 10 | 20 | 30
    الخطوات: 100 | ___ | ___","لحل هذه المسألة، نحتاج إلى فهم العلاقة بين **الدقائق** و**الخطوات**.

المعطى هو:

| الدقائق | 10 | 20 | 30 |
|---------|----|----|----|
| الخطوات | 100 | ___ | ___ |

### الخطوة 1: تحليل العلاقة
نلاحظ أن في أول خانة:
- عندما كانت الدقائق = 10 → الخطوات = 100

إذًا يمكننا افتراض أن هناك علاقة **خطية** (أي كل دقيقة تعني عدد ثابت من الخطوات).

#### نحسب كم خطوة لكل دقيقة:
$$
\frac{100 \text{ خطوة}}{10 \text{ دقائق}} = 10 \text{ خطوات لكل دقيقة}
$$

### الخطوة 2: استخدام العلاقة لإكمال الجدول
إذا كانت كل دقيقة = 10 خطوات، إذًا:

- عند 20 دقيقة:  
  $$
  20 \times 10 = 200 \text{ خطوة}
  $$

- عند 30 دقيقة:  
  $$
  30 \times 10 = 300 \text{ خطوة}
  $$

### الحل النهائي:

| الدقائق | 10 | 20 | 30 |
|---------|----|----|----|
| الخطوات | 100 | **200** | **300** |

هل ترغب أن أشرح لك كيف نتأكد من أن العلاقة خطية؟"
"Functional relationships (patterns and structures)","Allocations and proportionality","D","حقق طالب 18 درجة من 20 في اختبار. ما هي النتيجة إذا كان الاختبار من 100 درجة؟","لحل هذه المسألة، نريد أن نعرف كم تساوي **18 درجة من 20** إذا تم تحويلها إلى مقياس **من 100 درجة**.

### الخطوة 1: نحسب النسبة المئوية للدرجة التي حصل عليها الطالب:
$$
\frac{18}{20} = 0.9
$$

وهذا يعني أن الطالب حصل على **90%** من الدرجة.

---

### الخطوة 2: نطبّق هذه النسبة على المجموع الجديد (أي من 100):

$$
0.9 \times 100 = 90
$$

---

### ✅ الإجابة النهائية:
إذا كان الاختبار من **100 درجة**، فإن الطالب سيحصل على **90 درجة**.

هل ترغب في شرح الطريقة بطريقة أخرى مثل استخدام التناسب؟"
"Functional relationships (patterns and structures)","Allocations and proportionality","D","إذا كان وزن 10 تفاحات 2 كيلوجرام، فكم تزن 25 تفاحة؟","لحل هذه المسألة، يمكنك استخدام **التناسب** أو ما يُعرف بـ ""المضاعفة"" أو ""الوحدة"".

### المعطيات:
- وزن 10 تفاحات = 2 كجم

### المطلوب:
- وزن 25 تفاحة.

---

## الطريقة الأولى: باستخدام وحدة الوزن لكل تفاحة

1. أولاً نحسب وزن **تفاحة واحدة**:
   $$
   \text{وزن التفاحة الواحدة} = \frac{2\ \text{كجم}}{10} = 0.2\ \text{كجم}
   $$

2. ثم نضرب وزن تفاحة واحدة في 25:
   $$
   \text{وزن 25 تفاحة} = 0.2 \times 25 = 5\ \text{كجم}
   $$

---

## الطريقة الثانية: باستخدام التناسب

إذا كانت:
$$
10\ \text{تفاحات} \longrightarrow 2\ \text{كجم}
$$
فإن:
$$
25\ \text{تفاحات} \longrightarrow x\ \text{كجم}
$$

نستخدم قاعدة الضرب التبادلي:
$$
\frac{10}{2} = \frac{25}{x}
\Rightarrow 10x = 2 \times 25
\Rightarrow 10x = 50
\Rightarrow x = \frac{50}{10} = 5
$$

---

### ✅ الإجابة النهائية:
وزن 25 تفاحة هو **5 كيلوجرامات**."
"Functional relationships (patterns and structures)","Allocations and proportionality","D","هل العلاقة y = 3x علاقة تناسبية؟","بالطبع! لنشرح لك ما إذا كانت العلاقة $ y = 3x $ علاقة **تناسبية** أم لا، خطوة بخطوة.

---

### 📌 أولًا: ما هي العلاقة التناسبية؟

العلاقة التناسبية بين متغيرين (مثل $ x $ و $ y $) هي علاقة **خطية تمر بنقطة الأصل (0, 0)**، ويمكن كتابتها على الصورة:

$$
y = kx
$$

حيث:
- $ k $ هو **ثابت التناسب** (عدد ثابت وليس صفرًا).
- لا يوجد أي حد حر أو معامل ثابت إضافي.

---

### 📘 الآن: ننظر إلى المعادلة المعطاة  
$$
y = 3x
$$

هل هذه علاقة تناسبية؟

نعم، لأن:
1. الشكل العام هو $ y = kx $.
2. $ k = 3 $ وهو عدد ثابت.
3. عندما تكون $ x = 0 $، فإن $ y = 3(0) = 0 $، أي أن النقطة (0, 0) تحقق المعادلة، وهذا يعني أن العلاقة **تمر بالأصل**.

---

### ✅ إذن، الإجابة النهائية:

$$
\boxed{\text{نعم، العلاقة } y = 3x \text{ هي علاقة تناسبية، وثابت التناسب هو } 3.}
$$

هل ترغب في رسم بياني لهذه العلاقة أو مثال عددي لتوضيح التناسب؟"
"Functional relationships (patterns and structures)","Allocations and proportionality","D","الوقت الذي يستغرقه إتمام عمل ما يتناسب عكسياً مع عدد العمال. إذا أنهى 3 عمال العمل في 12 ساعة، فكم من الوقت يحتاج 6 عمال لإتمام نفس العمل؟","لدينا في هذه المسألة علاقة **عكسية** بين:

- **عدد العمال**  
- **الوقت المستغرق لإنهاء العمل**

وهذا منطقي، فكلما زاد عدد العمال، قل الوقت المطلوب لإنهاء نفس العمل.

---

### المعطيات:
- 3 عمال ينهون العمل في **12 ساعة**
- نريد معرفة كم ساعة يحتاج **6 عمال** لإنهاء نفس العمل

---

### الخطوة الأولى: حدد العلاقة الرياضية

بما أن العلاقة **عكسية**، فإن:

$$
\text{عدد العمال} \times \text{الزمن} = \text{مقدار ثابت} = k
$$

أي أن:

$$
n \times t = k
$$

حيث:
- $ n $: عدد العمال
- $ t $: الزمن
- $ k $: مقدار ثابت (ويمثل حجم العمل)

---

### احسب قيمة $ k $ من المعطى الأول:

عدد العمال = 3  
الزمن = 12 ساعة

$$
k = 3 \times 12 = 36
$$

---

### الآن استخدم $ k $ لإيجاد الزمن عندما يكون عدد العمال = 6:

$$
n \times t = 36 \\
6 \times t = 36 \\
t = \frac{36}{6} = 6
$$

---

### ✅ الإجابة النهائية:

**يحتاج 6 عمال إلى 6 ساعات** لإنهاء نفس العمل.

---

هل ترغب بشرح بطريقة أخرى (مثلاً بالتفكير الذهني أو باستخدام التناسب)؟"
"Functional relationships (patterns and structures)","Allocations and proportionality","D","يتم دفع 240 دينار مقابل 8 ساعات عمل. كم سيتم كسبه في 5 ساعات بنفس الأجر؟","لحل هذه المسألة الرياضية، نبدأ بفهم العلاقة بين عدد الساعات والأجر.

تُدفع **240 دينار مقابل 8 ساعات عمل**، أي أن هناك أجرًا ثابتًا لكل ساعة.  
نحسب أولًا **الأجر في الساعة الواحدة**، ثم نستخدمه لحساب الأجر مقابل **5 ساعات**.

---

### **الخطوة 1: حساب الأجر في الساعة الواحدة**

$$
\text{الأجر بالساعة} = \frac{240}{8} = 30 \text{ دينار}
$$

---

### **الخطوة 2: حساب الأجر مقابل 5 ساعات**

$$
\text{الأجر مقابل 5 ساعات} = 30 \times 5 = 150 \text{ دينار}
$$

---

### ✅ **الإجابة النهائية:**
**سيتم كسب 150 دينار في 5 ساعات بنفس الأجر.**"
"Functional relationships (patterns and structures)","Allocations and proportionality","D","هل العلاقة بين السرعة والزمن (لمسافة ثابتة) تتناسب طردياً أم عكسياً؟ وضح إجابتك.","لحل هذه المسألة، دعنا نفهم أولاً ما المقصود بالعلاقة الطردية والعكسية بين كميتين:

---

### 📌 **التعريفات الأساسية:**

- **العلاقة الطردية (Direct Proportion):**  
  إذا زادت إحدى الكميتين، فإن الأخرى تزداد بنفس النسبة.  
  مثال: كلما زادت السرعة، زادت المسافة المقطوعة في نفس الزمن.

- **العلاقة العكسية (Inverse Proportion):**  
  إذا زادت إحدى الكميتين، فإن الأخرى تقل بنفس النسبة.  
  مثال: كلما زادت السرعة، قل الزمن المطلوب لقطع نفس المسافة.

---

### 📐 **المعطى في المسألة:**
- **المسافة ثابتة.**
- نريد معرفة طبيعة العلاقة بين:
  - **السرعة (v)**
  - **الزمن (t)**

---

### 📘 **المعادلة الأساسية في الحركة:**

$$
\text{المسافة} = \text{السرعة} \times \text{الزمن}
\Rightarrow d = v \times t
$$

بما أن **المسافة $d$ ثابتة**، يمكننا إعادة ترتيب المعادلة لنحصل على:

$$
v = \frac{d}{t}
$$

أو

$$
t = \frac{d}{v}
$$

---

### 🔍 **تحليل المعادلة:**

من المعادلة $ v = \frac{d}{t} $، نلاحظ أن:

- عندما **يزيد الزمن $t$**، فإن **السرعة $v$ تقل** (لأن المقام يزيد).
- وعندما **يقل الزمن $t$**، فإن **السرعة $v$ تزداد**.

وهذا هو تعريف **العلاقة العكسية**.

---

### ✅ **الاستنتاج النهائي:**

> **العلاقة بين السرعة والزمن عند ثبات المسافة هي علاقة عكسية.**

---

### 🧠 **مثال توضيحي:**

إذا كانت المسافة 120 كم:

- لو قطعتها بسرعة 60 كم/ساعة، سيحتاج الأمر 2 ساعة.
- ولو زدت سرعتك إلى 120 كم/ساعة، سيحتاج الأمر فقط 1 ساعة.

نرى أنه **كلما زادت السرعة، قل الزمن** → إذًا العلاقة **عكسية**.

---

هل تحب أن أشرح لك ذلك بطريقة رسوم أو جدول؟"
"Functional relationships (patterns and structures)","Allocations and proportionality","E","يكسب عامل 12 دينار في الساعة. اكتب معادلة على الشكل y = kx تمثل إجمالي الأرباح.","بالطبع! دعني أشرح لك خطوة بخطوة كيف تحل هذه المسألة.

### المعطيات:
- العامل يكسب **12 دينار في الساعة**.
- نريد كتابة معادلة على الشكل:  
  $$ y = kx $$  
  حيث:
  - $ y $ تمثل **إجمالي الأرباح** (أو ما ي earned بعد working عدد من الساعات).
  - $ x $ تمثل **عدد الساعات** التي عملها العامل.
  - $ k $ هو **معدل الدخل في الساعة**، أي الـ 12 دينار.

### الحل:

بما أن العامل يكسب 12 دينار في كل ساعة، فكلما زادت الساعات زادت الأرباح بشكل طردي وبنفس المعدل. لذلك:

$$
y = 12x
$$

حيث:
- $ x $: عدد الساعات.
- $ y $: إجمالي ما يربحه العامل.

### مثال:
إذا عمل العامل 5 ساعات، فإن إجمالي ربحه يكون:

$$
y = 12 \times 5 = 60 \text{ دينار}
$$

### خلاصة:
المعادلة النهائية هي:

$$
\boxed{y = 12x}
$$

هل ترغب في رسم بياني لهذه المعادلة أو أمثلة أخرى؟"
"Functional relationships (patterns and structures)","Allocations and proportionality","E","ارسم النقاط (1، 2)، (2، 4)، (3، 6)، (4، 8). هل هذه علاقة تناسبة؟ ما قيمة k؟","بالطبع! دعني أشرح لك المسألة خطوة بخطوة.

### المعطيات:
لديك مجموعة من النقاط هي:

- (1، 2)
- (2، 4)
- (3، 6)
- (4، 8)

---

### الخطوة الأولى: رسم النقاط

يمكنك رسم هذه النقاط على نظام إحداثي (محور السينات x ومحور الصادات y):

- النقطة (1، 2): اذهب إلى x = 1 ثم اصعد إلى y = 2
- النقطة (2، 4): اذهب إلى x = 2 ثم اصعد إلى y = 4
- وهكذا مع باقي النقاط

عند رسمها ستلاحظ أن جميع النقاط تقع **على خط مستقيم** يمر بالأصل (0, 0).

---

### الخطوة الثانية: هل العلاقة بين القيم علاقة تناسبية؟

العلاقة التناسبية (Direct Proportion) تكون على الشكل التالي:

$$
y = kx
$$

أي أن قيمة $ y $ تتناسب طرديًا مع قيمة $ x $، والنسبة بينهما ثابتة، وتُسمى هذه النسبة **ثابت التناسب** أو $ k $.

---

### الخطوة الثالثة: احسب قيمة $ k $

نأخذ أي نقطة من النقاط ونقسم $ y $ على $ x $:

- من النقطة (1، 2):  
  $$
  k = \frac{y}{x} = \frac{2}{1} = 2
  $$

- من النقطة (2، 4):  
  $$
  k = \frac{4}{2} = 2
  $$

- من النقطة (3، 6):  
  $$
  k = \frac{6}{3} = 2
  $$

- من النقطة (4، 8):  
  $$
  k = \frac{8}{4} = 2
  $$

إذًا، النسبة نفسها في كل مرة، وهذا يؤكد أن العلاقة **متناسبة**.

---

### الخلاصة:

- **نعم، العلاقة بين x و y علاقة تناسبية.**
- **قيمة ثابت التناسب $ k = 2 $**
- **المعادلة التي تمثل هذه العلاقة هي:**
  $$
  y = 2x
  $$

هل ترغب أن أساعدك برسم هذه النقاط بشكل تخطيطي أو تحويلها إلى جدول؟"
"Functional relationships (patterns and structures)","Allocations and proportionality","E","اكتب معادلة على الشكل y = kx إذا كانت تكلفة 7 دفاتر 21 دينار.","لحل هذه المسألة الرياضية، نريد أن نجد **معادلة على الشكل**:

$$
y = kx
$$

حيث:

- $ y $ تمثل التكلفة الإجمالية (بالتدينار).
- $ x $ تمثل عدد الدفاتر.
- $ k $ هو ثابت التناسب، أي **سعر الدفتر الواحد**.

---

### المعطى في المسألة:
- تكلفة 7 دفاتر هي 21 دينار.

نبدأ بإيجاد قيمة $ k $ باستخدام العلاقة:

$$
y = kx
$$

نعوّض القيم المعطاة:

$$
21 = k \cdot 7
$$

الآن نحل هذه المعادلة لإيجاد $ k $:

$$
k = \frac{21}{7} = 3
$$

---

### إذًا، المعادلة التي تربط عدد الدفاتر بالتكلفة هي:

$$
y = 3x
$$

أي أن التكلفة الكلية ($ y $) تساوي 3 أضعاف عدد الدفاتر ($ x $).

---

### مثال:
إذا أردت حساب تكلفة 5 دفاتر:

$$
y = 3 \cdot 5 = 15 \text{ دينار}
$$

---

✅ **الخلاصة:**  
المعادلة هي:  
$$
\boxed{y = 3x}
$$"
"Functional relationships (patterns and structures)","Allocations and proportionality","E","صف كيف يقارن رسم الدالة y = 2x برسم الدالة y = 0.5x من حيث الانحدار والمعنى.","بالطبع! دعني أشرح لك المسألة خطوة بخطوة.

### السؤال:
**صف كيف يقارن رسم الدالة $ y = 2x $ برسم الدالة $ y = 0.5x $ من حيث الانحدار والمعنى.**

---

## 🔹 أولاً: فهم المعادلات

لدينا دالتان خطيتان (أو معادلتان من الدرجة الأولى):

1. $ y = 2x $
2. $ y = 0.5x $

كلتاهما على الصورة العامة:

$$
y = mx + b
$$

حيث:
- $ m $ هو **المعامل الميلاني** أو **الانحدار**.
- $ b $ هو الجزء المقطوع من المحور $ y $ (قيمة $ y $ عندما $ x = 0 $).

في حالتنا هنا:
- في كلتا المعادلتين، $ b = 0 $، أي أن كلا الخطين يمران بنقطة الأصل $(0, 0)$.
- الفرق بينهما هو في قيمة $ m $، أي **الانحدار**.

---

## 🔹 ثانياً: مقارنة الانحدار

### ✅ الانحدار في $ y = 2x $:
- الانحدار $ m = 2 $
- هذا يعني أنه لكل وحدة واحدة تزداد في $ x $، فإن $ y $ تزداد بمقدار **2 وحدة**.
- الخط **أكثر انحداراً**، أي أنه **يصعد بسرعة أكبر** عند الانتقال من اليسار إلى اليمين.

### ✅ الانحدار في $ y = 0.5x $:
- الانحدار $ m = 0.5 $
- هذا يعني أنه لكل وحدة واحدة تزداد في $ x $، فإن $ y $ تزداد بمقدار **0.5 وحدة فقط**.
- الخط **أقل انحداراً**، أي أنه **يصعد ببطء** عند الانتقال من اليسار إلى اليمين.

---

## 🔹 ثالثاً: التفسير البياني

إذا رسمنا كلا الخطين على نفس المستوى الإحداثي:

- كلاهما يبدأ من نقطة الأصل $(0, 0)$.
- الخط $ y = 2x $ يكون **أعلى وأسرع ارتفاعاً** من الخط $ y = 0.5x $.
- الخط $ y = 0.5x $ يكون **أقل ميلاً**، أي أكثر استقامة (أقرب للمحور الأفقي).

---

## 🔹 رابعاً: التفسير العملي أو ""المعنى""

الانحدار يعبر عن **معدل التغير** في $ y $ بالنسبة لـ $ x $.  
- في $ y = 2x $: $ y $ تتغير **بسرعة** مع تغير $ x $. مثلاً، إذا كان $ x $ يمثل الزمن و$ y $ المسافة، فإن هذه المعادلة تمثل سرعة أعلى.
- في $ y = 0.5x $: $ y $ تتغير **ببطء** مع تغير $ x $. في نفس المثال، ستكون السرعة أقل.

---

## ✅ الخلاصة:

| العنصر         | $ y = 2x $                   | $ y = 0.5x $                  |
|----------------|-------------------------------|----------------------------------|
| الانحدار       | 2                             | 0.5                              |
| شكل الخط       | أكثر انحدارًا (أعمى)           | أقل انحدارًا (أكثر استقامة)      |
| معدل التغير    | أسرع                          | أبطأ                             |
| المعنى          | زيادة أسرع لـ $ y $ مع زيادة $ x $ | زيادة أبطأ لـ $ y $ مع زيادة $ x $ |

---

هل تحب أن أرسم لك الخطين تقريباً باستخدام جدول قيم؟"
"Functional relationships (patterns and structures)","Allocations and proportionality","F","عملت 6 طابعات لمدة 5 ساعات في اليوم لإنجاز عمل ما في 4 أيام. كم من الأيام تحتاج 10 طابعات إذا عملت 3 ساعات في اليوم؟","لحل هذه المسألة، نحتاج إلى استخدام **التناسب الطردي والعكسي** بين عدد الطابعات، عدد الساعات، وعدد الأيام.

### المعطيات:
- 6 طابعات  
- تعمل 5 ساعات يوميًا  
- تُنهي العمل في 4 أيام  

نريد معرفة:  
كم يومًا تحتاج **10 طابعات** إذا عملت **3 ساعات يوميًا**؟

---

## الخطوة الأولى: حساب **إجمالي عدد ساعات العمل** المطلوبة لإنهاء العمل

نحسب أولًا **إجمالي عدد الساعات التي استغرقها العمل** باستخدام 6 طابعات:

$$
\text{عدد الطابعات} \times \text{عدد الساعات اليومية} \times \text{عدد الأيام}
= 6 \times 5 \times 4 = 120 \text{ ساعة طابعة}
$$

أي أن العمل يحتاج **120 ساعة طابعة** (أي ما يعادل 120 ساعة من عمل الطابعات مجتمعة).

---

## الخطوة الثانية: نجد كم عدد **الساعات اليومية** التي ستقدمها 10 طابعات تعمل 3 ساعات يوميًا

$$
10 \text{ طابعات} \times 3 \text{ ساعات} = 30 \text{ ساعة طابعة يوميًا}
$$

---

## الخطوة الثالثة: نقسم إجمالي الساعات المطلوبة على الساعات المتاحة يوميًا

$$
\text{عدد الأيام} = \frac{120}{30} = 4 \text{ أيام}
$$

---

### ✅ الإجابة النهائية:
**تحتاج 10 طابعات تعمل 3 ساعات يوميًا إلى 4 أيام** لإنهاء نفس العمل.

---

هل تحب أن أشرح لك الفكرة باستخدام قانون عام للعلاقات التناسبية؟"
"Functional relationships (patterns and structures)","Allocations and proportionality","F","في مختبر، يتم خلط 3 محاليل كيميائية بنسب 2:3:5. إذا كان الحجم الكلي 1 لتر، كم مل من كل محلول تم استخدامه؟","لحل هذه المسألة الرياضية، نقوم باتباع الخطوات التالية:

### المعطيات:
- النسب بين المحاليل الثلاثة هي: **2 : 3 : 5**
- الحجم الكلي هو **1 لتر = 1000 مل**

### الهدف:
حساب كمية كل محلول بالملليلتر بناءً على النسب المذكورة.

---

### الخطوة 1: جمع أجزاء النسبة
نجمع الأجزاء التي في النسبة:

$$
2 + 3 + 5 = 10 \text{ أجزاء}
$$

---

### الخطوة 2: حساب قيمة الجزء الواحد
بما أن 10 أجزاء تمثل 1000 مل، فإن:

$$
\text{قيمة الجزء} = \frac{1000}{10} = 100 \text{ مل}
$$

---

### الخطوة 3: حساب كمية كل محلول

- المحلول الأول:  
  $$
  2 \times 100 = 200 \text{ مل}
  $$

- المحلول الثاني:  
  $$
  3 \times 100 = 300 \text{ مل}
  $$

- المحلول الثالث:  
  $$
  5 \times 100 = 500 \text{ مل}
  $$

---

### الإجابة النهائية:
- **المحلول الأول**: 200 مل  
- **المحلول الثاني**: 300 مل  
- **المحلول الثالث**: 500 مل  

✅ **إجمالي**: 200 + 300 + 500 = 1000 مل = 1 لتر ✔️

هل ترغب في شرح الطريقة بصيغة أكثر تبسيطًا أو رسم توضيحي؟"
"Functional relationships (patterns and structures)","Allocations and proportionality","F","خزان ماء يتم ملؤه في 12 دقيقة باستخدام 3 صنابير مماثلة. كم من الوقت سيستغرق لملئه باستخدام 5 صنابير؟","هذه مسألة **معدل العمل**، وتحديداً مسألة **علاقة عكسية** بين عدد الصنابير والوقت المستغرق لملء الخزان. كلما زاد عدد الصنابير، قل الوقت المطلوب.

---

### المعطيات:

- 3 صنابير تملأ الخزان في **12 دقيقة**.
- نريد معرفة كم دقيقة سيستغرق **5 صنابير** لملء نفس الخزان.

---

## الطريقة الأولى: باستخدام **قاعدة التناسب العكسي**

بما أن العلاقة بين عدد الصنابير والزمن علاقة **عكسية** (إذا زاد عدد الصنابير، يقل الزمن)، نستخدم:

$$
\text{عدد الصنابير} \times \text{الزمن} = \text{كمية ثابتة}
$$

أي أن:

$$
3 \times 12 = 5 \times x
$$

حيث $x$ هو الزمن المطلوب عند استخدام 5 صنابير.

$$
36 = 5x
$$

$$
x = \frac{36}{5} = 7.2 \text{ دقائق}
$$

---

## الإجابة النهائية:
> **7.2 دقائق** أو يمكن كتابتها كـ **7 دقائق و12 ثانية**.

---

## الطريقة الثانية: باستخدام **معدل التدفق لكل صنبور**

1. إذا ملأت 3 صنابير الخزان في 12 دقيقة، فإن **معدل تعبئة الصنبور الواحد** هو:

$$
\text{معدل الصنبور الواحد} = \frac{1 \text{ خزان}}{3 \times 12} = \frac{1}{36} \text{ خزان/دقيقة}
$$

2. إذًا، معدل 5 صنابير معًا هو:

$$
5 \times \frac{1}{36} = \frac{5}{36} \text{ خزان/دقيقة}
$$

3. الزمن المطلوب لملء خزان كامل:

$$
\text{زمن} = \frac{1}{\frac{5}{36}} = \frac{36}{5} = 7.2 \text{ دقائق}
$$

---

### ✅ إجابة أخيرة بوضوح:
> **سيستغرق ملء الخزان باستخدام 5 صنابير حوالي 7.2 دقائق.**

هل تريد شرح أكثر؟"
"Functional relationships (patterns and structures)","Allocations and proportionality","G","إذا كان لدينا متغيران يحققان المعادلة y = kx، ونعلم أن y = 12 و x = 3، احسب قيمة k وأعد كتابة المعادلة.","بالطبع! دعني أشرح لك المسألة خطوة بخطوة.

لدينا المعادلة التالية:

$$
y = kx
$$

وهذه معادلة تمثل **التناسب المباشر** بين المتغيرين $ y $ و $ x $، حيث $ k $ هو **معدل التناسب** أو **الثابت** الذي نريد إيجاده.

### المعطيات:
- $ y = 12 $
- $ x = 3 $

### المطلوب:
1. حساب قيمة $ k $
2. إعادة كتابة المعادلة بعد معرفة قيمة $ k $

---

### الخطوة 1: التعويض في المعادلة لإيجاد $ k $

نأخذ المعادلة:

$$
y = kx
$$

ونعوّض القيم المعطاة:

$$
12 = k \cdot 3
$$

لإيجاد $ k $، نقسم الطرفين على 3:

$$
k = \frac{12}{3} = 4
$$

إذًا:

$$
k = 4
$$

---

### الخطوة 2: إعادة كتابة المعادلة

بعد أن علمنا أن $ k = 4 $، نعيد كتابة المعادلة الأصلية بالقيمة الجديدة:

$$
y = 4x
$$

---

### ✅ الإجابة النهائية:

- **قيمة $ k $ هي:**  
  $$
  \boxed{4}
  $$

- **المعادلة الجديدة:**  
  $$
  \boxed{y = 4x}
  $$

هل ترغب أن أساعدك في حل أمثلة مشابهة؟"
"Functional relationships (patterns and structures)","Allocations and proportionality","G","يمر مستقيم من النقاط (0، 0) و (3، 6)؛ حدد إذا كان يظهر تناسباً.","لحل هذه المسألة وتحديد ما إذا كان المستقيم الذي يمر بالنقطتين (0، 0) و (3، 6) **يظهر تناسباً**، دعني أشرح لك الخطوات ببساطة:

---

### 🔹 المقصود بالتناسب هنا:
عندما نقول إن مستقيماً **يظهر تناسباً**، فهذا يعني أن العلاقة بين المتغيرين (مثلاً س و ص) هي علاقة **تناسب طردي**، أي على شكل:

$$
ص = ك × س
$$

حيث $ ك $ هو **الثابت** (المعدل أو الميل).

وهذه العلاقة تكون صحيحة فقط إذا مر المستقيم **بنقطة الأصل (0, 0)** وكان له ميل ثابت.

---

### 🔸 المعطى في المسألة:
- المستقيم يمر بالنقطتين:  
  $$
  (س_1, ص_1) = (0, 0) \quad \text{و} \quad (س_2, ص_2) = (3, 6)
  $$

---

### 🔶 الخطوة الأولى: احسب ميل المستقيم

لحساب الميل $ م $ بين نقطتين نستخدم القاعدة:

$$
م = \frac{ص_2 - ص_1}{س_2 - س_1}
$$

نعوّض القيم:

$$
م = \frac{6 - 0}{3 - 0} = \frac{6}{3} = 2
$$

إذن، الميل = 2.

---

### 🔶 الخطوة الثانية: اكتب معادلة المستقيم

بما أن المستقيم يمر من نقطة الأصل (0, 0)، فإن معادلته تكون:

$$
ص = م × س
\Rightarrow ص = 2 س
$$

---

### 🔶 الخطوة الثالثة: هل هذه علاقة تناسب؟

نعم، لأن:

- المعادلة على شكل $ ص = ك × س $ حيث $ ك = 2 $
- لا يوجد أي حد إضافي (مثل +5 أو -3)
- المستقيم يمر بنقطة الأصل

---

### ✅ الإجابة النهائية:

> نعم، المستقيم يظهر تناسباً، ومعادلة العلاقة هي:
$$
ص = 2 س
$$

أو يمكنك كتابتها كعبارة:

> العلاقة بين س و ص علاقة تناسب طردي، حيث كل زيادة بوحدة واحدة في س تؤدي إلى زيادة بمقدار 2 في ص."
"Functional relationships (patterns and structures)","Allocations and proportionality","H","تتغير الكمية ص بشكل مشترك مع ع و ل؛ إذا كانت ص = 24 عندما ع = 2 و ل = 3، احسب قيمة ص عندما ع = 4 و ل = 5.","لحل هذه المسألة، نحتاج أولًا إلى فهم معنى العبارة:  
**""تتغير الكمية ص بشكل مشترك مع ع و ل""**.

### 🔍 التفسير:
عندما يُقال إن ""ص تتغير بشكل مشترك مع ع و ل""، فهذا يعني أن **الكمية ص تتناسب طرديًا مع كل من المتغيرين ع و ل في نفس الوقت**. أي:

$$
ص \propto ع \times ل
$$

أو يمكن كتابتها على شكل معادلة:

$$
ص = ك × ع × ل
$$

حيث:
- $ ك $: ثابت التناسب.
- $ ع $ و $ ل $ هما المتغيران اللذان تتأثر بهما $ ص $.

---

### 📌 المعطى الأول:
عندما:
- $ ص = 24 $
- $ ع = 2 $
- $ ل = 3 $

نستخدم هذه القيم لإيجاد قيمة $ ك $:

$$
24 = ك × 2 × 3
$$

$$
24 = ك × 6
$$

$$
ك = \frac{24}{6} = 4
$$

إذًا، أصبحت المعادلة:

$$
ص = 4 × ع × ل
$$

---

### 📌 المطلوب:
احسب $ ص $ عندما:
- $ ع = 4 $
- $ ل = 5 $

نعوّض في المعادلة:

$$
ص = 4 × 4 × 5 = 4 × 20 = 80
$$

---

### ✅ الإجابة النهائية:
$$
\boxed{80}
$$"
"Functional relationships (patterns and structures)","Allocations and proportionality","H","تتناسب شدة إضاءة المصباح عكسياً مع مربع المسافة؛ احسب شدة الإضاءة عند 3 أمتار إذا كانت 100 وحدة عند 1 متر.","المسألة تتحدث عن **علاقة عكسية مع مربع المسافة**، وهذا يعني أن شدة الإضاءة $ E $ ترتبط بالمسافة $ d $ بالعلاقة التالية:

$$
E \propto \frac{1}{d^2}
$$

أو يمكن كتابة العلاقة بشكل رياضي على الصورة:

$$
E = \frac{k}{d^2}
$$

حيث:
- $ E $ هي شدة الإضاءة.
- $ d $ هي المسافة من المصباح.
- $ k $ هو ثابت التناسب.

---

### المعطى:
- عند $ d_1 = 1 $ متر، تكون $ E_1 = 100 $ وحدة.

نبدأ بحساب قيمة الثابت $ k $:

$$
E_1 = \frac{k}{d_1^2} \Rightarrow 100 = \frac{k}{1^2} \Rightarrow k = 100
$$

إذًا، العلاقة العامة أصبحت:

$$
E = \frac{100}{d^2}
$$

---

### المطلوب:
احسب شدة الإضاءة عند $ d = 3 $ أمتار.

$$
E = \frac{100}{3^2} = \frac{100}{9} \approx 11.11
$$

---

### ✅ الإجابة النهائية:
شدة الإضاءة عند 3 أمتار هي **حوالي 11.11 وحدة**.

هل تحب أن أشرح لك لماذا العلاقة تتناسب عكسياً مع **مربع** المسافة؟"
"Functional relationships (patterns and structures)","Linear and other simple functions","B","أكمل الجدول باستخدام القاعدة: أضف 3.  
المدخلات: 1 2 3 4 → المخرجات: ___ ___ ___ ___","بالطبع! دعني أشرح لك كيفية حل هذه المسألة خطوة بخطوة.

### المعطيات:
- **القاعدة المستخدمة:** ""أضف 3""، أي أنك تضيفين 3 إلى كل عدد في الجدول.
- **المدخلات (الأعداد الأصلية):** 1، 2، 3، 4
- والمطلوب هو إيجاد **المخرجات** باستخدام القاعدة.

---

### الخطوة 1: فهم القاعدة
""أضف 3"" تعني أنك تجمع 3 لكل عدد من المدخلات.  
أي أن العلاقة بين المدخلات والمخرجات هي:

> **المخرجات = المدخلات + 3**

---

### الخطوة 2: تطبيق القاعدة على كل عدد

نأخذ كل عدد من المدخلات ونضيف له 3:

1. إذا كانت المدخلة = **1** → المخرجة = 1 + 3 = **4**
2. إذا كانت المدخلة = **2** → المخرجة = 2 + 3 = **5**
3. إذا كانت المدخلة = **3** → المخرجة = 3 + 3 = **6**
4. إذا كانت المدخلة = **4** → المخرجة = 4 + 3 = **7**

---

### الخطوة 3: تعبئة الجدول

إذًا الجدول سيكون كالتالي:

| المدخلات | 1 | 2 | 3 | 4 |
|----------|---|---|---|---|
| المخرجات | 4 | 5 | 6 | 7 |

---

هل تحبين أن نرسم تمثيلاً بيانياً أو نكتب معادلة عامة أيضًا؟ 😊"
"Functional relationships (patterns and structures)","Linear and other simple functions","B","إذا كانت القاعدة هي س + 5، فما هي النتيجة عندما تكون س = 7؟ ______","بالطبع! دعني أشرح لك المسألة خطوة بخطوة:

لدينا قاعدة معطاة وهي:  
$$
س + 5
$$

وهذا يعني أنك تضيف 5 إلى أي قيمة لـ $س$.

وسُئِلَ عن الناتج عندما تكون:
$$
س = 7
$$

### الحل:
نقوم باستبدال قيمة $س$ في التعبير:

$$
س + 5 = 7 + 5
$$

$$
= 12
$$

### الإجابة النهائية:
$$
\boxed{12}
$$

إذا كانت لديك أسئلة مشابهة، سأكون سعيدًا بمساعدتك! 😊"
"Functional relationships (patterns and structures)","Linear and other simple functions","B","ارسم خطًا يمر عبر النقاط (1، 3)، (2، 4)، و(3، 5) على شبكة.","بالطبع! دعني أشرح لك كيفية ""رسم خطٍ يمر عبر النقاط (1، 3)، (2، 4)، و(3، 5)"" على شبكة إحداثية.

### الخطوة 1: فهم المعطيات
لدينا ثلاث نقاط:

- النقطة الأولى: (1, 3)
- النقطة الثانية: (2, 4)
- النقطة الثالثة: (3, 5)

كل نقطة تتكون من زوج إحداثي (x, y)، حيث:
- **x** هو الإحداثي الأفقي.
- **y** هو الإحداثي الرأسي.

---

### الخطوة 2: رسم النقاط على شبكة إحداثية

1. ارسم محورين متعامدين:
   - المحور الأفقي (x-axis)
   - والمحور الرأسي (y-axis)

2. ضع علامات على المحورين بالأرقام (مثلاً من 0 إلى 5 لكل من x وy).

3. الآن، ارسم كل نقطة كما يلي:

   - **النقطة (1, 3)**:
     - تحرك 1 وحدة على المحور الأفقي (x = 1).
     - ثم تحرك لأعلى 3 وحدات (y = 3).
     - ضع نقطة هناك.

   - **النقطة (2, 4)**:
     - تحرك 2 وحدة على المحور الأفقي.
     - ثم تحرك لأعلى 4 وحدات.
     - ضع نقطة هناك.

   - **النقطة (3, 5)**:
     - تحرك 3 وحدات على المحور الأفقي.
     - ثم تحرك لأعلى 5 وحدات.
     - ضع نقطة هناك.

---

### الخطوة 3: توصيل النقاط بخط مستقيم

بعد أن رسمت النقاط الثلاث، قم بتوصيلها باستخدام خط مستقيم. ستجد أن هذه النقاط تقع على خطٍ مستقيم واحد، وهذا يعني أنها **متّسقة خطيًا**.

---

### الخطوة 4: إيجاد معادلة الخط (اختياري)

إذا أردت معرفة معادلة هذا الخط المستقيم، يمكنك استخدام أي نقطتين لحساب الميل (slope):

#### حساب الميل:
$$
m = \frac{y_2 - y_1}{x_2 - x_1} = \frac{4 - 3}{2 - 1} = 1
$$

الميل = 1

#### استخدام صيغة الخط المستقيم:
$$
y - y_1 = m(x - x_1)
$$

باستخدام النقطة (1, 3):
$$
y - 3 = 1(x - 1)
\Rightarrow y = x + 2
$$

إذًا، معادلة الخط هي:
$$
y = x + 2
$$

---

### الخلاصة:

- ارسم النقاط (1, 3)، (2, 4)، (3, 5) على شبكة إحداثية.
- وصل بينها بخط مستقيم.
- ستلاحظ أنها تشكل خطًا مستقيمًا لأنها تتبع العلاقة $ y = x + 2 $.

هل ترغب أن أساعدك برسم تخطيطي بسيط بالحروف أو بإعداد جدول؟"
"Functional relationships (patterns and structures)","Linear and other simple functions","B","ضع دائرة حول الزوج الذي لا يتبع القاعدة x + 3: أ) (2, 5) ب) (4, 7) ج) (3, 6) د) (5, 10)","المسألة تطلب منك **وضع دائرة حول الزوج الذي لا يتبع القاعدة**:

> **""x + 3""**

وهذا يعني أن العلاقة بين كل زوج من الأرقام هي:
- القيمة الثانية = القيمة الأولى + 3  
أو بصيغة رياضية:  
> **y = x + 3**

نقوم الآن بفحص كل خيار لمعرفة إن كان يتبع هذه القاعدة:

---

### أ) (2, 5)

- نأخذ القيمة الأولى (x = 2)
- نضيف 3 → 2 + 3 = 5
- هل الناتج يساوي القيمة الثانية؟ نعم، 5

✅ هذا الزوج يتبع القاعدة.

---

### ب) (4, 7)

- 4 + 3 = 7

✅ هذا الزوج أيضًا يتبع القاعدة.

---

### ج) (3, 6)

- 3 + 3 = 6

✅ هذا الزوج يتبع القاعدة.

---

### د) (5, 10)

- 5 + 3 = 8 ❌ وليس 10

🚫 هذا الزوج **لا يتبع القاعدة**.

---

### ✅ الإجابة الصحيحة:
> **د) (5, 10)** ← هو الزوج الذي **لا يتبع القاعدة x + 3**

لذا، يجب أن تضع دائرة حول الخيار **د**."
"Functional relationships (patterns and structures)","Linear and other simple functions","C","أكمل الجدول للقانون y = x + 3:
    x: 1 | 2 | 3 | 4
    y: ___ | ___ | ___ | ___","بالطبع! سأشرح لك خطوة بخطوة كيف تكمل الجدول للقانون الرياضي التالي:

$$
y = x + 3
$$

### المعطى:
القيم الخاصة بـ $ x $ هي:  
$$
x: 1 \ | \ 2 \ | \ 3 \ | \ 4
$$

والمطلوب هو حساب القيمة المقابلة لكل $ x $ في $ y $، باستخدام القانون:

$$
y = x + 3
$$

---

### الحل:

نحسب قيمة $ y $ لكل قيمة من قيم $ x $:

1. إذا كان $ x = 1 $:
   $$
   y = 1 + 3 = 4
   $$

2. إذا كان $ x = 2 $:
   $$
   y = 2 + 3 = 5
   $$

3. إذا كان $ x = 3 $:
   $$
   y = 3 + 3 = 6
   $$

4. إذا كان $ x = 4 $:
   $$
   y = 4 + 3 = 7
   $$

---

### الجدول الكامل يكون كالتالي:

$$
\begin{array}{|c|c|c|c|c|}
\hline
x & 1 & 2 & 3 & 4 \\
\hline
y & 4 & 5 & 6 & 7 \\
\hline
\end{array}
$$

---

### خلاصة:
لكل قيمة من $ x $، نضيف 3 إليها فنحصل على قيمة $ y $. هذا يعبر عن علاقة خطية بين $ x $ و $ y $.

إذا كانت لديك أسئلة مشابهة، يمكنني مساعدتك أيضًا! 😊"
"Functional relationships (patterns and structures)","Linear and other simple functions","C","ما هو المدخل إذا كانت القاعدة هي ص = س - 1 والناتج هو 6؟","بالطبع! دعني أشرح لك المسألة خطوة بخطوة.

لدينا القاعدة (المعادلة):  
$$ y = x - 1 $$

والمعطى هو أن الناتج (قيمة $ y $) هو:  
$$ y = 6 $$

نريد إيجاد **المدخل**، أي قيمة $ x $ التي تُعطي $ y = 6 $ عندما نستخدم القاعدة المعطاة.

### الخطوة 1: التعويض
نعوّض قيمة $ y = 6 $ في المعادلة:

$$
6 = x - 1
$$

### الخطوة 2: حل المعادلة لإيجاد $ x $
نضيف 1 إلى الطرفين:

$$
6 + 1 = x
\Rightarrow x = 7
$$

### الإجابة:
إذًا، **المدخل** هو:
$$
\boxed{7}
$$

هل ترغب أن أشرحها بطريقة أخرى أو تريدين مثالاً مشابهاً للتدرب؟"
"Functional relationships (patterns and structures)","Linear and other simple functions","C","أكمل: إذا كانت س = ع × 3، فإن ع = 4 → س = ___","لدينا المعادلة:

$$
س = ع \times 3
$$

والمعطى هو:

$$
ع = 4
$$

نقوم بالتعويض بقيمة **ع = 4** في المعادلة:

$$
س = 4 \times 3 = 12
$$

إذًا:

$$
\boxed{س = 12}
$$

✅ **الجواب النهائي هو: 12**."
"Functional relationships (patterns and structures)","Linear and other simple functions","C","آلة دالة تضرب في ٤، ثم تضيف ١. ماذا تكون النتيجة عند الإدخال ٢؟","بالطبع! دعني أشرح لك المسألة خطوة بخطوة.

لدينا **آلة دالة** (أو دالة رياضية) تقوم بإجراء عمليتين على العدد المدخل:

1. **تضرب في ٤**
2. **ثم تضيف ١**

ونريد أن نعرف ما هي النتيجة عندما يكون **الإدخال = ٢**.

### الخطوات:

نبدأ بالعدد: **٢**

#### الخطوة ١: الضرب في ٤
$$
2 \times 4 = 8
$$

#### الخطوة ٢: إضافة ١
$$
8 + 1 = 9
$$

### إذًا، الناتج النهائي هو:
$$
\boxed{9}
$$

هل تحب أن أكتب لك الدالة الرياضية التي تمثل هذه الآلة أيضًا؟"
"Functional relationships (patterns and structures)","Linear and other simple functions","C","إذا كانت y = x − 5، احسب قيمة y عندما تكون x = 11.","بالطبع! لنحل هذه المسألة خطوة بخطوة.

لدينا المعادلة:

$$
y = x - 5
$$

والمطلوب هو حساب قيمة $ y $ عندما تكون $ x = 11 $.

### الخطوة 1: التعويض
نقوم باستبدال قيمة $ x $ في المعادلة:

$$
y = 11 - 5
$$

### الخطوة 2: الحساب
$$
y = 6
$$

### إذًا، الإجابة النهائية هي:
$$
\boxed{6}
$$

إذا كانت لديك أي أسئلة أخرى أو أردت شرح شيء مشابه، فأنا هنا للمساعدة!"
"Functional relationships (patterns and structures)","Linear and other simple functions","D","احسب ميل الخط الذي يمر بالنقطتين (2, 3) و (6, 7).","لحساب **ميل الخط المستقيم** الذي يمر **بنقطتين**، نستخدم الصيغة التالية:

$$
\text{الميل} = \frac{y_2 - y_1}{x_2 - x_1}
$$

حيث:
- $(x_1, y_1)$ و $(x_2, y_2)$ هما إحداثيات النقطتين.

---

### معطى في المسألة:
النقطتان هما:  
$(x_1, y_1) = (2, 3)$  
$(x_2, y_2) = (6, 7)$

---

### نطبق في المعادلة:

$$
\text{الميل} = \frac{7 - 3}{6 - 2} = \frac{4}{4} = 1
$$

---

### إذًا:
**ميل الخط المستقيم هو:**  
$$
\boxed{1}
$$

إذا أردت تفسير ذلك: هذا يعني أن الخط يرتفع بمقدار 1 وحدة لكل وحدة تتحركها أفقيًا (أي أنه خط مستقيم يميل بزاوية 45 درجة إذا كانت المحاور بنفس المقياس)."
"Functional relationships (patterns and structures)","Linear and other simple functions","D","احسب نقطة تقاطع المستقيم مع محور الصادات في المعادلة y = -2x + 7.","لحساب **نقطة تقاطع المستقيم مع محور الصادات** (وهو محور الـ $ y $)، نحتاج إلى معرفة أن أي نقطة على هذا المحور تكون قيمة $ x = 0 $.

المعطى هو معادلة المستقيم:

$$
y = -2x + 7
$$

### الخطوة 1: التعويض بقيمة $ x = 0 $

نعوّض $ x = 0 $ في المعادلة لإيجاد قيمة $ y $ عند نقطة التقاطع:

$$
y = -2(0) + 7
$$

$$
y = 0 + 7 = 7
$$

### إذًا، نقطة التقاطع هي:

$$
(0, 7)
$$

---

### خلاصة:
نقطة تقاطع المستقيم $ y = -2x + 7 $ مع **محور الصادات** هي النقطة:

$$
\boxed{(0,\ 7)}
$$"
"Functional relationships (patterns and structures)","Linear and other simple functions","D","يوجد خطان معطيان: y = 2x + 3 و y = 2x - 1. هل هذان الخطان متوازيان؟ ولماذا؟","بالطبع! دعني أشرح لك خطوة بخطوة:

لدينا معادلتان لخطين:

1. $ y = 2x + 3 $
2. $ y = 2x - 1 $

### الهدف:
نريد أن نعرف إذا كان هذان الخطان **متوازيين**، وإذا كانا كذلك، **لماذا؟**

---

## 🔍 أولًا: تذكر خاصية الميل في المعادلات الخطية

المعادلة العامة للخط المستقيم هي:

$$
y = mx + b
$$

حيث:
- $ m $ هو **الميل** (slope)
- $ b $ هو **القطع الصادي** (أي النقطة التي يقطع فيها الخط محور $ y $)

---

## ✏️ الآن: نحدد ميل كل خط من المعطيات

### الخط الأول:  
$ y = 2x + 3 $

هنا نرى أن:
- الميل $ m_1 = 2 $

### الخط الثاني:  
$ y = 2x - 1 $

هنا نرى أن:
- الميل $ m_2 = 2 $

---

## 📌 إذًا: هل الخطان متوازيان؟

نعم، **الخطان متوازيان**، وذلك لأن:

> **الميل متساوٍ في كليهما** ($ m_1 = m_2 = 2 $)،  
وإذا كان لخطين نفس الميل، فإنهما **لا يتقاطعان أبدًا**، وبالتالي **هما خطان متوازيان**.

---

## 🧠 لماذا الميل هو العامل الرئيسي في التوازي؟

لأن الميل يحدد ""انحدار"" أو ""اتجاه"" الخط.  
إذا كان للمعينين نفس الانحدار (نفس الميل)، فهما يمشيان بنفس الزاوية ولا يتقاطعان، أي أنهما متوازيان.

---

## ✅ خلاصة:

- الميل في الخط الأول = 2
- الميل في الخط الثاني = 2
- بما أن الميل متساوٍ، فإن الخطين **متوازيان**

---

هل تحب أن أرسم لك الخطين لتتخيل الفكرة بشكل أفضل؟ 😊"
"Functional relationships (patterns and structures)","Linear and other simple functions","D","ارسم الخط الذي يمثل المعادلة y = -x + 4 من خلال تحديد الميل ونقاط التقاطع.","بالطبع! سأشرح لك خطوة بخطوة كيف يمكنك **رسم الخط الذي يمثل المعادلة**:

$$
y = -x + 4
$$

وذلك من خلال تحديد **الميل** و**نقاط التقاطع**.

---

### 🔹 أولاً: فهم المعادلة

المعادلة معطاة على **الصيغة الميلية للمحور (الشكل المفتوت)**:

$$
y = mx + b
$$

حيث:
- $ m $ هو **الميل**
- $ b $ هو **القطع الصادي** (نقطة تقاطع الخط مع المحور y عندما $ x = 0 $)

في معادلتك:

$$
y = -x + 4
$$

إذًا:
- **الميل** $ m = -1 $
- **القطع الصادي** $ b = 4 $

---

### 🔹 ثانياً: تحديد نقطة التقاطع مع المحور y

القطع الصادي هو $ 4 $، أي أن الخط يمر بالنقطة:

$$
(0, 4)
$$

---

### 🔹 ثالثاً: إيجاد نقطة التقاطع مع المحور x

لإيجاد نقطة تقاطع الخط مع **المحور x**، نضع $ y = 0 $ في المعادلة ونحل لإيجاد $ x $:

$$
0 = -x + 4 \Rightarrow x = 4
$$

إذًا، نقطة التقاطع مع المحور x هي:

$$
(4, 0)
$$

---

### 🔹 رابعاً: استخدام الميل لتحديد نقطة ثالثة (اختياري لكن مفيد)

الميل $ m = -1 $ يعني أنه لكل وحدة تزيد في $ x $، تنقص $ y $ بوحدة واحدة.

نأخذ النقطة التي لدينا $ (0, 4) $، ونضيف 1 إلى $ x $:

- $ x = 1 $
- $ y = -1 + 4 = 3 $

فنحصل على النقطة:

$$
(1, 3)
$$

---

### 🔹 خامساً: رسم الخط

باستخدام الأقلام والمسطرة، ارسم خطًا مستقيمًا يمر بالنقاط التالية:

- $ (0, 4) $
- $ (4, 0) $
- يمكنك استخدام $ (1, 3) $ للتأكد من أن الخط مستقيم

---

### ✅ خلاصة:

| العنصر | القيمة |
|--------|--------|
| الميل | $ -1 $ |
| نقطة تقاطع y | $ (0, 4) $ |
| نقطة تقاطع x | $ (4, 0) $ |

---

هل ترغب أن أساعدك برسم تخطيطي أو جدول قيم؟"
"Functional relationships (patterns and structures)","Linear and other simple functions","D","اكتب معادلة المستقيم الذي يميل بزاوية 3 ويمر من النقطة التي فيها قيمة y تساوي 5 بالشكل y = mx + b.","لحل هذه المسألة، نريد كتابة **معادلة مستقيم** على الشكل:

$$
y = mx + b
$$

حيث:
- $ m $ هو **الميل** (الانحدار) للمستقيم.
- $ b $ هو **الجزء المقطوع من المحور y** عندما $ x = 0 $.

لكن في السؤال لم يُعطَ الميل مباشرة، بل قيل إن المستقيم **يمر بنقطة فيها قيمة $ y = 5 $**، و**يملك ميلاً مرتبطاً بزاوية مقدارها 3 درجات** (أو ربما 3 راديان؟ لكن غالبًا المقصود الدرجات).

### الخطوة 1: حساب الميل من الزاوية

إذا كان المستقيم **يصنع زاوية θ** مع محور $ x $، فإن **الميل $ m $** يُحسب بالعلاقة:

$$
m = \tan(\theta)
$$

#### افتراض: الزاوية 3 درجات

$$
m = \tan(3^\circ) \approx 0.0524
$$

> ملاحظة: إذا كانت الزاوية 3 راديان، فـ $ \tan(3) \approx -0.1425 $، لكن هذا غير شائع بدون تحديد.

### الخطوة 2: استخدام النقطة التي فيها $ y = 5 $

هنا لدينا مشكلة: لا توجد قيمة $ x $ مذكورة. أي أن المعطى الوحيد هو أن المستقيم **يمر بنقطة فيها $ y = 5 $**، لكن لا نعرف $ x $. لذا نحتاج إلى أحد الأمرين:
- إما أن تعطى قيمة $ x $ المرتبطة بقيمة $ y = 5 $
- أو نفترض نقطة عشوائية مثل $ (0, 5) $، أي أن $ b = 5 $

### الحل المقترح:

نفترض أن النقطة هي $ (0, 5) $، أي عند $ x = 0 $، $ y = 5 $، وبالتالي:

$$
b = 5
$$

وبما أن الميل:

$$
m = \tan(3^\circ) \approx 0.0524
$$

فإن معادلة المستقيم تكون:

$$
\boxed{y = 0.0524x + 5}
$$

---

### خلاصة:

لأن المعطيات غير كاملة، نحتاج إلى افتراض نقطة (مثلاً عند $ x = 0 $)، ثم نحسب الميل باستخدام دالة الظل من الزاوية المائلة.

هل ترغب أن أشرح كيف نحسب الميل من الزاوية بدقة أكثر؟"
"Functional relationships (patterns and structures)","Linear and other simple functions","E","يعرض جدول القيم النقاط التالية: (١، ٥)، (٢، ١٠)، (٣، ١٥). اكتب المعادلة وفسّر ميل الخط.","بالنظر إلى الجدول الذي يحتوي على القيم التالية:

- عندما $ س = ١ $، فإنَّ $ ص = ٥ $
- عندما $ س = ٢ $، فإنَّ $ ص = ١٠ $
- عندما $ س = ٣ $، فإنَّ $ ص = ١٥ $

### الخطوة 1: تحديد نوع العلاقة
نلاحظ أن القيم تتزايد بانتظام، إذن من المحتمل أن تكون العلاقة **خطية** (أي على شكل خط مستقيم).

الشكل العام للمعادلة الخطية هو:

$$
ص = م س + ب
$$

حيث:
- $ م $ هو **الميل**
- $ ب $ هو **الجزء المقطوع من المحور الصادي**

### الخطوة 2: حساب الميل ($ م $)
الميل يُحسب باستخدام العلاقة:

$$
م = \frac{ص_2 - ص_1}{س_2 - س_1}
$$

نأخذ نقطتين من النقاط المعطاة، مثل (١، ٥) و(٢، ١٠):

$$
م = \frac{10 - 5}{2 - 1} = \frac{5}{1} = 5
$$

إذًا، الميل = **٥**

### الخطوة 3: إيجاد المعادلة
بما أننا وجدنا أن الميل = ٥، نستخدم النقطة (١، ٥) لإيجاد $ ب $:

$$
ص = م س + ب \\
5 = 5(1) + ب \\
5 = 5 + ب \\
ب = 0
$$

إذًا، المعادلة هي:

$$
ص = 5 س
$$

### الخطوة 4: تفسير الميل
الميل = ٥ يعني أنه **لكل وحدة زيادة في المتغير $ س $، يزداد المتغير $ ص $ بمقدار ٥ وحدات**.

### الخلاصة:
- **المعادلة**: $ ص = 5 س $
- **تفسير الميل**: كلما زادت قيمة $ س $ بوحدة واحدة، تزداد قيمة $ ص $ بـ ٥ وحدات."
"Functional relationships (patterns and structures)","Linear and other simple functions","E","قم برسم المعادلة y = 2x − 1 لقيم x من −2 إلى 3.","بالطبع! سأشرح لك خطوة بخطوة كيف ترسم المعادلة:

### **المعطى:**
المعادلة هي  
$$
y = 2x - 1
$$  
والمطلوب هو رسمها لقيم $ x $ من $-2$ إلى $3$.

---

## **الخطوة 1: فهم نوع المعادلة**

المعادلة $ y = 2x - 1 $ هي معادلة **خطية**، أي تمثل **خطًا مستقيمًا** على المستوى الإحداثي (المحورين x و y).

لرسم خط مستقيم نحتاج فقط إلى نقطتين. لكن يمكننا حساب قيم $ y $ لكل قيمة من قيم $ x $ بين $-2$ و $3$ لنحصل على رسم أكثر دقة.

---

## **الخطوة 2: إيجاد القيم المقابلة لـ y لكل x**

نحسب قيم $ y $ عندما:
$$
x = -2, -1, 0, 1, 2, 3
$$

### باستخدام المعادلة $ y = 2x - 1 $:

| $ x $ | $ y = 2x - 1 $ |
|--------|------------------|
| -2     | $ 2(-2) - 1 = -4 - 1 = -5 $ |
| -1     | $ 2(-1) - 1 = -2 - 1 = -3 $ |
|  0     | $ 2(0) - 1 = 0 - 1 = -1 $   |
|  1     | $ 2(1) - 1 = 2 - 1 = 1 $    |
|  2     | $ 2(2) - 1 = 4 - 1 = 3 $    |
|  3     | $ 2(3) - 1 = 6 - 1 = 5 $    |

إذًا لدينا الأزواج الإحداثية التالية:

$$
(-2, -5),\ (-1, -3),\ (0, -1),\ (1, 1),\ (2, 3),\ (3, 5)
$$

---

## **الخطوة 3: رسم الخط على مستوى إحداثي**

1. ارسم محوري الإحداثيات (المحور الأفقي x والرأسي y).
2. ضع علامات على المحورين لتوضيح الأرقام.
3. ضع النقاط التي حسبتها سابقًا على الرسم.
4. وصل بين النقاط بخط مستقيم.

---

## **الخطوة 4: ملاحظات مهمة**

- الميل (slope) في المعادلة $ y = 2x - 1 $ هو 2، أي أن الخط يصعد بمعدل 2 وحدة للأعلى لكل وحدة واحدة نحو اليمين.
- الجزء المقطوع من المحور y هو $-1$، أي أن الخط يمر بالنقطة $(0, -1)$.

---

## **خلاصة:**

لقد حسبت مجموعة من النقاط التي تقع على الخط المستقيم الذي يمثل المعادلة $ y = 2x - 1 $، ومن ثم قمت برسم هذه النقاط ووصلتها بخط مستقيم.

هل تريد أن أرسم لك شكلًا تقريبيًا بالرموز أو أشرحك كيفية رسمه على ورقة؟"
"Functional relationships (patterns and structures)","Linear and other simple functions","E","تعرف الدالة على الشكل f(x) = x/2 - 3. ما قيمة f(6)؟","بالطبع! سأشرح لك كيفية حل هذه المسألة خطوة بخطوة.

لدينا دالة معرفة على الشكل:

$$
f(x) = \frac{x}{2} - 3
$$

المطلوب هو حساب قيمة $ f(6) $، أي نقوم بالتعويض بقيمة $ x = 6 $ في المعادلة.

### الخطوة 1: التعويض
$$
f(6) = \frac{6}{2} - 3
$$

### الخطوة 2: قسمة
$$
\frac{6}{2} = 3
$$

إذن:
$$
f(6) = 3 - 3
$$

### الخطوة 3: الطرح
$$
f(6) = 0
$$

---

### ✅ الإجابة النهائية:
$$
\boxed{0}
$$"
"Functional relationships (patterns and structures)","Linear and other simple functions","E","راكب الدراجة قطع 15 كيلومترًا في ساعة واحدة، و30 كيلومترًا في ساعتين، و45 كيلومترًا في ثلاث ساعات. هل هذه علاقة خطية؟ اكتب القاعدة.","بالطبع! دعني أشرح لك خطوة بخطوة كيفية حل هذه المسألة الرياضية.

### المعطيات:
- قطع **15 كيلومترًا في ساعة واحدة**
- قطع **30 كيلومترًا في ساعتين**
- قطع **45 كيلومترًا في ثلاث ساعات**

### المطلوب:
1. هل العلاقة بين **المسافة** و**الزمن** **خطية**؟
2. إذا كانت خطية، فما هي **قاعدة (معادلة) العلاقة**؟

---

## الخطوة 1: نضع البيانات في جدول زمني

| الزمن (ساعة) | المسافة (كيلومتر) |
|--------------|-------------------|
| 1            | 15                |
| 2            | 30                |
| 3            | 45                |

---

## الخطوة 2: التحقق من الخطية

العلاقة تُعتبر **خطية** إذا كانت الزيادة في المسافة ثابتة مع كل وحدة زمنية.

نحسب الفرق بين المسافات:

- من الساعة 1 إلى 2:  
  $ 30 - 15 = 15 $ كم  
- من الساعة 2 إلى 3:  
  $ 45 - 30 = 15 $ كم

إذن، في كل ساعة يقطع **15 كم إضافية** → هذا يعني أن العلاقة **خطية**.

---

## الخطوة 3: كتابة القاعدة (المعادلة)

في العلاقات الخطية، تكون الصيغة العامة:

$$
\text{المسافة} = \text{المعدل} × الزمن
$$

نلاحظ أن راكب الدراجة يتحرك بسرعة ثابتة قدرها:

$$
\text{المعدل} = \frac{15 \text{ كم}}{1 \text{ ساعة}} = 15 \text{ كم/ساعة}
$$

إذن، القاعدة التي تعبر عن المسافة $ d $ بعد الزمن $ t $ ساعات هي:

$$
\boxed{d = 15t}
$$

حيث:
- $ d $: المسافة بالكيلومترات
- $ t $: الزمن بالساعات

---

## الخلاصة:

- نعم، العلاقة **خطية**.
- لأن المسافة تزداد بمقدار ثابت (15 كم لكل ساعة).
- **القاعدة**:  
  $$
  \boxed{d = 15t}
  $$

هل تحب أن أرسم جدولًا أو رسمًا بيانيًا لتوضيح العلاقة أيضًا؟"
"Functional relationships (patterns and structures)","Linear and other simple functions","E","ارسم الدالة y = |x|. كيف تقارن مع الدالة y = x² من حيث الشكل والتماثل؟","بالطبع! دعني أشرح لك خطوة بخطوة كيفية حل هذه المسألة الرياضية، وكيف تقارن بين الدوالين $ y = |x| $ و $ y = x^2 $ من حيث **الشكل** و**التماثل**.

---

### ✅ أولًا: رسم الدالة $ y = |x| $

القيمة المطلقة لـ $ x $ تُحسب كما يلي:

$$
|x| = 
\begin{cases}
x, & \text{إذا } x \geq 0 \\
-x, & \text{إذا } x < 0
\end{cases}
$$

#### خطوات الرسم:
1. عند $ x = 0 $، فإنَّ $ y = |0| = 0 $
2. عند $ x = 1 $، فإنَّ $ y = 1 $
3. عند $ x = -1 $، فإنَّ $ y = |-1| = 1 $
4. عند $ x = 2 $، فإنَّ $ y = 2 $
5. عند $ x = -2 $، فإنَّ $ y = 2 $

بالتالي، الرسم البياني سيكون مثل **حرف V**:
- جهة اليمين: مستقيم مائل موجب (الميل = 1)
- جهة اليسار: مستقيم مائل سالب (الميل = -1)، لكن بسبب القيمة المطلقة يصبح موجب

**الشكل النهائي**: مثلث قاعدته عند نقطة الأصل ومفتوح لأعلى.

---

### ✅ ثانيًا: رسم الدالة $ y = x^2 $

هذه معادلة **قطع مكافئ** (Parabola).

#### خصائصها:
- تمر بالنقطة (0,0)
- كلما زادت قيمة $ x $، زادت $ y $ بشكل أسرع (لأن التربيع يزيد من سرعة النمو)
- متماثلة حول محور $ y $

#### أمثلة:
- عند $ x = 0 $، $ y = 0 $
- عند $ x = 1 $، $ y = 1 $
- عند $ x = -1 $، $ y = 1 $
- عند $ x = 2 $، $ y = 4 $
- عند $ x = -2 $، $ y = 4 $

**الشكل النهائي**: منحنى على شكل حرف U مفتوح لأعلى.

---

### ✅ ثالثًا: المقارنة بين $ y = |x| $ و $ y = x^2 $

#### 1. الشكل العام:

| الخصوصية        | $ y = |x| $                   | $ y = x^2 $                     |
|------------------|-------------------------------|-----------------------------------|
| الشكل            | مثلث (حرف V)                  | قطع مكافئ (حرف U)                |
| الانحناء         | خطوط مستقيمة بدون انحناء      | منحنى ناعم                        |

#### 2. التماثل:

كلا الدالتين **متماثلتان حول محور $ y $**، أي أن:

- إذا عوَّضت $ x $ و $ -x $، تحصل على نفس القيمة في كلا الحالتين.
- هذا يعني أن كلا المنحنيين متماثلان بالنسبة للمحور العمودي (محور $ y $).

#### 3. السلوكيات عند القيم الكبيرة أو الصغيرة:

- عند القيم القريبة من الصفر (مثل $ x = 0.1 $):  
  $ |x| \approx x^2 $ تقريبًا.

- عند القيم الكبيرة (مثل $ x = 10 $):  
  $ x^2 $ تزداد أسرع بكثير من $ |x| $

---

### ✅ خلاصة المقارنة:

| العنصر             | $ y = |x| $              | $ y = x^2 $               |
|---------------------|---------------------------|------------------------------|
| الشكل               | مثلث (V)                 | قوس مكافئ (U)               |
| نوع المنحنى         | خطي (مستقيم)             | غير خطي (منحنى)             |
| التماثل             | حول محور $ y $          | حول محور $ y $             |
| السلوك عند $ x \to \infty $ | تزداد ببطء نسبيًا     | تزداد بسرعة كبيرة           |
| السلوك عند $ x = 0 $ | أقل من $ x^2 $ عند القيم الكبيرة | أكبر من $ |x| $ عند القيم الصغيرة جدًا |

---

### 📌 نصيحة إضافية:
يمكنك استخدام برنامج مثل **Geogebra** أو **Desmos** لرسم هاتين الدوالتين ورؤية الاختلاف بصريًا.

هل تحب أن أرسم لك الجراف بيانيًا هنا باستخدام كلمات؟ 😊"
"Functional relationships (patterns and structures)","Linear and other simple functions","E","أي دالة تنمو بشكل أسرع: y = 3x أم y = x²؟ اختبر ذلك باستخدام القيم x = 1 إلى 5.","لحل هذه المسألة، نريد مقارنة **معدل نمو** دالتين:

- الدالة الأولى: $ y = 3x $ وهي **دالة خطية**  
- الدالة الثانية: $ y = x^2 $ وهي **دالة تربيعية**

### الهدف:
نريد أن نعرف أي من هاتين الدوالتنمو أسرع عندما تزداد قيمة $ x $.  
للإجابة بدقة، سنحسب قيم كلتا الدوال عند $ x = 1 $ إلى $ x = 5 $ ونقارن النتائج.

---

### الخطوة 1: حساب القيم

| $ x $ | $ y = 3x $ | $ y = x^2 $ |
|--------|--------------|----------------|
| 1      | $ 3 \times 1 = 3 $ | $ 1^2 = 1 $ |
| 2      | $ 3 \times 2 = 6 $ | $ 2^2 = 4 $ |
| 3      | $ 3 \times 3 = 9 $ | $ 3^2 = 9 $ |
| 4      | $ 3 \times 4 = 12 $ | $ 4^2 = 16 $ |
| 5      | $ 3 \times 5 = 15 $ | $ 5^2 = 25 $ |

---

### الخطوة 2: التحليل

نلاحظ الآتي:

- عند $ x = 1 $:  
  $ 3x = 3 $، $ x^2 = 1 $ → $ 3x $ أكبر
- عند $ x = 2 $:  
  $ 3x = 6 $، $ x^2 = 4 $ → $ 3x $ أكبر
- عند $ x = 3 $:  
  $ 3x = 9 $، $ x^2 = 9 $ → القيمتان متساويتان
- عند $ x = 4 $:  
  $ 3x = 12 $، $ x^2 = 16 $ → $ x^2 $ أكبر
- عند $ x = 5 $:  
  $ 3x = 15 $، $ x^2 = 25 $ → $ x^2 $ أكبر بكثير

---

### الخطوة 3: الاستنتاج

- في البداية (للقيم الصغيرة لـ $ x $)، تكون الدالة الخطية $ y = 3x $ أكبر أو مساوية للدالة التربيعية.
- لكن مع زيادة $ x $، تبدأ الدالة التربيعية $ y = x^2 $ بالنمو بسرعة أكبر.
- هذا لأن **الدوال التربيعية تنمو أسرع من الدوال الخطية على المدى الطويل**.

---

### الإجابة النهائية:

الدالة $ y = x^2 $ تنمو بشكل أسرع من $ y = 3x $، خاصة عند الزيادة في قيمة $ x $.  
ومن الجدول نرى أن $ x^2 $ تتفوق بعد $ x = 3 $. ✅

هل تحب أن أشرح لك لماذا يحدث هذا من حيث المفهوم الرياضي للمعدل؟"
"Functional relationships (patterns and structures)","Linear and other simple functions","E","تُستخدم الدالة y = x² لتمثيل مساحة مربع طول ضلعه x. ارسم المعادلة ثم استخدم الرسم لإيجاد قيمة y عندما تكون x = 1، 2، 3، 4.","بالطبع! دعني أشرح لك خطوة بخطوة كيف يمكنك حل هذه المسألة الرياضية.

---

### **المسألة:**
تُستخدم الدالة  
$$
y = x^2
$$  
لتمثيل مساحة مربع طول ضلعه $x$.  
المطلوب هو:

1. رسم المعادلة.
2. استخدام الرسم لإيجاد قيمة $y$ عندما تكون $x = 1، 2، 3، 4$.

---

## **الخطوة الأولى: فهم المعادلة**

الدالة $ y = x^2 $ هي معادلة تربيعية، ورسمها البياني على نظام الإحداثيات (X, Y) يكون على شكل **قطع مكافئ** مفتوح للأعلى.

- $x$: يمثل طول ضلع المربع.
- $y$: يمثل مساحة المربع، لأن مساحة المربع = (الطول)².

---

## **الخطوة الثانية: إنشاء جدول قيم**

نحسب قيم $y$ لكل قيمة من القيم المعطاة لـ $x$:

| $x$ | $y = x^2$ |
|------|-------------|
| 0    | $0^2 = 0$ |
| 1    | $1^2 = 1$ |
| 2    | $2^2 = 4$ |
| 3    | $3^2 = 9$ |
| 4    | $4^2 = 16$ |

---

## **الخطوة الثالثة: رسم المعادلة**

لرسم المعادلة، نقوم برسم محورين:

- المحور الأفقي: $x$
- المحور الرأسي: $y$

ثم نضع النقاط التالية على الرسم:

- $(0, 0)$
- $(1, 1)$
- $(2, 4)$
- $(3, 9)$
- $(4, 16)$

ثم نربط بين هذه النقاط بمنحنى ناعم، ليكون لدينا شكل القطع المكافئ.

---

## **الخطوة الرابعة: استخدام الرسم لإيجاد القيم**

باستخدام الرسم الذي رسمته:

- عندما $x = 1$: نصعد من النقطة 1 على المحور الأفقي عمودياً حتى نصل إلى المنحنى، ثم نتجه أفقياً إلى المحور الرأسي، فنجد أن $y ≈ 1$
- عندما $x = 2$: بنفس الطريقة نجد أن $y ≈ 4$
- عندما $x = 3$: نجد أن $y ≈ 9$
- عندما $x = 4$: نجد أن $y ≈ 16$

---

## **النتائج النهائية**

باستخدام الرسم أو الحساب المباشر من المعادلة $y = x^2$:

| $x$ | $y = x^2$ |
|------|-------------|
| 1    | 1           |
| 2    | 4           |
| 3    | 9           |
| 4    | 16          |

---

### ✅ **ملحوظة:**
إذا كنت سترسم على ورقة، استخدم شبكة مربعة (كما في كراسة الهندسة)، وضع كل وحدة تمثل 1 على المحورين، وهكذا ستتمكن من قراءة القيم بدقة أكبر.

هل تحب أن أرسم لك صورة ذهنية للرسم البياني أو تحتاج لمساعدة في رسمه على برنامج مثل Excel أو Desmos؟"
"Functional relationships (patterns and structures)","Linear and other simple functions","F","حوّل المعادلة y = x² ثلاث وحدات إلى اليسار واثنتين إلى الأسفل. ما هي المعادلة الجديدة؟","لحل هذه المسألة، نحتاج إلى **تحويل المعادلة الأصلية** وفقًا للإرشادات:

### المعطيات:
- المعادلة الأصلية:  
  $$ y = x^2 $$
- التحويل المطلوب:
  - **ثلاث وحدات إلى اليسار**
  - **وحدتين إلى الأسفل**

---

### الخطوة 1: التحويل الأفقي (إلى اليسار)

عند تحويل منحنى **إلى اليسار** بمقدار $ a $ وحدات، نقوم باستبدال $ x $ بـ $ x + a $.  
لذلك، لنقل المنحنى **ثلاث وحدات إلى اليسار**، نستخدم:
$$
y = (x + 3)^2
$$

---

### الخطوة 2: التحويل الرأسي (إلى الأسفل)

عند تحويل منحنى **إلى الأسفل** بمقدار $ b $ وحدات، نقوم **بطرح** $ b $ من الطرف الأيمن كاملاً.  
لذلك، لنقل المنحنى **وحدتين إلى الأسفل**، نقوم بـ:
$$
y = (x + 3)^2 - 2
$$

---

### إذًا، المعادلة الجديدة هي:
$$
\boxed{y = (x + 3)^2 - 2}
$$

---

هل ترغب أن أشرح لك لماذا يتم استخدام $ x + 3 $ عند التحريك لليسار رغم أن اليسار عادة يرتبط بالسالب؟"
"Functional relationships (patterns and structures)","Linear and other simple functions","F","حدد ما إذا كانت الجداول التالية تمثل دالة خطية: س: 1، 2، 3، 4 | ص: 2، 4، 8، 16","لحل هذه المسألة وتحديد ما إذا كانت الجدول التالي يمثل **دالة خطية** أم لا، دعنا نفهم أولًا مفهوم **الدالة الخطية**، ثم نطبقه على البيانات المعطاة.

---

### 📌 المعطيات:

| س | 1 | 2 | 3 | 4 |
|---|---|---|---|---|
| ص | 2 | 4 | 8 | 16 |

---

### 🔍 مفهوم الدالة الخطية:
الدالة تُسمى **خطية** إذا كان **معدل التغير في (ص)** بالنسبة لـ (س) **ثابتًا**.  
أي أن الزيادة في (ص) عند زيادة (س) بوحدة واحدة تكون نفسها طوال الجدول.

#### ✨ كيف نتحقق من ذلك؟
نحسب الفرق بين كل قيمتين متتاليتين من (ص) ونقسمها على الفرق في (س)، أي:

$$
\text{معدل التغير} = \frac{\Delta y}{\Delta x}
$$

ونرى إن كان ثابتًا.

---

### 🧮 لنحسب معدل التغير بين القيم:

1. من س = 1 إلى س = 2:  
   ص تتغير من 2 إلى 4 → Δص = 4 - 2 = 2  
   Δس = 1  
   ⇒ معدل التغير = 2 ÷ 1 = **2**

2. من س = 2 إلى س = 3:  
   ص تتغير من 4 إلى 8 → Δص = 8 - 4 = 4  
   Δس = 1  
   ⇒ معدل التغير = 4 ÷ 1 = **4**

3. من س = 3 إلى س = 4:  
   ص تتغير من 8 إلى 16 → Δص = 16 - 8 = 8  
   Δس = 1  
   ⇒ معدل التغير = 8 ÷ 1 = **8**

---

### ❗ الملاحظة:
معدل التغير **ليس ثابتًا**:
- مرة 2
- ثم 4
- ثم 8

وهذا يعني أن العلاقة **ليست خطية**.

---

### 📈 هل هناك علاقة أخرى واضحة؟
نعم! نلاحظ أن:

| س | ص |
|---|---|
| 1 | 2 = $2^1$ |
| 2 | 4 = $2^2$ |
| 3 | 8 = $2^3$ |
| 4 | 16 = $2^4$ |

إذًا العلاقة هي:

$$
ص = 2^س
$$

وهذه **دالة أسية**، وليس خطية.

---

### ✅ الاستنتاج النهائي:

> الجدول **لا يمثل دالة خطية**، بل يمثل **دالة أسية** لأن معدل التغير ليس ثابتًا، وإنما يتضاعف مع كل خطوة.

هل تحب أن أشرح لك كيف تفرق بين الدوال الخطية والأسية بصريًا أو بالرسم؟"
"Functional relationships (patterns and structures)","Linear and other simple functions","F","إذا كانت معادلة الدالة f(x) = 2x - 4، وقمنا برفع الرسم البياني بمقدار 3 وحدات لأعلى ليصبح y = f(x) + 3، اكتب المعادلة الجديدة.","بالطبع! دعني أشرح لك خطوة بخطوة كيفية حل هذه المسألة.

### المعطيات:
- المعادلة الأصلية للدالة هي:  
  $$
  f(x) = 2x - 4
  $$

- تم رفع الرسم البياني **بمقدار 3 وحدات لأعلى**، أي أننا نضيف 3 إلى قيمة الدالة.

### ماذا يعني ""رفع الرسم البياني 3 وحدات لأعلى""؟
هذا يعني أننا نضيف 3 إلى **الناتج** (أي إلى $ y $ أو $ f(x) $).  
وبالتالي تصبح المعادلة الجديدة:
$$
y = f(x) + 3
$$

### الآن نحسب:
نأخذ $ f(x) = 2x - 4 $ ونضيف 3 إليها:

$$
y = (2x - 4) + 3
$$

نجمع الثوابت:
$$
y = 2x - 1
$$

### إذًا، المعادلة الجديدة هي:
$$
\boxed{y = 2x - 1}
$$

### ملاحظة:
يمكنك التفكير في الأمر كتغيير الدالة الأصلية بإضافة 3 إليها. هذا يُحدث **انزياحًا رأسيًا** للرسم البياني للأعلى بمقدار 3 وحدات.

هل تحب أن أوضح لك الفرق بين الانتقالات الرأسية والأفقية أيضًا؟"
"Functional relationships (patterns and structures)","Linear and other simple functions","F","ينمو عدد سكان مدينة بشكل خطي من 200 إلى 500 خلال 10 سنوات. بينما ينمو عدد سكان مدينة أخرى بشكل أسّي، ويتضاعف كل 5 سنوات بدءًا من 200. أي من السكان سيكون عدده أكبر بعد 15 سنة؟","لحل هذه المسألة، سنحسب عدد سكان كلتا المدينتين بعد **15 سنة**، ونقارن بين النتيجتين.  
الفرق بين النوعين من النمو هو:

- **نمو خطي**: زيادة ثابتة في العدد بمرور الوقت.
- **نمو أسيّ**: زيادة بنسبة ثابتة (أو مضاعفة) بمرور فترة زمنية معينة.

---

### 📌 المعطيات:

#### المدينة الأولى: **نمو خطي**
- يزيد السكان من **200 إلى 500 خلال 10 سنوات**.
- هذا يعني أن الزيادة = $ 500 - 200 = 300 $
- إذًا معدل الزيادة السنوية = $ \frac{300}{10} = 30 $ نسمة/سنة

#### المدينة الثانية: **نمو أسّي**
- عدد السكان يبدأ عند **200**
- يتضاعف **كل 5 سنوات**

---

## ✅ الحسابات:

### 1. المدينة ذات النمو الخطي:

العدد بعد $ t $ سنة:
$$
P(t) = P_0 + rt
$$
حيث:
- $ P_0 = 200 $ (القيمة الابتدائية)
- $ r = 30 $ (معدل الزيادة السنوية)
- $ t = 15 $

$$
P(15) = 200 + 30 \times 15 = 200 + 450 = 650
$$

✅ بعد 15 سنة، يكون عدد السكان في المدينة ذات النمو الخطي = **650**

---

### 2. المدينة ذات النمو الأسي:

عدد السكان يتضاعف كل 5 سنوات، بدءًا من 200.

الصيغة العامة للنمو الأسي إذا كان هناك مضاعفة كل فترة:
$$
P(t) = P_0 \cdot 2^{t/T}
$$
حيث:
- $ P_0 = 200 $
- $ T = 5 $ (الفترة الزمنية للتضاعف)
- $ t = 15 $

$$
P(15) = 200 \cdot 2^{15/5} = 200 \cdot 2^3 = 200 \cdot 8 = 1600
$$

✅ بعد 15 سنة، يكون عدد السكان في المدينة ذات النمو الأسي = **1600**

---

## 🔍 الاستنتاج:

- المدينة ذات **النمو الخطي** سيكون عدد سكانها: **650**
- المدينة ذات **النمو الأسي** سيكون عدد سكانها: **1600**

➡️ إذًا، **بعد 15 سنة، سيكون عدد السكان أكبر في المدينة ذات النمو الأسي.**

---

### ✅ الإجابة النهائية:
> **عدد سكان المدينة ذات النمو الأسي سيكون أكبر بعد 15 سنة.**"
"Functional relationships (patterns and structures)","Linear and other simple functions","G","اكتب معادلة خط بزاوية ميل 4 يمر بالنقطة (1، -2)","بالطبع! سأشرح لك كيفية حل هذه المسألة خطوة بخطوة.

### المعطيات:
- **الميل (slope)** = 4
- **نقطة تمر بها الخط** = (1، -2)

---

### المطلوب:
كتابة **معادلة الخط المستقيم** الذي له ميل 4 ويمر بالنقطة (1، -2).

---

### الطريقة:

لحل هذا النوع من المسائل، نستخدم **صيغة النقطة والميل** لمعادلة الخط المستقيم:

$$
y - y_1 = m(x - x_1)
$$

حيث:
- $ m $ هو الميل
- $ (x_1, y_1) $ هي النقطة التي يمر بها الخط

---

### التعويض:

المعطى:  
$ m = 4 $  
$ (x_1, y_1) = (1, -2) $

نعوّد في المعادلة:

$$
y - (-2) = 4(x - 1)
$$

$$
y + 2 = 4(x - 1)
$$

نوزع الـ 4 على القوس:

$$
y + 2 = 4x - 4
$$

ننقل 2 إلى الجهة الأخرى:

$$
y = 4x - 4 - 2
$$

$$
y = 4x - 6
$$

---

### الإجابة النهائية:

$$
\boxed{y = 4x - 6}
$$

هذه هي معادلة الخط المطلوبة. ✅

هل تحب أن أوضحها بطريقة أخرى مثل الصورة العامة أو بطريقة بيانية؟"
"Functional relationships (patterns and structures)","Linear and other simple functions","G","حدد إذا كانت المستقيم y = 2x + 1 موازياً للمستقيم y = 2x - 4.","لحل هذه المسألة وتحديد إذا ما كان المستقيم:

$$
y = 2x + 1
$$

موازياً للمستقيم:

$$
y = 2x - 4
$$

نحتاج إلى تذكر خاصية هامة من **هندسة التحليلية**:

> **يكون مستقيمان موازيين إذا وفقط إذا كانت ميلاهما متساويتين**.

---

### الخطوة 1: تحديد الميل لكل مستقيم

كلا المعادلتين معطاة على **الصورة المائلة – المقطعية**:

$$
y = mx + b
$$

حيث:
- $ m $ هو **الميل**
- $ b $ هو **طول الجزء المقطوع من المحور y**

#### للمستقيم الأول:
$$
y = 2x + 1 \Rightarrow m_1 = 2
$$

#### للمستقيم الثاني:
$$
y = 2x - 4 \Rightarrow m_2 = 2
$$

---

### الخطوة 2: مقارنة الميلين

نلاحظ أن:
$$
m_1 = m_2 = 2
$$

إذن، **المستقيمان لهما نفس الميل**.

---

### الاستنتاج:

بما أن الميلين متساويان، فالمستقيمان **متوازيان**.

✅ **الإجابة النهائية:**  
$$
\boxed{\text{نعم، المستقيمان موازيان لأن لهما نفس الميل وهو } 2}
$$"
"Functional relationships (patterns and structures)","Linear and other simple functions","G","ارسم الدالة الجزئية f(x) = x عندما x < 2، و f(x) = 3 عندما x ≥ 2.","بالطبع! دعني أشرح لك خطوة بخطوة كيف ترسم هذه **الدالة الجزئية** (Piecewise Function):

### المعطى:
لدينا الدالة:

$$
f(x) = 
\begin{cases} 
x & \text{عندما } x < 2 \\
3 & \text{عندما } x \geq 2 
\end{cases}
$$

---

## الخطوة 1: فهم طبيعة الدالة

هذه دالة مقطوعة (أو متعددة التعريفات)، أي أنها تتكون من جزأين:

- الجزء الأول: $ f(x) = x $، لكن فقط عندما تكون القيمة المدخلة $ x $ **أصغر من 2**.
- الجزء الثاني: $ f(x) = 3 $، وهو ثابت، لكن فقط عندما تكون القيمة المدخلة $ x $ **أكبر من أو تساوي 2**.

---

## الخطوة 2: رسم الجزء الأول $ f(x) = x $ لـ $ x < 2 $

- هذه معادلة خط مستقيم يمر بالأصل وله ميل 1.
- لكن لا نرسمه كاملًا، بل **نرسم فقط الجزء الذي يسبق $ x = 2 $**.
- عند $ x = 2 $، لن نضع نقطة هنا لأن الشرط هو **أصغر من 2**، أي $ x < 2 $.
- لذلك، عند النقطة $ x = 2 $، نترك **دائرة مفرغة (غير معبأة)** على المنحنى.

📌 مثال: يمكنك رسم بعض النقاط مثل:
- $ x = 0 $ → $ f(0) = 0 $
- $ x = 1 $ → $ f(1) = 1 $
- $ x = 1.9 $ → $ f(1.9) = 1.9 $

---

## الخطوة 3: رسم الجزء الثاني $ f(x) = 3 $ لـ $ x \geq 2 $

- هذا جزء أفقي ثابت، أي أن قيمته تساوي دائمًا 3 لكل $ x \geq 2 $.
- نبدأ من $ x = 2 $، ونرسم خطًا أفقيًا على مستوى $ y = 3 $.
- عند $ x = 2 $، نضع **نقطة معبأة (مغلقة)** لأن الشرط يشمل $ x = 2 $.

📌 مثال: يمكنك رسم النقاط التالية:
- $ x = 2 $ → $ f(2) = 3 $
- $ x = 3 $ → $ f(3) = 3 $
- $ x = 4 $ → $ f(4) = 3 $

---

## الخطوة 4: تجميع الرسم

- ارسم خطًا مائلًا (من الدالة $ f(x) = x $) من اليسار حتى $ x = 2 $، مع وضع **نقطة مفرغة** عند $ x = 2 $.
- ثم ارسم خطًا أفقيًا (من الدالة $ f(x) = 3 $) بدءًا من $ x = 2 $، مع وضع **نقطة معبأة** عند $ x = 2 $.

---

## ملاحظات مهمة:

- عند $ x = 2 $، يكون لديك **نقطة واحدة معبأة** في الأعلى (من الدالة الثابتة 3)، والنقطة السفلى (من الخط $ y = x $) تكون **فارغة**.
- هذا النوع من الرسومات يُظهر أن هناك ""قفزة"" في قيمة الدالة عند $ x = 2 $، أي أن الدالة **غير متصلة** عند هذه النقطة.

---

هل تحب أن أساعدك برسم تخطيطي بالكلمات أو باستخدام أدوات رسومات؟"
"Functional relationships (patterns and structures)","Linear and other simple functions","H","المعادلة y = 5x + b تمر بالنقطة (2, 11). احسب قيمة b.","لدينا معادلة الخط المستقيم على الشكل التالي:

$$
y = 5x + b
$$

وعلمنا أن هذا الخط يمر بالنقطة $(2, 11)$، أي أن عندما $x = 2$، فإن $y = 11$.

### الخطوة 1: التعويض بالقيم في المعادلة

نعوّض $x = 2$ و $y = 11$ في المعادلة:

$$
11 = 5(2) + b
$$

$$
11 = 10 + b
$$

### الخطوة 2: حل المعادلة لإيجاد $b$

نطرح 10 من الطرفين:

$$
b = 11 - 10 = 1
$$

### ✅ الإجابة النهائية:

$$
\boxed{1}
$$"
"Functional relationships (patterns and structures)","Linear and other simple functions","H","احسب مجموعة القيم الممكنة (المجال) ومجموعة القيم الناتجة (المدى) للدالة الكسرية f(x) = (3x + 2) / (x - 1)","لحساب **المجال** و**المدى** للدالة الكسرية  
$$
f(x) = \frac{3x + 2}{x - 1}
$$

سنقوم بخطوتين:

---

### 🔹 أولاً: حساب **المجال (Domain)**

المجال هو مجموعة كل القيم التي يمكن أن تُستخدم كمدخلات للدالة دون أن تؤدي إلى مشكلة رياضية، مثل:
- القسمة على صفر.
- الجذور الزوجية لعدد سالب (غير موجود هنا).
  
في هذه الدالة، لدينا مقام هو $ x - 1 $.  
ومن المعروف أنه لا يجوز أن يكون المقام صفراً، لأن القسمة على الصفر غير معرّفة.

إذن نضع شرطًا:
$$
x - 1 \ne 0 \Rightarrow x \ne 1
$$

وبالتالي، المجال هو:
$$
\boxed{\text{المجال} = \mathbb{R} \setminus \{1\}} = (-\infty, 1) \cup (1, \infty)
$$

---

### 🔸 ثانياً: حساب **المدى (Range)**

المدى هو مجموعة جميع القيم الممكنة التي يمكن أن تأخذها $ f(x) $ عند تغيير $ x $ في المجال.

لحسابه، نفترض أن:
$$
y = \frac{3x + 2}{x - 1}
$$

ثم نحاول التعبير عن $ x $ بدلالة $ y $، ومن ثم نحدد أي قيم لـ $ y $ تجعل هذا ممكناً.

#### الخطوة 1: نبدأ من المعادلة:
$$
y = \frac{3x + 2}{x - 1}
$$

نضرب الطرفين بالمقام (بشرط أن $ x \ne 1 $):
$$
y(x - 1) = 3x + 2
$$

نوزّع الـ $ y $:
$$
yx - y = 3x + 2
$$

نجمع الحدود التي تحتوي على $ x $ في طرف واحد:
$$
yx - 3x = y + 2
$$

نأخذ $ x $ عامل مشترك:
$$
x(y - 3) = y + 2
$$

ثم نحل لإيجاد $ x $:
$$
x = \frac{y + 2}{y - 3}
$$

لكي يكون هذا ممكناً، يجب أن يكون:
$$
y - 3 \ne 0 \Rightarrow y \ne 3
$$

أي أن القيمة $ y = 3 $ **لا يمكن تحقيقها** من الدالة، لأن ذلك سيؤدي إلى قسمة على صفر في التعبير الأخير.

إذن، المدى هو:
$$
\boxed{\text{المدى} = \mathbb{R} \setminus \{3\}} = (-\infty, 3) \cup (3, \infty)
$$

---

### ✅ الإجابة النهائية:

- **المجال:**  
$$
\boxed{(-\infty,\ 1) \cup (1,\ \infty)}
$$

- **المدى:**  
$$
\boxed{(-\infty,\ 3) \cup (3,\ \infty)}
$$"
"Functional relationships (patterns and structures)","Linear and other simple functions","H","ارسم الرسم البياني للدالة الأسية f(x) = eˣ - 2 ووضح سلوك النهاية للدالة عندما تزداد قيمة x.","بالطبع! دعني أشرح لك خطوة بخطوة كيفية **رسم الرسم البياني للدالة الأسية** $ f(x) = e^x - 2 $، وكيف يمكنك **فهم سلوك النهاية عندما تزداد قيمة $ x $**.

---

## 🔹 أولاً: فهم الدالة

الدالة المعطاة هي:

$$
f(x) = e^x - 2
$$

هي دالة أسية، مشابهة لـ $ e^x $، لكنها مُنزَّلة رأسياً (أي تم إسقاط المنحنى إلى الأسفل بمقدار وحدتين).

---

## 🔹 ثانياً: رسم الرسم البياني

### الخطوة 1: ارسم $ e^x $

- من المعروف أن $ e^x $ هو منحنى يزيد بسرعة، ويمر بالنقطة (0,1) لأن $ e^0 = 1 $.
- مجاله: كل الأعداد الحقيقية.
- مدى الدالة: $ y > 0 $
- مع وجود **مقارب أفقي** عند $ y = 0 $ عندما $ x \to -\infty $

### الخطوة 2: نزِّله رأسياً بمقدار 2

- هذا يعني أنك تأخذ كل نقطة على المنحنى الأصلي وتطرح منها 2 من الإحداثي $ y $.
- إذن، النقطة (0,1) في $ e^x $ تصبح (0,-1) في $ f(x) = e^x - 2 $

### الخطوة 3: المقارب الجديد

- بما أن $ e^x $ تقترب من الصفر عندما $ x \to -\infty $، فإن $ e^x - 2 $ تقترب من $ -2 $
- إذن:
  $$
  \lim_{x \to -\infty} f(x) = -2
  $$
  أي أن هناك **مقارب أفقي** جديد عند $ y = -2 $

### الخطوة 4: تقاطع المحور الرأسي (عند $ x = 0 $)

$$
f(0) = e^0 - 2 = 1 - 2 = -1
$$
إذن المنحنى يقطع محور $ y $ عند النقطة (0, -1)

---

## 🔹 ثالثاً: سلوك النهاية عندما تزداد $ x $

### عندما $ x \to +\infty $:

- $ e^x $ تزداد بسرعة كبيرة جداً.
- إذن $ f(x) = e^x - 2 $ تزداد أيضاً بلا حدود.
- أي:
  $$
  \lim_{x \to +\infty} f(x) = +\infty
  $$

### عندما $ x \to -\infty $:

- $ e^x \to 0 $
- إذن:
  $$
  \lim_{x \to -\infty} f(x) = -2
  $$

---

## 🔹 رسم بياني مبسط (وصفياً):

- المنحنى يشبه شكل $ e^x $، لكنه مُنزَّل بمقدار 2.
- يبدأ من اليسار (عند $ x \to -\infty $) قريباً من الخط الأفقي $ y = -2 $
- يعبر محور $ y $ عند $ y = -1 $
- ثم يصعد بسرعة نحو الأعلى عندما تزداد $ x $

---

## ✅ خلاصة:

- **الدالة**: $ f(x) = e^x - 2 $
- **المقارب الأفقي**: $ y = -2 $
- **عند $ x = 0 $**: $ f(0) = -1 $
- **عندما $ x \to +\infty $**: $ f(x) \to +\infty $
- **عندما $ x \to -\infty $**: $ f(x) \to -2 $

هل تحب أن أرسم لك جدول قيم لبعض النقاط لتتمكن من رسم المنحنى؟"
"Functional relationships (patterns and structures)","Linear and other simple functions","H","احسب المساحة تحت المنحنى للدالة f(x) = 2x من x = 1 إلى x = 4، مع توضيح جميع خطوات الحل باستخدام التكامل المحدد.","بالطبع! دعنا نحل المسألة خطوة بخطوة:

---

### **السؤال:**
احسب **المساحة تحت المنحنى** للدالة  
$$
f(x) = 2x
$$  
من $ x = 1 $ إلى $ x = 4 $، باستخدام **التكامل المحدد**.

---

## ✅ الخطوة 1: فهم المطلوب

المطلوب هو حساب **المساحة بين منحنى الدالة $ f(x) = 2x $** ومحور السينات (x-axis)، من النقطة $ x = 1 $ حتى النقطة $ x = 4 $.  
هذا يُحسب باستخدام **التكامل المحدد**:

$$
\text{المساحة} = \int_{1}^{4} 2x \, dx
$$

---

## ✅ الخطوة 2: تكامل الدالة

نحتاج إلى إيجاد التكامل غير المحدد للدالة $ 2x $ أولًا:

$$
\int 2x \, dx = 2 \int x \, dx = 2 \cdot \frac{x^2}{2} + C = x^2 + C
$$

إذًا، التكامل العام هو:
$$
\int 2x \, dx = x^2 + C
$$

---

## ✅ الخطوة 3: استخدام التكامل المحدد

نحسب الآن القيمة العددية للتكامل من $ x = 1 $ إلى $ x = 4 $:

$$
\int_{1}^{4} 2x \, dx = \Big[ x^2 \Big]_{1}^{4} = (4)^2 - (1)^2 = 16 - 1 = 15
$$

---

## ✅ الخطوة 4: تفسير النتيجة

العدد **15** يمثل **المساحة تحت المنحنى** للدالة $ f(x) = 2x $ من $ x = 1 $ إلى $ x = 4 $.

---

## 📌 ملاحظات مهمة:
- لأن $ f(x) = 2x $ موجبة في الفترة [1, 4]، فإن التكامل يعطي المساحة الحقيقية.
- إذا كانت الدالة سالبة في بعض الأجزاء، يجب أخذ القيم المطلقة أو تقسيم التكامل.

---

## ✅ الإجابة النهائية:

$$
\boxed{15}
$$

هل تحب أن نرسم المنحنى أو نشرح لماذا نستخدم التكامل لحساب المساحة؟"
"Functional relationships (patterns and structures)","Linear and other simple functions","H","استخدم اختبار المشتق الأول لتحديد أين الدالة f(x) = x⁴ − 8x² تزداد وأين تنقص.","بالطبع! دعنا نحل هذه المسألة خطوة بخطوة باستخدام **اختبار المشتق الأول** لتحديد أين تزداد الدالة وأين تنقص.

### المعطى:
الدالة هي  
$$
f(x) = x^4 - 8x^2
$$

### الهدف:
استخدام **اختبار المشتق الأول** لتحديد فترات التزايد والتناقص للدالة.

---

## ✅ الخطوة 1: احسب المشتقة الأولى $ f'(x) $

لحساب المشتقة:

$$
f(x) = x^4 - 8x^2
$$

نشتق الحدين:

$$
f'(x) = \frac{d}{dx}(x^4) - \frac{d}{dx}(8x^2) = 4x^3 - 16x
$$

---

## ✅ الخطوة 2: جد نقاط الحرجة (Critical Points)

نقاط الحرجة هي النقاط التي تكون فيها المشتقة صفرًا أو غير معرفة. في هذه الحالة، المشتقة معرفة تمامًا لأنها كثيرة حدود.

نضع $ f'(x) = 0 $:

$$
4x^3 - 16x = 0
$$

نأخذ عامل مشترك:

$$
4x(x^2 - 4) = 0
$$

ثم نحل:

$$
4x = 0 \Rightarrow x = 0
$$
$$
x^2 - 4 = 0 \Rightarrow x^2 = 4 \Rightarrow x = \pm 2
$$

إذًا النقاط الحرجة هي:
$$
x = -2,\quad x = 0,\quad x = 2
$$

---

## ✅ الخطوة 3: قم بتقسيم مجال الدالة إلى فترات بناءً على النقاط الحرجة

المجال الكامل هو الأعداد الحقيقية، ونقاط الحرجة تقسمه إلى الفترات التالية:

- $ (-\infty, -2) $
- $ (-2, 0) $
- $ (0, 2) $
- $ (2, \infty) $

---

## ✅ الخطوة 4: اختبر إشارة $ f'(x) $ في كل فترة

نختار نقطة داخل كل فترة ونحسب إشارة $ f'(x) $.

### 1. الفترة $ (-\infty, -2) $ → نختار $ x = -3 $

$$
f'(-3) = 4(-3)^3 - 16(-3) = 4(-27) + 48 = -108 + 48 = -60 < 0
$$

إذًا: الدالة **تناقصية** في هذه الفترة.

---

### 2. الفترة $ (-2, 0) $ → نختار $ x = -1 $

$$
f'(-1) = 4(-1)^3 - 16(-1) = -4 + 16 = 12 > 0
$$

إذًا: الدالة **متزايدة** في هذه الفترة.

---

### 3. الفترة $ (0, 2) $ → نختار $ x = 1 $

$$
f'(1) = 4(1)^3 - 16(1) = 4 - 16 = -12 < 0
$$

إذًا: الدالة **تناقصية** في هذه الفترة.

---

### 4. الفترة $ (2, \infty) $ → نختار $ x = 3 $

$$
f'(3) = 4(27) - 48 = 108 - 48 = 60 > 0
$$

إذًا: الدالة **متزايدة** في هذه الفترة.

---

## ✅ الخطوة 5: خلاصة النتائج

| الفترة | إشارة $ f'(x) $ | سلوك الدالة |
|--------|------------------|--------------|
| $ (-\infty, -2) $ | سالبة | تناقصية |
| $ (-2, 0) $       | موجبة | متزايدة |
| $ (0, 2) $        | سالبة | تناقصية |
| $ (2, \infty) $   | موجبة | متزايدة |

---

## ✅ الإجابة النهائية:

- الدالة **تزداد** على الفترات:  
  $$
  (-2, 0) \cup (2, \infty)
  $$

- الدالة **تنقص** على الفترات:  
  $$
  (-\infty, -2) \cup (0, 2)
  $$

هل تحب أن نرسم الجدول أو نوضح نوع كل نقطة حرجة (كحد أقصى أو أدنى) أيضًا؟"
"Functional relationships (patterns and structures)","Linear and other simple functions","H","حدّد التقاطع السيني والخطوط التقاربية (الخطوط المقاربة) للدالة اللوغاريتمية: f(x) = ln(x − 2) ","بالطبع! دعنا نحل هذه المسألة خطوة بخطوة، ونحدد:

1. **التقاطع مع المحور السيني** (أي النقطة التي عندها $ f(x) = 0 $).
2. **الخطوط التقاربية** للدالة اللوغاريتمية $ f(x) = \ln(x - 2) $.

---

### 🔹 أولاً: فهم مجال الدالة

الدالة المعطاة هي:
$$
f(x) = \ln(x - 2)
$$

ومن خواص اللوغاريتم الطبيعي $\ln(x)$، فإن **المدخل يجب أن يكون موجبًا**، أي:
$$
x - 2 > 0 \Rightarrow x > 2
$$

إذًا:  
- **مجال الدالة هو:** $ (2, \infty) $

---

### 🔹 ثانيًا: التقاطع مع المحور السيني

التقاطع مع **المحور السيني** يحدث عندما تكون $ f(x) = 0 $.

نضع:
$$
\ln(x - 2) = 0
$$

نحل هذه المعادلة:

$$
x - 2 = e^0 = 1 \Rightarrow x = 3
$$

إذًا:
- **التقاطع السيني عند النقطة:** $ (3, 0) $

---

### 🔹 ثالثًا: الخطوط التقاربية (الخطوط المقاربة)

#### 🟢 الخط التقاربي الرأسي:

نلاحظ أن الدالة غير معرفة عند $ x = 2 $، وتقترب من $-\infty$ كلما اقتربت $ x $ من 2 من اليمين.

لذلك:
- **الخط الرأسي $ x = 2 $ هو خط تقاربي رأسي**.

#### 🔵 الخط التقاربي الأفقي أو المائل:

بما أننا لا نتعامل مع دالة كسرية أو متعددة الحدود، بل مع دالة لوغاريتمية، فإن:

- **لا يوجد خط تقاربي أفقي**.
- **لا يوجد خط تقاربي مائل** أيضًا.

لأن اللوغاريتم لا يقترب من قيمة ثابتة ولا من خط مستقيم عند زيادة $ x $.

---

### ✅ الخلاصة:

- **التقاطع السيني:** عند $ x = 3 $ → النقطة $ (3, 0) $
- **الخط التقاربي الرأسي:** $ x = 2 $
- **لا يوجد خط تقاربي أفقي أو مائل**

هل ترغب برسم بياني تقريبي للدالة لتوضيح الفكرة أكثر؟"
"Functional relationships (patterns and structures)","Equations and algebra","B","اجعل كلا الجانبين متساويين:  5 + 5 = ___ + 4","بالطبع! دعني أشرح لك خطوة بخطوة كيف تحل هذه المسألة:

لدينا المعادلة:

**5 + 5 = ___ + 4**

### الهدف:
نريد أن نجعل **الجانب الأيسر** يساوي **الجانب الأيمن**، أي نبحث عن العدد الذي يجعل الجملة صحيحة.

---

### أولًا: نحسب قيمة الجانب الأيسر

**5 + 5 = 10**

إذًا أصبحت المعادلة:

**10 = ___ + 4**

أو يمكن كتابتها كـ:

**___ + 4 = 10**

---

### ثانيًا: نبحث عن العدد الذي إذا أضفناه إلى 4 نحصل على 10

نقوم بإجراء عملية الطرح:

**10 − 4 = 6**

إذًا العدد الذي نضعه في الفراغ هو **6**

---

### النتيجة النهائية:

**5 + 5 = 6 + 4**

أي:

**10 = 10** ✅

---

هل تريد تجربة حل مسألة مشابهة بنفسك؟ يمكنني أساعدك!"
"Functional relationships (patterns and structures)","Equations and algebra","B","اُملأ الفراغ: 5 + ___ = 12","بالطبع! 🌟  
لديك المسألة التالية:

**5 + ___ = 12**

والمطلوب هو إيجاد العدد الذي عند إضافته إلى **5** نحصل على **12**.

### كيف تحلها؟
يمكنك حل هذه المسألة بسهولة عن طريق إعادة ترتيب المعادلة لإيجاد العدد المفقود.  
افترض أن العدد المفقود هو **س**، إذًا:

**5 + س = 12**

لإيجاد قيمة **س**، اطرح **5** من الطرفين:

**س = 12 - 5**

**س = 7**

---

### إذًا، الإجابة هي:
**5 + 7 = 12**

أو يمكنك القول:  
العدد الذي يُملأ في الفراغ هو **7** ✅

هل تريد أن أشرح لك الطريقة بطريقة أخرى أو باستخدام أشياء ملموسة؟ 😊"
"Functional relationships (patterns and structures)","Equations and algebra","B","كان لدي x تفاحات. أضفت 3 تفاحات أخرى، والآن لدي 7. ما قيمة x؟ ______","بالطبع! لنشرح المسألة خطوة بخطوة:

لديك في البداية **x تفاحات**.  
ثم **أضفت 3 تفاحات أخرى**، أي أنك أجريت عملية جمع:  
$$
x + 3
$$

وبعد الإضافة أصبح معك **7 تفاحات**. إذن يمكننا كتابة المعادلة كالتالي:
$$
x + 3 = 7
$$

### الآن نريد إيجاد قيمة $ x $:
نقوم بـ **فصل المتغير** $ x $ عن باقي المعادلة، وذلك بطرح 3 من الطرفين:
$$
x + 3 - 3 = 7 - 3
$$

فيصبح:
$$
x = 4
$$

### ✅ إذًا قيمة $ x $ هي: **4**

أي أنك كنت تملك 4 تفاحات في البداية.

هل تحب أن أشرحها بطريقة مرئية أو باستخدام أشياء يومية؟"
"Functional relationships (patterns and structures)","Equations and algebra","B","خبزت ميا x بسكوت. أعطت 4 منها وتبقى لديها 6. ما هو x؟ ______","بالطبع! دعيني أشرح لك كيفية حل هذه المسألة خطوة بخطوة.

المسألة تقول:

> ""خبزت ميا **x** بسكوت. أعطت 4 منها وتبقى لديها 6.""

### المطلوب:
إيجاد قيمة **x**، أي عدد البسكوت التي خبزتها ميا في البداية.

---

### التفسير:

- في البداية، كانت ميا تملك **x** بسكوت.
- ثم أعطت **4** بسكوتات.
- وبقي معها **6** بسكوتات.

هذا يعني أن:

$$
x - 4 = 6
$$

أي أن عدد البسكوت بعد إعطاء 4 يساوي 6.

---

### الآن نحل المعادلة:

$$
x - 4 = 6
$$

نضيف 4 إلى الطرفين:

$$
x = 6 + 4
$$

$$
x = 10
$$

---

### الإجابة النهائية:
$$
\boxed{10}
$$

أي أن ميا خبزت في البداية **10 بسكوتات**. 🍪🍪🍪🍪🍪🍪🍪🍪🍪🍪"
"Functional relationships (patterns and structures)","Equations and algebra","B","إذا كانت س = 7، فما قيمة س – 3؟ ______","بالطبع! المسألة بسيطة جداً.  
لدينا أنَّ:

$$
س = 7
$$

والمطلوب هو حساب قيمة:

$$
س - 3
$$

نقوم فقط بالتعويض بقيمة $ س $ في التعبير:

$$
س - 3 = 7 - 3 = 4
$$

إذن، قيمة $ س - 3 $ هي:

$$
\boxed{4}
$$

هل ترغب في حل أمثلة مشابهة للتدرب أكثر؟"
"Functional relationships (patterns and structures)","Equations and algebra","C","حل المعادلة التالية: x + 5 = 12","بالطبع! سأشرح لك كيفية حل هذه المعادلة خطوة بخطوة.

المعادلة هي:

$$
x + 5 = 12
$$

### الهدف:
نريد إيجاد قيمة **$ x $** التي تجعل هذه المعادلة صحيحة.

### الخطوة 1: فصل المتغير $ x $
لحل المعادلة، نحتاج إلى جعل $ x $ وحده على أحد طرفي المعادلة. لذلك سنقوم بإزالة العدد 5 من الطرف الأيسر عن طريق **طرح 5 من كلا الطرفين**.

$$
x + 5 - 5 = 12 - 5
$$

### الخطوة 2: التبسيط
نقوم بتبسيط كلا الطرفين:

- في الطرف الأيسر: $ x + 5 - 5 = x $
- في الطرف الأيمن: $ 12 - 5 = 7 $

إذًا:

$$
x = 7
$$

### ✅ الإجابة النهائية:
$$
\boxed{7}
$$

يمكنك التحقق من الحل عن طريق التعويض:

$$
7 + 5 = 12 \quad \text{صحيح!}
$$

هل تريد أن أشرح لك معادلات أكثر تعقيدًا أيضًا؟"
"Functional relationships (patterns and structures)","Equations and algebra","C","أي قيمة لـ x تجعل المعادلة التالية صحيحة: x ÷ 3 = 4؟","بالطبع! لنحلّ المعادلة خطوة بخطوة:

لدينا المعادلة:

$$
x \div 3 = 4
$$

وهذا يعادل:

$$
\frac{x}{3} = 4
$$

### الهدف:
نريد إيجاد قيمة **x** التي تجعل هذه المعادلة صحيحة.

### الخطوة 1: ضرب الطرفين في 3

للتخلص من المقام 3، نضرب **كلا الطرفين** في 3:

$$
\frac{x}{3} \times 3 = 4 \times 3
$$

### الخطوة 2: التبسيط

في الطرف الأيسر:  
$$
\frac{x}{3} \times 3 = x
$$

وفي الطرف الأيمن:  
$$
4 \times 3 = 12
$$

إذًا:

$$
x = 12
$$

---

### الإجابة النهائية:
القيمة التي تجعل المعادلة صحيحة هي:

$$
\boxed{12}
$$

هل تحب أن أشرح لك ذلك بطريقة الكلمات أو القصة أيضًا؟"
"Functional relationships (patterns and structures)","Equations and algebra","C","إذا كانت س = 2، احل المعادلة: س + 4 = ___","بالطبع! دعني أشرح لك كيفية حل هذه المسألة خطوة بخطوة.

لدينا المعادلة:

$$
س + 4 = \, ?
$$

وقد أعطونا أن:

$$
س = 2
$$

### الخطوة 1: التعويض
نقوم باستبدال قيمة $ س $ في المعادلة:

$$
2 + 4 = \, ?
$$

### الخطوة 2: الجمع
نجمع العددين:

$$
2 + 4 = 6
$$

### إذًا:
النتيجة النهائية هي:

$$
\boxed{6}
$$

إذا كانت لديك أي أسئلة مشابهة أو أردت شرح بطريقة مبسطة أكثر، أنا هنا للمساعدة! 😊"
"Functional relationships (patterns and structures)","Equations and algebra","C","حل المعادلة: س + س = 16","بالطبع! 😊  
لدينا المعادلة:

$$
س + س = 16
$$

### الخطوة الأولى: تبسيط الطرف الأيسر  
عندك متغير **س** مضاف على نفسه، أي:

$$
س + س = 2س
$$

إذًا تصبح المعادلة:

$$
2س = 16
$$

### الخطوة الثانية: حل المعادلة لإيجاد قيمة س  
نقسم الطرفين على 2 لكي نعزل س:

$$
س = \frac{16}{2} = 8
$$

### الإجابة النهائية:
$$
\boxed{8}
$$

هل تحب أن أشرحها بطريقة مرئية أو باستخدام مثال من الحياة اليومية؟ 😊"
"Functional relationships (patterns and structures)","Equations and algebra","D","حل المعادلة: 2س + 3 = 11","بالطبع! سأشرح لك كيفية حل المعادلة التالية خطوة بخطوة:

المعادلة هي:  
$$ 2س + 3 = 11 $$

### الهدف:
إيجاد قيمة **س** التي تُحقق هذه المعادلة.

---

### الخطوات:

#### 1. افصل المتغير (س):
نريد أن نحصل على **س** وحدها في أحد طرفي المعادلة.  
لذلك، نبدأ بـ **طرح 3 من كلا الطرفين** لإزالة الـ +3 التي توجد مع $ 2س $.

$$
2س + 3 - 3 = 11 - 3
$$

$$
2س = 8
$$

---

#### 2. اقسم على معامل س:
الآن، لكي نحصل على **س** وحدها، نقسم كلا الطرفين على 2 (لأن س مضروبة في 2).

$$
\frac{2س}{2} = \frac{8}{2}
$$

$$
س = 4
$$

---

### الإجابة النهائية:
$$
\boxed{س = 4}
$$

---

### للتأكد (تحقق من الحل):
نعوّض $ س = 4 $ في المعادلة الأصلية:

$$
2(4) + 3 = 8 + 3 = 11
$$

والطرف الأيسر يساوي الطرف الأيمن ⇒ إذًا الحل صحيح ✅

هل تحب أن أشرح بطريقة أخرى أو باستخدام كلمات أبسط؟"
"Functional relationships (patterns and structures)","Equations and algebra","D","حل المعادلة: 4(س - 2) = 12","بالطبع! سأشرح لك كيفية حل هذه المعادلة خطوة بخطوة:

المعادلة هي:  
$$ 4(س - 2) = 12 $$

### الخطوة 1: قسمة الطرفين على 4
نبدأ بفك القوس، وذلك بالقسمة على العدد الذي يضربه، وهو هنا 4:
$$
\frac{4(س - 2)}{4} = \frac{12}{4}
$$

فنحصل على:
$$
س - 2 = 3
$$

### الخطوة 2: إضافة 2 للطرفين
الآن نريد عزل المتغير $ س $، لذلك نضيف 2 إلى كلا الطرفين:
$$
س - 2 + 2 = 3 + 2
$$

فنحصل على:
$$
س = 5
$$

### إذًا الحل هو:
$$
\boxed{س = 5}
$$

هل ترغب أن أشرح لك الطريقة بطريق أخرى أو باستخدام كلمات أكثر بساطة؟"
"Functional relationships (patterns and structures)","Equations and algebra","D","بسط المعادلة 2س + 3س = 5س","المعادلة التي قدمتها هي:

$$
2س + 3س = 5س
$$

دعنا نحلل ونبسط هذه المعادلة خطوة بخطوة:

---

### **الخطوة 1: فهم المعادلة**

لدينا في الطرف الأيسر:
$$
2س + 3س
$$

هذا يعني أنك تجمع حدين يحتويان على نفس المتغير ""س"".

---

### **الخطوة 2: جمع الحدود المتشابهة**

عند جمع الحدود التي تحتوي على نفس المتغير (وبنفس القوة)، يمكنك ببساطة جمع معاملاتها العددية:

$$
2س + 3س = (2 + 3)س = 5س
$$

---

### **الخطوة 3: مقارنة الطرفين**

بعد التبسيط، أصبحت المعادلة:

$$
5س = 5س
$$

وهذه **معادلة صحيحة دائماً** لأي قيمة من س.

---

### **الاستنتاج:**

هذه معادلة **مطابقة** (Identity)، أي أنها صحيحة لكل قيمة لـ س.

- لا تحتاج إلى حل لإيجاد قيمة محددة لـ س.
- يمكن القول إن **مجموعة الحلول هي جميع الأعداد الحقيقية**.

---

### ✅ **الخلاصة:**

بإختصار، عند تبسيط المعادلة:

$$
2س + 3س = 5س
\quad \text{تصبح} \quad
5س = 5س
$$

وهذا صحيح لكل س، وبالتالي لا يوجد حل واحد فقط، بل **كل الأعداد الحقيقية هي حلول لهذه المعادلة**.

هل تريد أن أشرح لك كيف تعرف متى تكون معادلة مطابقة أو غير ذلك؟"
"Functional relationships (patterns and structures)","Equations and algebra","D","ابحث عن القيمة المفقودة: 2س = س + 6","لحل هذه المسألة الرياضية:  
**2س = س + 6**

نحن نريد إيجاد **قيمة س** التي تجعل الطرف الأيسر يساوي الطرف الأيمن.

### الخطوة 1: نقل المتغيرات إلى طرف واحد
نقوم بـ **طرح س** من كلا الطرفين لنقل كل ما يحتوي على ""س"" إلى جانب واحد:

$$
2س - س = س + 6 - س
$$

نحصل على:

$$
س = 6
$$

### إذًا، القيمة المفقودة هي:
$$
\boxed{6}
$$

### التحقق:
نعوّض $ س = 6 $ في المعادلة الأصلية:

$$
2س = س + 6 \Rightarrow 2(6) = 6 + 6 \Rightarrow 12 = 12
$$

المعادلة صحيحة، إذًا الحل صحيح ✅

هل تحب أن أشرح بطريقة أخرى (مثل الرسم أو قصة حياتية)؟"
"Functional relationships (patterns and structures)","Equations and algebra","E","اوجد قيمة x في المعادلة التالية: 5(x - 1) = 3x + 7","بالطبع! سأشرح لك خطوة بخطوة كيفية حل المعادلة:

المعادلة هي:

$$
5(x - 1) = 3x + 7
$$

### **الخطوة 1: قم بتوسيع الطرف الأيسر باستخدام خاصية التوزيع**

$$
5(x - 1) = 5x - 5
$$

إذن تصبح المعادلة:

$$
5x - 5 = 3x + 7
$$

---

### **الخطوة 2: انقل المتغيرات إلى طرف واحد والأعداد إلى الطرف الآخر**

نقوم بطرح $3x$ من الطرفين:

$$
5x - 3x - 5 = 7
$$

أي:

$$
2x - 5 = 7
$$

---

### **الخطوة 3: أضف 5 إلى كلا الطرفين لعزل المتغير**

$$
2x = 7 + 5 = 12
$$

---

### **الخطوة 4: اقسم كلا الطرفين على 2 لإيجاد قيمة x**

$$
x = \frac{12}{2} = 6
$$

---

### ✅ **الحل النهائي هو:**
$$
\boxed{6}
$$

هل تحب أن أوضح لك لماذا نستخدم هذه الخطوات؟ 😊"
"Functional relationships (patterns and structures)","Equations and algebra","E","حل النظام: x + y = 10 و x - y = 2","بالطبع! دعني أشرح لك كيفية حل هذا النظام من المعادلات:

لدينا النظام التالي:

$$
\begin{cases}
x + y = 10 \quad \text{(المعادلة 1)}\\
x - y = 2 \quad \text{(المعادلة 2)}
\end{cases}
$$

### طريقة الحل:  
يمكننا استخدام **طريقة الحذف (الجمع)** لأن المعادلتين مكتوبتان بطريقة تسمح بسهولة بحذف أحد المتغيرين.

#### الخطوة 1: اجمع المعادلتين
نجمع الطرف الأيسر من المعادلتين معًا، والطرف الأيمن معًا:

$$
(x + y) + (x - y) = 10 + 2
$$

$$
x + y + x - y = 12
$$

نلاحظ أن $+y$ و $-y$ تحذفان بعضهما:

$$
2x = 12
$$

#### الخطوة 2: حل المعادلة الجديدة
$$
x = \frac{12}{2} = 6
$$

#### الخطوة 3: عوّض قيمة $ x $ في إحدى المعادلات لإيجاد $ y $
نستخدم المعادلة الأولى:

$$
x + y = 10
$$

نعوّض $ x = 6 $:

$$
6 + y = 10
$$

$$
y = 10 - 6 = 4
$$

### إذًا الحل هو:
$$
x = 6,\quad y = 4
$$

✅ يمكنك التحقق من الحل بالتعويض في المعادلتين:

- المعادلة 1: $ 6 + 4 = 10 $ ✅ صحيحة  
- المعادلة 2: $ 6 - 4 = 2 $ ✅ صحيحة

إذا كانت لديك أي أسئلة أو تريد طريقة أخرى للحل (مثل التعويض)، فأنا هنا للمساعدة!"
"Functional relationships (patterns and structures)","Equations and algebra","E","تبلغ تكلفة تذكرة السينما للكبار €س وللطلاب €ص. إذا دفع ٣ كبار و٢ من الطلاب مبلغًا قدره €٤٠، ودفع ١ من الكبار و٣ من الطلاب مبلغ €٣٠، فأوجد قيمتي س و ص.","لحل هذه المسألة الرياضية، سنقوم بصياغتها كنظام معادلات خطية، ثم نحله باستخدام إحدى طرق الحل (التعويض أو الحذف).  
المعطيات كما يلي:

- تُدفع من 3 كبار و2 طلاب مبلغ 40 يورو.
- تُدفع من 1 كبير و3 طلاب مبلغ 30 يورو.
- س = سعر تذكرة الكبار
- ص = سعر تذكرة الطلاب

### الخطوة 1: كتابة المعادلات

من المعطى الأول:
$$
3س + 2ص = 40 \tag{1}
$$

من المعطى الثاني:
$$
1س + 3ص = 30 \tag{2}
$$

### الخطوة 2: حل نظام المعادلات

سنستخدم **طريقة الحذف**.

#### أولاً: نضرب المعادلة (2) في 3 لتوحيد معامل س:
$$
3(س + 3ص) = 3 \times 30 \\
3س + 9ص = 90 \tag{3}
$$

#### ثانيًا: نطرح المعادلة (1) من المعادلة (3):
$$
(3س + 9ص) - (3س + 2ص) = 90 - 40 \\
3س + 9ص - 3س - 2ص = 50 \\
7ص = 50
$$

#### ثالثًا: نجد قيمة ص:
$$
ص = \frac{50}{7} \approx 7.14
$$

#### رابعًا: نعوّض قيمة ص في إحدى المعادلات لإيجاد س  
نستخدم المعادلة (2):  
$$
س + 3ص = 30 \\
س + 3\left(\frac{50}{7}\right) = 30 \\
س + \frac{150}{7} = 30 \\
س = 30 - \frac{150}{7} = \frac{210 - 150}{7} = \frac{60}{7} \approx 8.57
$$

### ✅ الإجابة النهائية:

$$
\boxed{
س = \frac{60}{7} \approx 8.57 \text{ يورو} \quad , \quad ص = \frac{50}{7} \approx 7.14 \text{ يورو}
}
$$

أي أن:
- سعر تذكرة الكبار ≈ 8.57 يورو
- سعر تذكرة الطلاب ≈ 7.14 يورو

هل تريد أن أشرح لك الطريقة بطريقة التعويض أيضًا؟"
"Functional relationships (patterns and structures)","Equations and algebra","E","دالتان خطيتان هما: ف(x) = 2x + 1 و ج(x) = –x + 7. احسب قيمة x حيث ف(x) = ج(x) وفسر النتائج بيانيًا.","لحل هذه المسألة الرياضية، لدينا **دالتان خطيتان**:

- $ f(x) = 2x + 1 $
- $ g(x) = -x + 7 $

ونريد إيجاد **قيمة $ x $ حيث تكون $ f(x) = g(x) $**.

---

### ✳️ الخطوة 1: ضع المعادلة

نضع المعادلة من خلال مساواة الدوال:

$$
2x + 1 = -x + 7
$$

---

### ✳️ الخطوة 2: حل المعادلة

نقوم بحل هذه المعادلة الجبرية لإيجاد قيمة $ x $:

1. نضيف $ x $ لكلا الطرفين:
   $$
   2x + x + 1 = 7
   \Rightarrow 3x + 1 = 7
   $$

2. نطرح 1 من الطرفين:
   $$
   3x = 6
   $$

3. نقسم على 3:
   $$
   x = 2
   $$

---

### ✳️ الخطوة 3: حساب القيمة الموافقة لـ $ y $

نحسب قيمة $ y $ (أو $ f(x) $ أو $ g(x) $ عند $ x = 2 $):

$$
f(2) = 2(2) + 1 = 5
\quad \text{أو} \quad
g(2) = -(2) + 7 = 5
$$

إذًا نقطة التقاء الدوال هي النقطة:  
$$
(2, 5)
$$

---

### 📊 التفسير البياني:

كل دالة خطية تمثل **خطًا مستقيمًا** على المستوى الإحداثي.

- $ f(x) = 2x + 1 $: خط ميله موجب (2)، يقطع المحور $ y $ عند 1.
- $ g(x) = -x + 7 $: خط ميله سالب (-1)، يقطع المحور $ y $ عند 7.

القيمة التي عندها $ f(x) = g(x) $ هي **نقطة تقاطع الخطين**.

وهنا عند $ x = 2 $، يكون القيمتين متساويتين وتساويان 5، أي أن **الخطين يتقاطعان عند النقطة (2, 5)**.

---

### ✅ الخلاصة:

- الحل الجبري: $ x = 2 $
- النقطة المشتركة: $ (2, 5) $
- التفسير البياني: الخطان يتقاطعان عند هذه النقطة، مما يعني أن لهما نفس القيمة عند $ x = 2 $."
"Functional relationships (patterns and structures)","Equations and algebra","F","حل المعادلة التالية: 2س² + 5س + 3 = 0 بالتفكيك.","بالطبع! دعني أشرح لك كيفية حل المعادلة التربيعية:

$$
2س^2 + 5س + 3 = 0
$$

بواسطة **التفكيك** (أي تحليل المقدار الثلاثي إلى عوامل).

---

### 🔹 الخطوة 1: فهم شكل المعادلة

المعادلة على الشكل العام:
$$
أ س^2 + ب س + جـ = 0
$$
حيث:
- $ أ = 2 $
- $ ب = 5 $
- $ جـ = 3 $

---

### 🔹 الخطوة 2: إيجاد عددين يحققان الشرطين التاليين

نريد إيجاد **عددان حاصل ضربهما = أ × جـ = 2 × 3 = 6**  
ومجموعهما = **ب = 5**

نبحث عن عددان إذا ضُربا يعطيان **6** وإذا جُمعا يعطيان **5**

✅ العددان هما: **2 و 3**

لأن:
- $ 2 \times 3 = 6 $
- $ 2 + 3 = 5 $

---

### 🔹 الخطوة 3: تقسيم الحد الأوسط باستخدام العددين

نستخدم هذين العددين لتقسيم الحد الأوسط (5س):

$$
2س^2 + 2س + 3س + 3 = 0
$$

---

### 🔹 الخطوة 4: التجميع والتحليل

نجمع الحدود في مجموعتين:

$$
(2س^2 + 2س) + (3س + 3) = 0
$$

ثم نأخذ العوامل المشتركة من كل مجموعة:

- من المجموعة الأولى: $ 2س(س + 1) $
- من المجموعة الثانية: $ 3(س + 1) $

إذًا:

$$
2س(س + 1) + 3(س + 1) = 0
$$

---

### 🔹 الخطوة 5: أخذ العامل المشترك

نلاحظ أن $ (س + 1) $ موجود في الحدين، إذًا:

$$
(س + 1)(2س + 3) = 0
$$

---

### 🔹 الخطوة 6: الحل

نساوي كل عامل بالصفر:

1. $ س + 1 = 0 $ ⟹ $ س = -1 $
2. $ 2س + 3 = 0 $ ⟹ $ 2س = -3 $ ⟹ $ س = -\frac{3}{2} $

---

### ✅ الحل النهائي:

$$
\boxed{س = -1 \quad \text{أو} \quad س = -\frac{3}{2}}
$$

هل تحب أن أشرح بطريقة الفرق بين طريقتين أخريين مثل استخدام القانون العام؟"
"Functional relationships (patterns and structures)","Equations and algebra","F","بسّط: 3(ص + 2) - 2(2ص - 1)","بالطبع! لنقم بتبسيط التعبير الرياضي خطوة بخطوة:

العبارة المعطاة هي:  
$$
3(ص + 2) - 2(2ص - 1)
$$

### الخطوة 1: قم بتوزيع الأعداد على ما داخل الأقواس.

نبدأ بتفكيك كل مجموعة:

- أولًا:  
$$
3(ص + 2) = 3 × ص + 3 × 2 = 3ص + 6
$$

- ثانيًا:  
$$
-2(2ص - 1) = -2 × 2ص + (-2) × (-1) = -4ص + 2
$$

### الخطوة 2: نجمع النتائج من الخطوة السابقة:

$$
(3ص + 6) + (-4ص + 2)
$$

نُعيد ترتيب الحدود:

$$
3ص - 4ص + 6 + 2 = -ص + 8
$$

### إذن، الشكل المبسط هو:
$$
\boxed{-ص + 8}
$$

هل تريد أن أشرح لك لماذا تحولت الإشارة عند الضرب في سالب 2؟"
"Functional relationships (patterns and structures)","Equations and algebra","F","استخدم صيغة المعادلة التربيعية لحل المعادلة التالية: x² + 6x + 1 = 0","بالطبع! سنستخدم **صيغة حل المعادلة التربيعية** لحل هذه المسألة.

المعادلة المعطاة هي:

$$
x^2 + 6x + 1 = 0
$$

### أولاً: تذكير بصيغة الجذور للمعادلة التربيعية

الشكل العام للمعادلة التربيعية هو:

$$
ax^2 + bx + c = 0
$$

وصيغة الحل (تعرف بصيغة nghiệm المعادلة التربيعية) هي:

$$
x = \frac{-b \pm \sqrt{b^2 - 4ac}}{2a}
$$

### ثانيًا: تحديد قيم $ a $، $ b $، و $ c $

من المعادلة:

$$
x^2 + 6x + 1 = 0
$$

نجد أن:
- $ a = 1 $
- $ b = 6 $
- $ c = 1 $

### ثالثًا: التعويض في الصيغة

نعوّد في القيم:

$$
x = \frac{-6 \pm \sqrt{6^2 - 4(1)(1)}}{2(1)}
$$

$$
x = \frac{-6 \pm \sqrt{36 - 4}}{2}
$$

$$
x = \frac{-6 \pm \sqrt{32}}{2}
$$

### رابعًا: تبسيط الجذر

$$
\sqrt{32} = \sqrt{16 \times 2} = 4\sqrt{2}
$$

إذًا:

$$
x = \frac{-6 \pm 4\sqrt{2}}{2}
$$

### خامسًا: تبسيط الكسر

نقسم كل حد في البسط على 2:

$$
x = -3 \pm 2\sqrt{2}
$$

### الإجابة النهائية:

$$
\boxed{x = -3 + 2\sqrt{2} \quad} \text{أو} \quad x = -3 - 2\sqrt{2}
$$

هل تحب أن أشرح لك من أين تأتي هذه الصيغة أو كيف نشأت؟"
"Functional relationships (patterns and structures)","Equations and algebra","G","بسط: (3س² - 2س + 1) - (س² + 4س - 5)","لتبسيط التعبير الرياضي التالي:

$$
(3س^2 - 2س + 1) - (س^2 + 4س - 5)
$$

اتبع الخطوات التالية:

---

### **الخطوة 1: قم بتوزيع الإشارة السالبة على القوس الثاني**

عند طرح قوس، يجب تغيير إشارة كل حد داخل القوس الثاني:

$$
(3س^2 - 2س + 1) - س^2 - 4س + 5
$$

---

### **الخطوة 2: اجمع الحدود المتشابهة**

- الحدود من **س²**:
  $$
  3س^2 - س^2 = 2س^2
  $$

- الحدود من **س**:
  $$
  -2س - 4س = -6س
  $$

- الحدود الثابتة:
  $$
  1 + 5 = 6
  $$

---

### **الناتج النهائي بعد التبسيط:**

$$
\boxed{2س^2 - 6س + 6}
$$

---

إذا كانت لديك أسئلة أخرى أو تحتاج شرحاً مفصلاً أكثر، أنا هنا للمساعدة! 😊"
"Functional relationships (patterns and structures)","Equations and algebra","G","حل المعادلة: 5 - 2س > 3","بالطبع! دعني أشرح لك كيفية حل هذه **المتراجحة (inequality)** خطوة بخطوة:

المعطى:  
$$
5 - 2س > 3
$$

### الهدف:
إيجاد قيم $ س $ التي تحقق هذه المتراجحة.

---

### الخطوة 1: نقل الثوابت إلى طرف واحد
نبدأ بمحاولة عزل المتغير $ س $.  
نطرح 5 من كلا الطرفين:

$$
5 - 2س - 5 > 3 - 5
$$

$$
-2س > -2
$$

---

### الخطوة 2: القسمة على معامل $ س $
نريد عزل $ س $، ومعاملها هو $ -2 $.  
نقسم كلا الطرفين على $ -2 $، **ولكن** عند القسمة على عدد **سالب** في المتراجحات، **يجب أن نعكس اتجاه علامة التباين (> تصبح <)**.

$$
\frac{-2س}{-2} < \frac{-2}{-2}
$$

$$
س < 1
$$

---

### الإجابة النهائية:
$$
\boxed{س < 1}
$$

أي أن جميع القيم الأصغر من 1 تحقق المتراجحة.

---

هل تحب أن أوضح كيف نمثل الحل بيانياً أو على خط الأعداد؟"
"Functional relationships (patterns and structures)","Equations and algebra","H","حل المعادلة التالية: x⁴ − 5x² + 4 = 0","لحل المعادلة:  
$$
x^4 - 5x^2 + 4 = 0
$$

هذه **معادلة ثنائية الدرجة** (أو تُسمى أيضًا معادلة تربيعية في الشكل)، ويمكننا حلها بتحويلها إلى معادلة تربيعية عادية باستخدام **تعويض**.

---

### الخطوة 1: استخدم التعويض
نلاحظ أن المعادلة تحتوي على $ x^4 $ و $ x^2 $.  
نقوم بتعويض:

$$
y = x^2
\Rightarrow x^4 = y^2
$$

تصبح المعادلة:

$$
y^2 - 5y + 4 = 0
$$

---

### الخطوة 2: حل المعادلة التربيعية
نحل المعادلة:

$$
y^2 - 5y + 4 = 0
$$

نستخدم قانون فك المعادلة التربيعية:

$$
y = \frac{-b \pm \sqrt{b^2 - 4ac}}{2a}
$$

حيث:
- $ a = 1 $
- $ b = -5 $
- $ c = 4 $

نعوّد في القانون:

$$
y = \frac{-(-5) \pm \sqrt{(-5)^2 - 4(1)(4)}}{2(1)} = \frac{5 \pm \sqrt{25 - 16}}{2} = \frac{5 \pm \sqrt{9}}{2}
$$

$$
y = \frac{5 \pm 3}{2}
\Rightarrow y_1 = \frac{5 + 3}{2} = 4,\quad y_2 = \frac{5 - 3}{2} = 1
$$

إذن:
$$
y = 1 \quad \text{أو} \quad y = 4
$$

---

### الخطوة 3: العودة إلى المتغير الأصلي $ x $
نعود إلى التعويض الأول:

$$
x^2 = y
\Rightarrow x^2 = 1 \quad \text{أو} \quad x^2 = 4
$$

#### الحالة الأولى: $ x^2 = 1 $
$$
x = \pm \sqrt{1} = \pm 1
$$

#### الحالة الثانية: $ x^2 = 4 $
$$
x = \pm \sqrt{4} = \pm 2
$$

---

### الحل النهائي:
الحلول هي:

$$
\boxed{x = -2,\ -1,\ 1,\ 2}
$$

هذه هي جميع جذور المعادلة الأصلية. ✅"
"Functional relationships (patterns and structures)","Equations and algebra","H","اكتب x³ − 27 على شكل حاصل ضرب عوامل.","لحل المسألة:  
**""اكتب $ x^3 - 27 $ على شكل حاصل ضرب عوامل""**، نقوم باستعمال **صيغة الفرق بين مكعبين**.

---

### ✅ الخطوة 1: تعرف على الشكل العام لفرق المكعبين

الفرق بين مكعبين يُكتب بالشكل:

$$
a^3 - b^3 = (a - b)(a^2 + ab + b^2)
$$

---

### ✅ الخطوة 2: تحليل التعبير المعطى

لدينا:

$$
x^3 - 27
$$

نلاحظ أن:

- $ x^3 $ هو مكعب $ x $
- $ 27 = 3^3 $، أي أنه مكعب العدد 3

إذًا يمكننا كتابة:

$$
x^3 - 27 = x^3 - 3^3
$$

---

### ✅ الخطوة 3: تطبيق صيغة الفرق بين مكعبين

نطبق الصيغة:

$$
a^3 - b^3 = (a - b)(a^2 + ab + b^2)
$$

باستبدال $ a = x $ و $ b = 3 $:

$$
x^3 - 3^3 = (x - 3)(x^2 + x \cdot 3 + 3^2)
$$

$$
= (x - 3)(x^2 + 3x + 9)
$$

---

### ✅ النتيجة النهائية:

$$
\boxed{x^3 - 27 = (x - 3)(x^2 + 3x + 9)}
$$

وهذا هو الشكل المطلوب: **كتابة التعبير على شكل حاصل ضرب عوامل**. ✅

هل تريد أن أشرح لك كيف نتأكد من أن هذا التحليل صحيح؟ 😊"
"Functional relationships (patterns and structures)","Equations and algebra","H","حل المعادلة التي تحتوي على الكسور: (س/2) + (1/3) = (5/6)","بالطبع! لنحل المعادلة التالية خطوة بخطوة:

$$
\frac{x}{2} + \frac{1}{3} = \frac{5}{6}
$$

### الهدف:
إيجاد قيمة **س** (x) التي تحقق هذه المعادلة.

---

### الخطوة 1: إزالة الكسور (اختياري لكن يسهل الحل)

للتخلص من المقامات، نجد **المضاعف المشترك الأصغر** (م.م.أ) للمقامات:  
الـ 2 و 3 و 6 → مضاعفهم المشترك الأصغر هو **6**

نضرب كل طرف من المعادلة في **6**:

$$
6 \cdot \left( \frac{x}{2} + \frac{1}{3} \right) = 6 \cdot \frac{5}{6}
$$

نحسب:

- $ 6 \cdot \frac{x}{2} = 3x $
- $ 6 \cdot \frac{1}{3} = 2 $
- $ 6 \cdot \frac{5}{6} = 5 $

إذًا المعادلة الجديدة هي:

$$
3x + 2 = 5
$$

---

### الخطوة 2: حل المعادلة البسيطة

نقوم بحل المعادلة:

$$
3x + 2 = 5
$$

نطرح 2 من الطرفين:

$$
3x = 5 - 2 = 3
$$

ثم نقسم الطرفين على 3:

$$
x = \frac{3}{3} = 1
$$

---

### ✅ الإجابة النهائية:

$$
\boxed{x = 1}
$$

---

### التحقق من الحل (للتأكد):

نعوّض $ x = 1 $ في الطرف الأيسر من المعادلة الأصلية:

$$
\frac{1}{2} + \frac{1}{3} = \frac{3}{6} + \frac{2}{6} = \frac{5}{6}
$$

وهو نفس الطرف الأيمن ⇒ إذًا الحل صحيح ✔️

هل تريد أن أشرح بطريقة أخرى مثل جمع الكسور أولًا دون ضرب المعادلة؟"
"Functional relationships (patterns and structures)","Equations and algebra","H","أعد كتابة الكسر 3⁄(2 + √5) بحيث يكون المقام خالياً من الجذر التربيعي.","لحل هذه المسألة و""إعادة كتابة الكسر $\frac{3}{2 + \sqrt{5}}$"" بحيث يكون **المقام خالياً من الجذر التربيعي**، نقوم بعملية تُسمى **إنطاق المقام** (Rationalizing the Denominator).

### الخطوة 1: فهم المشكلة
لدينا كسر:
$$
\frac{3}{2 + \sqrt{5}}
$$

نريد التخلص من الجذر التربيعي في المقام.

### الخطوة 2: استخدام المرافق
نضرب البسط والمقام في **مرافق المقام**.  
مرافق $2 + \sqrt{5}$ هو $2 - \sqrt{5}$.

نقوم بالضرب:

$$
\frac{3}{2 + \sqrt{5}} \times \frac{2 - \sqrt{5}}{2 - \sqrt{5}}
$$

بما أننا ضربنا في 1 (بشكل مختلف)، فإن القيمة لا تتغير.

### الخطوة 3: نحسب الكسر الجديد

#### البسط:
$$
3 \times (2 - \sqrt{5}) = 6 - 3\sqrt{5}
$$

#### المقام:
نستخدم قاعدة الفرق بين مربعين:
$$
(2 + \sqrt{5})(2 - \sqrt{5}) = 2^2 - (\sqrt{5})^2 = 4 - 5 = -1
$$

### الخطوة 4: نضع الناتج النهائي:

$$
\frac{6 - 3\sqrt{5}}{-1} = -6 + 3\sqrt{5} = 3\sqrt{5} - 6
$$

---

### الإجابة النهائية هي:
$$
\boxed{3\sqrt{5} - 6}
$$

وهكذا أعدنا كتابة الكسر بحيث أصبح المقام بدون جذر تربيعي. ✅"
"Functional relationships (patterns and structures)","Other functional relationships","B","إذا ضاعفت 2، ثم ضاعفت النتيجة مرة أخرى، ما هو العدد الذي تحصل عليه؟","بالطبع! دعني أشرح لك المسألة خطوة بخطوة:

المسألة تقول:  
**إذا ضاعفت العدد 2، ثم ضاعفت النتيجة مرة أخرى، ما هو العدد الذي تحصل عليه؟**

### أولًا: ما معنى ""تضاعف""؟
كلمة ""ضاعف"" تعني **تضرب في 2**.

---

### الخطوة الأولى:
نبدأ بالعدد **2**  
ثم نقول: ""**ضاعف 2**""  
أي:  
$$
2 \times 2 = 4
$$

---

### الخطوة الثانية:
الآن نأخذ الناتج وهو **4**  
ونقول: ""**ضاعف النتيجة مرة أخرى**""  
أي:  
$$
4 \times 2 = 8
$$

---

### إذًا:
بعد أن ضاعفت 2 مرتين متتاليتين، تحصل على العدد  
$$
\boxed{8}
$$

هل تحب أن أريك الطريقة باستخدام قوى العدد 2 أيضًا؟ 😊"
"Functional relationships (patterns and structures)","Other functional relationships","C","املأ الفراغات: س: 1 | 2 | 3 | 4 | 5 → ص: 2 | 4 | 8 | 16 | ___","لحل هذه المسألة، دعنا نلاحظ العلاقة بين القيم في السلسلتين **س** و**ص**:

الجدول كما يلي:

| س | 1 | 2 | 3 | 4 | 5 |
|---|---|---|---|---|---|
| ص| 2 | 4 | 8 | 16| ___ |

نلاحظ أن القيم في العمود **ص** تتضاعف كل مرة:

- عندما س = 1 → ص = 2
- عندما س = 2 → ص = 4
- عندما س = 3 → ص = 8
- عندما س = 4 → ص = 16

وهذا يشير إلى أن العلاقة بين **س** و**ص** هي علاقة أسية، حيث:

$$
ص = 2^س
$$

فلنختبر ذلك:

- إذا س = 1 → $2^1 = 2$ ✅
- إذا س = 2 → $2^2 = 4$ ✅
- إذا س = 3 → $2^3 = 8$ ✅
- إذا س = 4 → $2^4 = 16$ ✅
- إذا س = 5 → $2^5 = 32$

إذًا، القيمة المفقودة عندما س = 5 هي:

$$
\boxed{32}
$$

### الإجابة النهائية:
| س | 1 | 2 | 3 | 4 | 5 |
|---|---|---|---|---|---|
| ص| 2 | 4 | 8 | 16| **32** |

هل ترغب أن أشرح لك كيف يمكن تمثيل هذه العلاقة بيانياً أو بمعادلة رياضية أكثر؟"
"Functional relationships (patterns and structures)","Other functional relationships","C","أكمل النمط: 1، 4، 9، 16، ___، ___ (تلميح: الأعداد المربعة)","بالطبع! لننظر إلى النمط المعطى:

**1، 4، 9، 16، ___، ___**

والتلميح يقول: ""**الأعداد المربعة**""، وهذا يعني أن هذه الأعداد هي **مربعات الأعداد الطبيعية**.

### الخطوة 1: تحليل كل عدد
دعنا نرى من أين أتت هذه الأعداد:

- $1 = 1^2$
- $4 = 2^2$
- $9 = 3^2$
- $16 = 4^2$

إذًا، النمط هو مربعات الأعداد من 1 إلى 4 حتى الآن.

### الخطوة 2: الاستمرار بنفس النمط

نستمر بمربع العدد التالي:

- $5^2 = 25$
- $6^2 = 36$

### إذًا، التكملة الصحيحة للنمط هي:

**1، 4، 9، 16، 25، 36**

---

هل تريد أن أشرح لك كيف تحسب المربعات بسرعة أو كيف تكتشف نماذج رياضية أخرى؟ 😊"
"Functional relationships (patterns and structures)","Other functional relationships","D","حدد النمط: ص = 2^س","بالطبع! لنحلل المسألة الرياضية:  
**حدد النمط:** $ y = 2^x $

### أولاً: فهم المعادلة
العلاقة $ y = 2^x $ هي معادلة **أسية**، حيث:

- المتغير $ x $ هو **الأس** (أي يظهر في الأس).
- العدد 2 هو **الأساس**.
- القيمة $ y $ تساوي 2 مرفوعًا للقوة $ x $.

---

### ثانيًا: حدد النمط

""حدد النمط"" هنا تعني أنك تُظهر كيف تتغير القيم عندما يتغير $ x $. يمكننا إيجاد نمط القيم عن طريق تجربة قيم مختلفة لـ $ x $ وحساب القيم المقابلة لـ $ y $.

#### دعنا نصنع جدولًا صغيرًا:

| $ x $ | $ y = 2^x $ |
|--------|----------------|
| -2     | $ 2^{-2} = \frac{1}{4} $ |
| -1     | $ 2^{-1} = \frac{1}{2} $ |
| 0      | $ 2^0 = 1 $              |
| 1      | $ 2^1 = 2 $              |
| 2      | $ 2^2 = 4 $              |
| 3      | $ 2^3 = 8 $              |
| 4      | $ 2^4 = 16 $             |

---

### ثالثًا: ملاحظات على النمط

- كلما زاد $ x $ بمقدار 1، تضاعفت قيمة $ y $.  
  مثال: من $ x=1 $ إلى $ x=2 $:  
  $ 2^1 = 2 $، $ 2^2 = 4 $ → ضُعف القيمة.

- هذا نمط **نمائي أسي** (Exponential Growth) سريع.

- إذا كانت القيم سالبة (مثل $ x=-1, -2 $)، فإن القيم تصبح كسورًا صغيرة وتقل بسرعة كلما قل $ x $.

---

### رابعًا: الرسم البياني (بشكل مختصر)

إذا رسمنا العلاقة $ y = 2^x $ بيانيًا:

- المنحنى يمر بالنقطة (0, 1) لأن أي عدد مرفوع للأس 0 يساوي 1.
- المنحنى يزداد بسرعة عندما يزيد $ x $.
- لا يلامس المحور الأفقي (y>0 دائمًا).

---

### خامسًا: الاستنتاج

النمط هنا هو **نمط أسي** حيث تزداد القيم بشكل مضاعف مع زيادة $ x $، وفق المعادلة:

$$
y = 2^x
$$

أو يمكنك القول:
> ""كلما زادت قيمة $ x $ بوحدة واحدة، تضاعفت قيمة $ y $.""

---

هل ترغب أن أساعدك في تمثيل هذه العلاقة بيانياً أو في حل مسائل مشابهة؟"
"Functional relationships (patterns and structures)","Other functional relationships","D","أي المنحنيين التاليين يمثل نمواً أسيًا: y = 2^x أم y = x + 2؟","لحل هذه المسألة وفهم الفرق بين المنحنيين:

- **$ y = 2^x $**
- **$ y = x + 2 $**

نحتاج إلى فهم نوع النمو في كل من المعادلتين، وهل هو **نموًا أسيًا** أم لا.

---

### 📌 تعريف النمو الأسي:
النمو الأسي (Exponential Growth) هو نمو يتزايد بمعدل يتناسب مع القيمة الحالية. يتمثل هذا النوع من النمو في دوال على شكل:

$$
y = a^x \quad \text{حيث } a > 1
$$

أو بشكل عام:

$$
y = ab^x \quad \text{حيث } b > 1
$$

وهذا يعني أن الزيادة تكون سريعة جدًا مع زيادة $ x $.

---

### 🔍 تحليل المعادلتين:

#### 1. $ y = 2^x $

- هذه معادلة **أسية**.
- $ y $ يزداد بسرعة مع زيادة $ x $.
- مثال:  
  - إذا $ x = 0 $، فإن $ y = 2^0 = 1 $  
  - إذا $ x = 1 $، فإن $ y = 2^1 = 2 $  
  - إذا $ x = 2 $، فإن $ y = 2^2 = 4 $  
  - إذا $ x = 3 $، فإن $ y = 8 $  
  - إذا $ x = 4 $، فإن $ y = 16 $

> إذن: الزيادة ليست ثابتة، بل تزداد بسرعة → هذا **نمو أسي**.

---

#### 2. $ y = x + 2 $

- هذه معادلة **خطية** (Linear).
- $ y $ يزداد بمقدار ثابت (1) لكل زيادة في $ x $.
- مثال:  
  - إذا $ x = 0 $، فإن $ y = 0 + 2 = 2 $  
  - إذا $ x = 1 $، فإن $ y = 1 + 2 = 3 $  
  - إذا $ x = 2 $، فإن $ y = 2 + 2 = 4 $  
  - إذا $ x = 3 $، فإن $ y = 5 $

> إذن: الزيادة ثابتة → هذا **نمو خطي** وليس أسيًا.

---

### ✅ الإجابة النهائية:

**المنحني الذي يمثل نموًا أسيًا هو:**  
$$
\boxed{y = 2^x}
$$

لأنه يحتوي على المتغير $ x $ في الأس، مما يؤدي إلى نمو سريع مع زيادة $ x $."
"Functional relationships (patterns and structures)","Other functional relationships","D","ما نوع الدالة y = 3^x — خطية، تربيعية، أم أسية؟","بالطبع! لنحلل المسألة خطوة بخطوة لكي تفهم لماذا تكون الدالة من نوع معين.

الدالة المعطاة هي:

$$
y = 3^x
$$

### الخطوة 1: فهم شكل الدالة
هنا نلاحظ أن المتغير **$ x $** موجود في **الأس**، بينما **القاعدة ثابتة** وهي 3.

وهذا هو المفتاح لتحديد نوع الدالة.

---

### الخطوة 2: مقارنة الأنواع الشائعة من الدوال

دعنا نتذكر الفرق بين الأنواع التالية:

| نوع الدالة | الشكل العام | مثال | خاصية مهمة |
|-----------|-------------|------|--------------|
| **خطية** | $ y = mx + b $ | $ y = 2x + 5 $ | المتغير $ x $ بسيط (ليس في أس) |
| **تربيعية** | $ y = ax^2 + bx + c $ | $ y = x^2 - 4x + 7 $ | أعلى قوة على $ x $ هي 2 |
| **أسية** | $ y = a^x $ أو $ y = ab^x $ | $ y = 2^x $، $ y = 5 \cdot 3^x $ | المتغير $ x $ موجود في الأس |

---

### الخطوة 3: تحديد النوع

المعادلة المعطاة:
$$
y = 3^x
$$

هي تمامًا على الشكل:
$$
y = a^x
$$

حيث $ a = 3 $، أي عدد ثابت أكبر من صفر.

إذن، هذه دالة **أسية**.

---

### ✅ الإجابة النهائية:

الدالة $ y = 3^x $ هي **دالة أسية**.

ليست خطية لأن $ x $ ليس في قاعدة القوة،  
وليس لها صفة تربيعية لأن $ x $ ليس مرفوعًا لقوة ثابتة مثل $ x^2 $،  
بل هو في **الأس**، وهذا هو تعريف الدالة الأسية.

هل تحب أن أشرح لك كيف تتصرف هذه الدالة (مثل الرسم أو السلوك عند زيادة أو نقصان $ x $)؟"
"Functional relationships (patterns and structures)","Other functional relationships","D","ارسم أو وصف كيف يختلف رسم بياني لـ y = x² عن y = 2x.","بالطبع! دعني أشرح لك كيف تُقارن بين رسم بياني لدالة **التربيعية** $ y = x^2 $ ورسم بياني لدالة **خطية** $ y = 2x $، وكيف يختلفان.

---

### أولًا: فهم طبيعة كل دالة

#### 1. $ y = x^2 $:
- هذه **دالة تربيعية**.
- رسمها البياني هو **قطع مكافئ (بارابولا)**.
- له شكل منحنى على شكل حرف U (إذا معامل $ x^2 $ موجب).
- يمر بالنقطة (0,0) ويتماثل حول المحور الرأسي $ x = 0 $.
- كلما زادت قيمة $ |x| $، زادت قيمة $ y $ بسرعة (الزيادة غير خطية).

#### 2. $ y = 2x $:
- هذه **دالة خطية**.
- رسمها البياني هو **خط مستقيم**.
- الميل هو 2، أي أنه كلما زاد $ x $ بوحدة واحدة، يزيد $ y $ بوحدتين.
- يمر أيضًا بالنقطة الأصل (0,0).

---

### ثانيًا: كيف ترسمهما؟

#### لنرسم القيمتين عند بعض النقاط:

##### لـ $ y = x^2 $:

| $ x $ | $ y = x^2 $ |
|--------|----------------|
| -2     | 4              |
| -1     | 1              |
| 0      | 0              |
| 1      | 1              |
| 2      | 4              |

##### لـ $ y = 2x $:

| $ x $ | $ y = 2x $ |
|--------|--------------|
| -2     | -4           |
| -1     | -2           |
| 0      | 0            |
| 1      | 2            |
| 2      | 4            |

---

### ثالثًا: الفروق بين الرسمين البيانيين

| الخصائص               | $ y = x^2 $                         | $ y = 2x $                     |
|-----------------------|--------------------------------------|----------------------------------|
| الشكل                 | منحنى (قطع مكافئ)                   | خط مستقيم                       |
| التقاطع مع المحاور    | يتقاطع مع المحورين عند (0,0) فقط   | يتقاطع مع المحورين عند (0,0)   |
| التماثل                | يتماثل حول المحور $ x = 0 $       | لا يوجد تماثل خطي مثل القطع     |
| السلوك عندما $ x \to \infty $ | $ y $ تزداد بسرعة كبيرة         | $ y $ تزداد ببطء نسبيًا       |
| عدد الجذور (قيمة $ x $ التي تعطي $ y=0 $) | جذر واحد مكرر (عند $ x=0 $) | جذر واحد فقط (عند $ x=0 $)     |

---

### رؤية بيانية (وصفية)

- إذا قمت برسم الدالتين على نفس المحور:
  - سترى أن الخط المستقيم $ y = 2x $ يعبر الأصل بمعدل ثابت (ميل 2).
  - بينما المنحنى $ y = x^2 $ يبدأ قريبًا من المحور الأفقي ثم ينحني لأعلى بسرعة.
  - عند $ x = 2 $، كلا الدالتين تساويان 4، لكن بعد ذلك، تصبح $ y = x^2 $ أكبر بكثير من $ y = 2x $.

---

### خلاصة:

- **$ y = x^2 $**: منحنى مفتوح لأعلى يزداد بسرعة.
- **$ y = 2x $**: خط مستقيم يرتفع بمعدل ثابت.
- يشتركان في النقطة (0,0)، وربما تقاطعا عند نقطة أخرى (مثل $ x = 2 $ حيث $ y = 4 $ في الحالتين).

هل تحب أن أساعدك في رسمهما على برنامج معين مثل GeoGebra أو Excel؟"
"Functional relationships (patterns and structures)","Other functional relationships","E","يوفر حساب التوفير فائدة بنسبة 4% تُحتسب سنويًا. إذا قمت بإيداع 1000 دينار، فكم سيكون المبلغ في الحساب بعد 3 سنوات؟ استخدم المعادلة A = P(1 + r)ⁿ","بالطبع! دعني أشرح لك كيفية حل هذه المسألة خطوة بخطوة باستخدام المعطيات والمعادلة المذكورة.

### **المعطيات:**

- **نوع الفائدة:** فائدة مركبة (تُحتسب سنويًا)
- **المبلغ الأساسي (P):** 1000 دينار
- **نسبة الفائدة السنوية (r):** 4% = 0.04
- **عدد السنوات (n):** 3 سنوات
- **المعادلة المستخدمة:**  
  $$
  A = P(1 + r)^n
  $$

---

### **الخطوات:**

نعوّض القيم في المعادلة:

$$
A = 1000 \times (1 + 0.04)^3
$$

$$
A = 1000 \times (1.04)^3
$$

نحسب قيمة $ (1.04)^3 $:

$$
(1.04)^3 = 1.124864
$$

ثم نحسب:

$$
A = 1000 \times 1.124864 = 1124.864
$$

---

### **النتيجة النهائية:**

بعد 3 سنوات، سيكون المبلغ في الحساب حوالي:
$$
\boxed{1124.86} \text{ دينار (بالتقريب إلى رقمين عشريين)}
$$

إذا كانت لديك أي أسئلة إضافية حول الفائدة المركبة أو كيف تعمل، سأكون سعيدًا بإجابتك! 😊"
"Functional relationships (patterns and structures)","Other functional relationships","E","دالة معطاة هي y = 100(0.85)ˣ. هل هي دالة نمو أُسي أم تناقص أُسي؟ برّر إجابتك.","الدالة المعطاة هي:  
$$
y = 100(0.85)^x
$$

لدينا هنا دالة أسية على الشكل العام التالي:

$$
y = a(b)^x
$$

حيث:
- $ a = 100 $ (وهو القيمة الابتدائية عندما $ x = 0 $)
- $ b = 0.85 $

---

### لتحديد إذا ما كانت الدالة تمثل **نموًا أسيًا** أم **تناقصًا أسيًا**، ننظر إلى قيمة **الأساس** $ b $:

#### القاعدة الأساسية:
- إذا كان $ b > 1 $: فإن الدالة تمثل **نموًا أسيًا**.
- إذا كان $ 0 < b < 1 $: فإن الدالة تمثل **تناقصًا أسيًا**.

---

في هذه الحالة:
- $ b = 0.85 $
- ونحن نعلم أن: $ 0 < 0.85 < 1 $

إذن، **الدالة تمثل تناقصًا أسيًا**.

---

### التبرير:
بما أن الأساس $ 0.85 $ أقل من الواحد الصحيح، فهذا يعني أن القيمة $ y $ تقل بنسبة ثابتة (هي 15% في كل وحدة زيادة في $ x $) بدلًا من أن تزداد. وبالتالي، مع زيادة $ x $، تصبح $ y $ أصغر وأصغر، لكنها لا تصل إلى الصفر.

---

### مثال لتوضيحي:
- عندما $ x = 0 $:  
  $$
  y = 100(0.85)^0 = 100(1) = 100
  $$
- عندما $ x = 1 $:  
  $$
  y = 100(0.85)^1 = 100 \times 0.85 = 85
  $$
- عندما $ x = 2 $:  
  $$
  y = 100(0.85)^2 = 100 \times 0.7225 = 72.25
  $$

نلاحظ أن القيم تتناقص، أي أن الدالة تتناقص أسيًا.

---

### الإجابة النهائية:
الدالة $ y = 100(0.85)^x $ هي **دالة تناقص أسي** لأن الأساس $ 0.85 $ يقع بين 0 و1."
"Functional relationships (patterns and structures)","Other functional relationships","E","أكمل الجدول للمعادلة y = √x، عندما x = 0، 1، 4، 9، 16","بالطبع! سأشرح لك خطوة بخطوة كيف تحل هذه المسألة وتكمل الجدول للمعادلة:

$$
y = \sqrt{x}
$$

### المعطى:
لديك قيم محددة لـ $ x $، وهي:  
$$
x = 0,\ 1,\ 4,\ 9,\ 16
$$

والمطلوب هو حساب قيمة $ y $ لكل قيمة من هذه القيم باستخدام المعادلة $ y = \sqrt{x} $.

---

### الخطوة الأولى: فهم المعادلة

الرمز $ \sqrt{x} $ يعني ""الجذر التربيعي لـ $ x $""، أي العدد الذي لو ضربته بنفسه لحصلت على $ x $.  
مثلاً:
- $ \sqrt{4} = 2 $ لأن $ 2 \times 2 = 4 $
- $ \sqrt{9} = 3 $ لأن $ 3 \times 3 = 9 $

---

### الخطوة الثانية: إكمال الجدول

نحسب قيمة $ y $ لكل قيمة من قيم $ x $:

| $ x $ | $ y = \sqrt{x} $ |
|--------|---------------------|
| 0      | $ \sqrt{0} = 0 $   |
| 1      | $ \sqrt{1} = 1 $   |
| 4      | $ \sqrt{4} = 2 $   |
| 9      | $ \sqrt{9} = 3 $   |
| 16     | $ \sqrt{16} = 4 $  |

---

### النتيجة النهائية (الجدول الكامل):

$$
\begin{array}{|c|c|}
\hline
x & y = \sqrt{x} \\
\hline
0 & 0 \\
1 & 1 \\
4 & 2 \\
9 & 3 \\
16 & 4 \\
\hline
\end{array}
$$

---

### ملاحظة:
كل هذه القيم جذر تربيعي ""موجب""، لأن الجذر التربيعي الرئيسي يُعتبر دائماً عدداً موجباً.

هل تحب أن نرسم تمثيلاً بيانياً لهذه المعادلة أيضاً؟ 😊"
"Functional relationships (patterns and structures)","Other functional relationships","E","حدد ما إذا كانت الدالة y = 1/x² تمثل نمواً أو انحساراً أو لا شيء عند اقتراب x من اللانهاية. برر إجابتك.","لحل هذه المسألة، نحتاج إلى تحليل سلوك الدالة:

$$
y = \frac{1}{x^2}
$$

عند **اقتراب $ x $ من اللانهاية** (أي عندما يزداد $ x $ بشكل كبير جدًا في الاتجاه الموجب).

---

### الخطوة 1: فهم معنى النمو والانحسار

- **النمو**: تعني أن قيمة $ y $ تزداد كلما زادت قيمة $ x $.
- **الانحسار**: يعني أن قيمة $ y $ تقل (تنقص) كلما زادت قيمة $ x $.

---

### الخطوة 2: دراسة السلوك عند اقتراب $ x \to \infty $

ندرس ما يحدث للقيمة $ y = \frac{1}{x^2} $ عندما يزداد $ x $ كثيرًا:

- مثلاً:
  - إذا كان $ x = 1 \Rightarrow y = 1 $
  - إذا كان $ x = 10 \Rightarrow y = \frac{1}{100} = 0.01 $
  - إذا كان $ x = 100 \Rightarrow y = \frac{1}{10000} = 0.0001 $
  - وإذا استمر $ x $ بالزيادة، فإن $ x^2 $ سيصبح أكبر بكثير، وبالتالي $ \frac{1}{x^2} $ سيصبح أصغر وأقرب من الصفر.

إذن، عندما يزداد $ x $، فإن $ y $ **تتناقص** وتقترب من الصفر.

---

### الخطوة 3: الاستنتاج

بما أن $ y = \frac{1}{x^2} $ **تقل** (تصبح أصغر) كلما زاد $ x $، فهذا يعني أن هناك **انحساراً** عند اقتراب $ x $ من اللانهاية.

---

### الإجابة النهائية:

الدالة $ y = \frac{1}{x^2} $ تمثل **انحساراً** عند اقتراب $ x $ من اللانهاية، لأن قيمتها تقل وتتقارب مع الصفر كلما زادت قيمة $ x $."
"Functional relationships (patterns and structures)","Other functional relationships","F","احسب قيمة y = 1/x عندما يكون x = 0.5، 1، 2، 4. ماذا تلاحظ عندما تزداد قيمة x؟","بالطبع! دعني أشرح لك خطوة بخطوة كيفية حل هذه المسألة الرياضية.

### المعطى:
الدالة هي:  
$$
y = \frac{1}{x}
$$

والمطلوب هو حساب قيمة $ y $ عند القيم التالية لـ $ x $:  
$$
x = 0.5,\ 1,\ 2,\ 4
$$

ثم ملاحظة ما يحدث عندما **تزداد قيمة** $ x $.

---

## ✅ الخطوة 1: التعويض في المعادلة

نحسب $ y $ لكل قيمة من قيم $ x $:

1. إذا كان $ x = 0.5 $:  
   $$
   y = \frac{1}{0.5} = 2
   $$

2. إذا كان $ x = 1 $:  
   $$
   y = \frac{1}{1} = 1
   $$

3. إذا كان $ x = 2 $:  
   $$
   y = \frac{1}{2} = 0.5
   $$

4. إذا كان $ x = 4 $:  
   $$
   y = \frac{1}{4} = 0.25
   $$

---

## ✅ الخطوة 2: جدول بالنتائج

| $ x $ | $ y = \frac{1}{x} $ |
|--------|------------------------|
| 0.5    | 2                      |
| 1      | 1                      |
| 2      | 0.5                    |
| 4      | 0.25                   |

---

## ✅ الخطوة 3: الملاحظة

عندما **تزداد قيمة $ x $**، نلاحظ أن **قيمة $ y $ تقل** (تصبح أصغر).

أي أن العلاقة بين $ x $ و $ y $ في هذه الدالة **عكسية**:
- كلما زاد $ x $، قلّت قيمة $ y $
- وكلما قلّ $ x $، زادت قيمة $ y $

وهذا منطقي لأن $ y = \frac{1}{x} $، وهي دالة **مقلوب**.

---

## 📌 خلاصة:

- عند $ x = 0.5 $، يكون $ y = 2 $
- عند $ x = 1 $، يكون $ y = 1 $
- عند $ x = 2 $، يكون $ y = 0.5 $
- عند $ x = 4 $، يكون $ y = 0.25 $

📌 **الملاحظة:** عندما تزداد قيمة $ x $، فإن قيمة $ y $ تقل وتقترب من الصفر، لكنها لا تصل إلى الصفر أبدًا.

هل تحب أن نرسم هذه العلاقة بيانياً أو نشرح أكثر عن طبيعة هذه الدالة؟"
"Functional relationships (patterns and structures)","Other functional relationships","F","استخدم الآلة الحاسبة لتقريب قيمة س إذا كانت ٣^س = ٢٠ ","لحل المسألة:  
**إذا كانت $ 3^x = 20 $، فكيف تُحسب قيمة $ x $ تقريبًا باستخدام الآلة الحاسبة؟**

---

### ✳️ الخطوة الأولى: استخدام اللوغاريتم

لحل المعادلة الأسية $ 3^x = 20 $، نستخدم **اللوغاريتم**.  
يمكننا أخذ اللوغاريتم العشري (log) أو الطبيعي (ln) للطرفين.

#### طريقة باستخدام اللوغاريتم العشري:

$$
\log(3^x) = \log(20)
$$

نستخدم خاصية اللوغاريتم:  
$$
\log(a^b) = b \cdot \log(a)
$$

فيصبح:

$$
x \cdot \log(3) = \log(20)
$$

ثم نقسم الطرفين على $ \log(3) $:

$$
x = \frac{\log(20)}{\log(3)}
$$

---

### 📱 الآن استخدم الآلة الحاسبة لحساب ذلك:

1. احسب $ \log(20) $:
   $$
   \log(20) \approx 1.3010
   $$

2. احسب $ \log(3) $:
   $$
   \log(3) \approx 0.4771
   $$

3. قسمهما:
   $$
   x \approx \frac{1.3010}{0.4771} \approx 2.727
   $$

---

### ✅ الإجابة النهائية:

$$
\boxed{x \approx 2.727}
$$

وهذا هو التقريب العددي لقيمة $ x $ بحيث تكون $ 3^x = 20 $."
"Functional relationships (patterns and structures)","Other functional relationships","F","نظير مشع له عمر نصف مقداره ٦ ساعات. كم يتبقى من ٢٠٠ غرام بعد ١٨ ساعة؟","لحل هذه المسألة، نستخدم مفهوم **العمر النصفي** في التحلل الإشعاعي.

### المعطيات:
- العمر النصفي = 6 ساعات  
- الكمية الابتدائية = 200 غرام  
- الزمن = 18 ساعة  

---

## الخطوة ١: احسب عدد نصف الأعمار التي مرّت

عدد مرات نصف العمر =  
$$
\frac{\text{الزمن}}{\text{العمر النصفي}} = \frac{18}{6} = 3
$$

أي أن المادة تفقد نصف كميتها 3 مرات.

---

## الخطوة ٢: استخدم العلاقة الرياضية

الكمية الباقية بعد $ n $ نصف عمر تعطى بالعلاقة:

$$
\text{الكمية الباقية} = \text{الكمية الابتدائية} \times \left(\frac{1}{2}\right)^n
$$

نعوّض:
$$
= 200 \times \left(\frac{1}{2}\right)^3 = 200 \times \frac{1}{8} = 25
$$

---

## ✅ الإجابة النهائية:
بعد 18 ساعة، يتبقى من النظير المشع:  
**25 غرامًا**

هل تحب أن أشرحها بطريقة أخرى أو باستخدام جدول؟"
"Functional relationships (patterns and structures)","Other functional relationships","F","ارسم المنحنى y = –1/x واشرح تماثله.","بالطبع! دعني أشرح لك خطوة بخطوة كيفية **رسم المنحنى** $ y = -\frac{1}{x} $، وكيفية **فهم تماثله**.

---

### 📌 أولًا: فهم المعادلة

الدالة المعطاة هي:

$$
y = -\frac{1}{x}
$$

وهي دالة كسرية (Rational Function)، وتُعتبر تحويلًا للدالة الأصلية $ y = \frac{1}{x} $.

---

## ✏️ رسم المنحنى $ y = -\frac{1}{x} $

### 1. **نوع المنحنى**

- المنحنى هو **قطع زائد** (Hyperbola).
- يشبه إلى حد كبير منحنى $ y = \frac{1}{x} $، لكن مع انعكاس (عكس الإشارة).

---

### 2. **خصائص الدالة**

#### ⚠️ المجال (Domain):

لا يمكن القسمة على صفر، لذا:

$$
x \neq 0 \Rightarrow \text{المجال} = \mathbb{R} \setminus \{0\}
$$

#### 🔼 مدى الدالة (Range):

$$
y \neq 0 \Rightarrow \text{المدى} = \mathbb{R} \setminus \{0\}
$$

---

### 3. **الخطوط المقاربة (Asymptotes)**

- **المحور الرأسي:** $ x = 0 $ (المحور الصادي)
- **المحور الأفقي:** $ y = 0 $ (المحور السيني)

---

### 4. **كيف تبدو العلاقة بين x و y؟**

جرب بعض القيم:

| $ x $ | $ y = -\frac{1}{x} $ |
|--------|-------------------------|
| -2     | $ -\frac{1}{-2} = 0.5 $ |
| -1     | $ -\frac{1}{-1} = 1 $   |
| -0.5   | $ -\frac{1}{-0.5} = 2 $ |
| 0.5    | $ -\frac{1}{0.5} = -2 $ |
| 1      | $ -\frac{1}{1} = -1 $   |
| 2      | $ -\frac{1}{2} = -0.5 $ |

---

### 5. 📈 رسم المنحنى

- المنحنى يتكون من **فرعين**:
  - أحدهما في الربع الثاني (حيث $ x < 0, y > 0 $)
  - والآخر في الربع الرابع (حيث $ x > 0, y < 0 $)
  
- كل فرع يقترب من المحورين (السيني والصادي) لكن لا يلامسهما.

---

## 🔄 تماثل المنحنى

### كيف نحدد نوع التماثل؟

#### ✔️ التماثل حول **الأصل (0, 0)**

الدالة $ y = -\frac{1}{x} $ هي **دالة فردية**، لأن:

$$
f(-x) = -\frac{1}{-x} = \frac{1}{x} = -f(x)
$$

إذًا:
$$
f(-x) = -f(x) \Rightarrow \text{الدالة فردية}
$$

### 💡 ما معنى أن تكون الدالة ""فردية""؟

- هذا يعني أن المنحنى **متماثل حول الأصل**.
- إذا قمت بدوران المنحنى 180 درجة حول النقطة (0, 0)، سيظل كما هو.

---

## 🧠 مقارنة مع $ y = \frac{1}{x} $

- منحنى $ y = \frac{1}{x} $ يكون في الربع الأول والثالث.
- منحنى $ y = -\frac{1}{x} $ يكون في الربع الثاني والرابع.
- الفرق بينهما هو **انعكاس حول المحور الأفقي** (أي عكس الإشارات).

---

## ✅ خلاصة

- $ y = -\frac{1}{x} $ هو منحنى قطع زائد.
- له خطوط مقاربة عند $ x = 0 $ و $ y = 0 $.
- متماثل حول **الأصل** (0, 0).
- رسمه مشابه لـ $ y = \frac{1}{x} $ لكن مع انعكاس (عكس إشارة القيم).

هل ترغب أن أساعدك برسم تخطيطي بسيط أو شرح أكثر عن كيفية استخدامه في مسائل أخرى؟"
"Functional relationships (patterns and structures)","Other functional relationships","G","حدد ما إذا كانت الدالة f(x) = √(x – 1) معرفة عند x = 0.","لحل هذه المسألة وتحديد ما إذا كانت الدالة  
$$ f(x) = \sqrt{x - 1} $$  
معرفة عند $ x = 0 $، نحتاج إلى فهم **مجال الدالة**.

---

### الخطوة 1: تفهم مجال الدالة

الدالة تحتوي على **جذر تربيعي**، وجذور الأعداد **السالبة غير معرفة في مجموعة الأعداد الحقيقية**.  
إذن يجب أن يكون ما بداخل الجذر **أكبر من أو يساوي صفرًا**.

أي:
$$
x - 1 \geq 0
$$

نحل المتباينة:

$$
x \geq 1
$$

إذًا، **مجال الدالة هو**:  
$$
x \in [1, +\infty)
$$

---

### الخطوة 2: التحقق من $ x = 0 $

القيمة المعطاة هي $ x = 0 $.  
ولكن $ 0 < 1 $، أي أنها **ليست ضمن المجال المسموح به**.

---

### الخطوة 3: الاستنتاج

عند $ x = 0 $، فإن القيمة داخل الجذر تكون:
$$
\sqrt{0 - 1} = \sqrt{-1}
$$
وهي **عدد تخيلي** (غير معرّف في الأعداد الحقيقية).

---

### ✅ الإجابة النهائية:

**الدالة $ f(x) = \sqrt{x - 1} $ غير معرفة عند $ x = 0 $ لأنها تؤدي إلى جذر لعدد سالب، وهو غير معرّف في الأعداد الحقيقية.**"
"Functional relationships (patterns and structures)","Other functional relationships","G","حل المعادلة التالية: log₂(x) = ٤","بالطبع! لنحل هذه المسألة خطوة بخطوة:

### المعطى:
المعادلة هي:  
$$
\log_2(x) = 4
$$

### المطلوب:
إيجاد قيمة $ x $ التي تحقق هذه المعادلة.

---

### التفسير:

اللوغاريتم هو **الأس الذي نرفع به الأساس ليُعطي العدد الموجود داخل اللوغاريتم**.

بشكل عام:
$$
\log_a(b) = c \iff a^c = b
$$

في مسألتنا:
- الأساس هو $ 2 $
- الناتج من اللوغاريتم هو $ 4 $
- إذًا هذا يعني أن $ 2^4 = x $

$$
x = 2^4 = 16
$$

---

### الإجابة النهائية:
$$
\boxed{16}
$$

هل ترغب في شرح معنى اللوغاريتم أو رؤية أمثلة مشابهة؟"
"Functional relationships (patterns and structures)","Other functional relationships","G","قيم جا(30°) و جتا(60°) و ظا(45°).","بالطبع! دعني أشرح لك كيفية حساب هذه القيم المثلثية خطوة بخطوة:

### المعطيات:
نريد إيجاد قيم:

1. **جا(30°)**  
2. **جتا(60°)**  
3. **ظا(45°)**

---

## 1. جا(30°):

**جا** تعني ""الجيب""، وقيمة **جا(30°)** هي قيمة معروفة في حساب المثلثات.

- من الجداول أو من خواص المثلث القائم الزاوية (مثلث 30°، 60°، 90°)، نعرف أن:

$$
\sin(30^\circ) = \frac{1}{2}
$$

---

## 2. جتا(60°):

**جتا** تعني ""جيب التمام"".

- أيضًا من خواص المثلث القائم الزاوية:

$$
\cos(60^\circ) = \frac{1}{2}
$$

---

## 3. ظا(45°):

**ظا** تعني ""الظل""، وهو نسبة الجيب إلى جيب التمام:

$$
\tan(\theta) = \frac{\sin(\theta)}{\cos(\theta)}
$$

- عند الزاوية 45°:

$$
\tan(45^\circ) = \frac{\sin(45^\circ)}{\cos(45^\circ)} = \frac{\frac{\sqrt{2}}{2}}{\frac{\sqrt{2}}{2}} = 1
$$

أو ببساطة، تُحفظ أن:

$$
\tan(45^\circ) = 1
$$

---

## ✅ الإجابات النهائية:

$$
\sin(30^\circ) = \frac{1}{2}
\quad,\quad
\cos(60^\circ) = \frac{1}{2}
\quad,\quad
\tan(45^\circ) = 1
$$

هل تحب أن أوضح لك سبب هذه القيم باستخدام مثلث قائم الزاوية؟ 😊"
"Functional relationships (patterns and structures)","Other functional relationships","G","حل النظام: ص = س² وص = 2س + 3","لحل النظام التالي:

$$
\begin{cases}
y = x^2 \\
y = 2x + 3
\end{cases}
$$

هذا نظام يحتوي على معادلة تربيعية ومعادلة خطية. المطلوب هو إيجاد القيم المشتركة لـ $ x $ و $ y $ التي تحقق **كلتا المعادلتين**.

---

### الخطوة 1: ضع المعادلتين متساويتين
بما أن كل منهما يساوي $ y $، يمكننا مساواة الطرفين الأيمنين:

$$
x^2 = 2x + 3
$$

---

### الخطوة 2: انقل جميع الحدود إلى أحد الطرفين لتكوين معادلة تربيعية

$$
x^2 - 2x - 3 = 0
$$

---

### الخطوة 3: حل المعادلة التربيعية

نحل المعادلة:
$$
x^2 - 2x - 3 = 0
$$

يمكنك استخدام **التعميل** أو **قانون حل المعادلة التربيعية**.

#### طريقة التعميل:
نبحث عن عددين حاصل ضربهما = $-3$ ومجموعهما = $-2$

العدنان هما: $-3$ و $+1$

إذًا:
$$
x^2 - 2x - 3 = (x - 3)(x + 1) = 0
$$

إذًا:
$$
x - 3 = 0 \quad \Rightarrow \quad x = 3 \\
x + 1 = 0 \quad \Rightarrow \quad x = -1
$$

---

### الخطوة 4: إيجاد قيم $ y $

نعوّض قيم $ x $ في أي من المعادلتين، مثلاً نستخدم المعادلة الثانية لأنها أسهل:

$$
y = 2x + 3
$$

- إذا $ x = 3 $:
  $$
  y = 2(3) + 3 = 6 + 3 = 9
  $$

- إذا $ x = -1 $:
  $$
  y = 2(-1) + 3 = -2 + 3 = 1
  $$

---

### الحل النهائي:

الحلول هي أزواج مرتبة $(x, y)$:

$$
\boxed{(3, 9) \quad \text{و} \quad (-1, 1)}
$$

هذه هي نقاط تقاطع القطع المكافئ $ y = x^2 $ والخط المستقيم $ y = 2x + 3 $."
"Functional relationships (patterns and structures)","Other functional relationships","G","حدد الفترات التي تكون فيها الدالة f(x) = x² – 4x في مرحلة الزيادة.","لحل هذه المسألة وتحديد **الفترات التي تكون فيها الدالة $ f(x) = x^2 - 4x $ في مرحلة الزيادة**، نحتاج إلى اتباع خطوات تحليل سلوك الدالة من حيث **الزيادة والنقصان**. إليك شرح مفصل:

---

### ✳️ الخطوة 1: إيجاد المشتقة الأولى

لدراسة زيادة أو نقصان دالة ما، نبدأ بحساب **المشتقة الأولى** للدالة، لأن المشتقة تعطي معدل التغير (أي ما إذا كانت الدالة تزداد أو تقل عند نقطة معينة).

لدينا:
$$
f(x) = x^2 - 4x
$$

نحسب المشتقة:
$$
f'(x) = \frac{d}{dx}(x^2 - 4x) = 2x - 4
$$

---

### ✳️ الخطوة 2: تحديد النقاط الحرجة

نضع المشتقة $ f'(x) = 0 $ لإيجاد **النقاط الحرجة**، وهي نقاط محتملة لتغير سلوك الدالة (من زيادة إلى نقصان أو العكس):

$$
2x - 4 = 0 \\
\Rightarrow x = 2
$$

إذًا، لدينا نقطة حرجة واحدة هي $ x = 2 $

---

### ✳️ الخطوة 3: دراسة إشارة المشتقة حول النقطة الحرجة

نريد أن نعرف متى تكون $ f'(x) > 0 $، أي عندما تكون المشتقة موجبة، فهذا يعني أن الدالة **تزايدية**.

لذلك ندرس إشارة $ f'(x) = 2x - 4 $:

- عندما يكون $ x > 2 $:  
  $$
  f'(x) = 2x - 4 > 0 \Rightarrow \text{الدالة تزايدية}
  $$

- عندما يكون $ x < 2 $:  
  $$
  f'(x) = 2x - 4 < 0 \Rightarrow \text{الدالة تناقصية}
  $$

---

### ✅ الاستنتاج النهائي:

الدالة $ f(x) = x^2 - 4x $ تكون في **مرحلة الزيادة** عندما يكون:
$$
\boxed{x > 2}
$$

أو بالتعبير عن الفترات:
$$
\boxed{(2, \infty)}
$$

---

هل تريد رسمًا بيانيًا لفهم السلوك بشكل بصري؟"
"Functional relationships (patterns and structures)","Other functional relationships","G","إذا كانت f(x) = x² + 2 و g(x) = x – 1، احسب (f ∘ g)(3)","لحساب $(f \circ g)(3)$، نحتاج أولًا إلى فهم معنى **التركيب الوظيفي (Composition of Functions)**.

---

### المعطيات:
- $ f(x) = x^2 + 2 $
- $ g(x) = x - 1 $

---

### المطلوب:
حساب $(f \circ g)(3)$

وهو يعني:  
$$
(f \circ g)(x) = f(g(x))
$$

أي أننا نُدخل قيمة $g(x)$ في الدالة $f$.

---

### الخطوات:

1. **احسب $g(3)$:**

$$
g(3) = 3 - 1 = 2
$$

2. **ثم احسب $f(g(3)) = f(2)$:**

$$
f(2) = 2^2 + 2 = 4 + 2 = 6
$$

---

### إذن:
$$
(f \circ g)(3) = f(g(3)) = f(2) = 6
$$

---

### ✅ الإجابة النهائية:
$$
\boxed{6}
$$"
"Functional relationships (patterns and structures)","Other functional relationships","H","بسط: لوغاريتم₂(٣٢) + لوغاريتم₂(٤)","بالطبع! لنقم بحل هذه المسألة خطوة بخطوة.

المعطى هو:

$$
\log_2(32) + \log_2(4)
$$

### الخطوة 1: تذكر خاصية من خواص اللوغاريتمات

الخاصية التي سنستخدمها هي:

$$
\log_b(a) + \log_b(c) = \log_b(a \times c)
$$

باستخدام هذه الخاصية، يمكننا دمج اللوغاريتمين:

$$
\log_2(32) + \log_2(4) = \log_2(32 \times 4)
$$

### الخطوة 2: احسب حاصل الضرب داخل اللوغاريتم

$$
32 \times 4 = 128
$$

إذًا:

$$
\log_2(32) + \log_2(4) = \log_2(128)
$$

### الخطوة 3: بسط $\log_2(128)$

نلاحظ أن:
$$
128 = 2^7
$$

وبالتالي:

$$
\log_2(128) = \log_2(2^7) = 7
$$

### الإجابة النهائية:

$$
\boxed{7}
$$

إذا كانت لديك أي أسئلة حول الخطوات أو تريد التعمق أكثر في خواص اللوغاريتمات، فأنا هنا للمساعدة!"
"Functional relationships (patterns and structures)","Other functional relationships","H","حدد نقاط تقاطع الدالة f(x) = (x − 1)(x + 2)(x − 3) مع محور السينات.","لحل هذه المسألة وتحديد **نقاط تقاطع الدالة** $ f(x) = (x - 1)(x + 2)(x - 3) $ مع **محور السينات**، يجب أن تتذكر أنه:

> **تتقاطع الدالة مع محور السينات عندما تكون قيمة $ y = f(x) = 0 $.**

أي أننا نريد إيجاد القيم التي تجعل:
$$
f(x) = 0
$$

وبما أن الدالة على شكل **جداء عوامل خطية**:
$$
f(x) = (x - 1)(x + 2)(x - 3)
$$

فإن هذا الجداء يساوي صفرًا إذا **اصبح أحد العوامل صفرًا**. وهذا ما يسمى بـ ""نظرية العوامل الصفرية"".

### الخطوة 1: نضع كل عامل يساوي صفرًا:
$$
x - 1 = 0 \quad \Rightarrow \quad x = 1
$$
$$
x + 2 = 0 \quad \Rightarrow \quad x = -2
$$
$$
x - 3 = 0 \quad \Rightarrow \quad x = 3
$$

### إذًا، فإن نقاط التقاطع مع محور السينات هي:
$$
x = -2, \quad x = 1, \quad x = 3
$$

### الخطوة 2: كتابة النقاط بشكل رياضي:
نقاط التقاطع مع محور السينات تكون على شكل نقاط $(x, 0)$، أي:
$$
(-2, 0), \quad (1, 0), \quad (3, 0)
$$

---

### ✅ الإجابة النهائية:
**الدالة تتقاطع مع محور السينات عند النقاط:**
$$
(-2,\ 0),\quad (1,\ 0),\quad (3,\ 0)
$$

هل تحب أن أشرح لك كيف تبدو صورة المنحنى تقريبًا بناءً على هذه الجذور؟ 😊"
"Functional relationships (patterns and structures)","Other functional relationships","H","إذا كانت دالة g(x) = √x و h(x) = x + 2، احسب تركيب الدالة g(h(x)).","لحساب **تركيب الدالة** $ g(h(x)) $، نقوم باتباع خطوات بسيطة:

### المعطيات:
- $ g(x) = \sqrt{x} $  
- $ h(x) = x + 2 $

---

### مفهوم تركيب الدوال:
عند حساب $ g(h(x)) $، فهذا يعني أننا نُدخل الدالة $ h(x) $ داخل الدالة $ g(x) $.  
أي نضع قيمة $ h(x) $ في مكان $ x $ داخل الدالة $ g $.

---

### الخطوة الأولى:
نأخذ التعبير الرياضي للدالة $ g(x) $:

$$
g(x) = \sqrt{x}
$$

ثم نقوم باستبدال $ x $ بالدالة $ h(x) = x + 2 $:

$$
g(h(x)) = \sqrt{h(x)} = \sqrt{x + 2}
$$

---

### النتيجة النهائية:
$$
\boxed{g(h(x)) = \sqrt{x + 2}}
$$

وهذه هي صيغة تركيب الدالتين $ g $ و $ h $. ✅

هل ترغب في معرفة مجال هذه الدالة المركبة أيضًا؟"
"Functional relationships (patterns and structures)","Other functional relationships","H","احسب قيمة y إذا كانت y = x² + ln(x) وعندما x = 2.","لحساب قيمة $ y $ من المعادلة:

$$
y = x^2 + \ln(x)
$$

عندما $ x = 2 $، نقوم فقط بتعويض قيمة $ x $ في المعادلة.

### الخطوة 1: حساب $ x^2 $
$$
x^2 = 2^2 = 4
$$

### الخطوة 2: حساب $ \ln(x) $
$$
\ln(2) \approx 0.6931
$$

(ملاحظة: هذه قيمة تقريبية للوغاريتم الطبيعي للعدد 2)

### الخطوة 3: جمع الناتجين
$$
y = 4 + 0.6931 = 4.6931
$$

### إذًا:
القيمة التقريبية لـ $ y $ عندما $ x = 2 $ هي:
$$
\boxed{4.6931}
$$

يمكنك استخدام الآلة الحاسبة للحصول على دقة أكبر إذا أردت."
"Functional relationships (patterns and structures)","Other functional relationships","H","حل المعادلة التالية لإيجاد القيمة س: لو₃(س − ١) = ٢","لحل المعادلة:

$$
\log_3(x - 1) = 2
$$

### الخطوة 1: فهم المعادلة
المعطى هو **لوغاريتم** للأساس 3، والمعادلة تقول إن لوغاريتم (س − ١) بالأساس ٣ يساوي ٢.

تذكر أن تعريف اللوغاريتم هو:

$$
\log_b(a) = c \iff b^c = a
$$

أي أن:

$$
\log_3(x - 1) = 2 \iff 3^2 = x - 1
$$

### الخطوة 2: تحويل المعادلة إلى الصيغة الأسية

$$
3^2 = x - 1
\Rightarrow 9 = x - 1
$$

### الخطوة 3: حل المعادلة لإيجاد س

$$
x = 9 + 1 = 10
$$

### الخطوة 4: التحقق من الحل

نقوم بالتعويض بقيمة $ x = 10 $ في المعادلة الأصلية:

$$
\log_3(10 - 1) = \log_3(9) = \log_3(3^2) = 2
$$

إذًا الحل صحيح.

---

### ✅ الإجابة النهائية:
$$
\boxed{10}
$$"
