"Topic Area","Topic","Progress Level","Exercise","qwen-plus solution"
"Numbers and Operations","Understanding and representing numbers","B","Schreibe die Zahl, die nach 48 kommt.","Klar! Die Aufgabe lautet: **„Schreibe die Zahl, die nach 48 kommt.“**

Das bedeutet, du sollst die **nächste Zahl nach 48** angeben – also die Zahl, die um **1 größer** ist als 48.

### Lösung:
Die Zahl nach 48 ist:  
**49**

---

Wenn du dir unsicher bist, kannst du dir das auch wie eine Zahlenreihe vorstellen:

… 46, 47, 48, **49**, 50, …

Du zählst einfach immer **+1** dazu.

Also:  
48 + 1 = **49**

✅ **Antwort: 49**"
"Numbers and Operations","Understanding and representing numbers","B","Zeige 28 mit Zehnern und Einer.","Klar! Die Aufgabe **„Zeige 28 mit Zehnern und Einern“** bedeutet, dass du die Zahl **28** in ihre **Zehner und Einer aufteilen** sollst. Das ist eine typische Aufgabe im Mathematikunterricht der Grundschule, um das Stellenwertsystem zu üben.

---

### 🔢 Schritt-für-Schritt-Erklärung:

#### 1. Verstehe die Zahl:
Die Zahl **28** besteht aus zwei Ziffern:
- **2** an der **Zehnerstelle**
- **8** an der **Einerstelle**

Das bedeutet:
- Es gibt **2 Zehner** → also 10 + 10
- Und **8 Einer** → also 1 + 1 + 1 + 1 + 1 + 1 + 1 + 1

---

#### 2. Schreibe es als Rechnung:
Du kannst die Zahl so darstellen:

**28 = 20 + 8**

Dabei ist:
- **20** → das sind die **Zehner**
- **8** → das sind die **Einer**

---

### 🧾 Du könntest die Lösung auch so schreiben:
- **28 hat 2 Zehner und 8 Einer**
- Oder: **2 Zehnerstreifen und 8 Einerwürfel** (wenn du mit Material wie im Matheunterricht arbeitest)

---

### 🎨 Noch ein Beispiel zum Vergleich:
Wenn die Zahl **45** da stünde:
- Dann hättest du **4 Zehner** und **5 Einer**
- Also: **45 = 40 + 5**

---

Falls du die Aufgabe in einer bestimmten Form abgeben sollst (z. B. zeichnen oder aufschreiben), sag gern Bescheid – dann helfe ich dir gerne weiter! 😊"
"Numbers and Operations","Understanding and representing numbers","B","Umrahme alle geraden Zahlen: 12, 15, 18, 21.","Klar! Die Aufgabe lautet: **„Umrahme alle geraden Zahlen: 12, 15, 18, 21.“**

### Schritt für Schritt erklärt:

#### 1. **Was ist eine gerade Zahl?**
Eine **gerade Zahl** ist eine Zahl, die **ohne Rest durch 2 teilbar** ist.  
Das bedeutet: Wenn du die Zahl durch 2 teilst, bleibt kein Rest übrig.

Gerade Zahlen enden auf **0, 2, 4, 6 oder 8**.

#### 2. **Gegebene Zahlen überprüfen:**

- **12**: Endet auf 2 → ✅ Gerade Zahl  
- **15**: Endet auf 5 → ❌ Ungerade Zahl  
- **18**: Endet auf 8 → ✅ Gerade Zahl  
- **21**: Endet auf 1 → ❌ Ungerade Zahl

#### 3. **Welche musst du umrahmen?**  
Du sollst **alle geraden Zahlen umrahmen**, also:
- **12** und **18**

---

### ✅ Lösung:
**Umrahme:** **12** und **18**

Die anderen Zahlen (15 und 21) sind ungerade – die musst du nicht umrahmen.

Wenn du willst, kannst du es dir so aufschreiben:

> Umrahmt: ⬛️12⬛️, 15, ⬛️18⬛️, 21

Fertig! 😊"
"Numbers and Operations","Understanding and representing numbers","B","Welche Zahl hat 5 Zehner und 2 Einer?","Klar! Lass uns die Aufgabe Schritt für Schritt durchgehen:

### Aufgabe:  
**„Welche Zahl hat 5 Zehner und 2 Einer?“**

---

### Schritt 1: Verstehe die Stellenwerttafel

In der Mathematik schauen wir uns Zahlen oft nach ihren **Stellenwerten** an. Eine Zahl wie z. B. **52** besteht aus:
- **5 Zehnern** → das bedeutet 5 × 10 = **50**
- **2 Einern** → das bedeutet 2 × 1 = **2**

---

### Schritt 2: Rechnung aufstellen

Du rechnest einfach:
$$
5 \cdot 10 + 2 \cdot 1 = 50 + 2 = 52
$$

---

### ✅ Antwort:
Die Zahl mit **5 Zehnern und 2 Einern** ist: **52**

Wenn du magst, können wir auch gemeinsam weitere solcher Aufgaben üben – z. B. mit Hundertern oder Tausendern. 😊"
"Numbers and Operations","Understanding and representing numbers","B","Vervollständige die Reihe: 40, 50, ___, 70.","Klar! Schauen wir uns die Zahlenreihe an:

**40, 50, ___, 70**

Du sollst die fehlende Zahl einfügen, sodass die Reihe eine logische Folge ergibt.

### Schritt 1: Muster erkennen
Schau dir die Abstände zwischen den Zahlen an:

- Von **40** auf **50**: Das ist eine Steigerung um **+10**.
- Von **50** auf **???**
- Von **???** auf **70**

Wenn das Muster gleich bleibt, sollte jede Zahl um **10 größer** sein als die vorherige.

Also:

- 40 → 50 (**+10**)
- 50 → ??? (**+10**) → Das wäre dann **60**
- 60 → 70 (**+10**)

### ✅ Lösung:
Die vollständige Reihe lautet:

**40, 50, 60, 70**

Die fehlende Zahl ist also **60**.

Hast du noch mehr solcher Reihen zum Üben? 😊"
"Numbers and Operations","Understanding and representing numbers","B","Schreibe die fehlende Zahl: ___, 91, 92, 93","Die Zahlenfolge lautet:

**___, 91, 92, 93**

Um die fehlende Zahl zu finden, schaust du dir an, wie sich die Zahlen verändern.  
Du siehst, dass es eine **steigende Reihenfolge** ist:

- Von der ersten sichtbaren Zahl 91 geht es weiter zu 92, dann 93.

Jede Zahl ist um **1 größer** als die vorherige.

Das bedeutet: Die Zahl **vor 91** muss **um 1 kleiner** sein.

Also:
- 91 − 1 = **90**

### ✅ Lösung:
**90, 91, 92, 93**

Die fehlende Zahl ist also **90**."
"Numbers and Operations","Understanding and representing numbers","B","Umkreise alle Zahlen, die größer als 25 sind: 14, 26, 30, 19.","Klar! Die Aufgabe lautet: **„Umkreise alle Zahlen, die größer als 25 sind.“**  
Gegebene Zahlen sind: **14, 26, 30, 19**

### Schritt für Schritt Erklärung:

1. **Verstehe die Bedingung:**  
   Du sollst alle Zahlen finden, die **größer als 25** sind. Das bedeutet:  
   Suche dir alle Zahlen aus, die **nach 25 kommen**, also **26, 27, 28 und so weiter**.

2. **Vergleiche jede Zahl mit 25:**
   - **14** → ist kleiner als 25 → ❌ nicht umkreisen
   - **26** → ist größer als 25 → ✅ umkreisen
   - **30** → ist größer als 25 → ✅ umkreisen
   - **19** → ist kleiner als 25 → ❌ nicht umkreisen

### Lösung:
Du solltest **26 und 30** umkreisen.

Wenn du diese Zahlen auf einem Blatt hast, kannst du einfach einen Kreis um die 26 und die 30 ziehen – fertig! ✅"
"Numbers and Operations","Understanding and representing numbers","B","Schreibe die Zahl in erweiterter Form: 46 = ___ + ___","Klar! Die Aufgabe **„Schreibe die Zahl in erweiterter Form: 46 = ___ + ___“** bedeutet, dass du die Zahl **46** in ihre **Zehner und Einer** aufteilen sollst.

### So funktioniert das:
Die Zahl **46** besteht aus:
- **4 Zehnern** → das ist **40**
- **6 Einern** → das ist **6**

Wenn du diese beiden Teile zusammenzählst, bekommst du wieder die 46:

**46 = 40 + 6**

Das ist die **erweiterte Form** der Zahl.

---

### Zusammenfassung:
Du zerlegst die Zahl in ihre **Zehner** und **Einer**, also:
- Zehner: 4 → 40
- Einer: 6 → 6

Und dann schreibst du:
> **46 = 40 + 6**

Fertig! 😊  
Wenn du willst, können wir auch mal schwierigere Zahlen versuchen."
"Numbers and Operations","Understanding and representing numbers","C","Was ist der Stellenwert der 6 in der Zahl 6.524?","Um den **Stellenwert der 6 in der Zahl 6.524** herauszufinden, musst du dir anschauen, **an welcher Stelle** die Ziffer **6** in der Zahl steht.

### Schritt für Schritt:

Die Zahl lautet:  
**6.524**

In unserem Dezimalsystem wird jede Ziffer von rechts nach links eine Stelle weiter nach vorne geschoben, wobei jede Stelle eine Zehnerpotenz darstellt:

- **Einer (1)** ← ganz rechts
- **Zehner (10)**
- **Hunderter (100)**
- **Tausender (1000)** ← von links die vierte Stelle

Bei der Zahl **6.524** zählen wir die Stellen von **links nach rechts**, um den Platz der **6** zu finden:

| Position | Ziffer |
|----------|--------|
| 1.       | 6      |
| 2.       | 5      |
| 3.       | 2      |
| 4.       | 4      |

Die **6** steht an der **ersten Stelle von links**, also an der **Tausenderstelle**.

### Was bedeutet das?

Wenn die **6** an der Tausenderstelle steht, dann hat sie den Wert:
$$
6 \cdot 1000 = 6000
$$

### Antwort:
👉 Der **Stellenwert der 6 in der Zahl 6.524 ist 6000**.

Falls du noch mehr Fragen hast oder andere Beispiele wissen willst – gerne! 😊"
"Numbers and Operations","Understanding and representing numbers","C","Runde 8.649 auf die nächste Hunderterstelle.","Um die Zahl **8.649** auf die **nächste Hunderterstelle** zu runden, folge diesen Schritten:

---

### 🔍 1. Verstehe die Stellenwerte:
In der Zahl **8.649** haben wir diese Stellen:

- **8** – Tausender  
- **6** – Hunderter  
- **4** – Zehner  
- **9** – Einer  

---

### 📏 2. Schaue dir die **Zehnerstelle** an:
Wenn du auf die **Hunderterstelle** rundest, schaust du immer auf die **Zehnerstelle**, also die Zahl direkt vor dem Komma (oder vor der Stelle, auf die du runden willst).

In diesem Fall ist die **Zehnerstelle die 4**.

---

### ✅ 3. Regel zum Runden:
- Wenn die **Zehnerstelle kleiner als 5** ist (also 0 bis 4), **rundest du ab** (die Hunderterstelle bleibt gleich).
- Wenn die **Zehnerstelle 5 oder größer** ist (also 5 bis 9), **rundest du auf** (die Hunderterstelle wird um 1 erhöht).

Hier ist die **Zehnerstelle = 4**, also **runden wir ab**.

---

### 📦 4. Runde die Zahl:
- Du behältst die Hunderterstelle (**6**) bei.
- Alle Stellen danach ersetzt du mit **Nullen**.

Also:  
**8.649 gerundet auf die Hunderterstelle → 8.600**

---

### ✅ Endergebnis: **8.600**

Falls du weitere Fragen hast oder andere Rundungsbeispiele brauchst, helfe ich gerne! 😊"
"Numbers and Operations","Understanding and representing numbers","C","Wie viele Hunderter sind in 6.400 enthalten?","Um die Frage **„Wie viele Hunderter sind in 6.400 enthalten?“** zu beantworten, geht es darum, herauszufinden, wie oft die Zahl **100** in **6.400** passt.

### Schritt-für-Schritt-Erklärung:

1. **Verstehe, was ein „Hunderter“ ist:**  
   Ein *Hunderter* ist die Zahl **100**.

2. **Frage umformulieren:**  
   Die Frage bedeutet also: **Wie oft passt 100 in 6.400?**

3. **Rechnung aufstellen:**  
   Du teilst 6.400 durch 100:

   $$
   6.400 \div 100 = 64
   $$

4. **Ergebnis interpretieren:**  
   Das Ergebnis **64** bedeutet, dass 64 Hunderter in der Zahl 6.400 enthalten sind.

---

### 📌 **Antwort:**
**In 6.400 sind 64 Hunderter enthalten.** ✅

Wenn du willst, kann ich dir auch erklären, warum das Dividieren durch 100 einfach das Weglassen von zwei Nullen ist – falls du das noch nicht kennst."
"Numbers and Operations","Understanding and representing numbers","C","Lücke ausfüllen: 7.000 + 600 + ___ + 5 = 7.685","Klar! Wir haben die folgende Gleichung:

```
7.000 + 600 + ___ + 5 = 7.685
```

### Schritt 1: Addiere zuerst die Zahlen, die du schon kennst:
Rechne zusammen:

- 7.000 + 600 = **7.600**
- 7.600 + 5 = **7.605**

Jetzt steht da im Grunde:

```
7.605 + ___ = 7.685
```

### Schritt 2: Finde heraus, was in die Lücke gehört:
Du willst wissen, wie viel du zu 7.605 addieren musst, um 7.685 zu bekommen.

```
7.685 - 7.605 = 80
```

### Lösung:
Die Zahl, die in die Lücke gehört, ist **80**.

---

✅ **Endgültige Antwort:**
```
7.000 + 600 + 80 + 5 = 7.685
```

Wenn du noch Fragen hast, helfe ich gerne weiter! 😊"
"Numbers and Operations","Understanding and representing numbers","C","Schreibe die kleinste 4-stellige Zahl, die du mit den Ziffern 4, 1, 8 und 0 bilden kannst.","Um die **kleinste 4-stellige Zahl** mit den Ziffern **4, 1, 8 und 0** zu bilden, musst du ein paar wichtige Dinge beachten:

---

### 🔍 **Wichtige Regeln:**
1. Die Zahl muss **vierstellig** sein → Das bedeutet, dass die erste Ziffer **nicht 0** sein darf.
2. Du darfst **jede Ziffer nur einmal verwenden**, da keine Wiederholung erwähnt wird.
3. Um die **kleinste Zahl** zu bilden, solltest du die **kleinsten Ziffern vorne** haben – aber unter Berücksichtigung von Regel 1.

---

### 🧠 **Schritt-für-Schritt-Vorgehen:**

Gegebene Ziffern: **0, 1, 4, 8**

Du suchst eine **4-stellige Zahl**, also z. B. so etwas wie _1 0 4 8_ oder _4 0 1 8_ usw.

#### Schritt 1: Sortiere die Ziffern aufsteigend:
→ **0, 1, 4, 8**

Aber du kannst **0 nicht an erster Stelle** haben, sonst ist die Zahl keine echte vierstellige Zahl (z. B. 0148 = 148, also dreistellig).

#### Schritt 2: Wähle die kleinste mögliche Ziffer für die **Tausenderstelle** (also die erste Ziffer):
→ Erlaubt sind: **1, 4 oder 8**  
→ Nimm die **kleinste davon**: **1**

Jetzt bleiben noch die Ziffern: **0, 4, 8**

#### Schritt 3: Verteile die restlichen Ziffern nach Größe:
→ Also: **0**, dann **4**, dann **8**

---

### ✅ **Ergebnis:**
Stelle 1 (Tausender): **1**  
Stelle 2 (Hunderter): **0**  
Stelle 3 (Zehner): **4**  
Stelle 4 (Einer): **8**

→ **Die kleinste 4-stellige Zahl: `1048`**

---

### 🎉 **Antwort: `1048`**  
Das ist die kleinste Zahl, die du mit den Ziffern 4, 1, 8 und 0 bilden kannst."
"Numbers and Operations","Understanding and representing numbers","C","Zeige den Bruch (½) mit einer Bruchleiste.","Klar! Um den Bruch **½ (ein Halb)** mit einer **Bruchleiste** darzustellen, folgen wir diesen Schritten:

---

### 🧠 **Was ist eine Bruchleiste?**

Eine **Bruchleiste** ist ein visuelles Hilfsmittel – also ein Rechteck oder ein Streifen –, das in gleich große Teile aufgeteilt ist. Du kannst damit Brüche veranschaulichen, indem du einen Teil davon farbig markierst.

---

### 🎯 **Aufgabe: Zeige den Bruch ½ mit einer Bruchleiste**

#### ✏️ **Schritt-für-Schritt-Anleitung:**

1. **Zeichne eine Bruchleiste:**  
   Male ein Rechteck (z. B. 10 Kästchen lang und 2 Kästchen breit). Dieses Rechteck stellt das **Ganze** dar.

2. **Teile die Bruchleiste in 2 gleich große Teile:**  
   Da es um den Bruch **½** geht, musst du die Leiste in **2 gleich große Abschnitte** unterteilen.  
   ➤ Du zeichnest also eine Linie in der Mitte des Rechtecks.

3. **Male einen Teil aus:**  
   Der Bruch **½** bedeutet: **1 von 2 gleich großen Teilen** ist ausgewählt.  
   ➤ Färbe also **einen der beiden Abschnitte** farbig ein.

---

### 🖼️ Beispiel (Beschreibung):

```
|---------|---------|
|         |XXXXXXXXX|
|         |XXXXXXXXX|
|---------|---------|
```

- Das ganze Rechteck = 1 Ganzes
- Es ist in 2 gleich große Teile geteilt.
- Der rechte Teil ist ausgemalt → das steht für **½**.

---

### 📌 Tipps:

- Wenn du verschiedene Brüche vergleichen willst, kannst du mehrere Bruchleisten untereinander zeichnen.
- Bruchleisten helfen dir zu verstehen, wie groß ein Bruch im Vergleich zum Ganzen ist.

---

Wenn du möchtest, kann ich dir auch zeigen, wie du das auf Karopapier oder in einem Schulheft skizzieren kannst. Sag einfach Bescheid! 😊"
"Numbers and Operations","Understanding and representing numbers","C","Schreibe 234 in erweiterter Form.","Klar! Um die Zahl **234** in **erweiterter Form** (auch *ausgeschriebene Stellenwertform* genannt) zu schreiben, zerlegst du sie in ihre einzelnen Stellenwerte – also Hunderter, Zehner und Einer.

### Schritt für Schritt:

Die Zahl **234** besteht aus:
- **2 Hundertern** → 200
- **3 Zehnern** → 30
- **4 Einern** → 4

### Erweiterte Form:
Du schreibst nun die Zahl als Summe dieser Teile:

**234 = 200 + 30 + 4**

Das ist die **erweiterte Form** der Zahl.

---

Wenn du das Prinzip verstanden hast, kannst du so jede Zahl in ihre Bestandteile zerlegen. 🎉  
Willst du es mal mit einer anderen Zahl probieren?"
"Numbers and Operations","Understanding and representing numbers","D","Drücke 3,75 als Bruch aus.","Klar! Um die Zahl **3,75** als Bruch auszudrücken, folgst du diesen Schritten:

---

### 🔹 Schritt 1: Verstehe die Dezimalzahl

Die Zahl **3,75** besteht aus:
- **3** als ganze Zahl
- **0,75** als Dezimalbruch

---

### 🔹 Schritt 2: Wandle den Dezimalbruch (0,75) in einen Bruch um

Die Zahl **0,75** bedeutet:
> 75 Hundertstel → also  
$$
0{,}75 = \frac{75}{100}
$$

Diesen Bruch kannst du noch kürzen:

$$
\frac{75}{100} = \frac{3}{4} \quad \text{(gekürzt durch 25)}
$$

---

### 🔹 Schritt 3: Addiere die ganze Zahl und den Bruch

Jetzt fügst du die **3** und die **¾** zusammen:

$$
3 + \frac{3}{4} = \frac{12}{4} + \frac{3}{4} = \frac{15}{4}
$$

---

### ✅ Ergebnis:

$$
\mathbf{3{,}75 = \frac{15}{4}}
$$

Alternativ kannst du es auch so sehen:
$$
3{,}75 = \frac{375}{100} = \frac{15}{4} \quad \text{(wenn man von Anfang an alles als Bruch nimmt)}
$$

---

### 🧪 Probe:

Um zu prüfen, ob es stimmt:
$$
\frac{15}{4} = 15 \div 4 = 3{,}75 ✔️
$$

---

Wenn du möchtest, kann ich dir auch zeigen, wie man das mit gemischten Zahlen oder als unechten Bruch schreibt. 😊"
"Numbers and Operations","Understanding and representing numbers","D","Vergleiche mit <, > oder =: 3,25 ___ 3,205","Klar! Wir vergleichen die beiden Zahlen **3,25** und **3,205** Schritt für Schritt.

### 1. Schau dir die Zahlen vor dem Komma an:
- Beide Zahlen haben vor dem Komma eine **3** → bis hierhin sind sie gleich.

### 2. Vergleiche jetzt die Nachkommastellen:
Wir schauen uns die Dezimalstellen an – also die Zahlen nach dem Komma:

#### 3,25 = 3,250  
(Man kann bei Dezimalzahlen beliebig viele Nullen anhängen, ohne den Wert zu ändern.)

Also vergleichen wir jetzt:
- **3,250**  
- **3,205**

Jetzt vergleichen wir Stelle für Stelle nach dem Komma:

| Position       | 3,250 | 3,205 | Vergleich |
|----------------|-------|-------|-----------|
| Einer          | 3     | 3     | Gleich    |
| Zehntel        | 2     | 2     | Gleich    |
| Hundertstel    | 5     | 0     | 5 > 0     |

Sobald wir eine Stelle finden, in der sich die Zahlen unterscheiden (Hundertstel), wissen wir:
👉 **3,250 ist größer als 3,205**

### ✅ Lösung:
**3,25 > 3,205**

Wenn du magst, kann ich dir das auch gerne bildlich oder mit weiteren Beispielen erklären 😊"
"Numbers and Operations","Understanding and representing numbers","D","Wandle die Zahl 27 (Dezimalsystem) in das Zweiersystem um.","Um die Zahl **27** aus dem **Dezimalsystem (Basis 10)** in das **Zweiersystem (Binärsystem, Basis 2)** umzuwandeln, gibt es eine einfache Methode: **mehrfach Division durch 2 mit Rest**.

---

### 🔁 Schritt-für-Schritt-Methode: Division durch 2

Du teilst die Zahl immer wieder durch 2 und notierst den **Rest**, bis du bei 0 ankommst. Die Binärzahl liest du dann **von unten nach oben** (also vom letzten Quotienten zum ersten).

#### Rechnung:

1. **27 ÷ 2 = 13** → Rest **1**
2. **13 ÷ 2 = 6** → Rest **1**
3. **6 ÷ 2 = 3** → Rest **0**
4. **3 ÷ 2 = 1** → Rest **1**
5. **1 ÷ 2 = 0** → Rest **1**

Jetzt notieren wir die **Reste von unten nach oben**:

👉 **11011**

---

### ✅ Ergebnis:

Die Dezimalzahl **27** entspricht der Binärzahl **11011**.

---

### 🧠 Merkregel:
- Teile die Zahl durch 2.
- Notiere den Rest (entweder 0 oder 1).
- Wiederhole mit dem Quotienten.
- Lies die Reste am Ende **von unten nach oben**.

---

Wenn du willst, kann ich dir auch zeigen, wie man das mit dem **Subtraktionsverfahren** macht (mit Zweierpotenzen). Sag einfach Bescheid! 😊"
"Numbers and Operations","Understanding and representing numbers","D","Schreibe 0,007 als Bruch in einfachster Form.","Um die Dezimalzahl **0,007** als Bruch in einfachster Form zu schreiben, folge diesen Schritten:

---

### **Schritt 1: Schreibe die Zahl als Bruch**
Die Zahl **0,007** bedeutet „7 Tausendstel“, also:

$$
0{,}007 = \frac{7}{1000}
$$

---

### **Schritt 2: Kürze den Bruch (falls möglich)**
Jetzt prüfst du, ob sich der Bruch kürzen lässt. Dazu suchst du den **größten gemeinsamen Teiler (ggT)** von Zähler (7) und Nenner (1000).

- Die Zahl **7** ist eine **Primzahl**.
- **7** und **1000** haben keine gemeinsamen Teiler außer **1**.

➡️ Das heißt: Der Bruch kann **nicht weiter gekürzt** werden.

---

### ✅ **Endergebnis:**

$$
\boxed{\frac{7}{1000}}
$$

Das ist die einfachste Form von 0,007 als Bruch."
"Numbers and Operations","Understanding and representing numbers","D","Stelle -5 auf einer Zahlengeraden dar.","Natürlich! Die Zahl **-5** auf einer **Zahlengeraden** darzustellen, ist gar nicht schwer. Hier ist eine Schritt-für-Schritt-Anleitung:

---

### 🔢 Was ist eine Zahlengerade?

Eine **Zahlengerade** ist eine Gerade, auf der Zahlen als Punkte dargestellt werden.  
- Die **0** ist in der Mitte.
- **Rechts von der 0** liegen die **positiven Zahlen** (1, 2, 3, ...).
- **Links von der 0** liegen die **negativen Zahlen** (-1, -2, -3, ...).

---

### 🧭 So stellst du -5 auf der Zahlengeraden dar:

1. **Zeichne eine gerade Linie** – das ist deine Zahlengerade.
2. **Markiere den Punkt für 0** in der Mitte der Linie.
3. **Trage in gleichmäßigen Abständen weitere Zahlen ein**, z. B. alle 1 cm einen Strich:
   - Links von der 0: -1, -2, -3, -4, -5 usw.
   - Rechts von der 0: 1, 2, 3, 4, 5 usw.
4. **Finde den Punkt für -5**: Gehe von der 0 aus **fünf Schritte nach links**.
5. **Markiere -5**, z. B. mit einem farbigen Punkt oder einem Pfeil.

---

### 📐 Beispiel-Skizze (gedanklich):

```
<---|-----|-----|-----|-----|-----|-----|-----|-----|-----|-----|--->
   -5    -4    -3    -2    -1     0     1     2     3     4     5
```

Du kannst das auch gerne auf Papier zeichnen – am besten mit einem Lineal, damit es übersichtlich bleibt.

---

Wenn du möchtest, kann ich dir auch helfen, wie man **weitere negative Zahlen** oder **Addition/Subtraktion mit negativen Zahlen** auf der Zahlengeraden veranschaulicht. Sag einfach Bescheid! 😊"
"Numbers and Operations","Understanding and representing numbers","D","Wandle 3/4 in eine Dezimalzahl um.","Um den Bruch **3/4** in eine **Dezimalzahl** umzuwandeln, gibt es zwei gängige Methoden:

---

### 🔢 **Methode 1: Division ausführen**
Ein Bruch wie **3/4** bedeutet nichts anderes als **3 geteilt durch 4**.

Du rechnest also:
$$
3 \div 4 = 0{,}75
$$

✅ **Ergebnis:**  
**3/4 = 0,75**

---

### 🧮 **Methode 2: Erweitern auf einen Zehnerbruch**
Man kann versuchen, den Nenner (hier: 4) auf 10, 100 oder 1000 zu bringen, damit man die Dezimalzahl leicht ablesen kann.

Schritt für Schritt:

1. Erweitere **3/4** mit **25**, damit der Nenner 100 wird:
   $$
   \frac{3}{4} = \frac{3 \cdot 25}{4 \cdot 25} = \frac{75}{100}
   $$

2. Ein Bruch mit 100 im Nenner lässt sich leicht als Dezimalzahl schreiben:
   $$
   \frac{75}{100} = 0{,}75
   $$

✅ **Ergebnis:**  
**3/4 = 0,75**

---

### 📝 Zusammenfassung:
Egal ob du teilst oder erweiterst – am Ende erhältst du:
$$
\boxed{0{,}75}
$$

Wenn du weitere Brüche umwandeln willst, helfe ich dir gerne! 😊"
"Numbers and Operations","Understanding and representing numbers","D","Welcher Wert ist näher an Null: -3 oder -0,7?","Um herauszufinden, welcher Wert näher an Null ist — zwischen **-3** und **-0,7** —, musst du den **Abstand dieser Zahlen zur Null** betrachten. Das macht man am besten mit dem **Betrag** der Zahl.

### Schritt für Schritt:

1. Der **Betrag** einer Zahl ist immer ihre Entfernung zur Null — ohne Vorzeichen (also immer positiv).
   
   - |−3| = 3  
   - |−0,7| = 0,7

2. Jetzt vergleichst du die beiden Beträge:
   - 3 (von −3) ist größer als 0,7 (von −0,7).

3. Also ist **−0,7 näher an der Null** als −3.

### ✅ Antwort:
**−0,7 ist näher an Null als −3.**"
"Numbers and Operations","Understanding and representing numbers","E","Schreibe 4,56 als Bruch in einfachster Form.","Um die Zahl **4,56** als Bruch in **einfachster Form** (also gekürzt) darzustellen, folge diesen Schritten:

---

### 🔹 Schritt 1: Schreibe die Dezimalzahl als Bruch

Die Zahl **4,56** hat zwei Stellen nach dem Komma. Das bedeutet, du kannst sie als Bruch mit **Nenner 100** schreiben:

$$
4{,}56 = \frac{456}{100}
$$

---

### 🔹 Schritt 2: Kürze den Bruch so weit wie möglich

Suche den **größten gemeinsamen Teiler (ggT)** von 456 und 100.

#### Berechnung des ggT:
- Primfaktorzerlegung von 456:  
  $ 456 = 2^3 \cdot 3 \cdot 19 $
- Primfaktorzerlegung von 100:  
  $ 100 = 2^2 \cdot 5^2 $

Der größte gemeinsame Teiler besteht aus den gemeinsamen Faktoren mit kleinerem Exponenten:

$$
ggT(456, 100) = 2^2 = 4
$$

Jetzt teilst du Zähler und Nenner durch 4:

$$
\frac{456 \div 4}{100 \div 4} = \frac{114}{25}
$$

---

### ✅ Ergebnis:

$$
4{,}56 = \frac{114}{25}
$$

Und das ist bereits die einfachste Form, da sich **114 und 25 nicht weiter kürzen** lassen (sie haben keine gemeinsamen Teiler außer 1).

---

### 📌 Endgültige Antwort:
> **4,56 als Bruch in einfachster Form ist:**  
> $\boxed{\frac{114}{25}}$"
"Numbers and Operations","Understanding and representing numbers","E","Wandle 125 % in eine Dezimalzahl um.","Klar! Um **125 % in eine Dezimalzahl** umzuwandeln, folge diesen einfachen Schritten:

### Schritt 1: Verstehe die Bedeutung von Prozent
Das Wort **""Prozent""** bedeutet **""von Hundert""**.  
Das heißt:  
$$
125\% = \frac{125}{100}
$$

### Schritt 2: Teile durch 100
Rechne:
$$
\frac{125}{100} = 1{,}25
$$

### Fertig!
Die Dezimalzahl zu **125 %** ist also:
$$
\boxed{1{,}25}
$$

Wenn du magst, kann ich dir auch zeigen, wie man das im Kopf rechnen kann oder warum das so funktioniert. 😊"
"Numbers and Operations","Understanding and representing numbers","E","Was ist der absolute Wert von -1309?","Der **absolute Wert** einer Zahl ist ihr Abstand von **0 auf der Zahlengeraden**, **ohne Vorzeichen**. Das bedeutet, er ist immer **positiv oder 0**.

### So findest du den absoluten Wert von -1309:

- Die Zahl ist: **-1309**
- Der absolute Wert wird so geschrieben: **| -1309 |**
- Um den absoluten Wert zu erhalten, entfernst du einfach das Vorzeichen.

👉 **| -1309 | = 1309**

---

### Zusammenfassung:
- Der **absolute Wert** von **-1309** ist **1309**.
- Der absolute Wert von **1309** ist auch **1309**.

Beide haben den gleichen Abstand zur 0 – nur das Vorzeichen unterscheidet sie.

Falls du weitere Beispiele brauchst, helfe ich dir gerne! 😊"
"Numbers and Operations","Understanding and representing numbers","E","Wandle 2,125 in eine gemischte Bruch um.","Um die Zahl **2,125** in eine **gemischte Bruchdarstellung** umzuwandeln, folgst du diesen Schritten:

---

### 🟢 **Schritt 1: Verstehe die Zahl**
Die Zahl **2,125** besteht aus:
- Einem **ganzzahligen Teil**: **2**
- Und einem **Dezimalteil**: **0,125**

Unser Ziel ist es, den Dezimalteil (**0,125**) als Bruch darzustellen und ihn dann zum ganzzahligen Teil zu addieren.

---

### 🟡 **Schritt 2: Wandle 0,125 in einen Bruch um**

**0,125** bedeutet:
> 125 Tausendstel → also  
$$
0,125 = \frac{125}{1000}
$$

Jetzt kürzen wir diesen Bruch so weit wie möglich:

Finde den größten gemeinsamen Teiler (ggT) von 125 und 1000.  
Der ggT von 125 und 1000 ist **125**.

Also:
$$
\frac{125}{1000} = \frac{125 \div 125}{1000 \div 125} = \frac{1}{8}
$$

✅ Also ist:  
$$
0{,}125 = \frac{1}{8}
$$

---

### 🔵 **Schritt 3: Schreibe als gemischten Bruch**

Jetzt setzt du den ganzzahligen Teil (2) und den Bruch ($\frac{1}{8}$) zusammen:

$$
2{,}125 = 2 \frac{1}{8}
$$

---

### ✅ **Endergebnis:**
$$
\boxed{2 \frac{1}{8}}
$$

Das ist die Darstellung von **2,125 als gemischter Bruch**.

Wenn du möchtest, kann ich dir auch zeigen, wie man das ganze als unechten Bruch schreibt 😊"
"Numbers and Operations","Understanding and representing numbers","E","Welchen Stellenwert hat die 6 in der Zahl 3,067?","Um den **Stellenwert der 6** in der Zahl **3,067** zu bestimmen, schaust du dir an, an welcher Position die 6 in der Zahl steht.

### Gegebene Zahl:  
**3,067**

Diese Zahl ist eine Dezimalzahl. Wir können sie wie folgt aufteilen:

- **Vor dem Komma:**  
  - **3**: Das sind **Einer (E)**

- **Nach dem Komma:**  
  - **0**: **Zehntel (z)** → 1. Stelle nach dem Komma  
  - **6**: **Hundertstel (h)** → 2. Stelle nach dem Komma  
  - **7**: **Tausendstel (t)** → 3. Stelle nach dem Komma

---

### Die gesuchte Ziffer ist die **6**, und sie steht an der **zweiten Stelle nach dem Komma**.

➡️ Das bedeutet:  
Die **6** steht für **6 Hundertstel**, also **6 × 0,01 = 0,06**

---

### ✅ Antwort:
Der **Stellenwert der 6** in der Zahl **3,067** ist:  
👉 **Hundertstel (h)** oder **0,06**

Wenn du weitere Fragen hast oder etwas üben möchtest, helfe ich dir gerne! 😊"
"Numbers and Operations","Understanding and representing numbers","E","Drücke 7/8 als Dezimalzahl aus.","Um den Bruch **7/8** als Dezimalzahl darzustellen, musst du einfach die Division durchführen: **7 geteilt durch 8**.

### Schritt-für-Schritt:

1. Du rechnest **7 ÷ 8**.
2. Da 7 kleiner ist als 8, fügst du ein Komma ein und hängst eine 0 an (also 7,000...).

### Entweder mit schriftlicher Division:
```
   0,875
  _______
8 | 7,000
     - 0
     ----
      70
     -64  (8 × 8 = 64)
      ----
       60
      -56  (8 × 7 = 56)
       ----
        40
       -40  (8 × 5 = 40)
        ----
         0
```

### Oder du benutzt einen Taschenrechner:
7 ÷ 8 = **0,875**

---

✅ **Ergebnis:**  
**7/8 = 0,875**

Falls du noch mehr solcher Umwandlungen üben willst, helfe ich dir gerne!"
"Numbers and Operations","Understanding and representing numbers","F","Schreibe 3,2 × 10³ in der Standardform.","Klar! Lass uns die Matheaufgabe gemeinsam lösen:

**Aufgabe:**  
Schreibe $ 3{,}2 \times 10^3 $ in der **Standardform**.

---

### Schritt 1: Verstehe, was „Standardform“ bedeutet

Die **Standardform** (auch **wissenschaftliche Schreibweise**) ist eine Methode, um sehr große oder sehr kleine Zahlen übersichtlich darzustellen. Sie hat die Form:

$$
a \times 10^n
$$

Dabei gilt:
- $ 1 \leq a < 10 $ → also eine Zahl mit genau **einer** Ziffer vor dem Komma (ungleich 0)
- $ n $ ist eine ganze Zahl (positiv oder negativ)

Deine Zahl $ 3{,}2 \times 10^3 $ ist **bereits in Standardform**, weil:
- 3,2 liegt zwischen 1 und 10
- 10 wird mit dem Exponenten 3 potenziert

---

### Schritt 2: Wenn du die Zahl als „gewöhnliche Dezimalzahl“ schreiben solltest

Manchmal wird mit „Standardform“ auch einfach die **normale Schreibweise als Dezimalzahl** gemeint – je nach Schulstufe oder Lehrer.

Also rechnen wir aus:

$$
3{,}2 \times 10^3 = 3{,}2 \times 1000 = 3200
$$

---

### ✅ Lösung:

Wenn du $ 3{,}2 \times 10^3 $ als gewöhnliche Zahl schreiben sollst, lautet das Ergebnis:

$$
\mathbf{3200}
$$

Falls du aber wirklich die **Standardform** meinst — dann ist $ 3{,}2 \times 10^3 $ **schon richtig**.

---

Wenn du mir nochmal genau sagst, was in der Aufgabenstellung gemeint war (gewöhnliche Zahl oder wissenschaftliche Schreibweise), kann ich es noch genauer erklären 😊"
"Numbers and Operations","Understanding and representing numbers","F","Schreibe √50 als Dezimalzahl mit zwei Dezimalstellen.","Um die Wurzel aus 50, also √50, als Dezimalzahl mit **zwei Dezimalstellen** zu schreiben, kannst du folgendermaßen vorgehen:

---

### Schritt 1: Verstehe, was √50 bedeutet

√50 ist die Zahl, die mit sich selbst multipliziert 50 ergibt:
$$
x \cdot x = 50
$$

---

### Schritt 2: Schätze grob ab

Du weißt:
- √49 = 7  
- √64 = 8  

Also muss √50 zwischen **7 und 8** liegen.

---

### Schritt 3: Nähere dich an (z. B. mit dem Heron-Verfahren oder einfach Probieren)

Versuchen wir es mit ein paar Versuchen:

- $ 7.0^2 = 49 $
- $ 7.1^2 = 50.41 $ → zu groß
- $ 7.0^2 = 49 $
- $ 7.05^2 = 49.7025 $
- $ 7.07^2 = 50.0049 $
- $ 7.08^2 = 50.1264 $

Jetzt siehst du:
- 7.07² ≈ 50.0049 (fast genau 50)
- 7.08² > 50.1 → zu groß

Also liegt √50 zwischen **7.07 und 7.08**, aber näher an 7.07.

---

### Schritt 4: Runde auf zwei Dezimalstellen

Da √50 ungefähr **7.07…** ist, runden wir auf **zwei Stellen nach dem Komma**:

$$
\sqrt{50} \approx 7.07
$$

---

### ✅ Endergebnis:

$$
\sqrt{50} \approx \mathbf{7.07}
$$

Wenn du magst, kann ich dir auch zeigen, wie man das mit dem **Heron-Verfahren** genauer berechnet!"
"Numbers and Operations","Understanding and representing numbers","F","Schätze den Wert von √65 ohne Taschenrechner.","Klar! Um den Wert von √65 (also der **Wurzel aus 65**) ohne Taschenrechner abzuschätzen, kannst du dich an die Quadratzahlen erinnern, die in der Nähe von 65 liegen.

### Schritt 1: Kenne die Quadratzahlen um 65 herum
Du solltest wissen, dass:

- $ 8^2 = 64 $
- $ 9^2 = 81 $

Die Zahl 65 liegt zwischen 64 und 81, also liegt √65 zwischen 8 und 9.

### Schritt 2: Verfeinere die Schätzung
Da 65 nur **1 größer als 64** ist, ist √65 nur **etwas größer als 8**.

Stell dir vor:  
Die Differenz zwischen 64 und 81 ist 17.  
65 ist nur 1 Einheit über 64.

Also:
$$
\sqrt{65} \approx 8 + \frac{1}{17} \approx 8,06
$$

Das ist eine grobe lineare Näherung – aber schon ziemlich gut!

### Schritt 3: Prüfen durch Quadrieren
Um zu sehen, ob das hinhaut, rechnest du:
$$
8{,}06^2 = (8 + 0{,}06)^2 = 8^2 + 2 \cdot 8 \cdot 0{,}06 + 0{,}06^2 = 64 + 0{,}96 + 0{,}0036 = 64{,}9636
$$

Das ist schon sehr nahe an 65 dran!

---

### Fazit:
Der ungefähre Wert von √65 ist etwa **8,06 bis 8,1**.  
Der genaue Wert ist ca. **8,0623**, also hast du mit dieser Methode schon eine gute Schätzung!

Wenn du willst, kann ich dir auch zeigen, wie man das noch genauer berechnen kann – zum Beispiel mit dem Heron-Verfahren. Sag einfach Bescheid! 😊"
"Numbers and Operations","Understanding and representing numbers","F","Schreibe 0,00072 in wissenschaftlicher Notation.","Klar! Um die Zahl **0,00072** in **wissenschaftlicher Notation** (auch: Exponentialdarstellung) zu schreiben, folge diesen Schritten:

---

### 🔍 Was ist wissenschaftliche Notation?
Die wissenschaftliche Notation hat die Form:

$$
a \cdot 10^n
$$

Dabei gilt:
- $ a $ ist eine Zahl zwischen **1 und 10** (also: $ 1 \leq a < 10 $)
- $ n $ ist eine ganze Zahl (positiv oder negativ)

---

### 🧮 Gegeben:  
Zahl = **0,00072**

Wir wollen diese Zahl so verschieben (Komma verschieben), dass wir eine Zahl zwischen 1 und 10 erhalten.

---

### ✏️ Schritt-für-Schritt:

Starte mit:

$$
0{,}00072 = 7{,}2 \cdot 10^{-4}
$$

Warum?

- Du verschiebst das Komma um **4 Stellen nach rechts**, um auf **7,2** zu kommen.
- Da du die Zahl **vergrößert** hast, musst du dies durch ein **$10^{-4}$** ausgleichen (weil die ursprüngliche Zahl kleiner war).

---

### ✅ Ergebnis:

$$
\mathbf{0{,}00072 = 7{,}2 \cdot 10^{-4}}
$$

Das ist die Darstellung in **wissenschaftlicher Notation**.

---

Wenn du magst, kann ich dir auch erklären, wie es funktioniert, wenn du eine große Zahl wie z. B. 583 000 umwandeln willst. 😊"
"Numbers and Operations","Understanding and representing numbers","F","Wandle die Zahl 125 in das Binärsystem um.","Um die Zahl **125** ins **Binärsystem (Zweiersystem)** umzuwandeln, gibt es eine einfache Methode: **mehrmalsiges Dividieren durch 2 mit Rest**. Du teilst die Zahl immer wieder durch 2 und notierst dir den Rest. Am Ende liest du die Reste von **unten nach oben**, um die Binärzahl zu erhalten.

---

### Schritt-für-Schritt-Umwandlung:

1. **125 ÷ 2 = 62**, **Rest: 1**
2. **62 ÷ 2 = 31**, **Rest: 0**
3. **31 ÷ 2 = 15**, **Rest: 1**
4. **15 ÷ 2 = 7**, **Rest: 1**
5. **7 ÷ 2 = 3**, **Rest: 1**
6. **3 ÷ 2 = 1**, **Rest: 1**
7. **1 ÷ 2 = 0**, **Rest: 1**

---

### Jetzt liest du die Reste von unten nach oben:
**1111101**

---

### ✅ Ergebnis:
Die Zahl **125 im Dezimalsystem** ist gleich **1111101 im Binärsystem**.

---

Wenn du willst, kann ich dir auch erklären, warum das so funktioniert! 😊"
"Numbers and Operations","Understanding and representing numbers","F","Ist 4,333... (wiederholend) eine rationale oder irrationale Zahl? Warum?","Die Zahl **4,333...** (wobei sich die 3 unendlich oft wiederholt) ist eine **rationale Zahl**. Hier erfährst du warum:

---

### 🔍 Was ist eine **rationale Zahl**?

Eine **rationale Zahl** ist jede Zahl, die man als **Bruch zweier ganzer Zahlen** darstellen kann, also in der Form:

$$
\frac{a}{b} \quad \text{mit } a, b \in \mathbb{Z} \text{ und } b \neq 0
$$

Dazu gehören:
- Endliche Dezimalzahlen (z. B. 2,5 = 5⁄2)
- **Periodische Dezimalzahlen** (z. B. 0,333… = 1⁄3)

---

### 📌 Schritt-für-Schritt: Umwandlung von 4,333... in einen Bruch

Wir wollen zeigen, dass sich 4,333... als Bruch schreiben lässt.

#### 1. Setze die Zahl gleich einer Variablen:
$$
x = 4{,}333...
$$

#### 2. Multipliziere mit 10, um die Periode vor das Komma zu bringen:
$$
10x = 43{,}333...
$$

#### 3. Schreibe die Originalzahl nochmal darunter:
$$
x = 4{,}333...
$$

#### 4. Subtrahiere beide Gleichungen:
$$
10x - x = 43{,}333... - 4{,}333...
$$
$$
9x = 39
$$

#### 5. Löse nach $ x $ auf:
$$
x = \frac{39}{9}
$$

#### 6. Kürze den Bruch:
$$
x = \frac{13}{3}
$$

---

### ✅ Ergebnis:

Die Zahl **4,333...** lässt sich als **Bruch $\frac{13}{3}$** schreiben → also ist sie eine **rationale Zahl**.

---

### 🧠 Merkregel:

- Ist die Dezimalzahl **endlich** oder **periodisch**, dann ist sie **rational**.
- Ist sie **nicht endlich** und **nicht periodisch**, dann ist sie **irrational** (z. B. π oder √2).

---

### 🎉 Fazit:

**4,333... ist eine rationale Zahl**, weil sie sich als Bruch $\frac{13}{3}$ darstellen lässt."
"Numbers and Operations","Understanding and representing numbers","F","Welcher der folgenden Zahlen ist irrational: 3,14159, 22/7, π?","Gerne! Lass uns die Aufgabe gemeinsam durchgehen. Du sollst entscheiden, welche der folgenden Zahlen **irrational** ist:

- 3,14159  
- 22/7  
- π (Pi)

### Erinnerung: Was bedeutet „irrationale Zahl“?

Eine **irrationale Zahl** ist eine Zahl, die **nicht als Bruch zweier ganzer Zahlen** dargestellt werden kann. Das bedeutet:
- Sie hat **unendlich viele Nachkommastellen**, 
- und diese sind **nicht periodisch** (also nicht sich wiederholende Muster).

Zum Vergleich:
- Eine **rationale Zahl** lässt sich immer als Bruch darstellen, z.B. $ \frac{1}{2} = 0{,}5 $ oder $ \frac{1}{3} = 0{,}\overline{3} $. Diese haben entweder endliche oder periodische Dezimalstellen.

---

### Schauen wir uns jetzt die drei Zahlen an:

#### 1. **3,14159**

Das ist eine **endliche Dezimalzahl** mit nur fünf Nachkommastellen. Man kann sie als Bruch schreiben:

$$
3{,}14159 = \frac{314159}{100000}
$$

✅ **Rationale Zahl**

---

#### 2. **22/7**

Dies ist bereits als **Bruch** gegeben – also per Definition eine rationale Zahl.

Wenn du es als Dezimalzahl ausrechnest:

$$
\frac{22}{7} \approx 3{,}142857142857\ldots
$$

Die Nachkommastellen sehen zwar lang aus, aber sie **wiederholen sich irgendwann** – das ist typisch für rationale Zahlen.

✅ **Rationale Zahl**

---

#### 3. **π (Pi)**

π ist eine sehr berühmte irrationale Zahl. Ihr Wert ist ungefähr:

$$
\pi = 3{,}141592653589793\ldots
$$

Aber anders als bei den ersten beiden Zahlen:
- Die Nachkommastellen gehen **unendlich weiter**
- Und sie **wiederholen sich niemals periodisch**

➡️ Es wurde mathematisch bewiesen, dass π **nicht als Bruch** geschrieben werden kann.

✅ **Irrationale Zahl**

---

### ✅ **Antwort: Die irrationale Zahl ist π (Pi).**

Hast du Lust, dass ich dir auch kurz erkläre, warum π irrational ist?"
"Numbers and Operations","Understanding and representing numbers","G","Wandle 5¼ in einen unechten Bruch um.","Klar! Um die gemischte Zahl **5¼** in einen **unechten Bruch** umzuwandeln, folge diesen Schritten:

### Gegeben:
Die Zahl ist **5¼**, das bedeutet:
- **Ganze Zahl:** 5  
- **Bruchteil:** ¼ (also 1⁄4)

---

### Schritt-für-Schritt-Anleitung:

1. **Wandle die ganze Zahl in Viertel um:**
   - Jede ganze Zahl entspricht in diesem Fall **4/4** (weil der Nenner 4 ist).
   - Also sind 5 Ganze = 5 × 4⁄4 = **20⁄4**

2. **Addiere den Bruchteil (¼) dazu:**
   - Du hast bereits **20⁄4** und dazu kommt noch **1⁄4**
   - 20⁄4 + 1⁄4 = **21⁄4**

---

### Ergebnis:
**5¼ als unechter Bruch ist also: 21⁄4**

Das bedeutet, dass 5¼ genau **21 Viertel** entspricht.

Wenn du willst, kann ich dir auch zeigen, wie man das allgemein mit anderen gemischten Zahlen macht. 😊"
"Numbers and Operations","Understanding and representing numbers","G","Trage die Zahlen 3/4, √2 und –1,5 auf einer Zahlengeraden ein.","Klar! Lass uns Schritt für Schritt durchgehen, wie du die Zahlen **3/4**, **√2** und **–1,5** auf einer **Zahlengeraden** eintragen kannst.

---

### 🔹 1. Was ist eine Zahlengerade?

Eine **Zahlengerade** ist eine Gerade, auf der Zahlen als Punkte dargestellt werden.  
- Die **0** ist in der Mitte.
- **Positive Zahlen** liegen rechts davon,
- **Negative Zahlen** links davon.
- Je weiter rechts eine Zahl ist, desto größer ist ihr Wert.

---

### 🔹 2. Die drei Zahlen verstehen

#### a) **3/4**
Das ist ein Bruch.  
**3 ÷ 4 = 0,75**

➡️ Also liegt 3/4 zwischen **0 und 1**, genauer bei **0,75**.

#### b) **√2 (Wurzel aus 2)**
Die Wurzel aus 2 ist eine irrationale Zahl.  
**√2 ≈ 1,4142**

➡️ Das liegt zwischen **1 und 2**, etwa bei **1,41**.

#### c) **–1,5**
Das ist eine negative Zahl.  
**–1,5 = –1 1/2**

➡️ Das liegt zwischen **–2 und –1**, genau in der Mitte.

---

### 🔹 3. Wie zeichnest du das?

So trägst du die Zahlen auf einer Zahlengeraden ein:

#### ✏️ Schritt 1: Zeichne die Zahlengerade
- Male eine gerade Linie.
- Markiere den Punkt **0** in der Mitte.
- Trage dann in regelmäßigen Abständen Striche für ganze Zahlen, z. B. von **–2 bis +2**.

```
<––|––|––|––|––>
 -2 -1  0  1  2
```

#### ✏️ Schritt 2: Trage die Zahlen ein
- **–1,5**: Zwischen –2 und –1, genau in der Mitte → ein Strich links von der 0.
- **3/4 = 0,75**: Zwischen 0 und 1, fast bei der 1 → ein Strich rechts von der 0.
- **√2 ≈ 1,41**: Zwischen 1 und 2, näher an der 1 → ein Strich etwas rechts neben der 1.

#### ✏️ Schritt 3: Beschrifte jeden Punkt
Schreibe unter oder über jeden eingezeichneten Punkt die passende Zahl dazu:
- Bei –1,5: „–1,5“
- Bei 0,75: „3/4“ oder „0,75“
- Bei ca. 1,41: „√2“

---

### 📌 Zusammenfassung:

| Zahl     | Gerundeter Wert | Position auf der Zahlengeraden |
|----------|------------------|-------------------------------|
| –1,5     | –1,5             | Zwischen –2 und –1            |
| 3/4      | 0,75             | Zwischen 0 und 1              |
| √2       | ~1,41            | Zwischen 1 und 2              |

---

Wenn du möchtest, kann ich dir auch gerne eine Skizze beschreiben oder dir helfen, wie man das in einem bestimmten Maßstab auf Karopapier darstellt. Sag einfach Bescheid! 😊"
"Numbers and Operations","Understanding and representing numbers","G","Schätze die Position von √5 auf einer Zahlengeraden.","Natürlich! Um die Position von **√5** auf einer Zahlengeraden abzuschätzen, kannst du dich an folgende Schritte halten:

---

### 📌 Schritt 1: Verstehe, was √5 bedeutet  
Die Wurzel aus 5 (√5) ist **die Zahl**, die mit sich selbst multipliziert **5 ergibt**:

$$
\sqrt{5} \cdot \sqrt{5} = 5
$$

---

### 📌 Schritt 2: Such dir Quadratzahlen zum Vergleichen  
Überlege dir Quadratzahlen in der Nähe von 5:

- $ \sqrt{4} = 2 $
- $ \sqrt{9} = 3 $

Da 5 zwischen 4 und 9 liegt, muss √5 zwischen 2 und 3 liegen.

$$
2 < \sqrt{5} < 3
$$

---

### 📌 Schritt 3: Nähere dich genauer an  
Jetzt kannst du schätzen, **wo genau** √5 zwischen 2 und 3 liegt. Dazu probierst du einfach ein paar Zahlen aus:

- $ 2{,}2^2 = 4{,}84 $
- $ 2{,}3^2 = 5{,}29 $

Da $ 2{,}2^2 = 4{,}84 $ noch unter 5 liegt und $ 2{,}3^2 = 5{,}29 $ schon darüber, gilt:

$$
2{,}2 < \sqrt{5} < 2{,}3
$$

---

### 📌 Schritt 4: Noch genauer (optional)  
Du kannst weiter verfeinern:

- $ 2{,}23^2 = 4{,}9729 $
- $ 2{,}24^2 = 5{,}0176 $

Also:

$$
2{,}23 < \sqrt{5} < 2{,}24
$$

---

### ✅ Ergebnis:
Die Zahl √5 liegt ungefähr bei **2,236**, also:

$$
\sqrt{5} \approx 2{,}236
$$

---

### 📐 Auf der Zahlengeraden eintragen:
Wenn du eine Zahlengerade von 0 bis 5 hast:
- Trage √5 etwas **rechts neben 2,2** ein – etwa bei **2,24**, also knapp vor 2,25.

---

### 💡 Tipp:
Merke dir gern diese Näherung:  
$$
\sqrt{5} \approx 2{,}236
$$

Das hilft dir oft in Matheaufgaben!

---

Wenn du willst, kann ich dir auch zeigen, wie man das näherungsweise **ohne Taschenrechner** berechnet 😊"
"Numbers and Operations","Understanding and representing numbers","G","Ist 11/7 näher an 1 oder an 2? Begründe deine Antwort.","Um herauszufinden, ob **11/7** näher an **1** oder an **2** liegt, kannst du folgendermaßen vorgehen:

---

### **Schritt 1: Verwandle den Bruch in eine Dezimalzahl**
Das macht es einfacher zu verstehen, wo **11/7** auf dem Zahlenstrahl liegt.

$$
\frac{11}{7} = 1,571428...
$$

Also ist **11/7 ≈ 1,571**.

---

### **Schritt 2: Vergleiche den Abstand zu 1 und zu 2**

- Abstand zu **1**:
  $$
  1,571 - 1 = 0,571
  $$

- Abstand zu **2**:
  $$
  2 - 1,571 = 0,429
  $$

---

### **Schritt 3: Vergleiche die beiden Abstände**

- **Abstand zu 1**: ca. **0,571**
- **Abstand zu 2**: ca. **0,429**

Da **0,429 < 0,571**, ist **11/7 näher an 2** als an 1.

---

### ✅ **Antwort:**
**11/7 ist näher an 2 als an 1**, weil der Abstand von 11/7 zu 2 (ca. 0,429) kleiner ist als der Abstand zu 1 (ca. 0,571).

---

Wenn du magst, können wir das auch mit Brüchen statt Dezimalzahlen rechnen – sag einfach Bescheid!"
"Numbers and Operations","Understanding and representing numbers","H","Wandle die Dezimalzahl 156 in das Binär- und das Hexadezimalsystem um.","Klar! Wir wandeln die Dezimalzahl **156** in das **Binär-** und das **Hexadezimalsystem** um. Dafür gibt es systematische Methoden – ich zeige dir beide Schritte im Detail.

---

## 🔁 Umwandlung in das **Binärsystem (Zweiersystem)**

### Methode: Division mit Rest durch 2

Wir teilen die Zahl immer wieder durch 2 und notieren den Rest, bis wir bei 0 ankommen. Die Binärzahl ergibt sich dann aus den Resten — von unten nach oben gelesen.

#### Schritt für Schritt:

1. $ 156 \div 2 = 78 $ → Rest: **0**
2. $ 78 \div 2 = 39 $ → Rest: **0**
3. $ 39 \div 2 = 19 $ → Rest: **1**
4. $ 19 \div 2 = 9 $ → Rest: **1**
5. $ 9 \div 2 = 4 $ → Rest: **1**
6. $ 4 \div 2 = 2 $ → Rest: **0**
7. $ 2 \div 2 = 1 $ → Rest: **0**
8. $ 1 \div 2 = 0 $ → Rest: **1**

Jetzt liest du die Reste von **unten nach oben**:  
→ **10011100**

✅ **Ergebnis:**  
**156 (Dezimal) = 10011100 (Binär)**

---

## 🔁 Umwandlung in das **Hexadezimalsystem**

### Methode: Division mit Rest durch 16

Wir teilen jetzt durch 16 und notieren den Rest. Hexadezimale Ziffern gehen bis F (für 15).

#### Schritt für Schritt:

1. $ 156 \div 16 = 9 $ → Rest: **12** → 12 entspricht **C** in Hex
2. $ 9 \div 16 = 0 $ → Rest: **9**

Wieder von unten nach oben lesen:  
→ **9C**

✅ **Ergebnis:**  
**156 (Dezimal) = 9C (Hexadezimal)**

---

## 📌 Zusammenfassung:

| System        | Zahl     |
|---------------|----------|
| Dezimal       | 156      |
| Binär         | 10011100 |
| Hexadezimal   | 9C       |

Wenn du magst, kann ich dir auch erklären, wie man zwischen Binär und Hexadezimal direkt umrechnet (ohne Umweg über Dezimal), das ist manchmal schneller. 😊"
"Numbers and Operations","Understanding and representing numbers","H","Stelle die hexadezimale Zahl 1A3 in binärer Form dar.","Natürlich! Lass uns die **hexadezimale Zahl 1A3** Schritt für Schritt in eine **binäre (duale) Zahl** umwandeln.

---

### 🔢 Gegebene Zahl:  
**1A3₁₆** (also im Hexadezimalsystem, Basis 16)

Ziel: Umwandlung in das **Binärsystem (Basis 2)** → **?₂**

---

## 🧩 Schritt 1: Verstehe das Hexadezimalsystem

Im Hexadezimalsystem gibt es 16 Ziffern:

| Dezimal | Hex |
|--------|-----|
| 0–9    | 0–9 |
| 10     | A   |
| 11     | B   |
| 12     | C   |
| 13     | D   |
| 14     | E   |
| 15     | F   |

Jede hexadezimale Ziffer entspricht **vier binären Ziffern (Bits)**, weil $ 16 = 2^4 $.

---

## ✏️ Schritt 2: Jede Hex-Ziffer einzeln in 4-Bit-Binärzahl umrechnen

Die Zahl ist:  
**1 A 3**

Wir wandeln jede Ziffer einzeln um:

- **1₁₆ = 0001₂**
- **A₁₆ = 10₁₀ = 1010₂**
- **3₁₆ = 0011₂**

> Tipp: Du kannst dir eine kleine Tabelle merken oder skizzieren:
>
> | Hex | Binär |
> |-----|--------|
> | 0   | 0000   |
> | 1   | 0001   |
> | 2   | 0010   |
> | 3   | 0011   |
> | 4   | 0100   |
> | 5   | 0101   |
> | 6   | 0110   |
> | 7   | 0111   |
> | 8   | 1000   |
> | 9   | 1001   |
> | A   | 1010   |
> | B   | 1011   |
> | C   | 1100   |
> | D   | 1101   |
> | E   | 1110   |
> | F   | 1111   |

---

## 📌 Schritt 3: Alles hintereinander schreiben

Setze die Binärgruppen zusammen:

- 1 → **0001**
- A → **1010**
- 3 → **0011**

Also:  
**1A3₁₆ = 0001 1010 0011₂**

Wenn führende Nullen nicht benötigt werden, kann man sie weglassen:

👉 **1A3₁₆ = 110100011₂**

---

## ✅ Endgültige Antwort:
**1A3 im Hexadezimalsystem ist gleich 110100011 im Binärsystem.**

---

Wenn du willst, kann ich dir auch zeigen, wie man das über den Umweg Dezimal rechnet – sag einfach Bescheid! 😊"
"Numbers and Operations","Understanding and representing numbers","H","Schreibe die Binärzahl 101101,11 als Dezimalzahl.","Um die Binärzahl **101101,11** in eine Dezimalzahl umzuwandeln, gehen wir wie folgt vor:

---

### 🔢 Schritt 1: Verstehe die Stellenwerte im Binärsystem

Im Binärsystem besteht jede Ziffer aus einer Potenz von 2.  
Die Stellen links vom Komma sind $ 2^0, 2^1, 2^2, \dots $,  
und die Stellen rechts vom Komma sind $ 2^{-1}, 2^{-2}, \dots $

Die Zahl **101101,11** sieht also so aufgebaut:

```
1   0   1   1   0   1 , 1   1
↑   ↑   ↑   ↑   ↑   ↑   ↑   ↑
5   4   3   2   1   0  -1  -2
2   2   2   2   2   2   2   2
```

Also:

| Position | Binärziffer | Wert (2^Position) |
|----------|-------------|--------------------|
| 5        | 1           | $ 2^5 = 32 $     |
| 4        | 0           | $ 2^4 = 16 $     |
| 3        | 1           | $ 2^3 = 8 $      |
| 2        | 1           | $ 2^2 = 4 $      |
| 1        | 0           | $ 2^1 = 2 $      |
| 0        | 1           | $ 2^0 = 1 $      |
| -1       | 1           | $ 2^{-1} = 0{,}5 $ |
| -2       | 1           | $ 2^{-2} = 0{,}25 $ |

---

### 🧮 Schritt 2: Addiere alle Werte

Zuerst der **ganzzahlige Teil** (vor dem Komma):

$$
1 \cdot 2^5 + 0 \cdot 2^4 + 1 \cdot 2^3 + 1 \cdot 2^2 + 0 \cdot 2^1 + 1 \cdot 2^0 \\
= 32 + 0 + 8 + 4 + 0 + 1 = 45
$$

Jetzt der **Dezimalteil** (nach dem Komma):

$$
1 \cdot 2^{-1} + 1 \cdot 2^{-2} = 0{,}5 + 0{,}25 = 0{,}75
$$

---

### ✅ Schritt 3: Gesamt addieren

$$
45 + 0{,}75 = 45{,}75
$$

---

### 🎉 Endgültige Antwort:

> Die Binärzahl **101101,11** entspricht der Dezimalzahl **45,75**.

Wenn du magst, kann ich dir auch zeigen, wie man das mit einem Schema oder Tabelle noch übersichtlicher berechnet. 😊"
"Numbers and Operations","Understanding and representing numbers","H","Bestimme, welche der folgenden Zahlen irrational ist: π, 22⁄7, √2, √16.","Gerne! Lass uns die Zahlen eine nach der anderen anschauen, um zu verstehen, **welche davon irrational** ist.

---

### 🔍 Erstmal kurz: Was bedeutet *irrational*?

Eine Zahl ist **irrational**, wenn sie **nicht als Bruch zweier ganzer Zahlen** geschrieben werden kann. Das heißt:

- Sie hat **unendlich viele Nachkommastellen**
- Die Nachkommastellen sind **nicht periodisch**

Ein bekanntes Beispiel dafür ist etwa π oder √2.

---

### 📋 Jetzt schauen wir uns jede Zahl an:

#### 1. **π (Pi)**

- Pi ist die Kreiszahl:  
  **π ≈ 3,1415926535...**
- Die Nachkommastellen gehen **unendlich weiter**, und sie wiederholen sich **nicht regelmäßig**.
- ✅ **π ist irrational.**

#### 2. **22⁄7**

- Das ist ein **Bruch**:  
  **22 ÷ 7 ≈ 3,142857142857...**
- Der Dezimalbruch ist **periodisch** (die Folge ""142857"" wiederholt sich).
- ❌ **22⁄7 ist rational.**

> Hinweis: Obwohl 22⁄7 oft als Näherung für π benutzt wird, ist es **nicht gleich π**!

#### 3. **√2 (Wurzel aus 2)**

- √2 ≈ 1,41421356237...
- Es lässt sich **mathematisch beweisen**, dass √2 **keine rationale Zahl** ist – man kann sie nicht als Bruch darstellen.
- ✅ **√2 ist irrational.**

#### 4. **√16**

- √16 = 4
- Das ist eine **ganze Zahl**, also auch eine **rationale Zahl**.
- ❌ **√16 ist rational.**

---

### ✅ Fazit: Welche dieser Zahlen ist irrational?

Von den vier Zahlen sind **zwei irrational**:

- **π**
- **√2**

Wenn in der Aufgabe nur nach **einer** irrationalen Zahl gefragt wird, dann kannst du z. B. **π** oder **√2** angeben.

---

### 🧠 Noch ein Tipp zum Merken:
- Bekannte irrationale Zahlen:  
  **π**, **e**, **√2**, **√3**, usw.
- Endliche oder periodische Dezimalzahlen sind immer **rational**.

---

Wenn du willst, kann ich dir auch erklären, **wie man beweist, dass √2 irrational ist** – das ist ein schöner klassischer Beweis aus der Mathematik! 😊"
"Numbers and Operations","Understanding and representing numbers","H","Vergleiche 0x2F (hexadezimal) und 47 (dezimal) – sind sie gleich?","Um zu prüfen, ob **0x2F (hexadezimal)** und **47 (dezimal)** gleich sind, musst du beide Zahlen in das gleiche Zahlensystem umrechnen – am besten ins Dezimale, da du damit vermutlich vertrauter bist.

---

### 🔹 Schritt 1: Verstehe die Zahl 0x2F
Die Schreibweise **0x** vor einer Zahl bedeutet, dass es sich um eine **hexadezimale** Zahl handelt.  
Also ist **0x2F = 2F in Hex**.

Hexadezimal hat 16 Ziffern:
```
0, 1, 2, 3, 4, 5, 6, 7, 8, 9, A, B, C, D, E, F
```
Dabei steht  
- **A = 10**  
- **B = 11**  
- **C = 12**  
- **D = 13**  
- **E = 14**  
- **F = 15**

---

### 🔹 Schritt 2: Wandle 2F (hex) in dezimal um

Zerlege die Zahl:

| Stelle | Wert (hex) | Bedeutung         | Wert (dez) |
|--------|------------|-------------------|------------|
| 2      | 2          | 2 × 16¹           | 2 × 16 = 32 |
| F      | 15         | 15 × 16⁰          | 15 × 1 = 15 |

Addiere die Werte zusammen:

$$
32 + 15 = 47
$$

---

### ✅ Ergebnis:
- **0x2F (hexadezimal) = 47 (dezimal)**
- Also: **Ja, sie sind gleich!**

---

### 🧠 Merke:
- Um zwei Zahlen aus verschiedenen Zahlensystemen zu vergleichen, wandele sie ins gleiche System um.
- In der Informatik ist es oft nützlich, mit allen drei Systemen vertraut zu sein: **Dezimal**, **Hexadezimal** und **Binär**.

Wenn du willst, kann ich dir auch zeigen, wie man das im Binärsystem macht 😊"
"Numbers and Operations","Understanding and representing numbers","H","Schreibe die wiederkehrende Dezimalzahl 0,142857... als Bruch.","Die wiederkehrende (periodische) Dezimalzahl $ 0{,}142857142857\ldots $ ist ein periodischer Dezimalbruch mit der Periode **142857**.

Wir können diese Zahl wie folgt in einen Bruch umwandeln:

---

### Schritt 1: Variable einführen

Sei  
$$
x = 0{,}142857142857\ldots
$$

Die Periode ist **sechs Stellen lang**, also multiplizieren wir mit $10^6 = 1\,000\,000$, um die Periode „nach vorne“ zu schieben:

$$
1\,000\,000 \cdot x = 142857{,}142857142857\ldots
$$

Außerdem gilt:
$$
x = 0{,}142857142857\ldots
$$

---

### Schritt 2: Subtrahiere die beiden Gleichungen

$$
1\,000\,000x - x = 142857{,}142857\ldots - 0{,}142857\ldots
$$

$$
999\,999x = 142857
$$

---

### Schritt 3: Nach $x$ auflösen

$$
x = \frac{142857}{999999}
$$

---

### Schritt 4: Kürzen des Bruchs

Jetzt kürzen wir den Bruch. Dazu bestimmen wir den größten gemeinsamen Teiler (ggT) von 142857 und 999999.

Es stellt sich heraus, dass:

$$
\text{ggT}(142857, 999999) = 142857
$$

Also:

$$
\frac{142857}{999999} = \frac{1}{7}
$$

---

### ✅ Endergebnis:

$$
\boxed{0{,}142857142857\ldots = \frac{1}{7}}
$$

---

Wenn du magst, kann ich dir auch erklären, warum genau diese Periode bei $\frac{1}{7}$ auftritt."
"Numbers and Operations","Understanding and performing operations","B","Was ergibt 6 + 7? ______","Klar! Die Aufgabe lautet:

**6 + 7 = ?**

Du sollst also die Summe von 6 und 7 berechnen.

### Schritt-für-Schritt-Erklärung:

1. **Zähle 6 und 7 zusammen:**
   Du kannst dir vorstellen, dass du 6 Äpfel hast und dann noch 7 dazu bekommst.

2. **Rechnen:**
   6 + 7 = **13**

### Lösung:
**6 + 7 = 13**

Du kannst auch einen Trick benutzen, wenn dir das weiterhilft:
- Zerlege z. B. die 7 in 4 + 3.
- Rechne zuerst 6 + 4 = 10
- Dann 10 + 3 = **13**

Fertig!  
Die Antwort ist also:  
**6 + 7 = 13** ✅

Wenn du willst, kann ich dir auch Übungsaufgaben oder weitere Erklärungen geben. 😊"
"Numbers and Operations","Understanding and performing operations","B","Vervollständige die Gleichung: 9 + ___ = 14","Klar! Du sollst die Gleichung **„9 + ___ = 14“** vervollständigen. Das bedeutet, du suchst die Zahl, die man zu **9** addieren muss, um **14** zu erhalten.

### Schritt für Schritt:

Du willst wissen:
> **Welche Zahl plus 9 ergibt 14?**

Das kannst du dir auch so überlegen:
> **14 minus 9 = ?**

Rechnen wir das aus:
$$
14 - 9 = 5
$$

Also ist die gesuchte Zahl **5**.

### Vervollständigte Gleichung:
$$
9 + \underline{5} = 14
$$

Fertig! 😊  
Wenn du mehr solcher Aufgaben hast, helfe ich dir gerne wieder!"
"Numbers and Operations","Understanding and performing operations","B","Finde das Ergebnis von 25 + 10 = ______","Die Aufgabe **25 + 10 = ______** ist eine einfache Addition (Plus-Rechnung). So kannst du sie lösen:

### Schritt für Schritt:
1. **Zerlege die Zahlen:**  
   - 25 besteht aus 20 und 5.
   - 10 bleibt einfach 10.

2. **Addiere zuerst die Zehner:**  
   - 20 + 10 = 30

3. **Füge dann die Einer hinzu:**  
   - 30 + 5 = 35

### Oder so noch einfacher:
Du kannst auch direkt **25 + 10** rechnen – das bedeutet, du zählst zu 25 einfach 10 dazu:
- 25 + 10 = 35

### ✅ Ergebnis:
**35**

Wenn du willst, kann ich dir auch zeigen, wie man das mit einem Zahlenstrahl oder mit Stellenwerttafeln macht!"
"Numbers and Operations","Understanding and performing operations","B","Was ist 6 + 6 + 6? ______","Klar! Die Aufgabe lautet:

**6 + 6 + 6**

Du sollst also drei Mal die Zahl 6 zusammenzählen (addieren). So kannst du es Schritt für Schritt lösen:

1. Addiere zuerst die ersten beiden Zahlen:  
   **6 + 6 = 12**

2. Dann addierst du das Ergebnis mit der dritten 6:  
   **12 + 6 = 18**

### ✅ Endergebnis: **18**

Du kannst dir das auch als Multiplikation vorstellen, weil du dreimal die gleiche Zahl addierst:  
**6 + 6 + 6 = 3 × 6 = 18**

Fertig! 😊  
Wenn du noch mehr solcher Aufgaben hast, helfe ich gerne weiter!"
"Numbers and Operations","Understanding and performing operations","B","Ein Spielzeug kostet 12 Euro. Du zahlst mit einem 20-Euro-Schein. Wie viel Wechselgeld bekommst du zurück?","Klar! Lass uns die Aufgabe Schritt für Schritt lösen:

### Gegeben:
- Das **Spielzeug kostet 12 Euro**.
- Du zahlst mit einem **20-Euro-Schein**.

### Gesucht:
- Wie viel **Wechselgeld** bekommst du zurück?

---

### Lösung:
Du zahlst 20 Euro und das Spielzeug kostet nur 12 Euro. Das bedeutet, du bekommst den **Unterschied zwischen 20 Euro und 12 Euro** als Wechselgeld zurück.

Rechnung:
$$
20\ \text{Euro} - 12\ \text{Euro} = 8\ \text{Euro}
$$

---

### Antwort:
Du bekommst **8 Euro Wechselgeld** zurück. ✅

Wenn du willst, kann ich dir das auch mit Bildern oder Alltagsbeispielen erklären – sag einfach Bescheid!"
"Numbers and Operations","Understanding and performing operations","B","Schreibe einen Rechenansatz für folgendes: 'Sam hat 4 Äpfel. Er bekommt 3 weitere dazu.'","Klar! Bei der Aufgabe „**Sam hat 4 Äpfel. Er bekommt 3 weitere dazu.**“ sollst du einen **Rechenansatz** schreiben. Das bedeutet, du musst nicht unbedingt das Ergebnis ausrechnen, sondern aufschreiben, wie du zur Lösung kommst – also welche Rechnung du machen würdest.

### Schritt für Schritt:

1. **Was ist gegeben?**
   - Sam hat am Anfang **4 Äpfel**.
   - Dann **bekommt er 3 weitere Äpfel dazu**.

2. **Was muss du tun?**
   - Du musst die Anzahl der Äpfel zusammenrechnen: die, die er schon hatte, und die, die er dazu bekommt.

3. **Welche Rechenart brauchst du?**
   - Hier geht es um **Hinzufügen**, also verwendest du die **Addition** (Plusrechnen).

---

### ✅ Der Rechenansatz lautet:
$$
4 + 3
$$

Das ist dein Rechenansatz. Damit zeigst du, dass du verstehst, wie man die Situation in eine mathematische Rechnung umwandelt.

Wenn du möchtest, kannst du auch noch das **Ergebnis** angeben:
$$
4 + 3 = 7
$$

Aber wenn nur nach dem **Rechenansatz** gefragt ist, reicht auch einfach:
> **4 + 3**

Bei weiteren Fragen helfe ich dir gerne! 😊"
"Numbers and Operations","Understanding and performing operations","B","Wähle den Zahlen Satz, der 12 ergibt: A) 8 + 4 B) 5 + 5 C) 6 + 3","Klar! Bei dieser Matheaufgabe musst du den Zahlen **Satz** (also die Rechenaufgabe) finden, dessen Ergebnis **12** ergibt.

Schauen wir uns alle drei Möglichkeiten nacheinander an:

---

### A) 8 + 4  
Rechnung:  
8 + 4 = **12** ✅  
Das Ergebnis ist also **12** – das könnte die richtige Antwort sein!

---

### B) 5 + 5  
Rechnung:  
5 + 5 = **10** ❌  
Das ergibt nur **10**, nicht 12.

---

### C) 6 + 3  
Rechnung:  
6 + 3 = **9** ❌  
Das ergibt nur **9**, nicht 12.

---

### Fazit:
Nur **A) 8 + 4** ergibt **12**.  
✅ **Lösung: A) 8 + 4**

Wenn du so etwas in Zukunft schnell erkennen willst, rechne einfach jeden Teil der Aufgaben einzeln aus und vergleiche das Ergebnis mit der gesuchten Zahl (hier: 12)."
"Numbers and Operations","Understanding and performing operations","B","Was ist größer: 4 + 3 oder 9 – 2? ______","Klar! Wir können die beiden Rechenaufgaben Schritt für Schritt lösen und dann vergleichen, was größer ist.

### Aufgabe 1: **4 + 3**
Du rechnest einfach:
> 4 + 3 = **7**

### Aufgabe 2: **9 – 2**
Hier ziehst du 2 von 9 ab:
> 9 – 2 = **7**

### Vergleich:
Jetzt schaust du, was größer ist:
> 7 ____ 7

Beide Ergebnisse sind **gleich groß**. Also kommt in das Leerzeichen kein ""größer als""-Zeichen, sondern:

> **4 + 3 = 9 – 2**

✅ **Antwort:** Beides ist gleich groß – 7 ist gleich 7.

Wenn du also in das Feld etwas eintragen sollst, kannst du schreiben:
> **Beides ist gleich groß**  
oder  
> **4 + 3 = 9 – 2**

Falls nur eine der beiden Seiten größer sein soll, war vielleicht ein Fehler in der Aufgabenstellung. Aber so wie sie steht, sind beide Seiten gleich. 😊"
"Numbers and Operations","Understanding and performing operations","C","Finde das Ergebnis von 324 + 178 = ___","Klar! Ich erkläre dir Schritt für Schritt, wie du die Aufgabe **324 + 178** lösen kannst. Wir machen das schriftliche Addieren am besten gemeinsam:

### Schritt 1: Zahlen untereinander schreiben
Wir schreiben die Zahlen so untereinander, dass die **Einer**, **Zehner** und **Hunderter** untereinander stehen:

```
  324
+ 178
-----
```

### Schritt 2: Einer addieren
Rechne zuerst die **Einer**:  
4 + 8 = **12**

- Schreibe die **2** in die Ergebniszeile unter den Einern.
- Merke dir die **1** als Übertrag für die Zehner.

```
   1
  324
+ 178
-----
   2
```

### Schritt 3: Zehner addieren
Jetzt rechnen wir die **Zehner**:  
2 + 7 = 9  
Dazu kommt der Übertrag: 9 + 1 = **10**

- Schreibe die **0** unter die Zehner.
- Merke dir die **1** als Übertrag für die Hunderter.

```
  1
  324
+ 178
-----
  02
```

### Schritt 4: Hunderter addieren
Jetzt die **Hunderter**:  
3 + 1 = 4  
Dazu kommt der Übertrag: 4 + 1 = **5**

- Schreibe die **5** unter die Hunderter.

```
  324
+ 178
-----
  502
```

---

✅ **Fertig!** Das Ergebnis ist also:

**324 + 178 = 502**

Wenn du willst, können wir auch nochmal mit anderen Beispielen üben – sag einfach Bescheid! 😊"
"Numbers and Operations","Understanding and performing operations","C","Finde das Ergebnis von 5.000 − 1.237 = ___","Klar! Lass uns die Aufgabe **5.000 − 1.237** Schritt für Schritt lösen.

## Methode: Schriftliche Subtraktion

Wir rechnen von rechts nach links, also **Einer, Zehner, Hunderter, Tausender**, und ziehen immer die untere Zahl von der oberen ab.

```
  5.000
− 1.237
________
```

### Schritt 1: Einer-Stelle
0 − 7 → geht nicht, also **leihen wir uns einen Zehner** (das nennt man ""Borgen""):

- 0 wird zu 10, und wir rechnen: **10 − 7 = 3**
- Merke dir, dass du bei der nächsten Stelle 1 weniger hast!

```
     1
  5.000
− 1.237
________
      3
```

### Schritt 2: Zehner-Stelle
Jetzt haben wir eine 9 an der Zehnerstelle (weil wir vorher einen geliehen haben):

9 − 3 = **6**

```
     1
  5.000
− 1.237
________
     63
```

### Schritt 3: Hunderter-Stelle
Jetzt haben wir wieder eine 9 an der Hunderterstelle (weil wir bei den Zehnern schon einen übertragen haben):

9 − 2 = **7**

```
     1
  5.000
− 1.237
________
    763
```

### Schritt 4: Tausender-Stelle
Jetzt haben wir nur noch:
4 − 1 = **3**  
(da wir bei den Hundertern auch einen geborgt haben)

```
     1
  5.000
− 1.237
________
  3.763
```

---

## ✅ Das Ergebnis ist: **3.763**

Du kannst das auch im Kopf rechnen, wenn du es umstellst:

> **5.000 − 1.237 = ?**

Statt etwas wegnehmen, könntest du auch schrittweise rechnen:

1. 5.000 − 1.000 = 4.000  
2. 4.000 − 200 = 3.800  
3. 3.800 − 30 = 3.770  
4. 3.770 − 7 = **3.763**

Beide Wege führen zum selben Ergebnis! 😊

Möchtest du üben oder hast du weitere Fragen?"
"Numbers and Operations","Understanding and performing operations","C","Berechne das Ergebnis von 36 × 4 = ___.","Klar! Lass uns die Aufgabe **36 × 4** Schritt für Schritt lösen.

### Methode: Schriftliche Multiplikation

Du kannst die Zahl **36** in ihre Einzelteile aufteilen:  
**36 = 30 + 6**

Jetzt multiplizierst du jeden Teil einzeln mit **4**:

1. **30 × 4 = 120**  
2. **6 × 4 = 24**

Dann addierst du die beiden Ergebnisse zusammen:

**120 + 24 = 144**

---

✅ **Lösung:**  
**36 × 4 = 144**

Wenn du magst, kann ich dir das auch wie in einem Schulheft vorrechnen oder dir zeigen, wie man das im Kopf schneller rechnet. Sag einfach Bescheid! 😊"
"Numbers and Operations","Understanding and performing operations","C","Finde das Ergebnis von 48 ÷ 6 = ___","Klar! Die Aufgabe lautet:

**48 ÷ 6 = ___**

Das bedeutet: **Wie oft passt die 6 in die 48?**  
Oder anders ausgedrückt: **Welche Zahl mal 6 ergibt 48?**

### Schritt für Schritt:
1. Du überlegst dir:  
   Wie viel ist **6 mal etwas** gleich 48?  
   Also:  
   $ 6 \cdot x = 48 $

2. Jetzt suchst du nach der Zahl, mit der du 6 multiplizieren musst, um 48 zu erhalten.

   Du kannst die 6er-Reihe durchgehen:
   - 6 · 1 = 6  
   - 6 · 2 = 12  
   - 6 · 3 = 18  
   - 6 · 4 = 24  
   - 6 · 5 = 30  
   - 6 · 6 = 36  
   - 6 · 7 = 42  
   - 6 · 8 = 48 ✅

3. Ah, da ist sie:  
   $ 6 \cdot 8 = 48 $

Also ist  
**48 ÷ 6 = 8**

---

✅ **Lösung:** **8**

Wenn du willst, kann ich dir auch zeigen, wie man das schriftlich rechnet oder es dir mit Kuchenstücken oder Äpfeln erklären. Sag einfach Bescheid! 😊"
"Numbers and Operations","Understanding and performing operations","C","Was ist der Rest, wenn 25 durch 4 geteilt wird?","Um den **Rest** der Division von **25 durch 4** zu finden, kannst du folgende Schritte machen:

---

### Schritt 1: Teile 25 durch 4  
Wie oft passt die **4 in die 25**?

- 4 × 6 = 24 ✔️
- 4 × 7 = 28 ❌ (zu groß)

Also passt die 4 genau **6-mal** in die 25, ohne dass das Ergebnis größer als 25 wird.

---

### Schritt 2: Berechne den Rest  
Ziehe das Produkt (4 × 6 = 24) von der ursprünglichen Zahl (25) ab:

- 25 − 24 = **1**

---

### ✅ Antwort:
Der **Rest** ist: **1**

Man schreibt auch:  
**25 ÷ 4 = 6 Rest 1**

Wenn du magst, können wir das auch mit dem Begriff der **Division mit Rest** oder der **Modulo-Rechnung** vertiefen. Sag einfach Bescheid! 😊"
"Numbers and Operations","Understanding and performing operations","D","Berechne das Produkt von 234 und 12 mithilfe des schriftlichen Multiplikationsverfahrens.","Natürlich! Um das Produkt von **234 × 12** mithilfe des **schriftlichen Multiplikationsverfahrens** zu berechnen, gehst du wie folgt vor:

---

### Schritt 1: Schreibe die Zahlen untereinander
Du schreibst die größere Zahl (234) oben und die kleinere Zahl (12) darunter. Es ist wichtig, dass du die Einerstellen untereinander stehend hast:

```
   234
×  12
-------
```

---

### Schritt 2: Multipliziere mit der Einerstelle der unteren Zahl

Die untere Zahl ist **12**, also multiplizierst du zuerst mit der **2** (Einerstelle):

```
   234
×  12
-------
   468    ← (Ergebnis von 234 × 2)
```

---

### Schritt 3: Multipliziere mit der Zehnerstelle der unteren Zahl

Jetzt multiplizierst du mit der **1** (Zehnerstelle → bedeutet ×10):

```
   234
×  12
-------
   468
 2340    ← (Ergebnis von 234 × 10)
```

> Hinweis: Beim Multiplizieren mit der Zehnerstelle verschiebst du das Ergebnis um eine Stelle nach links (also eine Null am Ende ergänzen).

---

### Schritt 4: Addiere die beiden Zwischenergebnisse

```
   468
+2340
-------
  2808
```

---

### ✅ Endresultat:
Das Produkt von **234 × 12** ist **2808**.

Wenn du möchtest, kann ich dir das auch gerne in einem Schaubild oder mit weiteren Beispielen erklären!"
"Numbers and Operations","Understanding and performing operations","D","Teile mit der lange Division: 75,6 ÷ 3,2","Um die Aufgabe **75,6 ÷ 3,2** mit **schriftlicher (langer) Division** zu lösen, folgen wir diesen Schritten:

---

### 🔁 Schritt 1: Komma eliminieren (Divisor ganzzahlig machen)

Da sowohl Dividend (**75,6**) als auch Divisor (**3,2**) **Dezimalzahlen** sind, verschieben wir das Komma nach rechts, bis **beide Zahlen ganzzahlig** sind.

Beide Zahlen mit **10 multiplizieren**, um das Komma um eine Stelle nach rechts zu verschieben:

- 75,6 × 10 = **756**
- 3,2 × 10 = **32**

Jetzt rechnen wir stattdessen:  
👉 **756 ÷ 32**

---

### 📐 Schritt 2: Schriftliche Division durchführen

Wir führen nun die schriftliche Division von **756 ÷ 32** durch:

#### 1. Wie oft passt 32 in 75?
- 32 × 2 = 64 → passt
- 32 × 3 = 96 → zu groß

Also: **2 mal**, Rest: 75 − 64 = **11**

#### 2. Nächste Ziffer runterholen (6)
- Neue Zahl: **116**

Wie oft passt 32 in 116?
- 32 × 3 = 96
- 32 × 4 = 128 → zu groß

Also: **3 mal**, Rest: 116 − 96 = **20**

#### 3. Kommastelle hinzufügen und eine Null herunterholen:
- Neue Zahl: **200**

Wie oft passt 32 in 200?
- 32 × 6 = 192
- 32 × 7 = 224 → zu groß

Also: **6 mal**, Rest: 200 − 192 = **8**

#### 4. Wieder eine Null anhängen → 80

32 × 2 = 64  
32 × 3 = 96 → zu groß

Also: **2 mal**, Rest: 80 − 64 = **16**

#### 5. Noch eine Null → 160

32 × 5 = 160 → genau!

Also: **5 mal**, kein Rest mehr.

---

### ✅ Ergebnis der Division:

```
756 ÷ 32 = 23,625
```

Also ist:

👉 **75,6 ÷ 3,2 = 23,625**

---

### 🧮 Probe (optional):

Du kannst das Ergebnis überprüfen:

3,2 × 23,625 =  
= 3,2 × 23 + 3,2 × 0,625  
= 73,6 + 2,0  
= **75,6** ✅

---

### 📌 Zusammenfassung:

So gehst du vor:

1. Verschiebe das Komma, bis beide Zahlen ganzzahlig sind.
2. Führe die schriftliche Division durch.
3. Setze das Komma im Ergebnis entsprechend.

---

Wenn du möchtest, kann ich dir das gerne auch **Schritt für Schritt wie in der Schule aufgeschrieben** zeigen! 😊"
"Numbers and Operations","Understanding and performing operations","D","Multipliziere: ¾ × ⅖","Klar! Lass uns die Matheaufgabe Schritt für Schritt lösen:

Du sollst multiplizieren:  
**¾ × ⅖**

### Schritt 1: Multipliziere die Zähler
(Zähler sind die Zahlen oben in einem Bruch.)

$$
3 \times 2 = 6
$$

### Schritt 2: Multipliziere die Nenner
(Nenner sind die Zahlen unten in einem Bruch.)

$$
4 \times 5 = 20
$$

### Schritt 3: Schreibe das Ergebnis als Bruch
$$
\frac{3}{4} \times \frac{2}{5} = \frac{6}{20}
$$

### Schritt 4: Kürze den Bruch, wenn möglich
Finde den größten gemeinsamen Teiler (ggT) von 6 und 20. Das ist **2**.

$$
\frac{6 \div 2}{20 \div 2} = \frac{3}{10}
$$

---

### ✅ Endergebnis:
$$
\frac{3}{4} \times \frac{2}{5} = \frac{3}{10}
$$

Wenn du möchtest, kann ich dir auch erklären, warum das so funktioniert – sag einfach Bescheid! 😊"
"Numbers and Operations","Understanding and performing operations","D","Finde den Quotienten: 9 ½ ÷ 3","Du sollst den **Quotienten** von  
$$
9 \frac{1}{2} \div 3
$$  
berechnen. Das bedeutet, du musst die gemischte Zahl $9 \frac{1}{2}$ durch 3 teilen.

---

### 🔢 Schritt-für-Schritt-Lösung:

#### ✅ **Schritt 1: Wandle die gemischte Zahl in einen unechten Bruch um**

$9 \frac{1}{2}$ bedeutet:
$$
9 + \frac{1}{2} = \frac{18}{2} + \frac{1}{2} = \frac{19}{2}
$$

Also:
$$
9 \frac{1}{2} = \frac{19}{2}
$$

---

#### ✅ **Schritt 2: Teile den Bruch durch 3**

Teilen durch 3 ist dasselbe wie **Multiplizieren mit dem Kehrwert von 3**, also:
$$
\frac{19}{2} \div 3 = \frac{19}{2} \cdot \frac{1}{3} = \frac{19 \cdot 1}{2 \cdot 3} = \frac{19}{6}
$$

---

#### ✅ **Schritt 3: Wandle das Ergebnis ggf. in eine gemischte Zahl um**

$$
\frac{19}{6} = 3 \frac{1}{6}
$$  
(Begründung: 6 passt 3-mal in 19 → 3 × 6 = 18, Rest ist 1.)

---

### ✅ **Endergebnis:**
$$
\boxed{3 \frac{1}{6}}
$$

Das ist der **Quotient** von $9 \frac{1}{2} \div 3$."
"Numbers and Operations","Understanding and performing operations","D","Addiere: 2 1/3 + 4 2/3","Klar! Lass uns die Matheaufgabe **Schritt für Schritt** lösen:

### Aufgabe:
**Addiere: $ 2 \frac{1}{3} + 4 \frac{2}{3} $**

---

## 🔹 Schritt 1: Gemischte Zahlen in unechte Brüche umwandeln

Ein gemischter Bruch wie $ 2 \frac{1}{3} $ bedeutet:  
$ 2 + \frac{1}{3} = \frac{2 \cdot 3 + 1}{3} = \frac{6 + 1}{3} = \frac{7}{3} $

Gleiches machen wir mit $ 4 \frac{2}{3} $:  
$ 4 + \frac{2}{3} = \frac{4 \cdot 3 + 2}{3} = \frac{12 + 2}{3} = \frac{14}{3} $

---

## 🔹 Schritt 2: Brüche addieren

Da die Nenner gleich sind (beide haben den Nenner 3), können wir einfach die Zähler addieren:

$$
\frac{7}{3} + \frac{14}{3} = \frac{7 + 14}{3} = \frac{21}{3}
$$

---

## 🔹 Schritt 3: Ergebnis vereinfachen

$$
\frac{21}{3} = 7
$$

---

## ✅ Endresultat:
$$
\boxed{7}
$$

Wenn du magst, kann ich dir auch zeigen, wie man das rechnet, ohne in unechte Brüche umzuwandeln – einfach im Kopf mit den ganzen Zahlen und dem Bruchanteil. Sag Bescheid! 😊"
"Numbers and Operations","Understanding and performing operations","E","Verwende das assoziative Gesetz, um zu vereinfachen: (x + 5) + 7","Klar! Wir schauen uns die Aufgabe gemeinsam an:

**Aufgabe:**  
Verwende das **assoziative Gesetz**, um zu vereinfachen:  
$$(x + 5) + 7$$

---

### 🔍 Was ist das assoziative Gesetz?

Das **assoziative Gesetz der Addition** sagt aus, dass du bei einer Addition von Zahlen oder Termen die **Klammern beliebig setzen oder weglassen kannst**, ohne dass sich das Ergebnis ändert.  
Formelmäßig sieht das so aus:

$$(a + b) + c = a + (b + c)$$

---

### 🧠 Wenden wir das auf deine Aufgabe an:

Gegeben:  
$$(x + 5) + 7$$

Laut dem assoziativen Gesetz darfst du die Klammern umsetzen:

$$
(x + 5) + 7 = x + (5 + 7)
$$

Jetzt kannst du den Teil in der Klammer einfach ausrechnen:

$$
5 + 7 = 12
$$

Also bleibt übrig:

$$
x + 12
$$

---

### ✅ Endergebnis:
$$
(x + 5) + 7 = x + 12
$$

Das war das Vereinfachen mithilfe des **assoziativen Gesetzes**.

Falls du noch mehr Beispiele willst oder etwas nicht verstanden hast, sag Bescheid! 😊"
"Numbers and Operations","Understanding and performing operations","E","Ein Hemd kostet 40 €. Es gibt einen Rabatt von 25 %. Wie hoch ist der Rabatt?","Um die Aufgabe zu lösen, musst du herausfinden, wie viel Geld 25 % von 40 € sind. Das ist der **Rabatt**.

### Schritt-für-Schritt-Erklärung:

1. **Gegebene Werte:**
   - Originalpreis des Hemdes: **40 €**
   - Rabatt (Prozent): **25 %**

2. **Was bedeutet 25 %?**
   - Prozent bedeutet „von Hundert“, also ist:
     $$
     25\% = \frac{25}{100} = 0{,}25
     $$

3. **Berechnung des Rabatts:**
   - Du berechnest 25 % vom Preis:
     $$
     \text{Rabatt} = 40 \, € \cdot 0{,}25 = 10 \, €
     $$

---

### ✅ **Antwort:**
Der Rabatt beträgt **10 €**.

Das bedeutet, du zahlst nach dem Rabatt nur noch:
$$
40 \, € - 10 \, € = 30 \, €
$$"
"Numbers and Operations","Understanding and performing operations","E","Die Rechnung in einem Restaurant beträgt 72 €. Wie viel sind 10 % Trinkgeld?","Um 10 % Trinkgeld von einer Rechnung in Höheite, gehst du so vor:

### Schritt 1: Verstehe, was 10 % bedeutet  
10 % bedeutet „10 von 100“ oder als Dezimalzahl **0,10**.

### Schritt 2: Multipliziere die Rechnung mit 0,10  
Du rechnest:
$$
72 \, € \cdot 0{,}10 = 7{,}20 \, €
$$

### Ergebnis:
**10 % Trinkgeld von 72 € sind 7,20 €.**

Wenn du möchtest, kann ich dir auch zeigen, wie du das schnell im Kopf rechnen kannst – sag einfach Bescheid! 😊"
"Numbers and Operations","Understanding and performing operations","F","Addiere: (–3/4) + (2/5)","Um die Aufgabe **(–3/4) + (2/5)** zu lösen, musst du zwei Brüche mit unterschiedlichen Nennern addieren. Hier ist der Schritt-für-Schritt-Plan:

---

### 🔹 Schritt 1: Gemeinsamen Nenner finden  
Du brauchst den kleinsten gemeinsamen Nenner (kgV) von **4** und **5**.

- Die Vielfachen von 4: 4, 8, 12, 16, **20**, ...
- Die Vielfalten von 5: 5, 10, 15, **20**, ...

✅ Der **kleinste gemeinsame Nenner** ist **20**.

---

### 🔹 Schritt 2: Beide Brüche auf den gemeinsamen Nenner erweitern

- Erweitere **–3/4** auf 20tel:
  $$
  -\frac{3}{4} = -\frac{3 \cdot 5}{4 \cdot 5} = -\frac{15}{20}
  $$

- Erweitere **2/5** auf 20tel:
  $$
  \frac{2}{5} = \frac{2 \cdot 4}{5 \cdot 4} = \frac{8}{20}
  $$

---

### 🔹 Schritt 3: Brüche addieren

$$
-\frac{15}{20} + \frac{8}{20} = \frac{-15 + 8}{20} = \frac{-7}{20}
$$

---

### ✅ Endergebnis:
$$
\boxed{-\frac{7}{20}}
$$

Das ist das Ergebnis der Addition: **–3/4 + 2/5 = –7/20**

Wenn du willst, kann ich dir auch zeigen, wie man das als Dezimalzahl schreibt!"
"Numbers and Operations","Understanding and performing operations","F","Berechne: 3(2 + 5) – 4(1 – 2)","Klar! Lass uns die Matheaufgabe gemeinsam lösen:

**Aufgabe:**  
Berechne:  
$$ 3(2 + 5) - 4(1 - 2) $$

### Schritt 1: Klammern zuerst berechnen
Du fängst immer mit den **Klammern** an:

- In der ersten Klammer:  
  $$ 2 + 5 = 7 $$  
  Also wird daraus:  
  $$ 3 \cdot 7 $$

- In der zweiten Klammer:  
  $$ 1 - 2 = -1 $$  
  Also wird daraus:  
  $$ 4 \cdot (-1) $$

Jetzt sieht die Aufgabe so aus:
$$
3 \cdot 7 - 4 \cdot (-1)
$$

### Schritt 2: Punkt-vor-Strich-Rechnung
Als Nächstes rechnest du die **Multiplikationen**:

- $$ 3 \cdot 7 = 21 $$
- $$ 4 \cdot (-1) = -4 $$

Also steht da jetzt:
$$
21 - (-4)
$$

### Schritt 3: Minus mal Minus ergibt Plus
Wenn du etwas von einer negativen Zahl abziehst, wird es positiv:
$$
21 - (-4) = 21 + 4 = 25
$$

---

### ✅ Endergebnis:
$$
\mathbf{25}
$$

Wenn du magst, kann ich dir auch eine ähnliche Aufgabe zum Üben stellen!"
"Numbers and Operations","Understanding and performing operations","F","Vereinfache: (–4)² + 3³ – 5²","Klar! Lass uns die Aufgabe Schritt für Schritt durchgehen:

Du sollst diesen Ausdruck vereinfachen:

$$(–4)^2 + 3^3 – 5^2$$

### Schritt 1: Berechne die Potenzen

Erinnerung: Eine Potenz wie $ a^n $ bedeutet, dass du die Zahl $ a $ **n-mal mit sich selbst multiplizierst**.

#### 1. $(–4)^2$
Das bedeutet: $ -4 \cdot -4 = +16 $

> Minus mal Minus ergibt Plus!

#### 2. $3^3$
Das bedeutet: $3 \cdot 3 \cdot 3 = 27$

#### 3. $5^2$
Das bedeutet: $5 \cdot 5 = 25$

---

### Schritt 2: Setze die berechneten Werte ein

$$
(–4)^2 + 3^3 – 5^2 = 16 + 27 – 25
$$

---

### Schritt 3: Rechne zusammen

Zuerst addieren:
$$
16 + 27 = 43
$$

Dann subtrahieren:
$$
43 – 25 = 18
$$

---

### ✅ Endergebnis:

$$
\mathbf{18}
$$

Wenn du magst, kann ich dir auch erklären, warum die Klammern bei $(–4)^2$ wichtig sind. Sag einfach Bescheid! 😊"
"Numbers and Operations","Understanding and performing operations","F","Vereinfache: [(4/5) + (1/2)] ÷ (3/10)","Klar! Lass uns die Aufgabe Schritt für Schritt lösen:

Du willst diesen Ausdruck vereinfachen:

$$
\left(\frac{4}{5} + \frac{1}{2}\right) \div \frac{3}{10}
$$

---

### **Schritt 1: Addiere die Brüche in der Klammer**

Du musst zuerst  
$$
\frac{4}{5} + \frac{1}{2}
$$  
berechnen.

Dazu brauchst du einen **gemeinsamen Nenner**. Der kleinste gemeinsame Nenner von 5 und 2 ist **10**.

Wandle die Brüche um:

- $\frac{4}{5} = \frac{8}{10}$
- $\frac{1}{2} = \frac{5}{10}$

Jetzt kannst du addieren:

$$
\frac{8}{10} + \frac{5}{10} = \frac{13}{10}
$$

---

### **Schritt 2: Teile durch den Bruch $\frac{3}{10}$**

Jetzt steht da:

$$
\frac{13}{10} \div \frac{3}{10}
$$

Wenn du durch einen Bruch teilst, multiplizierst du mit seinem **Kehrwert**:

$$
\frac{13}{10} \div \frac{3}{10} = \frac{13}{10} \cdot \frac{10}{3}
$$

---

### **Schritt 3: Multipliziere die Brüche**

$$
\frac{13}{10} \cdot \frac{10}{3} = \frac{13 \cdot 10}{10 \cdot 3}
$$

Beachte: Die **10 im Zähler und Nenner kürzen sich**:

$$
\frac{13 \cdot \cancel{10}}{\cancel{10} \cdot 3} = \frac{13}{3}
$$

---

### ✅ **Endergebnis:**
$$
\boxed{\frac{13}{3}}
$$

Das ist das Ergebnis als **unechter Bruch**.

Wenn du es als **gemischte Zahl** schreiben willst:
$$
\frac{13}{3} = 4 \frac{1}{3}
$$

Also:
$$
\boxed{4 \frac{1}{3}}
$$

Fertig! 😊  
Hast du noch Fragen dazu?"
"Numbers and Operations","Understanding and performing operations","F","Was ist der Wert von –√36?","Klar! Lass uns die Matheaufgabe Schritt für Schritt durchgehen:

### Aufgabe:  
Was ist der Wert von **–√36**?

---

### Schritt 1: Verstehe die Schreibweise

Der Ausdruck **–√36** besteht aus zwei Teilen:
- **√36**: Das ist die **Quadratwurzel von 36**
- Das **Minuszeichen (–)** davor bedeutet, dass du den Wert der Wurzel **negativ** nimmst.

---

### Schritt 2: Berechne die Wurzel

Die Quadratwurzel von 36 ist die Zahl, die **mit sich selbst multipliziert 36 ergibt**.

$$
\sqrt{36} = 6 \quad \text{(weil } 6 \cdot 6 = 36)
$$

---

### Schritt 3: Wende das Minuszeichen an

Jetzt nimmst du einfach den negativen Wert davon:

$$
–\sqrt{36} = -6
$$

---

### ✅ Endgültige Antwort:
$$
\boxed{-6}
$$

Falls du noch mehr Übung brauchst oder weitere Fragen hast, helfe ich dir gerne weiter! 😊"
"Numbers and Operations","Understanding and performing operations","F","Multipliziere: (–0,6) × (–2,5)","Klar! Lass uns die Aufgabe gemeinsam lösen:

Du sollst multiplizieren:  
$$
(–0{,}6) \times (–2{,}5)
$$

### Schritt 1: Erinnere dich an die Regel für das Multiplizieren von negativen Zahlen:
> **Minus mal Minus ergibt Plus.**

Also:
$$
(–0{,}6) \times (–2{,}5) = + (0{,}6 \times 2{,}5)
$$

### Schritt 2: Rechne die Multiplikation der positiven Zahlen aus:
$$
0{,}6 \times 2{,}5
$$

Ein Trick ist, die Kommazahlen in Brüche oder einfache Produkte umzuwandeln:

**Methode 1: Direktes Multiplizieren**
$$
0{,}6 \times 2{,}5 = (6 \times 2{,}5) \div 10 = 15 \div 10 = 1{,}5
$$

Oder alternativ:
$$
0{,}6 = \frac{3}{5}, \quad 2{,}5 = \frac{5}{2}
\Rightarrow \frac{3}{5} \times \frac{5}{2} = \frac{15}{10} = 1{,}5
$$

### Schritt 3: Setze das Vorzeichen ein:
Da du zwei negative Zahlen multipliziert hast, ist das Ergebnis **positiv**.

### ✅ Endgültige Antwort:
$$
(–0{,}6) \times (–2{,}5) = 1{,}5
$$

Wenn du willst, kann ich dir auch erklären, warum ""Minus mal Minus Plus ergibt"", oder dir ähnliche Aufgaben zum Üben geben!"
"Numbers and Operations","Understanding and performing operations","G","Vereinfache 3² × 3⁴ unter Verwendung der Exponentenregeln.","Klar! Lass uns die Aufgabe **Schritt für Schritt** lösen:

---

### Gegeben:
Du sollst den Ausdruck  
$$
3^2 \times 3^4
$$  
vereinfachen, **unter Verwendung der Exponentenregeln**.

---

### Schritt 1: Erinnere dich an die Regel für das Multiplizieren von Potenzen mit gleicher Basis

Wenn du **Potenzen mit der gleichen Basis multiplizierst**, darfst du die **Exponenten addieren**.  
Die Regel lautet:

$$
a^m \times a^n = a^{m+n}
$$

---

### Schritt 2: Wende die Regel auf deine Aufgabe an

In deinem Fall ist die Basis jeweils **3**, also:

$$
3^2 \times 3^4 = 3^{2+4} = 3^6
$$

---

### Schritt 3: (Optional) Berechne den Wert, falls gefordert

Wenn du den numerischen Wert berechnen sollst:

$$
3^6 = 3 \times 3 \times 3 \times 3 \times 3 \times 3 = 729
$$

---

### ✅ **Endergebnis:**
$$
\boxed{3^6} \quad \text{(oder } \boxed{729} \text{, falls ausgerechnet)}
$$

Wenn du noch mehr zu Potenzregeln wissen willst, helfe ich dir gerne weiter! 😊"
"Numbers and Operations","Understanding and performing operations","G","Vereinfache (2x⁵)³","Klar! Lass uns die Aufgabe **Schritt für Schritt** lösen:

Du sollst den Ausdruck **(2x⁵)³** vereinfachen.

---

### 🔍 Schritt 1: Verstehe die Klammer
Der Ausdruck lautet:

$$
(2x^5)^3
$$

Das bedeutet: **Alles in der Klammer wird hoch 3 genommen**, also sowohl die **2** als auch das **x⁵**.

---

### 📐 Schritt 2: Wende die Potenzregeln an

Es gilt die Regel:
$$
(ab)^n = a^n \cdot b^n
$$

Also:
$$
(2x^5)^3 = 2^3 \cdot (x^5)^3
$$

---

### ✏️ Schritt 3: Berechne die einzelnen Teile

- $ 2^3 = 8 $
- $ (x^5)^3 = x^{5 \cdot 3} = x^{15} $  
  *(Potenzregel: Hoch-potenzen multiplizieren bei gleicher Basis)*

---

### ✅ Schritt 4: Setze alles zusammen

$$
(2x^5)^3 = 8x^{15}
$$

---

### 🎉 Fertig! Die vereinfachte Form ist:
$$
\boxed{8x^{15}}
$$

Wenn du noch weitere solcher Aufgaben hast, helfe ich gerne weiter! 😊"
"Numbers and Operations","Understanding and performing operations","G","Multipliziere und vereinfache: (3x²/2y)(4y²/9x)","Wir haben den folgenden Ausdruck:

$$
\left( \frac{3x^2}{2y} \right) \cdot \left( \frac{4y^2}{9x} \right)
$$

### Schritt 1: Multipliziere Zähler mit Zähler und Nenner mit Nenner

Zuerst multiplizieren wir die beiden Brüche zusammen:

$$
\frac{3x^2 \cdot 4y^2}{2y \cdot 9x}
$$

Multiplizieren wir die Zahlen, Variablen im Zähler und Nenner:

- **Zähler:** $3 \cdot 4 = 12$, $x^2 \cdot y^2 = x^2 y^2$
- **Nenner:** $2 \cdot 9 = 18$, $y \cdot x = xy$

Also haben wir:

$$
\frac{12x^2 y^2}{18xy}
$$

### Schritt 2: Kürze den Bruch

Jetzt kürzen wir so weit wie möglich:

- **Zahlen:** $\frac{12}{18} = \frac{2}{3}$ (beide durch 6 teilen)
- **Variablen:**
  - $x^2$ im Zähler und $x$ im Nenner → bleibt $x$
  - $y^2$ im Zähler und $y$ im Nenner → bleibt $y$

Setzen wir alles zusammen:

$$
\frac{2x y}{3}
$$

---

### ✅ Endgültige Antwort:
$$
\boxed{\frac{2xy}{3}}
$$"
"Numbers and Operations","Understanding and performing operations","G","Den Nenner rationalisieren: 3 / √5","Um den Nenner einer Bruchzahl **rational zu machen**, musst du dafür sorgen, dass die **Wurzel im Nenner verschwindet**. Bei der Aufgabe:

$$
\frac{3}{\sqrt{5}}
$$

steht im Nenner eine Wurzel, nämlich √5. Um diese zu entfernen, erweiterst du den Bruch geschickt mit √5 – also mit dem gleichen Wert, der unter der Wurzel steht.

---

### Schritt-für-Schritt:

1. Du hast den Bruch:
   $$
   \frac{3}{\sqrt{5}}
   $$

2. Multipliziere **Zähler und Nenner** mit √5:
   $$
   \frac{3}{\sqrt{5}} \cdot \frac{\sqrt{5}}{\sqrt{5}} = \frac{3 \cdot \sqrt{5}}{\sqrt{5} \cdot \sqrt{5}}
   $$

3. Im Nenner ergibt sich:
   $$
   \sqrt{5} \cdot \sqrt{5} = 5
   $$

4. Also:
   $$
   \frac{3 \cdot \sqrt{5}}{5}
   $$

---

### Ergebnis:

$$
\frac{3}{\sqrt{5}} = \frac{3\sqrt{5}}{5}
$$

Jetzt ist der Nenner **rational**, das heißt, es steht keine Wurzel mehr darin. ✅

---

Wenn du noch weitere Beispiele oder Erklärungen willst, sag Bescheid!"
"Numbers and Operations","Understanding and performing operations","H","Vereinfache: (2x² − 8)⁄(x² − 4)","Wir haben den Ausdruck:

$$
\frac{2x^2 - 8}{x^2 - 4}
$$

### Schritt 1: **Faktorisieren**

Ziel ist es, Zähler und Nenner zu faktorisieren (auszuklammern oder Binomformeln zu erkennen), um eventuell kürzen zu können.

#### Zähler faktorisieren:
$$
2x^2 - 8 = 2(x^2 - 4)
$$

Du klammerst einfach die 2 aus.

#### Nenner betrachten:
$$
x^2 - 4
$$

Das ist eine **Differenz von Quadraten**, denn:
$$
x^2 - 4 = x^2 - 2^2 = (x - 2)(x + 2)
$$

Also können wir jetzt alles neu schreiben:

$$
\frac{2(x^2 - 4)}{x^2 - 4} = \frac{2(x - 2)(x + 2)}{(x - 2)(x + 2)}
$$

### Schritt 2: **Kürzen**

Jetzt kannst du im Zähler und Nenner die gemeinsamen Faktoren kürzen:

$$
\frac{2\cancel{(x - 2)}\cancel{(x + 2)}}{\cancel{(x - 2)}\cancel{(x + 2)}} = 2
$$

### ⚠️ Einschränkung:
Beachte: Der Ausdruck ist **nicht definiert**, wenn der Nenner Null wird, also wenn:
$$
x^2 - 4 = 0 \Rightarrow x = 2 \text{ oder } x = -2
$$

Diese Werte sind also **ausgenommen** – für alle anderen $x$ ergibt der Term den Wert **2**.

---

### ✅ Endgültige Antwort:
$$
\boxed{2} \quad \text{für } x \neq \pm 2
$$"
"Numbers and Operations","Understanding and performing operations","H","Vereinfache: (5√12 + 3√27)⁄√3","Wir haben die Aufgabe:

$$
\frac{5\sqrt{12} + 3\sqrt{27}}{\sqrt{3}}
$$

### Schritt 1: Vereinfache die Wurzeln im Zähler

Ziel ist es, die Wurzeln so weit wie möglich zu vereinfachen. Dazu zerlegen wir die Zahlen unter der Wurzel in Produkte, bei denen eine Quadratzahl vorkommt.

#### √12:
$$
\sqrt{12} = \sqrt{4 \cdot 3} = \sqrt{4} \cdot \sqrt{3} = 2\sqrt{3}
$$

Also:
$$
5\sqrt{12} = 5 \cdot 2\sqrt{3} = 10\sqrt{3}
$$

#### √27:
$$
\sqrt{27} = \sqrt{9 \cdot 3} = \sqrt{9} \cdot \sqrt{3} = 3\sqrt{3}
$$

Also:
$$
3\sqrt{27} = 3 \cdot 3\sqrt{3} = 9\sqrt{3}
$$

### Schritt 2: Setze die vereinfachten Terme ein

Einsetzen in den Zähler:

$$
\frac{10\sqrt{3} + 9\sqrt{3}}{\sqrt{3}}
$$

Da beide Terme im Zähler das gleiche $\sqrt{3}$ enthalten, können wir sie zusammenfassen:

$$
(10 + 9)\sqrt{3} = 19\sqrt{3}
$$

Also:

$$
\frac{19\sqrt{3}}{\sqrt{3}}
$$

### Schritt 3: Kürze $\sqrt{3}$

Da sowohl im Zähler als auch im Nenner $\sqrt{3}$ steht, können wir kürzen:

$$
\frac{19\cancel{\sqrt{3}}}{\cancel{\sqrt{3}}} = 19
$$

---

### ✅ **Endergebnis:**

$$
\boxed{19}
$$"
"Numbers and Operations","Understanding and performing operations","H","Erweitere und vereinfache (a + b + c)².","Klar! Wir wollen den Ausdruck $(a + b + c)^2$ **erweitern und vereinfachen**. Das bedeutet, wir multiplizieren die Summe $(a + b + c)$ mit sich selbst:

$$
(a + b + c)^2 = (a + b + c) \cdot (a + b + c)
$$

### Schritt-für-Schritt-Multiplikation:

Jeder Term in der ersten Klammer wird mit jedem Term in der zweiten Klammer multipliziert.

$$
= a \cdot a + a \cdot b + a \cdot c + b \cdot a + b \cdot b + b \cdot c + c \cdot a + c \cdot b + c \cdot c
$$

Jetzt schreiben wir das aus:

$$
= a^2 + ab + ac + ba + b^2 + bc + ca + cb + c^2
$$

### Nun fassen wir **gleiche Terme zusammen**:
- $ab + ba = 2ab$
- $ac + ca = 2ac$
- $bc + cb = 2bc$

Die quadratischen Terme $a^2$, $b^2$, $c^2$ bleiben jeweils einmal stehen.

### Endergebnis:

$$
(a + b + c)^2 = a^2 + b^2 + c^2 + 2ab + 2ac + 2bc
$$

---

### Merkregel / Formel:
Du kannst dir diese Formel auch merken:

$$
(a + b + c)^2 = a^2 + b^2 + c^2 + 2(ab + ac + bc)
$$

Das ist besonders nützlich, wenn du ähnliche Aufgaben schnell lösen willst.

Falls du magst, kann ich dir zeigen, wie man das geometrisch oder allgemein für mehr Variablen versteht. 😊"
"Numbers and Operations","Understanding and performing operations","H","Berechne 2⁵ mod 7.","Um die Aufgabe **2⁵ mod 7** zu lösen, berechnest du zunächst **2⁵** und nimmst dann den **Rest bei Division durch 7** (also den **modulo 7**-Wert).

---

### Schritt für Schritt:

#### 1. Berechne 2⁵:
$$
2^5 = 2 \cdot 2 \cdot 2 \cdot 2 \cdot 2 = 32
$$

#### 2. Berechne 32 mod 7:
Das bedeutet: Wie viel **Rest** bleibt, wenn man 32 durch 7 teilt?

$$
32 \div 7 = 4 \text{ Rest } 4
$$

Also:
$$
32 \mod 7 = 4
$$

---

### ✅ Endergebnis:
$$
2^5 \mod 7 = 4
$$

Wenn du magst, kann ich dir auch zeigen, wie man das mit Tricks wie dem **Schnellen Potenzieren** oder unter Nutzung von Regeln der Modulo-Rechnung löst – besonders nützlich bei größeren Zahlen!"
"Numbers and Operations","Ordering numbers","B","Ordne die folgenden Zahlen der Größe nach von klein nach groß: 42, 15, 37.","Natürlich! Lass uns die Zahlen **42, 15 und 37** Schritt für Schritt der Größe nach von **klein nach groß** ordnen.

### Schritt 1: Schaue dir die Zahlen an
Du hast drei Zahlen gegeben:
- 42
- 15
- 37

### Schritt 2: Vergleiche die Zahlen
Suche die **kleinste Zahl**:
- 15 ist am kleinsten, weil sie kleiner als 37 und 42 ist.

Jetzt suchst du die **zweitkleinste Zahl**:
- Zwischen 37 und 42 ist die 37 kleiner.

Die **größte Zahl** ist dann logischerweise 42.

### Schritt 3: Ordne sie von klein nach groß
Die Reihenfolge lautet also:

**15, 37, 42**

### Fertig!
Wenn du so vorgehst, kannst du immer alle Zahlen richtig ordnen. Bei mehr Zahlen kannst du immer wieder die kleinste (oder größte) suchen und sie Schritt für Schritt aufreihen.

Möchtest du üben mit anderen Zahlen? 😊"
"Numbers and Operations","Ordering numbers","B","Umkreise die größte Zahl: 63, 56, 61","Klar! Die Aufgabe lautet: **""Umkreise die größte Zahl: 63, 56, 61""**.

Hier ist der Lösungsweg Schritt für Schritt:

---

### 🔢 Schritt 1: Schau dir die Zahlen an
Du hast drei Zahlen gegeben:
- 63  
- 56  
- 61  

---

### 📐 Schritt 2: Vergleiche die Zahlen miteinander

Beginne mit der ersten Zahl und vergleiche sie mit den anderen:

- **63** – Ist das größer als **56**? → **Ja**  
- Ist **63** auch größer als **61**? → **Ja**

Also ist **63** die größte Zahl.

---

### ✅ Schritt 3: Umkreise die größte Zahl
Die größte Zahl ist **63**, also umkreist du diese.

---

### 🎯 Endgültige Antwort:
**63** ist die größte Zahl – einfach drumherum einen Kreis malen. ✅

Wenn du willst, kann ich dir auch erklären, wie man das kinderfreundlich lernt oder übt! 😊"
"Numbers and Operations","Ordering numbers","B","Ordne diese Zahlen der Größe nach: 100, 10, 50","Klar! Du sollst die Zahlen **100, 10 und 50** der **Größe nach ordnen**. Das bedeutet, du schreibst sie so auf, dass die **kleinste Zahl zuerst** kommt und dann immer **größer wird**.

### Schritt für Schritt:
1. Schau dir die Zahlen an:  
   **100**, **10**, **50**

2. Finde heraus, welche die kleinste ist:  
   → **10** ist am kleinsten.

3. Dann suche die nächstgrößere Zahl:  
   → **50** ist größer als 10, aber kleiner als 100.

4. Die größte Zahl ist dann:  
   → **100**

### Ergebnis (der Größe nach geordnet):
**10, 50, 100**

Wenn du magst, kannst du es auch umgekehrt machen – von groß nach klein –, das steht dann meist in der Aufgabe. In diesem Fall war aber ""der Größe nach"" gemeint: **von klein nach groß**.

Fertig! 😊"
"Numbers and Operations","Ordering numbers","B","Welches Zahl gehört nicht dazu? 41, 43, 46, 45","Die Aufgabe lautet: **Welche Zahl gehört nicht dazu?**  
Gegebene Zahlen: **41, 43, 46, 45**

Um die Zahl zu finden, die **nicht in die Reihe passt**, müssen wir nach einem **Muster oder einer Regel** suchen, nach der drei der Zahlen zusammengehören – und eine nicht.

### Schritt 1: Betrachte die Zahlen
Zahlen: **41, 43, 45, 46**

Sie liegen alle im Bereich um 40–47. Lass sie uns genauer anschauen:

- 41 → Primzahl  
- 43 → Primzahl  
- 45 → keine Primzahl (teilbar durch 3, 5, 9, …)  
- 46 → keine Primzahl (teilbar durch 2 und 23)

Aber 45 und 46 sind beide keine Primzahlen – das Muster ist noch nicht eindeutig.

### Schritt 2: Sieh dir den Abstand zwischen den Zahlen an

Sortiere die Zahlen der Größe nach:
**41, 43, 45, 46**

Jetzt schaue auf die Differenzen:
- 43 − 41 = 2  
- 45 − 43 = 2  
- 46 − 45 = 1

Hmm, also bis zur 45 ist immer +2, dann plötzlich nur noch +1.

Also:
- 41 → +2 → 43 → +2 → 45 → **+1 → 46**

Wenn das Muster **abwechselnd +2** wäre oder **regelmäßiger Abstand**, dann würde die 46 aus dem Rhythmus fallen.

### Mögliche Logik:
Vielleicht soll es eine Folge mit **gleichmäßigem Abstand** sein?

Zum Beispiel:
- 41, 43, 45 – das ist eine **arithmetische Folge** mit Abstand 2.

Aber **46** passt da nicht rein – es müsste stattdessen **47** stehen, um das Muster fortzusetzen.

### Fazit:
Drei der vier Zahlen passen in eine **arithmetische Folge mit Abstand 2**:  
**41, 43, 45**

Die Zahl **46** passt nicht dazu – **es sei denn**, es gibt ein anderes Muster.

Aber auch **41, 43, 45, 46** könnten als „fast aufsteigende Folge“ gelesen werden – hier muss man aber das stärkste Muster suchen.

---

### 🟩 Antwort:
Die Zahl, die **nicht dazu gehört**, ist vermutlich **46**, weil sie **nicht in die arithmetische Folge mit Abstand 2** passt, die mit 41 beginnt.

➡️ **Lösung: 46 gehört nicht dazu.**

Falls du weißt, ob es einen anderen Kontext gibt (z. B. aus einem bestimmten Mathe-Thema), kann ich dir noch genauer helfen!"
"Numbers and Operations","Ordering numbers","B","Umkreise die Zahlen, die in der richtigen Reihenfolge sind: A) 44, 46, 45 B) 32, 34, 36","Bei dieser Matheaufgabe sollst du die Zahlenreihe(n) **umkreisen**, bei denen die Zahlen **in der richtigen Reihenfolge** stehen. Das bedeutet, du musst prüfen, ob die Zahlen logisch und aufsteigend (oder gegebenenfalls absteigend) angeordnet sind.

---

### Gegeben:

- **A) 44, 46, 45**
- **B) 32, 34, 36**

---

### Schritt für Schritt prüfen:

#### A) 44, 46, 45  
Schaue dir an, ob die Zahlen aufsteigend sind:

- 44 → 46 (das ist richtig, +2)
- 46 → 45 (das ist **nicht** richtig, denn 45 ist kleiner als 46)

➡️ **Falsch**, da es nach oben geht, dann aber wieder abfällt.

#### B) 32, 34, 36  
Prüfe hier die Reihenfolge:

- 32 → 34 (+2)
- 34 → 36 (+2)

➡️ **Richtig**, alle Zahlen steigen gleichmäßig um 2 an.

---

### Lösung:
👉 **Du solltest nur B) umkreisen**, weil dort die Zahlen in der richtigen, logischen Reihenfolge sind.

---

Wenn du noch mehr solcher Aufgaben hast oder etwas nicht verstehst, helfe ich gerne weiter! 😊"
"Numbers and Operations","Ordering numbers","C","Sortiere diese Zahlen der Größe nach: 4,209; 3,892; 4,102","Klar! Du sollst die Zahlen **4,209; 3,892; 4,102** der Größe nach sortieren. Das bedeutet: von der **kleinsten zur größten Zahl**.

### Schritt für Schritt:

#### Gegeben:
- 4,209  
- 3,892  
- 4,102  

### 1. Vergleiche die Zahlen vor dem Komma:
- 4,209 → vor dem Komma: **4**
- 3,892 → vor dem Komma: **3**
- 4,102 → vor dem Komma: **4**

Die Zahl **3,892** ist also am kleinsten, weil sie nur **3** vor dem Komma hat. Die anderen beiden beginnen mit **4**, also müssen wir diese genauer anschauen.

---

### 2. Vergleiche die Nachkommastellen der beiden Zahlen mit 4 vor dem Komma:
- 4,**209**
- 4,**102**

Vergleiche die erste Nachkommastelle (also die Zehntel-Stelle):
- 4,**2**09 → 2
- 4,**1**02 → 1

Da **1 < 2**, ist **4,102 < 4,209**

---

### 3. Endergebnis – Sortierung von klein zu groß:
1. **3,892**
2. **4,102**
3. **4,209**

---

Wenn du magst, kann ich dir auch zeigen, wie man das veranschaulicht oder noch mehr Beispiele durchgeht 😊"
"Numbers and Operations","Ordering numbers","C","Schreibe die folgenden Zahlen in absteigender Reihenfolge: 5.000; 5.300; 4.900; 5.100","Um die Zahlen **5.000; 5.300; 4.900; 5.100** in **absteigender Reihenfolge** (also von der größten zur kleinsten) zu ordnen, kannst du folgende Schritte machen:

---

### 🔍 Schritt 1: Verstehe die Zahlen
Schau dir die Zahlen genau an:

- 5.000  
- 5.300  
- 4.900  
- 5.100  

---

### 📈 Schritt 2: Vergleiche die Größen
Beginne mit der größten Zahl und arbeite dich zur kleineren vor:

- **5.300** ist am größten.
- Dann kommt **5.100**, weil es größer als 5.000 ist.
- Danach folgt **5.000**.
- Die kleinste Zahl ist **4.900**.

---

### ✅ Schritt 3: Schreibe sie in absteigender Reihenfolge

**5.300 > 5.100 > 5.000 > 4.900**

---

Wenn du das verstanden hast, kannst du dir merken:
- Bei absteigender Reihenfolge suchst du immer die nächstkleinere Zahl.
- Du kannst dir auch helfen, indem du dir die Zahlen auf einem Zahlenstrahl vorstellst.

---

### 🧠 Tipp:
Wenn dir das schwerfällt, kannst du die Zahlen auch untereinander schreiben und vergleichen:

```
5.300 ← am größten
5.100
5.000
4.900 ← am kleinsten
```

---

Fertig! 😊  
Wenn du willst, kann ich dir auch weitere Übungsaufgaben stellen."
"Numbers and Operations","Ordering numbers","C","Fülle die Lücke aus: 2.345 < ___ < 2.789","Du sollst eine Zahl finden, die **größer als 2.345** und **kleiner als 2.789** ist. Das bedeutet: Du suchst eine Zahl, die **zwischen 2.345 und 2.789 liegt**.

### Schritt für Schritt:

1. Die erste Zahl ist **2.345**.
2. Die zweite Zahl ist **2.789**.
3. Du suchst eine Zahl, die **dazwischen** liegt – also weder zu klein noch zu groß.

### Beispiele für mögliche Lösungen:

- **2.500** → liegt zwischen 2.345 und 2.789 ✔️  
- **2.678** → liegt auch dazwischen ✔️  
- **2.400** → liegt auch darüber 2.345 und unter 2.789 ✔️  

### Wie findest du einfach eine solche Zahl?

Du kannst z. B. den **Mittelwert** von 2.345 und 2.789 berechnen:

$$
\frac{2.345 + 2.789}{2} = \frac{5.134}{2} = 2.567
$$

Also:
$$
2.345 < 2.567 < 2.789
$$

✅ **Antwort:** Du kannst z. B. **2.567** eintragen (oder jede andere Zahl zwischen 2.345 und 2.789).

Wenn du weitere Einschränkungen hast (z. B. nur ganze Zahlen oder nur auf zwei Nachkommastellen), sag Bescheid!"
"Numbers and Operations","Ordering numbers","D","Runde 345,67 auf die nächste ganze Zahl und auf die nächste Zehntelzahl.","Klar! Bei dieser Matheaufgabe sollst du die Zahl **345,67** auf zwei verschiedene Arten runden:

### 1. **Auf die nächste ganze Zahl runden**

Dabei schaust du dir die **erste Nachkommastelle** an (also die Zahl hinter dem Komma):

- Die Zahl ist **345,67**
- Erste Nachkommastelle: **6**

Regel:
- Wenn die erste Nachkommastelle **kleiner als 5** ist (also 0–4), rundest du **ab**.
- Wenn sie **5 oder größer** ist (also 5–9), rundest du **auf**.

Da die erste Nachkommastelle eine **6** ist, rundest du **auf**:

👉 **Ergebnis: 346**

---

### 2. **Auf die nächste Zehntelzahl runden** (also auf eine Nachkommastelle)

Jetzt schaust du dir die **zweite Nachkommastelle** an:

- Die Zahl ist **345,67**
- Zweite Nachkommastelle: **7**

Auch hier gilt die gleiche Regel:
- Wenn die zweite Nachkommastelle **kleiner als 5**, rundest du ab.
- Wenn sie **5 oder mehr**, rundest du auf.

Da die zweite Nachkommastelle eine **7** ist, rundest du die erste Nachkommastelle **von 6 auf 7**:

👉 **Ergebnis: 345,7**

---

### ✅ Zusammenfassung:
- Auf ganze Zahl gerundet: **346**
- Auf Zehntelzahl gerundet: **345,7**

Wenn du magst, kann ich dir das auch gerne an einem Zahlenstrahl veranschaulichen!"
"Numbers and Operations","Ordering numbers","D","Setze die folgenden Zahlen auf eine Zahlengerade: -1, ½, 0,25, -0,75.","Klar! Lass uns Schritt für Schritt durchgehen, wie du die Zahlen **-1**, **½**, **0,25** und **-0,75** auf eine **Zahlengerade** eintragen kannst.

---

### 📌 **Was ist eine Zahlengerade?**

Eine Zahlengerade ist eine Gerade, auf der Zahlen als Punkte dargestellt werden. Die **Null** ist meist in der Mitte, **positive Zahlen** liegen rechts davon, **negative Zahlen** links davon.

---

### 🧮 **Schritt 1: Alle Zahlen in Dezimalzahlen umwandeln (falls nötig)**

Manchmal sind nicht alle Zahlen im gleichen Format – das macht es schwer, sie zu vergleichen. Wandeln wir alles in **Dezimalzahlen** um:

| Zahl     | Umrechnung |
|----------|------------|
| -1       | -1,0       |
| ½        | 0,5        |
| 0,25     | 0,25       |
| -0,75    | -0,75      |

---

### 🔄 **Schritt 2: Die Zahlen der Größe nach ordnen**

Jetzt sortieren wir sie von klein nach groß:

- **-1,0**
- **-0,75**
- **0,0**
- **0,25**
- **0,5**

---

### 📐 **Schritt 3: Eine Zahlengerade zeichnen**

Zeichne eine horizontale Linie. Markiere die **Null** in der Mitte. Dann füge Bereiche hinzu, z. B. von **-1,5 bis +1**, damit alle deine Zahlen daraufpassen.

Du könntest so etwas wie das hier haben:

```
<---|-----|-----|-----|-----|-----|-----|---->
   -1,5  -1,0  -0,5   0,0   0,5   1,0   1,5
```

---

### ✏️ **Schritt 4: Die Zahlen eintragen**

Trage nun die Zahlen ein:

- **-1,0**: Links von der Null, bei der -1-Marke.
- **-0,75**: Zwischen -1 und -0,5, näher an -1.
- **0,0**: Genau in der Mitte.
- **0,25**: Zwischen 0 und 0,5, näher an 0.
- **0,5 (also ½)**: Ganz genau zwischen 0 und 1.

---

### 🎯 **Fertige Darstellung (vereinfacht):**

```
<---|--------|--------|--------|--------|--------|--->
   -1,0   -0,75     0        0,25     0,5      1,0
```

So kannst du dir vorstellen, wo jede Zahl steht.

---

### 📝 **Zusammenfassung**

Um die Zahlen auf einer Zahlengeraden darzustellen:

1. Wandle alle Zahlen in Dezimalzahlen um.
2. Sortiere sie der Größe nach.
3. Zeichne eine Zahlengerade mit passender Skalierung.
4. Trage die Zahlen an den richtigen Stellen ein.

Wenn du möchtest, kann ich dir auch gerne eine Vorlage oder eine Skizze zeigen, wie du das auf Papier zeichnen kannst 😊"
"Numbers and Operations","Ordering numbers","D","Ordne die Zahlen von der größten zur kleinsten: -5, 7, -2, -8, 0","Klar! Bei dieser Aufgabe sollst du die Zahlen **von der größten zur kleinsten** ordnen. Die gegebenen Zahlen sind:

-5, 7, -2, -8, 0

### Schritt für Schritt:

1. **Erinnere dich an die Reihenfolge von Zahlen auf dem Zahlenstrahl:**
   - Je weiter **rechts** eine Zahl steht, desto **größer** ist sie.
   - Je weiter **links**, desto **kleiner**.

2. **Schau dir alle Zahlen an:**
   - Positive Zahlen (größer als 0): 7, 0
   - Negative Zahlen (kleiner als 0): -5, -2, -8

3. **Sortiere zuerst die positiven Zahlen (von groß nach klein):**
   - 7 ist größer als 0 → also: **7, 0**

4. **Dann kommen die negativen Zahlen:**
   - Merke: Je näher eine negative Zahl bei 0 ist, desto **größer** ist sie!
   - Vergleiche:  
     - -2 ist am nächsten an 0 → am größten von den dreien  
     - dann kommt -5  
     - am weitesten links ist -8 → am kleinsten

   Also: **-2, -5, -8**

5. **Setze alles zusammen:**
   - Größte zuerst: 7  
   - dann 0  
   - dann die negativen Zahlen: -2, -5, -8

### ✅ Endergebnis:
**7, 0, -2, -5, -8**

Wenn du magst, kann ich dir auch zeigen, wie man das am Zahlenstrahl darstellen kann 😊"
"Numbers and Operations","Ordering numbers","D","Fülle die Lücke aus: ___ < 0,5 < ¾","Wir haben die Ungleichung:

> ___ < 0,5 < ¾

Du sollst also eine Zahl **zwischen der ersten Lücke und 0,5** finden, sodass gilt:

- Die unbekannte Zahl ist **kleiner als 0,5**
- Und 0,5 ist **kleiner als ¾**

Zuerst überprüfen wir, ob die rechte Seite stimmt:  
Ist **0,5 < ¾**?

Rechnen wir dazu ¾ in eine Dezimalzahl um:
- ¾ = 0,75

Also:
- 0,5 < 0,75 → Das stimmt.

Jetzt müssen wir eine Zahl finden, die **kleiner als 0,5** ist, um sie in die Lücke einzusetzen.

### Mögliche Lösungen:
Jede Zahl, die **kleiner als 0,5** ist, passt in die Lücke. Beispiele:

- 0,4
- 0,25
- 0
- -1
- 0,49
- ⅓ ≈ 0,333...

### Beispiel:
> **0,4 < 0,5 < ¾**

Das ist eine gültige Lösung!

Oder auch:
> **¼ (0,25) < 0,5 < ¾**

Auch das stimmt.

---

Wenn du eine **bestimmte Form** oder einen **Bruch** eintragen sollst, kannst du z. B. ½ nehmen? Nein, denn:

- ½ = 0,5 → nicht kleiner als 0,5

Aber wie wäre es mit **¼**?

- ¼ = 0,25 → das ist kleiner als 0,5 → ✅

---

### Fazit:
Füge eine Zahl ein, die kleiner als 0,5 ist, z. B.:

> **¼ < 0,5 < ¾**

✅ Diese Aussage ist wahr!"
"Numbers and Operations","Ordering numbers","D","Ordne die Brüche: 5/6, 2/3, 3/4","Um die Brüche **5/6, 2/3 und 3/4** zu ordnen, kannst du sie entweder **erweitern**, sodass sie den **gleichen Nenner** haben, oder du wandelst sie in **Dezimalzahlen** um. Ich zeige dir beide Wege:

---

### 🔢 **Methode 1: Auf den gemeinsamen Nenner erweitern**

Du suchst das **kleinste gemeinsame Vielfache (kgV)** der Nenner 6, 3 und 4.

- Die Nenner sind: 6, 3, 4
- kgV von 6, 3 und 4 ist **12**

Jetzt erweiterst du alle Brüche so, dass sie den Nenner **12** haben:

- **5/6**: Erweitern mit 2 → $ \frac{5 \cdot 2}{6 \cdot 2} = \frac{10}{12} $
- **2/3**: Erweitern mit 4 → $ \frac{2 \cdot 4}{3 \cdot 4} = \frac{8}{12} $
- **3/4**: Erweitern mit 3 → $ \frac{3 \cdot 3}{4 \cdot 3} = \frac{9}{12} $

Jetzt vergleiche die Zähler:
- $ \frac{8}{12} < \frac{9}{12} < \frac{10}{12} $

Also:
> **2/3 < 3/4 < 5/6**

---

### 📊 **Methode 2: Umwandeln in Dezimalzahlen**

Rechne jeden Bruch aus:

- $ \frac{5}{6} = 0{,}8\overline{3} $
- $ \frac{2}{3} = 0{,}6\overline{6} $
- $ \frac{3}{4} = 0{,}75 $

Vergleich:
- $ 0{,}666... < 0{,}75 < 0{,}833... $

Also wieder:
> **2/3 < 3/4 < 5/6**

---

✅ **Endergebnis (von klein nach groß):**
> **2/3 < 3/4 < 5/6**

Wenn du magst, kann ich dir auch zeigen, wie man das am Zahlenstrahl darstellt. 😊"
"Numbers and Operations","Ordering numbers","E","Ordne in absteigender Reihenfolge: ¾, 0,66, 2/3","Um die Zahlen **¾**, **0,66** und **2/3** in **absteigender Reihenfolge** (also vom Größten zum Kleinsten) zu ordnen, musst du sie alle in der gleichen Form darstellen – am einfachsten ist es, sie **in Dezimalzahlen (Kommazahlen)** umzuwandeln.

---

### Schritt 1: Wandle alle Zahlen in Dezimalzahlen um

1. **¾ (dreiviertel)**  
   Das bedeutet: 3 ÷ 4  
   ➜ **¾ = 0,75**

2. **0,66**  
   Das ist schon eine Dezimalzahl.  
   ➜ **0,66 bleibt 0,66**

3. **2/3 (zwei Drittel)**  
   Das bedeutet: 2 ÷ 3  
   ➜ **2/3 ≈ 0,666...** (das Komma wiederholt sich unendlich lang: 0,666666...)

---

### Schritt 2: Vergleiche die Dezimalzahlen

Jetzt hast du:

- **¾ = 0,75**
- **2/3 ≈ 0,666...**
- **0,66**

Vergleich:

- **0,75** ist am größten
- **0,666...** ist etwas größer als **0,66**

---

### Schritt 3: Ordne sie absteigend

Also von **größtens** zu **kleinstens**:

👉 **¾ > 2/3 > 0,66**

---

### ✅ Endgültige Antwort:

**¾ , 2/3 , 0,66**

Wenn du magst, kann ich dir auch zeigen, wie man das mit Brüchen ohne Umwandlung in Dezimalzahlen lösen könnte – sag einfach Bescheid! 😊"
"Numbers and Operations","Ordering numbers","E","Runde die Beträge 13,78 €, 13,21 € und 13,50 € auf den nächsten vollen Euro und ordne sie anschließend.","Gerne! Lass uns die Aufgabe Schritt für Schritt durchgehen:

### Gegebene Beträge:
- 13,78 €  
- 13,21 €  
- 13,50 €

---

## 🔹 **Schritt 1: Runden auf den nächsten vollen Euro**

Beim Runden auf ganze Euro schaust du dir die **Cent-Stelle** (also die Zahl **nach dem Komma**) an:

- Ist der Cent-Betrag **weniger als 50**, rundest du **ab**.
- Ist er **50 oder mehr**, rundest du **auf**.

### Runden:
1. **13,78 €** → Die Cent-Stelle ist **78** → **Runden auf**: **14 €**
2. **13,21 €** → Die Cent-Stelle ist **21** → **Runden ab**: **13 €**
3. **13,50 €** → Die Cent-Stelle ist **50** → **Runden auf**: **14 €**

---

## 🔹 **Schritt 2: Ergebnisse ordnen**

Nun haben wir die gerundeten Beträge:
- 13 €  
- 14 €  
- 14 €

Wir ordnen sie **der Größe nach** (z. B. von klein nach groß):

### Geordnet:
1. **13 €**  
2. **14 €**  
3. **14 €**

---

## ✅ **Endgültige Antwort:**
Die gerundeten und geordneten Beträge sind:  
**13 €, 14 €, 14 €**

Wenn du möchtest, kann ich dir auch zeigen, wie man das in einer Tabelle darstellt oder wie man das einem jüngeren Schüler erklärt. 😊"
"Numbers and Operations","Ordering numbers","E","Ordne die Werte: 3/4, 0,79, 76%","Um die Werte **3/4**, **0,79** und **76%** ordnen zu können, musst du sie alle in der **gleichen Darstellung** vorliegen haben – am besten als **Dezimalzahlen (Kommazahlen)**. Dann kannst du sie einfach vergleichen.

---

### Schritt 1: Wandle alle Werte in Dezimalzahlen um

#### a) 3/4
Das ist ein Bruch. Du kannst ihn ausrechnen:
$$
3 \div 4 = 0{,}75
$$

#### b) 0,79  
Das ist bereits eine Dezimalzahl → bleibt **0,79**

#### c) 76%
Prozent bedeutet „von 100“, also:
$$
76\% = 76 \div 100 = 0{,}76
$$

---

### Schritt 2: Alle Werte als Dezimalzahlen

Jetzt hast du:

- 3/4 = **0,75**
- 0,79 = **0,79**
- 76% = **0,76**

---

### Schritt 3: Der Größen nach ordnen

Vergleiche die drei Zahlen:

- **0,75**
- **0,76**
- **0,79**

Die kleinste Zahl kommt zuerst:

👉 **0,75 < 0,76 < 0,79**

---

### Schritt 4: Zurück zu den ursprünglichen Werten

Ersetze die Dezimalzahlen wieder mit den ursprünglichen Werten:

- 0,75 = **3/4**
- 0,76 = **76%**
- 0,79 = **0,79**

✅ **Richtig geordnet von klein zu groß:**
> **3/4 < 76% < 0,79**

---

Wenn du magst, kann ich dir auch zeigen, wie man das am Zahlenstrahl darstellt oder noch mehr solcher Umrechnungen übt 😊"
"Numbers and Operations","Ordering numbers","F","Vergleiche: 3² ___ 2³","Klar! Die Aufgabe lautet:

**Vergleiche: 3² ___ 2³**

Du sollst also die beiden Potenzen **3²** und **2³** berechnen und miteinander vergleichen. Danach kannst du entscheiden, ob du z. B. ein **>**, **<** oder **=** in den leeren Platz (___) einsetzen kannst.

---

### Schritt 1: Berechne 3²

**3²** bedeutet:  
3 × 3 = **9**

---

### Schritt 2: Berechne 2³

**2³** bedeutet:  
2 × 2 × 2 = **8**

---

### Schritt 3: Vergleiche die Ergebnisse

Jetzt vergleichst du die beiden Ergebnisse:

**9 ___ 8**

Welches Zeichen passt hier?

- 9 ist **größer als** 8 → also: **9 > 8**

---

### Fertige Lösung:

**3² > 2³**

---

Wenn du magst, kann ich dir auch erklären, warum manchmal höhere Exponenten nicht immer größer sind – je nach Basis! 😊"
"Numbers and Operations","Ordering numbers","F","Ordne die folgenden Zahlen auf der Zahlenlinie: π, 3,14, √10","Klar! Du sollst die drei Zahlen **π**, **3,14** und **√10** auf der **Zahlenlinie ordnen**, also von klein nach groß sortieren. Hier ist eine Schritt-für-Schritt-Erklärung:

---

### 🔢 Gegebene Zahlen:
- π (Pi)
- 3,14
- √10 (Wurzel aus 10)

---

## 🧠 Schritt 1: Verstehe jede Zahl

### 1. **π (Pi)**
Pi ist eine irrationale Zahl, die in der Geometrie oft vorkommt.  
Ihr ungefährer Wert ist:  
👉 **π ≈ 3,14159265...**

---

### 2. **3,14**
Das ist einfach eine endliche Dezimalzahl.  
👉 **3,14 = 3,140000...**

---

### 3. **√10 (Wurzel aus 10)**
Die Wurzel aus 10 ist auch irrational. Sie liegt zwischen 3 und 4, weil:
- √9 = 3
- √16 = 4  
Also muss √10 etwas größer als 3 sein.

Berechnen wir einen Näherungswert:
👉 **√10 ≈ 3,16227766...**

---

## ✏️ Schritt 2: Vergleiche die Zahlen

Schreibe sie mit ein paar Nachkommastellen auf:

| Zahl     | Näherungswert         |
|----------|------------------------|
| 3,14     | 3,14000000...          |
| π        | 3,14159265...          |
| √10      | 3,16227766...          |

Jetzt vergleichst du die Zahlen Stelle für Stelle nach dem Komma:

- **3,14** ist am kleinsten
- **π** ist größer als 3,14, aber kleiner als √10
- **√10** ist am größten

---

## ✅ Schritt 3: Reihenfolge auf der Zahlenlinie

Von **klein nach groß** geordnet:

👉 **3,14 < π < √10**

---

### 📌 Zusammenfassung:

Um die Zahlen auf der Zahlenlinie anzuordnen, musst du ihre **Näherungswerte** kennen und dann vergleichen. Die Reihenfolge lautet:

> **3,14 kommt zuerst, dann π, und zuletzt √10.**

Wenn du willst, kann ich dir das auch visuell als Zahlenlinie darstellen! 😊"
"Numbers and Operations","Ordering numbers","F","Wahr oder falsch: √3 > 1,7","Wir sollen entscheiden, ob die Aussage wahr oder falsch ist:

$$
\sqrt{3} > 1{,}7
$$

### Schritt 1: Berechne eine Näherung von √3

Die Wurzel aus 3 (√3) ist eine **irrationale Zahl**, also eine Zahl mit unendlich vielen Nachkommastellen, die sich nicht wiederholen. Eine gute Näherung ist:

$$
\sqrt{3} \approx 1{,}732
$$

### Schritt 2: Vergleiche mit 1,7

Jetzt vergleichen wir:

$$
1{,}732 \quad \text{und} \quad 1{,}7
$$

Es gilt:

$$
1{,}732 > 1{,}7
$$

### Schritt 3: Schlussfolgerung

Da √3 ≈ 1,732 größer ist als 1,7, ist die Aussage:

$$
\sqrt{3} > 1{,}7
$$

**wahr** ✅

---

### Zusätzliche Erklärung (ohne Taschenrechner):

Falls du das ohne Taschenrechner beweisen sollst, kannst du auch beide Seiten quadrieren und schauen, was passiert:

$$
\sqrt{3} > 1{,}7 \quad \text{bedeutet, wenn wir quadrieren:}
$$

$$
(\sqrt{3})^2 = 3 \quad \text{und} \quad (1{,}7)^2 = 2{,}89
$$

Vergleich:

$$
3 > 2{,}89
$$

Also ist die ursprüngliche Ungleichung ebenfalls erfüllt → **√3 > 1,7 ist wahr.**

✅ **Antwort: Wahr**"
"Numbers and Operations","Ordering numbers","F","Ordne die Zahlen vom größten zum kleinsten: √11, 3,3, 10/3","Um die Zahlen **√11**, **3,3** und **10/3** der **Größe nach vom größten zum kleinsten** zu ordnen, musst du sie entweder alle als Dezimalzahlen darstellen oder vergleichbare Werte berechnen. Ich zeige dir Schritt für Schritt, wie du das machen kannst.

---

### 🔹 Gegebene Zahlen:
- √11  
- 3,3  
- 10⁄3

---

## 🧮 Schritt 1: Alle Werte in Dezimalzahlen umrechnen

### 1. √11 (Wurzel aus 11)
Die Quadratwurzel von 11 ist eine irrationale Zahl. Du kannst sie näherungsweise mit dem Taschenrechner oder durch Abschätzen berechnen:

- √9 = 3  
- √16 = 4  
→ Also liegt √11 zwischen 3 und 4.

Näherung:  
**√11 ≈ 3,3166**

---

### 2. 3,3  
Das ist bereits eine Dezimalzahl:  
**3,3 = 3,3000**

---

### 3. 10⁄3 (Zehn geteilt durch drei)

Rechnung:  
**10 ÷ 3 ≈ 3,3333**

---

## ✅ Schritt 2: Vergleiche die drei Werte
Jetzt haben wir alle Zahlen in Dezimalschreibweise:

- √11 ≈ **3,3166**
- 3,3 = **3,3000**
- 10⁄3 ≈ **3,3333**

---

## 📊 Schritt 3: Ordne sie vom größten zum kleinsten

1. **10⁄3 ≈ 3,3333** → Größte Zahl  
2. **√11 ≈ 3,3166** → Mittlere Zahl  
3. **3,3 = 3,3000** → Kleinste Zahl

---

### ✅ Endergebnis:
**10⁄3 > √11 > 3,3**

---

Wenn du magst, kann ich dir auch zeigen, wie man das ohne Taschenrechner grob abschätzen kann. Sag einfach Bescheid! 😊"
"Numbers and Operations","Ordering numbers","G","Bestimme, ob x < y < z zutrifft für x = 0,66, y = 2/3, z = 67%.","Um die Frage **„Bestimme, ob $ x < y < z $“** zutrifft für  
- $ x = 0{,}66 $  
- $ y = \frac{2}{3} $  
- $ z = 67\% $

zu beantworten, musst du alle drei Werte in der gleichen Darstellung (z. B. als Dezimalzahl) vergleichen.

---

### Schritt 1: Alle Werte in Dezimalzahlen umwandeln

#### $ x = 0{,}66 $
Das ist bereits eine Dezimalzahl:
$$
x = 0{,}66
$$

#### $ y = \frac{2}{3} $
Rechne den Bruch aus:
$$
\frac{2}{3} = 0{,}666\ldots \quad (\text{eine periodische Dezimalzahl})
$$

#### $ z = 67\% $
Prozent bedeutet „Hundertstel“, also:
$$
67\% = \frac{67}{100} = 0{,}67
$$

---

### Schritt 2: Werte im Vergleich

Jetzt haben wir:
- $ x = 0{,}6600 $
- $ y = 0{,}6666\ldots $
- $ z = 0{,}6700 $

Vergleiche:
- Ist $ x < y $?  
  $ 0{,}66 < 0{,}6666\ldots $ → ✔️ Ja
- Ist $ y < z $?  
  $ 0{,}6666\ldots < 0{,}67 $ → ✔️ Ja

---

### ✅ Antwort:

**Ja**, es gilt:
$$
x < y < z
$$  
für die gegebenen Werte."
"Numbers and Operations","Ordering numbers","G","Vergleiche die Werte x = -3, y = 1 und z = 4 und schreibe eine Ungleichung, die diese Werte miteinander in Beziehung setzt.","Natürlich! Lass uns die Werte vergleichen und dann eine passende Ungleichung aufstellen.

Du hast folgende Werte gegeben:

- $ x = -3 $
- $ y = 1 $
- $ z = 4 $

### Schritt 1: Vergleiche die Werte
Wir schauen, wie groß diese Zahlen sind:

- $ x = -3 $ ist **negativ** und somit am kleinsten.
- $ y = 1 $ ist **positiv**, aber kleiner als $ z $.
- $ z = 4 $ ist der **größte** Wert.

Also gilt:
$$
x < y < z
$$

Wenn du das einsetzt:
$$
-3 < 1 < 4
$$

### Schritt 2: Schreibe eine Ungleichung
Die Aufgabe verlangt, dass du eine **Ungleichung** aufschreibst, die diese drei Werte miteinander in Beziehung setzt. Die einfachste Variante wäre also:

$$
x < y < z
$$

Das ist deine fertige Ungleichung!

---

### Alternativ (falls gewünscht):
Man kann sie auch ausführlicher schreiben, zum Beispiel:

$$
-3 < 1 < 4
$$

Oder man könnte auch schreiben:
$$
x < y \quad \text{und} \quad y < z
$$

Aber die übliche Kurzform lautet:
$$
\boxed{x < y < z}
$$

Falls du noch weitere Fragen hast oder eine andere Art der Ungleichung suchst (zum Beispiel mit Differenzen oder Abständen), sag gern Bescheid!"
"Numbers and Operations","Ordering numbers","G","Ordne die folgenden Werte von größtem zu kleinstem: 4², 2⁴ und 16.","Klar! Wir haben drei Werte gegeben:  
- $ 4^2 $  
- $ 2^4 $  
- $ 16 $

Unser Ziel ist es, diese **vom größten zum kleinsten** zu ordnen. Dafür machen wir am besten zunächst eine **Berechnung jedes Ausdrucks**, um die tatsächlichen Zahlenwerte zu sehen.

---

### Schritt 1: Berechne jeden Ausdruck

#### 1. $ 4^2 $
Das bedeutet: $ 4 \cdot 4 = 16 $

#### 2. $ 2^4 $
Das bedeutet: $ 2 \cdot 2 \cdot 2 \cdot 2 = 16 $

#### 3. $ 16 $
Das ist bereits eine Zahl: $ 16 $

---

### Schritt 2: Vergleiche die Ergebnisse

Alle drei Ausdrücke ergeben:
- $ 4^2 = 16 $
- $ 2^4 = 16 $
- $ 16 = 16 $

Sie sind also **alle gleich groß**!

---

### Schritt 3: Reihenfolge festlegen

Da alle drei Werte gleich sind, gibt es **keine Unterscheidung zwischen größer oder kleiner** – sie sind alle **gleichrangig**.

Wenn du sie trotzdem in einer Reihenfolge aufschreiben willst, könntest du schreiben:

> **Gleichwertige Reihenfolge (alle gleich groß):**  
$ 4^2 = 2^4 = 16 $

Oder wenn du sie von **größtem zu kleinstem** auflisten sollst, dann wäre das:

> $ 4^2 $, $ 2^4 $, $ 16 $ (oder jede andere Reihenfolge – alle sind gleich)

---

### ✅ Fazit:

Alle drei Werte sind **gleich groß**:  
$$
4^2 = 2^4 = 16
$$

Deshalb gibt es keine echte Abfolge von ""größer"" zu ""kleiner"". Sie sind alle **gleich**.

Falls du noch mehr solche Aufgaben hast, helfe ich gerne weiter! 😊"
"Numbers and Operations","Ordering numbers","H","Ordne 2i, 3 + 2i und 3 − i nach Betrag.","Um die Zahlen $ 2i $, $ 3 + 2i $ und $ 3 - i $ nach ihrem **Betrag** zu ordnen, musst du den **Betrag einer komplexen Zahl** berechnen.

---

### 📌 Grundlagen: Betrag einer komplexen Zahl

Für eine komplexe Zahl $ z = a + bi $ ist der Betrag definiert als:

$$
|z| = \sqrt{a^2 + b^2}
$$

---

### 🔢 Schritt-für-Schritt-Berechnung

#### 1. $ z_1 = 2i $

Das ist dasselbe wie $ 0 + 2i $. Also:
$$
|z_1| = \sqrt{0^2 + 2^2} = \sqrt{4} = 2
$$

#### 2. $ z_2 = 3 + 2i $

$$
|z_2| = \sqrt{3^2 + 2^2} = \sqrt{9 + 4} = \sqrt{13} \approx 3{,}605
$$

#### 3. $ z_3 = 3 - i $

$$
|z_3| = \sqrt{3^2 + (-1)^2} = \sqrt{9 + 1} = \sqrt{10} \approx 3{,}162
$$

---

### ✅ Ordnung nach Betrag (vom kleinsten zum größten):

$$
|2i| = 2 \quad < \quad |3 - i| \approx 3{,}162 \quad < \quad |3 + 2i| \approx 3{,}605
$$

---

### 🧾 Endergebnis:

Die Reihenfolge lautet:

$$
\boxed{2i \quad < \quad 3 - i \quad < \quad 3 + 2i}
$$

Hast du noch Fragen dazu? 😊"
"Numbers and Operations","Ordering numbers","H","Ordne die komplexen Zahlen i, −1 + i, 2i nach ihrem Betrag.","Um die komplexen Zahlen $ i $, $ -1 + i $ und $ 2i $ nach ihrem **Betrag** zu ordnen, musst du den Betrag jeder Zahl berechnen und dann vergleichen.

---

### 📌 Schritt 1: Erinnerung an den Betrag einer komplexen Zahl

Eine komplexe Zahl hat die Form  
$$
z = a + bi
$$  
wobei $ a $ der **reale Teil** und $ b $ der **imaginäre Teil** ist.  
Der **Betrag** von $ z $ ist definiert als:
$$
|z| = \sqrt{a^2 + b^2}
$$

---

### 📘 Schritt 2: Berechne den Betrag jeder Zahl

#### 1. Zahl: $ i $

Schreibe um in die Form $ a + bi $:  
$$
i = 0 + 1i
$$  
Also:
$$
|i| = \sqrt{0^2 + 1^2} = \sqrt{1} = 1
$$

---

#### 2. Zahl: $ -1 + i $

Hier ist $ a = -1 $, $ b = 1 $:  
$$
|-1 + i| = \sqrt{(-1)^2 + 1^2} = \sqrt{1 + 1} = \sqrt{2} \approx 1.414
$$

---

#### 3. Zahl: $ 2i $

$$
2i = 0 + 2i
$$  
Also:
$$
|2i| = \sqrt{0^2 + 2^2} = \sqrt{4} = 2
$$

---

### ✅ Schritt 3: Vergleiche die Beträge

- $ |i| = 1 $
- $ |-1 + i| \approx 1.414 $
- $ |2i| = 2 $

Die Reihenfolge vom **kleinsten zum größten Betrag** ist also:

$$
\boxed{|i| < |-1 + i| < |2i|}
$$

---

### 🧾 Endgültige Antwort:

Die komplexen Zahlen geordnet nach ihrem Betrag (von klein nach groß):

$$
\boxed{i,\quad -1 + i,\quad 2i}
$$"
"Numbers and Operations","Ordering numbers","H","Ordne die folgenden Werte: log₂ 3, log₃ 2, log₅ 5.","Um die Werte zu **vergleichen und ordnen**, betrachten wir:

- $\log_2 3$
- $\log_3 2$
- $\log_5 5$

---

### Schritt 1: Verstehe jeden Logarithmus

#### a) $\log_5 5$

Das ist am einfachsten:
$$
\log_5 5 = 1 \quad \text{(weil } 5^1 = 5\text{)}
$$

---

#### b) $\log_2 3$

Gesucht ist der Exponent, mit dem man 2 potenzieren muss, um 3 zu erhalten:
$$
2^x = 3 \Rightarrow x = \log_2 3
$$

Da $2^1 = 2$ und $2^2 = 4$, muss $\log_2 3$ zwischen **1 und 2** liegen. Genauer:

$$
\log_2 3 \approx 1{,}58
$$

---

#### c) $\log_3 2$

Gesucht ist der Exponent, mit dem man 3 potenzieren muss, um 2 zu erhalten:
$$
3^x = 2 \Rightarrow x = \log_3 2
$$

Da $3^0 = 1$ und $3^1 = 3$, muss $\log_3 2$ zwischen **0 und 1** liegen. Genauer:

$$
\log_3 2 \approx 0{,}63
$$

---

### Schritt 2: Zusammenfassung der Werte

- $\log_3 2 \approx 0{,}63$
- $\log_5 5 = 1$
- $\log_2 3 \approx 1{,}58$

---

### ✅ Endgültige Reihenfolge (aufsteigend):

$$
\boxed{\log_3 2 < \log_5 5 < \log_2 3}
$$

Wenn du magst, kann ich dir auch zeigen, wie man diese Logarithmen ohne Taschenrechner grob abschätzen kann!"
"Numbers and Operations","Ordering numbers","H","Platzieren Sie ∛5, ∛6 und 2 auf einer Zahlenlinie.","Um die Zahlen $\sqrt[3]{5}$, $\sqrt[3]{6}$ und $2$ auf einer **Zahlenlinie** zu platzieren, musst du ihre ungefährer Größe (also ihren numerischen Wert) verstehen. Wir gehen Schritt für Schritt vor:

---

### 📌 **Schritt 1: Verstehe die Bedeutung der dritten Wurzel**

Die **dritte Wurzel** ($\sqrt[3]{x}$) ist die Zahl, die **dreimal mit sich selbst multipliziert** $x$ ergibt.

Beispiel:
$$
\sqrt[3]{8} = 2 \quad \text{weil } 2 \cdot 2 \cdot 2 = 8
$$

---

### 📌 **Schritt 2: Bestimme Näherungen der Wurzeln**

Wir wollen $\sqrt[3]{5}$ und $\sqrt[3]{6}$ abschätzen oder näherungsweise berechnen.

#### 🔹 $\sqrt[3]{5}$

Suche eine Zahl $x$, sodass $x^3 = 5$. Du weißt:
- $1^3 = 1$
- $2^3 = 8$

Also liegt $\sqrt[3]{5}$ zwischen **1 und 2**.

Teste Werte:
- $1.7^3 = 4.913$
- $1.71^3 \approx 5.000$ 👉 Also ist $\sqrt[3]{5} \approx 1.71$

#### 🔹 $\sqrt[3]{6}$

Gleiche Vorgehensweise:
- $1.8^3 = 5.832$
- $1.82^3 \approx 6.028$

Also ist $\sqrt[3]{6} \approx 1.82$

---

### 📌 **Schritt 3: Vergleiche alle drei Zahlen**

Jetzt haben wir:

- $\sqrt[3]{5} \approx 1.71$
- $\sqrt[3]{6} \approx 1.82$
- $2 = 2.00$

---

### 📌 **Schritt 4: Trage sie auf der Zahlenlinie ein**

Zeichne dir eine Zahlenlinie von z.B. **1 bis 2**, unterteilt in kleine Abschnitte (z.B. in 0.1-Schritten).

Trage dann ein:

```
1.71      1.82     2.00
 |         |        |
√[3]{5}  √[3]{6}   2
```

Du kannst also sagen:

> Auf der Zahlenlinie liegen diese Zahlen in dieser Reihenfolge:  
> $\sqrt[3]{5} < \sqrt[3]{6} < 2$

---

### ✅ **Zusammenfassung:**

Um die Zahlen auf der Zahlenlinie zu platzieren:

1. Berechne oder schätze die Werte:
   - $\sqrt[3]{5} \approx 1.71$
   - $\sqrt[3]{6} \approx 1.82$
   - $2 = 2.00$

2. Ordne sie nach Größe:
   - $\sqrt[3]{5} < \sqrt[3]{6} < 2$

3. Trage sie entsprechend auf der Zahlenlinie ein.

Wenn du willst, kann ich dir auch gerne eine Skizze im Text beschreiben!"
"Numbers and Operations","Ordering numbers","H","Ordne die folgenden Zahlen: 0b1010, 0xF, 13 (binär, hexadezimal, dezimal)","Klar! Du sollst die folgenden Zahlen **vergleichen und der Größe nach ordnen**:

- **0b1010** → Das ist eine **binäre Zahl**
- **0xF** → Das ist eine **hexadezimale Zahl**
- **13** → Das ist eine **dezimale Zahl**

Um sie ordnen zu können, musst du alle **in dieselbe Darstellung umrechnen**, am einfachsten in das **Dezimalsystem**, da du damit am vertrautesten bist.

---

### 🔢 Schritt 1: Umwandlung in Dezimal

#### a) 0b1010 (Binär)
Die Vorsilbe `0b` zeigt an: Es handelt sich um eine Binärzahl.

Binär: **1010**

Umwandlung:
```
1 * 2³ + 0 * 2² + 1 * 2¹ + 0 * 2⁰
= 8     + 0     + 2     + 0
= 10
```

✅ Also: **0b1010 = 10 (dezimal)**

---

#### b) 0xF (Hexadezimal)

Die Vorsilbe `0x` zeigt an: Es handelt sich um eine Hexadezimalzahl.

Hex: **F** entspricht in dezimal: **15**

✅ Also: **0xF = 15 (dezimal)**

---

#### c) 13 (Dezimal)

Das ist bereits im Dezimalsystem:

✅ **13 bleibt 13**

---

### 📊 Schritt 2: Vergleiche die Werte

Jetzt hast du alle Zahlen im Dezimalsystem:

- 0b1010 = 10  
- 13 = 13  
- 0xF = 15  

---

### ✅ Schritt 3: Ordne von klein nach groß

**10 < 13 < 15**

Also lautet die Reihenfolge:

👉 **0b1010 < 13 < 0xF**

---

Wenn du möchtest, kann ich dir auch zeigen, wie man alle Zahlen z. B. im Binär- oder Hexadezimalsystem vergleicht – sag einfach Bescheid! 😊"
"Numbers and Operations","Applying Calculation Strategies","B","Benutze eine Zahlenlinie, um das Ergebnis von 9 + 6 zu finden: ______","Klar! Ich zeige dir Schritt für Schritt, wie du die Aufgabe **9 + 6** mit Hilfe einer **Zahlenlinie** lösen kannst.

---

### 🧠 Was ist eine Zahlenlinie?

Eine **Zahlenlinie** ist eine Gerade, auf der Zahlen in gleichmäßigen Abständen eingetragen sind. Du kannst sie benutzen, um Rechenschritte visuell darzustellen – besonders gut geeignet für Addition (Plusrechnen) und Subtraktion (Minusrechnen).

---

### ➕ Aufgabe:  
**9 + 6 = ?**

---

### 📏 Schritt-für-Schritt-Anleitung:

1. **Zeichne oder stelle dir eine Zahlenlinie vor**, auf der die Zahlen von z. B. 0 bis 15 abgebildet sind:

   ```
   0  1  2  3  4  5  6  7  8  9  10 11 12 13 14 15
   ```

2. **Starte bei der Zahl 9**, weil das die erste Zahl in der Rechnung ist.

3. **Gehe 6 Schritte nach rechts**, weil du 6 addierst (plusrechnest):

   - 1. Schritt: 9 → 10  
   - 2. Schritt: 10 → 11  
   - 3. Schritt: 11 → 12  
   - 4. Schritt: 12 → 13  
   - 5. Schritt: 13 → 14  
   - 6. Schritt: 14 → 15

4. **Du landest bei der Zahl 15.**

---

### ✅ Ergebnis:
Das Ergebnis von **9 + 6** ist **15**.

Also:
```
9 + 6 = 15
```

---

Wenn du willst, kann ich dir auch zeigen, wie du das auf einer gezeichneten Zahlenlinie markieren kannst 😊"
"Numbers and Operations","Applying Calculation Strategies","B","Berechne die folgende Aufgabe, indem du Zehner und Einer zusammenzählst: 27 + 35","Klar! Wir rechnen die Aufgabe **27 + 35**, indem wir **Zehner und Einer getrennt zusammenzählen**. So wird es einfacher. 🎯

### Schritt 1: Zerlege die Zahlen in Zehner und Einer
- **27** besteht aus: **20 (Zehner)** und **7 (Einer)**
- **35** besteht aus: **30 (Zehner)** und **5 (Einer)**

### Schritt 2: Addiere die Zehner zusammen
- **20 + 30 = 50**

### Schritt 3: Addiere die Einer zusammen
- **7 + 5 = 12**

### Schritt 4: Rechne das Ergebnis der Zehner und Einer zusammen
- **50 + 12 = 62**

---

✅ **Ergebnis:** **27 + 35 = 62**

Wenn du magst, kann ich dir auch zeigen, wie man das bildlich mit Zehner-Stangen und Einer-Würfeln darstellen würde – das hilft manchmal beim Verstehen. 😊"
"Numbers and Operations","Applying Calculation Strategies","B","Berechne die Summe der folgenden Zahlen, indem du auf die nächstgelegene Zehnerstelle rundest: 46 + 9","Klar! Lass uns die Aufgabe Schritt für Schritt durchgehen:

### Aufgabe:
**Berechne die Summe der folgenden Zahlen, indem du auf die nächstgelegene Zehnerstelle rundest: 46 + 9**

---

### Schritt 1: Runde jede Zahl auf die **nächstgelegene Zehnerstelle**

#### Runden von 46:
- Die Zahl **46** liegt zwischen **40** und **50**
- 46 ist **näher an 50** als an 40 → also rundet man **auf 50**

#### Runden von 9:
- Die Zahl **9** liegt zwischen **0** und **10**
- 9 ist **näher an 10** als an 0 → also rundet man **auf 10**

---

### Schritt 2: Addiere die gerundeten Zahlen

Jetzt rechnen wir:
```
50 + 10 = 60
```

---

### ✅ **Antwort: 60**

Das ist die geschätzte Summe, wenn du vor dem Rechnen auf die nächstgelegene Zehnerstelle rundest.

Wenn du magst, kann ich dir auch zeigen, wie das Ergebnis aussieht, wenn du **erst addierst und dann rundest**, um den Unterschied zu sehen."
"Numbers and Operations","Applying Calculation Strategies","C","Welche Strategie würdest du verwenden, um 400 − 198 schnell zu lösen?","Um die Aufgabe **400 − 198** schnell zu lösen, gibt es mehrere clevere Strategien, die einfacher sind als das schriftliche Subtrahieren. Hier ist eine gute und einfache Methode:

---

### 🎯 **Strategie: ""Aufteilen und ergänzen"" (auch Runden und Anpassen genannt)**

Du kannst **198** zunächst auf den nächsten vollen Hunderter aufrunden, also auf **200**. Das macht die Rechnung erstmal einfacher:

- **400 − 200 = 200**

Aber Achtung! Du hast jetzt **2 zu viel abgezogen**, weil 198 ja **2 weniger als 200** ist.

Also musst du diese **2 wieder dazugeben**:

- **200 + 2 = 202**

✅ **Ergebnis: 400 − 198 = 202**

---

### Alternativ: Schrittweise subtrahieren

Du kannst auch schrittweise vorgehen:

1. Zuerst ziehst du 100 von 400 ab → 300  
2. Dann nochmal 90 ab → 210  
3. Und dann 8 ab → **202**

Aber das ist etwas aufwendiger.

---

### 💡 Tipps für schnelles Kopfrechnen:
- Runde Zahlen auf ganze Zehner oder Hunderter.
- Merke dir, wie viel du gerundet hast, und passe das Ergebnis am Ende an.
- Übung macht den Meister – probiere verschiedene Wege aus und finde deinen Favoriten!

---

Wenn du willst, kann ich dir auch zeigen, wie man das mit anderen ähnlichen Aufgaben macht. 😊"
"Numbers and Operations","Applying Calculation Strategies","C","Was ist eine gute Schätzung für 612 ÷ 9?","Klar! Lass uns gemeinsam eine gute Schätzung für die Aufgabe **612 ÷ 9** finden.

---

### Schritt 1: Verstehe die Aufgabe
Du möchtest wissen, wie oft die Zahl 9 in 612 passt – also suchst du das Ergebnis von:

$$
612 \div 9
$$

Eine **Schätzung** bedeutet, dass du nicht unbedingt das genaue Ergebnis berechnen musst, sondern einen **Wert in der Nähe**, der leichter zu rechnen ist.

---

### Schritt 2: Runde die Zahlen geschickt

Statt genau mit 612 und 9 zu rechnen, kannst du entweder:
- **die 612 runden**, oder
- **die 9 durch eine naheliegende Zahl ersetzen**, die einfacher zu teilen ist.

#### Methode 1: 612 grob runden → 612 ≈ 600  
Und 9 behalten → 9 ≈ 10 (weil durch 10 einfach zu teilen ist)

Jetzt rechnest du:

$$
600 \div 10 = 60
$$

Das ist eine grobe Schätzung. Aber da 9 kleiner als 10 ist, wird das **echte Ergebnis größer als 60** sein.

---

#### Methode 2: Genauere Schätzung

Wir bleiben bei 612, aber denken an Vielfache von 9, die uns bekannt vorkommen:

$$
9 \times 60 = 540 \\
9 \times 70 = 630
$$

Ah, 612 liegt zwischen 540 und 630, also ist das Ergebnis von 612 ÷ 9 **zwischen 60 und 70**.

Da 612 näher an 630 (9×70) als an 540 (9×60), ist das Ergebnis **etwas weniger als 70**, also z.B. **ca. 68**.

---

### Schritt 3: Exaktes Ergebnis (zur Kontrolle)

Wenn du willst, können wir auch kurz das genaue Ergebnis ausrechnen:

$$
612 \div 9 = 68
$$

✅ Also ist **68 das genaue Ergebnis**, und damit natürlich auch eine **sehr gute Schätzung**!

---

### Zusammenfassung:

- **Runde geschickt**: 612 ≈ 600, 9 ≈ 10 → 600 ÷ 10 = 60  
- **Überschlage mit bekannten Vielfachen von 9**: 9 × 70 = 630 → 612 ist etwas kleiner → ca. 68  
- **Exakte Rechnung**: 612 ÷ 9 = 68  

---

✅ **Antwort: Eine gute Schätzung ist 68.**"
"Numbers and Operations","Applying Calculation Strategies","C","Verwende wiederholte Addition, um das Ergebnis von 7 × 6 = ___ zu finden.","Klar! Um die Aufgabe **7 × 6** mit **wiederholter Addition** zu lösen, stellst du dir vor, du addierst die Zahl **6 insgesamt 7-mal** hintereinander. Also so:

### Schritt für Schritt:
Du rechnest einfach:

```
6 + 6 + 6 + 6 + 6 + 6 + 6
```

Das ist das Gleiche wie **7 × 6**.

Jetzt rechnen wir es aus:

1. 6 + 6 = 12  
2. 12 + 6 = 18  
3. 18 + 6 = 24  
4. 24 + 6 = 30  
5. 30 + 6 = 36  
6. 36 + 6 = 42  

✅ **Ergebnis: 42**

Also ist **7 × 6 = 42**.

---

Wenn du magst, kann ich dir auch zeigen, wie das mit anderen Zahlen funktioniert oder dir Tipps zum Einmaleins geben. 😊"
"Numbers and Operations","Applying Calculation Strategies","C","Verdopple und halbiere: 25 × 8 = ___","Die Aufgabe **„Verdopple und halbiere: 25 × 8 = ___“** ist ein Trick, um Multiplikationen einfacher zu machen. Dabei nutzt du aus, dass du einen Faktor **verdoppeln** und den anderen **halbieren** kannst, ohne dass sich das Ergebnis ändert.

---

### So funktioniert der Trick:

Du hast die Rechnung:  
**25 × 8**

Jetzt darfst du – wie in der Aufgabe beschrieben – **einen Faktor verdoppeln** und den **anderen halbieren**.

#### Schritt 1: Verdopple eine Zahl
Zum Beispiel:
- **25 verdoppelt**: 25 × 2 = **50**

#### Schritt 2: Halbiere die andere Zahl
- **8 halbiert**: 8 ÷ 2 = **4**

---

### Jetzt rechne:  
**50 × 4 = ?**

Das ist viel leichter zu rechnen als 25 × 8!

**50 × 4 = 200**

---

### Und tatsächlich:
**25 × 8 = 200**

Der Trick hat funktioniert! 🎉

---

### Warum funktioniert das?
Weil bei der Multiplikation gilt:
> (a × 2) × (b ÷ 2) = a × b

Also: Wenn du einen Faktor verdoppelst und den anderen halbierst, bleibt das Ergebnis gleich.

---

Wenn du willst, kannst du das auch anders machen:

- **25 halbieren** → 12,5  
- **8 verdoppeln** → 16  
→ 12,5 × 16 = 200 (das ist aber schwerer im Kopf)

Deshalb ist es cleverer, **25 zu verdoppeln** und **8 zu halbieren**, weil du dann mit ganzen Zahlen weiterrechnest.

---

### Zusammenfassung:
**25 × 8**  
= **(25 × 2) × (8 ÷ 2)**  
= **50 × 4**  
= **200**

✅ **Ergebnis: 200**

Möchtest du noch mehr solcher Tricks? 😊"
"Numbers and Operations","Applying Calculation Strategies","C","Welche zwei Schritte würdest du verwenden, um 75 × 12 zu berechnen?","Um **75 × 12** zu berechnen, kannst du die Aufgabe vereinfachen, indem du sie in kleinere, leichter handhabbare Schritte aufteilst. Hier sind zwei sinnvolle Schritte:

---

### 🔹 **Schritt 1: Zerlege 12 in 10 + 2**
Du kannst die **Distributivregel** anwenden (also ausmultiplizieren):

$$
75 \times 12 = 75 \times (10 + 2) = (75 \times 10) + (75 \times 2)
$$

---

### 🔹 **Schritt 2: Rechne die einfacheren Einzelaufgaben aus und addiere**
- $ 75 \times 10 = 750 $
- $ 75 \times 2 = 150 $

Jetzt addierst du die beiden Ergebnisse:

$$
750 + 150 = 900
$$

---

✅ **Endergebnis:**  
$$
75 \times 12 = 900
$$

Wenn du willst, kann ich dir auch andere Methoden zeigen, z.B. mit Verdopplung/Halbierung oder schriftlicher Multiplikation."
"Numbers and Operations","Applying Calculation Strategies","C","Schätze mit Rundung: 51 × 19 und überprüfe dann dein Ergebnis.","Klar! Lass uns die Aufgabe **51 × 19** Schritt für Schritt durchgehen – zuerst mit einer **Schätzung durch Rundung**, dann mit der **genauen Berechnung zur Überprüfung**.

---

### 🔍 1. **Schätzen durch Runden**

Beim Schätzen rundet man die Zahlen so, dass man leichter im Kopf rechnen kann.

- **51** ist fast **50**, also runden wir 51 → **50**
- **19** ist fast **20**, also runden wir 19 → **20**

Jetzt multiplizieren wir die gerundeten Zahlen:

> **50 × 20 = 1000**

✅ Also: **Die geschätzte Lösung ist 1000**

---

### ✅ 2. **Genau berechnen (zur Überprüfung)**

Jetzt rechnen wir das genau:

> **51 × 19**

Du kannst z. B. schreiben als:
> 51 × 19 = 51 × (20 − 1) = (51 × 20) − (51 × 1)

Rechnen wir aus:
- 51 × 20 = 1020
- 51 × 1 = 51

Also:
> 1020 − 51 = **969**

✅ Die **genaue Lösung ist 969**

---

### 📊 3. **Vergleich Schätzung vs. Wirklichkeit**

- Geschätzt: **1000**
- Genau: **969**
- Differenz: **1000 − 969 = 31**

➡️ Unsere Schätzung war also etwas **höher**, aber in der **richtigen Größenordnung** – das ist beim Schätzen okay!

---

### 🧠 Tipps zum Schätzen:

- Runde auf ganze Zehner (also auf/ab auf die nächste Zahl, die auf 0 endet)
- Versuche, eine einfache Multiplikation im Kopf machen zu können
- Vergleiche danach immer mit dem genauen Ergebnis, um ein Gefühl für die Genauigkeit zu bekommen

---

Wenn du willst, zeige ich dir auch noch andere Rechenwege oder wie man das schriftlich multipliziert! 😊"
"Numbers and Operations","Applying Calculation Strategies","C","Zerlege zum Multiplizieren: 23 × 4 = ___","Die Aufgabe **„Zerlege zum Multiplizieren: 23 × 4 = ___“** bedeutet, dass du die Zahl **23** geschickt in **Teile zerlegen** sollst, um die Multiplikation mit **4** einfacher zu machen.

### Schritt-für-Schritt-Erklärung:

Du kannst die Zahl **23** in **20 + 3** zerlegen. Dann multiplizierst du **jeden Teil einzeln mit 4** und addierst danach die Ergebnisse.

---

### Zerlegung:
$$
23 \times 4 = (20 + 3) \times 4
$$

---

### Ausmultiplizieren:
$$
= 20 \times 4 + 3 \times 4
$$

---

### Rechnen:
$$
= 80 + 12
$$

$$
= 92
$$

---

### ✅ Endergebnis:
$$
23 \times 4 = 92
$$

---

Wenn dir das gefällt, können wir auch andere Zahlen so aufteilen – sag einfach Bescheid! 😊"
"Numbers and Operations","Applying Calculation Strategies","D","Schätze das Produkt von 398 × 52, indem du beide Zahlen rundest. Berechne anschließend die genaue Antwort, um deine Schätzung zu überprüfen.","Klar! Lass uns die Aufgabe **398 × 52** Schritt für Schritt lösen – zuerst mit einer Schätzung durch Runden, dann mit der genauen Berechnung.

---

### ✅ **1. Schätze das Produkt, indem du beide Zahlen rundest**

#### 🔍 Runde die Zahlen:
- **398** ist fast **400**, also runden wir auf → **400**
- **52** ist näher an **50** als an **100**, also runden wir ab → **50**

#### 📐 Multipliziere die gerundeten Zahlen:
$$
400 \times 50 = 20\,000
$$

➡️ **Deine geschätzte Lösung ist: 20 000**

---

### ✅ **2. Berechne die genaue Antwort**

Jetzt rechnen wir das **echte Ergebnis von 398 × 52** aus.

Du kannst es z. B. schriftlich multiplizieren oder in Schritten zerlegen:

#### Methode: Schrittweise Multiplikation

$$
398 \times 52 = 398 \times (50 + 2) = (398 \times 50) + (398 \times 2)
$$

##### Erster Teil:  
$$
398 \times 50 = (398 \times 5) \times 10 = (1990) \times 10 = 19\,900
$$

##### Zweiter Teil:
$$
398 \times 2 = 796
$$

##### Beides addieren:
$$
19\,900 + 796 = 20\,696
$$

➡️ **Die genaue Antwort ist: 20 696**

---

### ✅ **Fazit:**

- **Schätzung (gerundet):** 20 000  
- **Genaues Ergebnis:** 20 696  
- **Differenz:** 696

👉 Deine Schätzung war also etwas niedriger, aber in der richtigen Größenordnung. Gut geschätzt!

Wenn du möchtest, kann ich dir auch zeigen, wie man das schriftlich multipliziert oder noch besser schätzen kann 😊"
"Numbers and Operations","Applying Calculation Strategies","D","Subtrahiere: −15 − (−8)","Klar! Lass uns die Matheaufgabe Schritt für Schritt lösen:

Die Aufgabe lautet:  
**−15 − (−8)**

### Schritt 1: Verstehe die Regel beim Minus vor einer negativen Zahl
Wenn du eine **negative Zahl subtrahierst**, ist das dasselbe, als würdest du die **positive Zahl addieren**.  
Anders ausgedrückt:  
**Minus mal Minus ergibt Plus.**

Also:
```
−15 − (−8) = −15 + 8
```

### Schritt 2: Rechne jetzt −15 + 8
Stell dir vor, du bist bei **−15** auf der Zahlengeraden und gehst dann **8 nach rechts** (weil du etwas Positives addierst):

```
−15 + 8 = −7
```

### ✅ Endergebnis:
**−7**

Wenn du willst, kann ich es dir auch anhand von Beispielen aus dem Alltag erklären – sag einfach Bescheid! 😊"
"Numbers and Operations","Applying Calculation Strategies","D","Wende die Reihenfolge der Operationen an: 6 + 3 × (8 − 5)²","Klar! Um die Matheaufgabe **6 + 3 × (8 − 5)²** korrekt zu lösen, musst du die **Reihenfolge der Operationen** beachten. Diese lautet:

1. **Klammern** zuerst  
2. **Potenzen** (Hochzahlen) berechnen  
3. **Punktrechnung**: Multiplikation und Division von links nach rechts  
4. **Strichrechnung**: Addition und Subtraktion von links nach rechts  

Das ist manchmal auch als **""KlaPoPuS""** bekannt: **Klammer, Potenz, Punkt, Strich**

---

### Schritt-für-Schritt-Lösung:

Gegeben:  
**6 + 3 × (8 − 5)²**

#### Schritt 1: Klammer berechnen  
In der Klammer steht:  
**(8 − 5) = 3**

Jetzt sieht die Aufgabe so aus:  
**6 + 3 × 3²**

---

#### Schritt 2: Potenz berechnen  
**3² = 9**

Jetzt haben wir:  
**6 + 3 × 9**

---

#### Schritt 3: Punkt vor Strich – also Multiplikation zuerst  
**3 × 9 = 27**

Jetzt:  
**6 + 27**

---

#### Schritt 4: Addition  
**6 + 27 = 33**

---

### ✅ Endergebnis: **33**

Wenn du magst, kann ich dir das auch nochmal in einer Zeile zeigen:

**6 + 3 × (8 − 5)²**  
= 6 + 3 × 3²  
= 6 + 3 × 9  
= 6 + 27  
= **33**

Falls du weitere Fragen hast oder mehr Übungen willst, helfe ich gerne! 😊"
"Numbers and Operations","Applying Calculation Strategies","D","Berechne mithilfe der lange Division: 3.672 ÷ 16","Klar! Wir berechnen **3.672 ÷ 16** mithilfe der **schriftlichen Division (langen Division)**. Hier ist die Schritt-für-Schritt-Anleitung:

---

### **Gegeben:**
$$
3672 \div 16
$$

Wir rechnen nun schriftlich wie folgt:

---

### **Schritt 1:** Wie oft passt 16 in die erste Ziffer (3)?

- 16 passt nicht in 3 → nehme eine Ziffer mehr: **36**

---

### **Schritt 2:** Wie oft passt 16 in 36?

- $ 16 \times 2 = 32 $, das geht.
- Schreibe **2** als erste Ziffer des Ergebnisses.
- Subtrahiere: $ 36 - 32 = 4 $

---

### **Schritt 3:** Hole die nächste Ziffer herunter (7) → **47**

- Wie oft passt 16 in 47?
  - $ 16 \times 2 = 32 $
  - $ 16 \times 3 = 48 $ → zu viel!
  - Also **2 mal**, ergänze eine **2** zum Ergebnis.
- Subtrahiere: $ 47 - 32 = 15 $

---

### **Schritt 4:** Hole die nächste Ziffer herunter (2) → **152**

- Wie oft passt 16 in 152?
  - Rechne: $ 16 \times 9 = 144 $
  - $ 16 \times 10 = 160 $ → zu viel
  - Also **9 mal**
- Subtrahiere: $ 152 - 144 = 8 $

---

### **Ergebnis:**
Du hast jetzt:
- Das Ergebnis: **229**
- Rest: **8**

Da du im Grunde mit ganzen Zahlen arbeitest, kannst du auch einen **Dezimalbruch** weiterführen, wenn du willst.

---

### **Optional: Dezimalstellen berechnen**

Füge eine **0** an den Rest an (also 80):

- Wie oft passt 16 in 80?  
  - $ 16 \times 5 = 80 $ → genau!

Also ergibt sich insgesamt:

$$
\boxed{3672 \div 16 = 229.5}
$$

---

### ✅ **Endgültige Antwort:**
$$
\mathbf{3672 \div 16 = 229{,}5}
$$

Wenn du möchtest, kann ich dir auch zeigen, wie das ganze in einer schriftlichen Division aufgeschrieben aussieht. Sag einfach Bescheid!"
"Numbers and Operations","Applying Calculation Strategies","E","Eine Jacke kostet 80 € und wird um 25 % reduziert, dann kommt eine Steuer von 10 % hinzu. Wie hoch ist der Endpreis?","Klar! Lass uns die Aufgabe Schritt für Schritt durchgehen:

### Gegeben:
- **Ursprünglicher Preis der Jacke**: 80 €  
- **Rabatt**: 25 %  
- **Steuer**: 10 %

---

## 🔍 Schritt 1: Rabatt berechnen (25 % von 80 €)

Du musst zuerst den Rabatt von 25 % vom Originalpreis abziehen.

**Rabattbetrag** = 25 % von 80 €  
= $ \frac{25}{100} \cdot 80 = 20 $ €

**Preis nach Rabatt** = 80 € − 20 € = **60 €**

---

## 💰 Schritt 2: Steuer hinzufügen (10 % auf den reduzierten Preis)

Jetzt kommt eine Steuer von 10 % auf den neuen Preis (also auf 60 €):

**Steueraufschlag** = 10 % von 60 €  
= $ \frac{10}{100} \cdot 60 = 6 $ €

**Endpreis** = 60 € + 6 € = **66 €**

---

## ✅ Ergebnis:
Der **Endpreis der Jacke beträgt 66 €**.

Wenn du willst, kann ich dir auch zeigen, wie man das in einer Formel berechnet. Sag einfach Bescheid! 😊"
"Numbers and Operations","Applying Calculation Strategies","E","Schätze die Gesamtkosten von 7,85 €, 12,49 € und 4,30 €, indem du auf den nächsten Euro rundest.","Um die **Gesamtkosten** von **7,85 €**, **12,49 €** und **4,30 €** abzuschätzen, indem du **auf den nächsten Euro rundest**, gehst du wie folgt vor:

---

### 🔹 Schritt 1: Runde jeden Betrag auf den nächsten Euro

- **7,85 €**:  
  Der Cent-Betrag ist **85 Cent**, also **mehr als 50 Cent** → Runden **nach oben**.  
  ➜ **8 €**

- **12,49 €**:  
  Der Cent-Betrag ist **49 Cent**, also **weniger als 50 Cent** → Runden **nach unten**.  
  ➜ **12 €**

- **4,30 €**:  
  Der Cent-Betrag ist **30 Cent**, also **weniger als 50 Cent** → Runden **nach unten**.  
  ➜ **4 €**

---

### 🔹 Schritt 2: Addiere die gerundeten Werte

$$
8\ € + 12\ € + 4\ € = 24\ €
$$

---

### ✅ **Ergebnis der Schätzung: 24 €**

Das ist deine geschätzte Gesamtsumme, wenn du vorher auf ganze Euros rundest.

---

Wenn du magst, können wir auch kurz vergleichen, was die **genaue Summe** wäre:

$$
7,85 + 12,49 + 4,30 = 24,64\ €
$$

Also ist deine Schätzung mit **24 €** schon sehr nah dran! 😊"
"Numbers and Operations","Applying Calculation Strategies","E","Ein Laptop kostet ursprünglich 850 € und wird um 20 % reduziert. Danach wird ein Gutschein über 50 € eingelöst. Wie hoch ist der endgültige Preis?","Gerne! Lass uns die Aufgabe Schritt für Schritt durchgehen:

---

### **Gegeben:**
- **Ursprünglicher Preis des Laptops:** 850 €  
- **Preisreduktion:** 20 %  
- **Gutschein:** 50 €  

---

### **Schritt 1: Berechne den Rabatt (20 % von 850 €)**

Du willst 20 % von 850 € berechnen:

$$
\text{Rabatt} = 850 \cdot \frac{20}{100} = 850 \cdot 0{,}2 = 170\,€
$$

---

### **Schritt 2: Neuer Preis nach Rabatt**

Ziehe den Rabatt vom ursprünglichen Preis ab:

$$
\text{Neuer Preis} = 850 - 170 = 680\,€
$$

---

### **Schritt 3: Gutschein anwenden**

Von dem reduzierten Preis wird nun noch der Gutscheinwert abgezogen:

$$
\text{Endgültiger Preis} = 680 - 50 = 630\,€
$$

---

### ✅ **Antwort:**
Der **endgültige Preis** des Laptops beträgt **630 €**.

---

Wenn du magst, kann ich dir auch zeigen, wie man das in einer Formel berechnet 😊."
"Numbers and Operations","Applying Calculation Strategies","E","Verwende die Ausgleichsmethode, um schnell zu lösen: 199 + 68","Klar! Bei der **Ausgleichsmethode** geht es darum, eine Zahl so zu verändern, dass die Rechnung einfacher wird – meist durch Runden – und den Unterschied dann beim anderen Summanden ausgleichen.

### Aufgabe:  
**199 + 68**

---

### Schritt 1: Runde eine Zahl auf einen glatten Wert

Die Zahl **199** ist fast **200**. Um sie ""glatt"" zu machen, addieren wir **+1**, um auf 200 zu kommen.

---

### Schritt 2: Passe die andere Zahl entsprechend an (gleiche Veränderung, aber umgekehrt)

Da du bei der ersten Zahl **+1** hinzugefügt hast, musst du das bei der zweiten Zahl wieder **abziehen**, damit das Ergebnis gleich bleibt:

- 68 − 1 = **67**

---

### Schritt 3: Addiere jetzt die gerundete Zahl mit der angepassten Zahl

**200 + 67 = 267**

---

### Fertig!

✅ **Ergebnis: 199 + 68 = 267**

---

### Warum funktioniert das?

Du verschiebst einfach einen kleinen Teil von einer Zahl zur anderen, ohne den Gesamtwert zu ändern:
- 199 + 68 = (200 − 1) + 68 = 200 + 68 − 1 = 200 + (68 − 1) = 200 + 67 = 267

Diese Methode ist besonders praktisch im Kopfrechnen! 🧠

Möchtest du noch ein Beispiel dazu sehen?"
"Numbers and Operations","Applying Calculation Strategies","F","Verwende die Primfaktorzerlegung, um den größten gemeinsamen Teiler (ggT) von 36 und 60 zu bestimmen.","Um den **größten gemeinsamen Teiler (ggT)** von zwei Zahlen mithilfe der **Primfaktorzerlegung** zu bestimmen, folgst du diesen Schritten:

---

### 🔹 **Schritt 1: Primfaktorzerlegung beider Zahlen**

Zerlege die Zahlen **36** und **60** in ihre **Primfaktoren**.

#### 📌 Für 36:
$$
36 = 2 \cdot 18 \\
= 2 \cdot 2 \cdot 9 \\
= 2 \cdot 2 \cdot 3 \cdot 3 \\
= 2^2 \cdot 3^2
$$

#### 📌 Für 60:
$$
60 = 2 \cdot 30 \\
= 2 \cdot 2 \cdot 15 \\
= 2 \cdot 2 \cdot 3 \cdot 5 \\
= 2^2 \cdot 3^1 \cdot 5^1
$$

---

### 🔹 **Schritt 2: Bestimme die gemeinsamen Primfaktoren**

Suche nach **Primzahlen**, die **in beiden Zerlegungen vorkommen**, und wähle jeweils den **kleineren Exponenten**:

- **2:** kommt in beiden vor → Exponenten sind 2 und 2 → nimm $2^2$
- **3:** kommt in beiden vor → Exponenten sind 2 und 1 → nimm $3^1$
- **5:** nur in 60 → überspringen
- **andere Faktoren:** nicht relevant

---

### 🔹 **Schritt 3: Multipliziere die gemeinsamen Faktoren**

$$
\text{ggT} = 2^2 \cdot 3^1 = 4 \cdot 3 = 12
$$

---

### ✅ **Ergebnis**
Der **größte gemeinsame Teiler (ggT)** von **36** und **60** ist:
$$
\boxed{12}
$$

Wenn du willst, kann ich dir auch zeigen, wie man das mit dem **euklidischen Algorithmus** macht – das geht oft noch schneller!"
"Numbers and Operations","Applying Calculation Strategies","F","Bestimme das kleinste gemeinsame Vielfache (kgV) von 18 und 24 mithilfe der Primfaktorzerlegung.","Um das **kleinste gemeinsame Vielfache (kgV)** von **18 und 24** mithilfe der **Primfaktorzerlegung** zu bestimmen, folgst du diesen Schritten:

---

### ✅ **Schritt 1: Primfaktorzerlegung durchführen**

Zerlege beide Zahlen in ihre **Primfaktoren**.

#### Für 18:
$$
18 = 2 \cdot 9 = 2 \cdot 3 \cdot 3 = 2^1 \cdot 3^2
$$

#### Für 24:
$$
24 = 2 \cdot 12 = 2 \cdot 2 \cdot 6 = 2 \cdot 2 \cdot 2 \cdot 3 = 2^3 \cdot 3^1
$$

---

### ✅ **Schritt 2: Alle vorkommenden Primfaktoren identifizieren**

Nun schaust du, welche **Primzahlen** insgesamt vorkommen. In diesem Fall sind das:

- **2**
- **3**

---

### ✅ **Schritt 3: Höchste Potenz jedes Primfaktors nehmen**

Du nimmst für jede Primzahl die **höchste vorkommende Potenz** aus beiden Zerlegungen:

- Für **2**: höchste Potenz ist $2^3$ (aus 24)
- Für **3**: höchste Potenz ist $3^2$ (aus 18)

---

### ✅ **Schritt 4: Diese Faktoren multiplizieren**

Jetzt multiplizierst du diese höchsten Potenzen:

$$
\text{kgV}(18, 24) = 2^3 \cdot 3^2 = 8 \cdot 9 = 72
$$

---

### 🎉 **Ergebnis:**

Das **kleinste gemeinsame Vielfache** von **18 und 24** ist:
$$
\boxed{72}
$$

---

Wenn du magst, kann ich dir auch zeigen, wie man das kgV mit dem **größten gemeinsamen Teiler (ggT)** berechnet – das geht manchmal noch schneller! Sag einfach Bescheid 😊"
"Numbers and Operations","Applying Calculation Strategies","F","Berechne: (2² × 3³) ÷ (2 × 3²)","Klar! Wir schauen uns die Aufgabe gemeinsam an:

**Berechne:**  
$$
(2^2 \times 3^3) \div (2 \times 3^2)
$$

### Schritt 1: Potenzen berechnen (optional, aber hilfreich zum Verständnis)

Zuerst können wir die Potenzen ausrechnen:

- $2^2 = 4$
- $3^3 = 27$
- $2 = 2^1$
- $3^2 = 9$

Damit wird der Ausdruck zu:
$$
(4 \times 27) \div (2 \times 9)
$$

### Schritt 2: Im Zähler und Nenner multiplizieren

- Zähler: $4 \times 27 = 108$
- Nenner: $2 \times 9 = 18$

Jetzt steht da:
$$
108 \div 18 = 6
$$

✅ **Ergebnis: 6**

---

### Alternativer Weg: Mit Potenzgesetzen kürzen

Du kannst die Aufgabe auch direkt mit den Potenzregeln lösen:

$$
\frac{2^2 \times 3^3}{2^1 \times 3^2}
$$

Potenzgesetz anwenden:  
$$
\frac{2^2}{2^1} = 2^{2-1} = 2^1  
\quad \text{und} \quad
\frac{3^3}{3^2} = 3^{3-2} = 3^1
$$

Also:
$$
2^1 \times 3^1 = 2 \times 3 = 6
$$

✅ **Endergebnis:**  
$$
\boxed{6}
$$

Falls du willst, kann ich dir auch erklären, warum diese Potenzregeln funktionieren. 😊"
"Numbers and Operations","Applying Calculation Strategies","F","Verwende Zehnerpotenzen: Was ergibt 3,26 × 1000?","Klar! Lass uns die Aufgabe **3,26 × 1000** Schritt für Schritt verstehen und lösen – und dabei **Zehnerpotenzen** verwenden.

---

### 🔢 Schritt 1: Verstehe die Zehnerpotenz

Die Zahl **1000** kannst du als eine **Zehnerpotenz** schreiben:

$$
1000 = 10^3
$$

Das bedeutet:  
**10 × 10 × 10 = 1000**

---

### ➗ Schritt 2: Multipliziere 3,26 mit 1000

Wenn du eine Dezimalzahl wie **3,26** mit **1000** multiplizierst, verschiebst du einfach das Komma nach **rechts**, und zwar so viele Stellen, wie Nullen in der 1000 sind (also **3 Stellen**):

$$
3{,}26 \times 1000 = 3260
$$

Schrittweise:
- 3,26 → 32,6 (×10)
- 32,6 → 326 (×100)
- 326 → 3260 (×1000)

---

### ✅ Endresultat:

$$
\boxed{3260}
$$

Alternativ mit Zehnerpotenz-Schreibweise:

$$
3{,}26 \times 10^3 = 3260
$$

---

Falls du magst, kann ich dir auch erklären, wie das bei Division oder mit anderen Zahlen funktioniert. 😊"
"Numbers and Operations","Applying Calculation Strategies","G","Verwende die Regeln der Exponenten, um den Ausdruck ((3x⁻²)/(x³))² zu vereinfachen.","Gerne! Wir vereinfachen den Ausdruck  
$$
\left(\frac{3x^{-2}}{x^3}\right)^2
$$  
mit den **Regeln der Exponenten** Schritt für Schritt.

---

### 🔁 Wichtige Exponentenregeln:

1. **Potenz einer Division:**  
   $\left(\frac{a}{b}\right)^n = \frac{a^n}{b^n}$

2. **Potenz einer Potenz:**  
   $(x^m)^n = x^{m \cdot n}$

3. **Division von Potenzen gleicher Basis:**  
   $\frac{x^m}{x^n} = x^{m - n}$

4. **Negative Exponenten:**  
   $x^{-n} = \frac{1}{x^n}$

---

### 🧮 Schritt-für-Schritt-Vereinfachung:

Gegebener Ausdruck:
$$
\left(\frac{3x^{-2}}{x^3}\right)^2
$$

#### 1. Vereinfache den Bruch im Inneren:
$$
\frac{3x^{-2}}{x^3} = 3 \cdot \frac{x^{-2}}{x^3}
$$

Wende die Regel zur Division an:
$$
\frac{x^{-2}}{x^3} = x^{-2 - 3} = x^{-5}
$$

Also wird der innere Ausdruck zu:
$$
3x^{-5}
$$

#### 2. Nun potenzieren wir das ganze mit 2:
$$
(3x^{-5})^2
$$

Wende die Regel für Potenz eines Produkts an:
$$
= 3^2 \cdot (x^{-5})^2 = 9 \cdot x^{-10}
$$

#### 3. Optional: Schreibe mit positivem Exponenten:
$$
9x^{-10} = \frac{9}{x^{10}}
$$

---

### ✅ Endergebnis:
$$
\boxed{\frac{9}{x^{10}}}
$$

Wenn du noch weitere Beispiele oder Erklärungen möchtest, helfe ich gerne weiter!"
"Numbers and Operations","Applying Calculation Strategies","G","Bestimme, ob das Multiplizieren mit dem Kehrwert oder die schriftliche Division besser geeignet ist für 5/6 ÷ 2/3.","Um die Aufgabe **5/6 ÷ 2/3** zu lösen, gibt es zwei mögliche Wege:

1. **Multiplizieren mit dem Kehrwert**
2. **Schriftliche Division (als Dezimalzahl)**

Lass uns beide Wege vergleichen und anschließend entscheiden, welcher besser geeignet ist.

---

### 🔁 1. Multiplizieren mit dem Kehrwert

Bei der Division von Brüchen darfst du den **ersten Bruch mit dem Kehrwert des zweiten Bruchs multiplizieren**:

$$
\frac{5}{6} \div \frac{2}{3} = \frac{5}{6} \cdot \frac{3}{2}
$$

Jetzt multiplizierst du Zähler mit Zähler und Nenner mit Nenner:

$$
\frac{5 \cdot 3}{6 \cdot 2} = \frac{15}{12}
$$

Jetzt kürzen:

$$
\frac{15}{12} = \frac{5}{4} = 1 \frac{1}{4}
$$

✅ Ergebnis: **1 1⁄4**

---

### 📏 2. Schriftliche Division (als Dezimalzahlen)

Wandle die Brüche zunächst in Dezimalzahlen um:

- $ \frac{5}{6} \approx 0{,}833... $
- $ \frac{2}{3} \approx 0{,}666... $

Führe jetzt die Division durch:

$$
0{,}833... \div 0{,}666... \approx 1{,}25
$$

Und das ist wieder:

$$
1{,}25 = 1 \frac{1}{4}
$$

✅ Ergebnis: **1 1⁄4**

---

### 🤔 Welches Verfahren ist besser geeignet?

| Methode | Vorteile | Nachteile |
|--------|----------|-----------|
| **Kehrwert-Multiplikation** | - Direktes Rechnen im Bruchformat <br> - Exaktes Ergebnis ohne Rundungsfehler | - Erfordert Kenntnis des Kehrwerts |
| **Dezimaldivision** | - Verständlicher für manche | - Ungenaue Ergebnisse durch Runden <br> - Umwandlung notwendig |

➡️ **Empfehlung**:  
Da die Brüche **einfache, bekannte Werte** sind und du mit dem Kehrwert exakt rechnen kannst, ist hier die **Division durch Multiplikation mit dem Kehrwert besser geeignet**. Du bekommst ein **genaues Ergebnis**, ohne Rundungsfehler oder Umrechnungsaufwand.

---

### ✅ Fazit:
**Nutze die Multiplikation mit dem Kehrwert**, da sie schneller, genauer und direkter zum Ziel führt."
"Numbers and Operations","Applying Calculation Strategies","G","Schätze √17, indem du nahegelegene perfekte Quadrate verwendest.","Klar! Um **√17** (die Wurzel aus 17) abzuschätzen, indem du **nahegelegene perfekte Quadrate** verwendest, gehst du so vor:

---

### 🔍 Schritt 1: Finde die nächstgelegenen **perfekten Quadrate** um 17

Ein **perfektes Quadrat** ist eine Zahl, deren Wurzel eine ganze Zahl ist. Beispiele:  
- √1 = 1 → 1² = 1  
- √4 = 2 → 2² = 4  
- √9 = 3 → 3² = 9  
- √16 = 4 → 4² = 16  
- √25 = 5 → 5² = 25  

Jetzt suchst du zwei perfekte Quadrate:
- Eins, das **kleiner als 17** ist
- Und eins, das **größer als 17** ist

Das geht am einfachsten mit:
- **16**, weil 4² = 16
- **25**, weil 5² = 25

Also gilt:
> 16 < 17 < 25

---

### 🧮 Schritt 2: Ziehe die Wurzeln dieser Zahlen

Da wir wissen:
> √16 = 4  
> √25 = 5

Dann muss auch gelten:
> √17 liegt zwischen 4 und 5.

Also:
> **4 < √17 < 5**

---

### 📏 Schritt 3: Genauere Abschätzung

Jetzt können wir versuchen, genauer abzuschätzen.  
17 liegt nur **etwas über 16**, also ist √17 **etwas größer als 4**.

Um zu sehen, wie viel ""etwas"" ist, können wir schauen, wie weit 17 von 16 entfernt ist:

- Abstand von 16 zu 17: **1**
- Abstand von 16 zu 25: **9**

Also ist 17 nur **1/9** des Weges von 16 nach 25.

Wir nehmen an, dass sich die Wurzel etwa proportional verhält (das ist eine Näherung), also:
> √17 ≈ 4 + (1/9) × (5 − 4) = 4 + 1/9 ≈ **4,11**

---

### ✅ Ergebnis

Die Wurzel aus 17 liegt also zwischen 4 und 5, und zwar näher an 4.  
Eine grobe **Schätzung** ist also:

> **√17 ≈ ca. 4,1 oder 4,11**

(Wenn du später einen Taschenrechner benutzt, erhältst du: √17 ≈ **4,123**, also sehr nahe an unserer Schätzung!)

---

### 🎯 Zusammenfassung

So schätzt du √17 mithilfe von perfekten Quadraten:

1. Finde die nächstkleinere und nächstgrößere perfekte Quadrate (hier: 16 und 25)
2. Ziehe ihre Wurzeln (4 und 5)
3. Bestimme, wo 17 dazwischen liegt
4. Schätze den Abstand und berechne eine ungefähre Wurzel

---

Wenn du willst, kann ich dir auch zeigen, wie man das noch genauer machen kann – z.B. durch lineare Näherung oder Intervallschachtelung 😊"
"Numbers and Operations","Applying Calculation Strategies","G","Verwende die Formel für die Differenz der Quadrate, um 100² – 99² zu vereinfachen.","Sehr gerne! 😊

Die Aufgabe lautet:

**Vereinfache $100^2 - 99^2$ mithilfe der Formel für die Differenz der Quadrate.**

---

### 🧠 Zunächst: Was ist die **Formel für die Differenz der Quadrate**?

Sie lautet:
$$
a^2 - b^2 = (a - b)(a + b)
$$

Das bedeutet: Wenn du die Differenz zweier Quadratzahlen hast, kannst du sie auch als Produkt schreiben – und zwar aus der **Differenz** und der **Summe** der beiden Zahlen.

---

### 🔢 Wende das auf deine Aufgabe an:

Gegeben:  
$$
100^2 - 99^2
$$

Setze $a = 100$ und $b = 99$. Dann gilt nach der Formel:
$$
100^2 - 99^2 = (100 - 99)(100 + 99)
$$

Rechne jetzt aus:
- $100 - 99 = 1$
- $100 + 99 = 199$

Also:
$$
100^2 - 99^2 = 1 \cdot 199 = 199
$$

---

### ✅ Endergebnis:
$$
\boxed{199}
$$

Wenn du magst, kann ich dir auch erklären, warum diese Formel funktioniert oder wie du sie herleiten kannst!"
"Numbers and Operations","Applying Calculation Strategies","H","Verwende die Formel a² − b², um 102² − 98² zu berechnen.","Sehr gerne! Du sollst den Ausdruck $ 102^2 - 98^2 $ mithilfe der **3. binomischen Formel** berechnen:

$$
a^2 - b^2 = (a - b)(a + b)
$$

### Schritt 1: Erkenne $ a $ und $ b $
In deinem Fall ist:
- $ a = 102 $
- $ b = 98 $

### Schritt 2: Setze in die Formel ein
$$
102^2 - 98^2 = (102 - 98)(102 + 98)
$$

### Schritt 3: Berechne die Klammern
- $ 102 - 98 = 4 $
- $ 102 + 98 = 200 $

Also:
$$
102^2 - 98^2 = 4 \cdot 200 = 800
$$

### ✅ Endergebnis:
$$
\mathbf{102^2 - 98^2 = 800}
$$

Diese Methode ist viel schneller, als beide Quadratwerte einzeln auszurechnen – genau der Vorteil der binomischen Formel!"
"Numbers and Operations","Applying Calculation Strategies","H","Wende die modulare Arithmetik an, um den Wochentag 100 Tage nach Mittwoch zu bestimmen.","Um den Wochentag 100 Tage nach **Mittwoch** zu bestimmen, können wir die **modulare Arithmetik** verwenden. Hier ist eine Schritt-für-Schritt-Erklärung:

---

### 🧠 Grundidee:
Es gibt **7 Tage in der Woche**, also rechnen wir **modulo 7** (also mit Rest bei Division durch 7).

Wenn du z. B. weißt, dass Mittwoch der **3. Tag der Woche** ist (wenn wir bei Montag mit 0 beginnen oder bei Sonntag mit 0 – das klären wir gleich), dann kannst du einfach  
`aktueller Tag + Anzahl Tage mod 7`  
rechnen, um herauszufinden, welcher Tag es danach ist.

---

## 🔢 Schritt-für-Schritt-Lösung:

### 1. Nummeriere die Wochentage:
Wir wählen eine einfache Zuordnung:

| Wochentag | Zahl |
|-----------|------|
| Montag    | 0    |
| Dienstag  | 1    |
| Mittwoch  | 2    |
| Donnerstag| 3    |
| Freitag   | 4    |
| Samstag   | 5    |
| Sonntag   | 6    |

Also: **Mittwoch = 2**

---

### 2. Addiere 100 Tage:
Wir berechnen:

```
2 + 100 = 102
```

Jetzt interessiert uns nur der **Rest bei Division durch 7**, also:

```
102 mod 7 = ?
```

Rechnung:

```
102 ÷ 7 = 14 Rest 4
```

Also:

```
102 mod 7 = 4
```

---

### 3. Interpretiere das Ergebnis:
Die Zahl **4** entspricht dem **Freitag** (siehe Tabelle oben).

---

### ✅ Antwort:
**100 Tage nach Mittwoch ist ein Freitag.**

---

### 📌 Bonus-Tipp:
Falls du stattdessen die Wochentage anders nummerierst (z. B. Sonntag = 0), musst du deine Zuordnung anpassen. Aber solange du konsistent bleibst, funktioniert das immer mit `mod 7`.

---

Hast du Lust, es mal mit einem anderen Ausgangstag auszuprobieren? 😊"
"Numbers and Operations","Applying Calculation Strategies","H","Verwende die Binomische Formel, um (1,01)² zu schätzen.","Klar! Um $(1{,}01)^2$ mithilfe der **binomischen Formel** zu schätzen, können wir die erste binomische Formel verwenden:

$$
(a + b)^2 = a^2 + 2ab + b^2
$$

### Schritt 1: Zerlege $1{,}01$ in eine Summe
Wir schreiben:
$$
1{,}01 = 1 + 0{,}01
$$

Also ist:
$$
(1{,}01)^2 = (1 + 0{,}01)^2
$$

### Schritt 2: Wende die binomische Formel an
Setze $a = 1$ und $b = 0{,}01$ ein:

$$
(1 + 0{,}01)^2 = 1^2 + 2 \cdot 1 \cdot 0{,}01 + (0{,}01)^2
$$

### Schritt 3: Berechne jeden Teil

- $1^2 = 1$
- $2 \cdot 1 \cdot 0{,}01 = 0{,}02$
- $(0{,}01)^2 = 0{,}0001$

### Schritt 4: Addiere alles zusammen

$$
1 + 0{,}02 + 0{,}0001 = 1{,}0201
$$

---

✅ **Ergebnis:**  
$$
(1{,}01)^2 = 1{,}0201
$$

Das ist keine grobe Schätzung, sondern das **genaue Ergebnis**, da die Rechnung einfach genug ist, um sie exakt durchzuführen.

Wenn man wirklich nur eine **Schätzung** braucht (z. B. im Kopf), könnte man den letzten Term $(0{,}01)^2 = 0{,}0001$ weglassen und sagen:

$$
(1{,}01)^2 \approx 1 + 0{,}02 = 1{,}02
$$

Aber da hier nach der Anwendung der binomischen Formel gefragt wurde, rechnet man alle Terme mit.

---

Fazit:  
Du zerlegst $1{,}01$ in $1 + 0{,}01$, wendest die binomische Formel an und bekommst als Ergebnis:

$$
\boxed{(1{,}01)^2 = 1{,}0201}
$$"
"Geometry","spatial orientation and positional relationships","B","Bestimme links/rechts im Klassenzimmer.","Die Aufgabe **„Bestimme links/rechts im Klassenzimmer“** ist eine Orientierungsaufgabe, die sich darauf bezieht, die Richtungen „links“ und „rechts“ innerhalb eines Raumes (hier: das Klassenzimmer) richtig zu bestimmen. Sie kann auf verschiedene Arten gemeint sein – je nach Kontext. Hier sind einige mögliche Interpretationen und wie du sie lösen kannst:

---

### 🟦 1. **Bestimme deine eigene linke und rechte Seite im Klassenzimmer**
Du stehst in einer bestimmten Position im Raum und sollst feststellen, wo **deine persönliche linke und rechte Körperseite** zeigt.

#### ✅ Lösung:
- Halte dir vor Augen: Deine rechte Hand ist da, wo du normalerweise schreibst (falls du rechtshändig bist).
- Wenn du in eine bestimmte Richtung (z. B. zur Tafel) schaust, ist deine **linke Körperseite** dort, wo deine linke Hand ist.
- Beispiel: Stehst du mit dem Gesicht zur Tafel, dann ist deine **linke Schulter** die Richtung „links“ für dich persönlich.

📌 **Tipp:** Du kannst dir einen Zettel oder ein Band an einen Arm binden, um dich besser orientieren zu können.

---

### 🟩 2. **Bestimme die linke und rechte Seite des Klassenzimmers (Raumorientierung)**
Hier geht es nicht um deine eigene Körperseite, sondern um die **Seiten des Raumes**, z. B. die linke Wand oder die rechte Wand.

#### ✅ Lösung:
- Wähle einen Bezugspunkt, z. B. die **Tafel** oder die **Tür**.
- Stelle dich so, dass du zum Bezugspunkt schaust (z. B. zur Tafel).
- Jetzt gilt:
  - Deine **linke Körperseite** zeigt zur **linken Seite des Raumes**.
  - Deine **rechte Körperseite** zeigt zur **rechten Seite des Raumes**.

📌 **Beispiel:**
> Wenn du zur Tafel schaust, dann ist die Ecke links von dir die **linke hintere Ecke des Klassenzimmers**, und die Ecke rechts von dir die **rechte hintere Ecke**.

---

### 🟨 3. **Bestimme links/rechts aus der Sicht einer anderen Person oder Zeichnung**
Manchmal musst du auch entscheiden, was **aus Sicht einer anderen Person** links oder rechts ist – z. B. wenn jemand auf einem Bild steht oder beschrieben wird.

#### ✅ Lösung:
- Achte darauf, **in welche Richtung die andere Person schaut**.
- Drehe dich geistig in diese Richtung – dann weißt du, wo *für diese Person* links und rechts ist.

📌 **Beispiel:**
> Ein Schüler sitzt am Fenster und schaut zur Tafel. Was ist **für ihn** links? Das könnte die Tür sein – je nach Einrichtung.

---

### 🔵 4. **Hilfsmittel zur Orientierung**
Falls du unsicher bist, kannst du folgende Dinge nutzen:
- Eine Uhr am linken Arm → da ist links.
- Eine Verabredung mit einem Partner: „Ich bin immer links von dir, wenn wir zur Tafel schauen.“
- Markierungen im Raum (Linoleum-Muster, Fenster, Türen).

---

### 🧠 Zusammenfassung

| Frage | So findest du die Antwort |
|-------|---------------------------|
| Wo ist **mein** links/rechts? | Fühle deine Hände – die Schreibhand ist meist rechts. |
| Wo ist **im Raum** links/rechts? | Wähle einen Bezugspunkt (z. B. Tafel), stelle dich dahin und orientiere dich. |
| Was ist **für jemand anderen** links/rechts? | Stelle dir vor, du stehst in seiner Position und schaust in seine Richtung. |

---

Wenn du mir mehr zum genauen Kontext sagst (z. B. ein Foto vom Klassenzimmer oder eine Beschreibung), kann ich dir noch genauer helfen! 😊"
"Geometry","spatial orientation and positional relationships","B","Zeichne ein X in die untere linke Ecke des Blattes.","Natürlich! Diese Matheaufgabe ist eigentlich eine Art **Geometrie- oder Zeichenaufgabe**, die dir hilft, räumliches Denken und das Arbeiten mit Koordinaten oder Blattvorlagen beizubringen.

### Aufgabe:
> „**Zeichne ein X in die untere linke Ecke des Blattes.**“

Das bedeutet:

1. Du hast ein Blatt Papier vor dir (z. B. von deinem Heft oder Arbeitsblatt).
2. Das Blatt hat vier Ecken:  
   - **obere linke Ecke**  
   - **obere rechte Ecke**  
   - **untere linke Ecke**  
   - **untere rechte Ecke**
3. Die **untere linke Ecke** ist also die Ecke unten am Blatt auf der linken Seite.
4. In diese Ecke sollst du nun ein **X** zeichnen.

---

### So löst du die Aufgabe Schritt für Schritt:

1. **Finde die untere linke Ecke**:  
   Halte das Blatt so, dass du es normalerweise liest (also wie bei einem Buch).  
   Die untere linke Ecke ist dann unten links.

2. **Zeichne ein X**:  
   Ein **X** besteht aus zwei diagonal verlaufenden Strichen:
   - Der erste Strich geht von oben links nach unten rechts.
   - Der zweite Strich geht von unten links nach oben rechts.  
   Beide Striche kreuzen sich in der Mitte.

   Du musst das X **nicht groß** machen – es reicht, wenn es deutlich in der Ecke zu sehen ist.

---

### Tipps:

- Wenn du unsicher bist, wo genau die Ecke ist, kannst du kurz mit dem Finger oder einem Stift am Blattrand entlangfahren, bis du unten links ankommst.
- Achte darauf, dass das X nicht in die Mitte oder eine andere Ecke kommt.
- Falls das Blatt bereits Linien oder Kästchen hat, orientiere dich an den Rändern des Papiers, nicht an den Kästchen.

---

Wenn du fertig bist, sollte dein Blatt so aussehen, als hätte jemand ein kleines X **ganz unten links** auf das Blatt gemalt.

Falls du mehr solcher Übungen hast oder es um ein bestimmtes Arbeitsblatt geht, kann ich dir auch helfen, weitere Schritte zu erklären! 😊"
"Geometry","spatial orientation and positional relationships","B","Färbe die drittletzte Form von rechts ein.","Klar! Die Aufgabe **„Färbe die drittletzte Form von rechts ein“** bedeutet, dass du eine bestimmte Form in einer Reihe finden und einfärben sollst – nämlich die **drittletzte**, wenn du von **rechts** anfängst zu zählen.

### Schritt-für-Schritt-Anleitung:

1. **Finde die Reihe mit Formen**:  
   Stelle dir vor, du hast eine waagerechte Reihe mit verschiedenen Formen wie Kreise, Dreiecke, Vierecke etc. (z. B. auf einem Arbeitsblatt oder in deinem Buch).

2. **Bestimme die Richtung**:  
   Die Aufgabe sagt „von rechts“, also beginnst du am **rechten Ende der Reihe** zu zählen.

3. **Zähle die Formen von rechts nach links**:  
   - Die **erste Form von rechts** ist die ganz rechte.
   - Dann kommt die **zweite Form von rechts** (eine Position weiter links).
   - Und die **drittletzte Form von rechts** ist dann die **dritte Form**, die du so triffst – also drei von rechts gezählt.

4. **Färbe diese Form ein**:  
   Wenn du die richtige Form gefunden hast, färbst du sie einfach mit dem gewünschten Farbstift ein.

---

### Beispiel (wenn du z. B. diese Formen hast):

```
Kreis – Dreieck – Quadrat – Stern – Herz – Sechseck
```

Von **rechts** gezählt:
1. Sechseck (erste von rechts)
2. Herz (zweite von rechts)
3. Stern (**drittletzte Form von rechts**)

➡️ Du müsstest also den **Stern** einfärben.

---

Wenn du möchtest, kannst du mir auch beschreiben, welche Formen in deiner Aufgabe vorkommen – dann helfe ich dir gerne direkt beim Finden der richtigen Form! 🎨✏️"
"Geometry","spatial orientation and positional relationships","B","Setze ein X auf die linke Seite des Blattes.","Klar! Die Aufgabe lautet:

**„Setze ein X auf die linke Seite des Blattes.“**

Das ist keine Rechenaufgabe im engeren Sinne, sondern eine **Orientierungs- oder Feinmotorik-Aufgabe**, wie sie oft in der Grundschule gestellt wird – zum Beispiel, um räumliches Denken oder die Unterscheidung von „links“ und „rechts“ zu üben.

### So kannst du das lösen:
1. **Finde die linke Seite deines Blattes.**
   - Halte dir das Blatt so vor dich, als würdest du normalerweise darauf schreiben.
   - Die **linke Seite** ist dann die Seite, an der du mit der **linken Hand** hältst, wenn du rechtshändig bist – also die Seite, an der bei einem Buch der Einband sitzt, wenn du liest.

2. **Mache ein X auf diese Seite.**
   - Du kannst einfach ein großes **X** irgendwo auf die linke Hälfte des Blattes malen oder schreiben.
   - Es muss nicht exakt mittig sein – wichtig ist nur, dass es deutlich **auf der linken Seite** steht.

---

### Tipp:
Wenn du unsicher bist, ob du links und rechts richtig erkennst, kannst du auch folgendes tun:
- Lege deine **Hände flach auf den Tisch**: Deine **linke Hand** zeigt dann zur **linken Seite des Blattes**.
- Oder: Falte das Blatt einmal von links nach rechts – die Faltlinie zeigt dir die Mitte an. Alles **vor dieser Linie auf der linken Seite** ist die linke Hälfte.

---

Wenn du willst, kann ich dir auch erklären, wie man so eine Aufgabe für jüngere Kinder veranschaulichen oder üben kann. Sag einfach Bescheid! 😊"
"Geometry","spatial orientation and positional relationships","C","Wenn der Roboter nach Norden zeigt und sich 90° nach rechts dreht, in welche Richtung zeigt er dann?","Klar! Lass uns diese Aufgabe Schritt für Schritt durchgehen:

### Gegeben:
- Der Roboter **zeigt am Anfang nach Norden**.
- Er dreht sich **90° nach rechts**.

---

### Was bedeutet „nach rechts drehen“?
Wenn sich etwas **nach rechts** dreht, bewegt es sich **im Uhrzeigersinn**.

Die Himmelsrichtungen sind kreisförmig angeordnet. Wenn du im Uhrzeigersinn gehst, ist die Reihenfolge:

**Norden → Osten → Süden → Westen → Norden**

---

### Drehung um 90° nach rechts:
Von **Norden** aus bedeutet eine Drehung von **90° nach rechts (im Uhrzeigersinn)**:
- Du gehst einen Schritt im Uhrzeigersinn auf dem Kreis der Himmelsrichtungen.

Also:
- **Norden → Osten**

---

### ✅ Antwort:
Der Roboter zeigt nach der Drehung **nach Osten**.

Wenn du noch mehr solcher Drehungen üben willst, kann ich dir gerne weitere Beispiele zeigen!"
"Geometry","spatial orientation and positional relationships","C","Wenn du den Pfeil um 180° drehst, wohin zeigt er dann?","Natürlich! Um die Aufgabe zu lösen, müssen wir verstehen, was es bedeutet, einen **Pfeil um 180° zu drehen**.

---

### 🌀 Was bedeutet eine Drehung um 180°?

Wenn du etwas (z. B. einen Pfeil) um **180 Grad** drehtst, dann hast du es halb herumgedreht – also so, als würdest du etwas auf dem Kopf stellen oder in die genau entgegengesetzte Richtung zeigen lassen.

---

### 📌 Beispiel:

Angenommen, der Pfeil zeigt **ursprünglich nach rechts →**

Wenn du ihn jetzt **um 180° drehst**, zeigt er danach **nach links ←**

---

### 🧠 Merke:
- Eine **Drehung um 180°** kehrt die Richtung des Pfeils einfach um.
- Der Pfeil zeigt danach in die **entgegengesetzte Richtung** wie vorher.

---

### ✅ Fazit:

> Wenn du den Pfeil um **180°** drehst, zeigt er danach in die **gegenüberliegende Richtung** seiner ursprünglichen Richtung.

Wenn du weißt, in welche Richtung der Pfeil am Anfang zeigt (z. B. Nordosten, rechts, oben etc.), kannst du dir leicht überlegen, wohin er nach der Drehung zeigt.

---

Wenn du magst, kannst du mir sagen, in welche Richtung der Pfeil am Anfang zeigt – dann kann ich dir ganz genau sagen, wohin er nach der Drehung zeigt! 😊"
"Geometry","spatial orientation and positional relationships","D","In welche Richtung zeigt eine 90°-Drehung im Uhrzeigersinn von Norden?","Klar! Lass uns die Aufgabe Schritt für Schritt durchgehen:

### **Frage:**  
**„In welche Richtung zeigt eine 90°-Drehung im Uhrzeigersinn von Norden?“**

---

### **Schritt 1: Verstehe die Himmelsrichtungen**

Stell dir einen Kompass vor oder ein typisches Koordinatensystem mit den vier Hauptsrichtungen:

```
      Norden
        ↑
Westen ← → Osten
        ↓
      Süden
```

---

### **Schritt 2: Was bedeutet „90° im Uhrzeigersinn“?**

Wenn du dich im Uhrzeigersinn drehst (also so wie die Uhrzeiger sich bewegen), drehst du nach **rechts**.

---

### **Schritt 3: Drehung von Norden ausgehen**

- Du startest bei **Norden**.
- Dann drehst du dich **90° im Uhrzeigersinn** → das ist eine Vierteldrehung nach rechts.

Wenn du von **Norden** um 90° nach **rechts** (im Uhrzeigersinn) drehst, kommst du zu:

👉 **Osten**

---

### ✅ **Antwort:**
**Eine 90°-Drehung im Uhrzeigersinn von Norden zeigt nach Osten.**

---

Falls du magst, können wir auch andere Drehungen durchgehen, z. B. gegen den Uhrzeigersinn oder um 180° – sag einfach Bescheid!"
"Geometry","spatial orientation and positional relationships","D","In welchem Quadranten befindet sich der Punkt (−3, 4)?","Um herauszufinden, **in welchem Quadranten** sich der Punkt **(−3, 4)** befindet, musst du dir die Vorzeichen der Koordinaten anschauen.

### Schritt für Schritt:

Ein Koordinatensystem ist in **vier Quadranten** eingeteilt:

- **Quadrant I**: x > 0, y > 0 → also beide Werte positiv  
- **Quadrant II**: x < 0, y > 0 → x negativ, y positiv  
- **Quadrant III**: x < 0, y < 0 → beide Werte negativ  
- **Quadrant IV**: x > 0, y < 0 → x positiv, y negativ

---

### Gegebener Punkt: **(−3, 4)**

- x = −3 → **negativ**
- y = 4 → **positiv**

Das passt zur Beschreibung von **Quadrant II**.

---

### ✅ Antwort:
Der Punkt **(−3, 4)** befindet sich im **zweiten Quadranten (Quadrant II)**."
"Geometry","spatial orientation and positional relationships","D","Wenn Punkt B bei (2, 3) liegt, welche neuen Koordinaten hat er, nachdem er 4 Einheiten nach unten bewegt wurde?","Um die neue Position des Punktes B zu bestimmen, nachdem er **4 Einheiten nach unten** bewegt wurde, musst du dich an die Bedeutung der Koordinaten erinnern:

- Der **erste Wert** in einer Koordinate (x-Wert) gibt die **waagrechte Position** an (nach links oder rechts).
- Der **zweite Wert** (y-Wert) gibt die **senkrechte Position** an (nach oben oder unten).

### Gegeben:
- Punkt B liegt ursprünglich bei **(2, 3)**.
- Er wird **4 Einheiten nach unten** verschoben.

### Vorgehensweise:
Da eine Verschiebung nach **unten** den **y-Wert verringert**, ziehst du 4 vom y-Wert ab:

$$
\text{Neue y-Koordinate} = 3 - 4 = -1
$$

Die x-Koordinate bleibt gleich, da keine horizontale Bewegung stattfindet.

### Ergebnis:
Die neuen Koordinaten von Punkt B sind:  
**$$
(2, -1)
$$**

Falls du noch mehr solcher Aufgaben hast, helfe ich dir gerne weiter! 😊"
"Geometry","spatial orientation and positional relationships","D","Eine Stadt liegt auf der Karte 3 cm östlich des Flughafens. Wie weit ist das in Kilometern, wenn der Maßstab 1 cm = 10 km beträgt?","Klar! Lass uns die Aufgabe Schritt für Schritt lösen.

### Gegeben:
- Die Stadt liegt **3 cm östlich** des Flughafens **auf der Karte**.
- Der **Maßstab** ist: **1 cm auf der Karte = 10 km in der Wirklichkeit**.

---

### Gesucht:
Wie **weit ist das in Kilometern** in der **Wirklichkeit**?

---

### Lösung:

Du musst einfach die **Entfernung auf der Karte** mit dem **Maßstab** multiplizieren:

$$
\text{Wirkliche Entfernung} = \text{Kartenentfernung} \times \text{Maßstab}
$$

$$
= 3 \, \text{cm} \times 10 \, \text{km/cm}
$$

$$
= 30 \, \text{km}
$$

---

### Antwort:
Die Stadt liegt **30 Kilometer östlich** des Flughafens.

Wenn du noch mehr solcher Aufgaben hast oder den Maßstab umrechnen willst (z. B. von km in Meter oder andere Maßstäbe), helfe ich dir gerne weiter! 😊"
"Geometry","spatial orientation and positional relationships","D","Auf einer Karte befindet sich die Schule in der Mitte. Die Bibliothek liegt nordöstlich von der Schule. Welche zwei Himmelsrichtungen beschreiben diesen Weg?","Um diese Matheaufgabe zu lösen, müssen wir uns mit den **Himmelsrichtungen** und wie sie auf einer Karte dargestellt werden, vertraut machen.

### Gegeben:
- Die **Schule** ist der Ausgangspunkt und befindet sich **in der Mitte der Karte**.
- Die **Bibliothek** liegt **nordöstlich** von der Schule.

---

### Gesucht:
Welche zwei Himmelsrichtungen beschreiben den Weg von der Schule zur Bibliothek?

---

### Lösung:

Die Richtung **Nordost (NO)** ist eine **Zwischenrichtung**, die zwischen den beiden **Haupt-Himmelsrichtungen Norden (N)** und **Osten (E)** liegt.

Wenn etwas nordöstlich liegt, bedeutet das also, dass man sich **zuerst nach Norden** und dann **nach Osten** bewegen muss, um dorthin zu gelangen – oder anders ausgedrückt: Man geht in eine Mischung aus Nord- und Ostrichtung.

---

### Antwort:
Die zwei Himmelsrichtungen, die den Weg von der Schule zur Bibliothek beschreiben, sind:

➡️ **Norden (N)** und **Osten (E)**

---

Falls du dir das bildlich vorstellen willst:  
Stelle dir eine Kompassrose vor. Nordost liegt genau zwischen Norden und Osten. Wenn du von der Schule nach Nordost gehst, bewegst du dich also sowohl nach **Norden als auch nach Osten** – je zur Hälfte, sozusagen.

Bei weiteren Fragen helfe ich gerne! 😊"
"Geometry","spatial orientation and positional relationships","D","Du reist 20 km nach Süden und dann 15 km nach Osten. In welche Richtung bist du insgesamt unterwegs?","Diese Matheaufgabe geht um **Richtungen und Vektoraddition** – also darum, wie du zwei gerichtete Strecken (hier: nach Süden und Osten) zusammenrechnest, um die **Gesamtrichtung** oder den **kursmäßigen Mittelwert** zu finden.

---

### 🧭 Gegebene Informationen:
- Du reist **20 km nach Süden**
- Dann **15 km nach Osten**

Du willst wissen:  
➡️ **In welche Richtung bist du insgesamt unterwegs?**

Das bedeutet: Wenn man von deinem Ausgangspunkt zum Endpunkt eine gerade Linie zieht, in welche Himmelsrichtung liegt diese dann?

---

## 🔍 Schritt-für-Schritt Lösung:

### 1. **Stelle dir das als Koordinatensystem vor:**
- Nimm an, du startest am Punkt (0, 0).
- **Süden = negative y-Richtung**, **Osten = positive x-Richtung**
- Nach der ersten Bewegung bist du bei (0, -20)
- Danach wanderst du nach Osten → (15, -20)

Also ist dein **Endpunkt**:  
👉 **(15, -20)**

---

### 2. **Bestimme die Richtung vom Startpunkt zum Endpunkt**

Die Richtung ergibt sich aus dem **Winkel zwischen der Ost-West-Achse (x-Achse)** und der Geraden vom Start- zum Endpunkt.

Diesen Winkel berechnest du mit dem **Tangens**:

$$
\tan(\theta) = \frac{\text{Gegenkathete}}{\text{Ankathete}} = \frac{20}{15}
$$

$$
\theta = \tan^{-1}\left( \frac{20}{15} \right) = \tan^{-1}(1.\overline{3}) ≈ 53.13^\circ
$$

---

### 3. **Interpretiere den Winkel richtig:**

Weil du **nach Osten und Süden** gegangen bist, zeigt deine Gesamtrichtung in den **Südosten**, genauer:

👉 **Südost, leicht mehr nach Süden als nach Osten**

Man sagt auch:  
➡️ **Etwa 53° südlich von Ost**  
oder  
➡️ **Ost-südöstlich, mit einem Winkel von etwa 53° zur Ostachse**

---

## ✅ Antwort:

> Du bist insgesamt in **Richtung Südost** unterwegs, genauer: **ca. 53° südlich von Ost**.

Wenn du einen Kompass hast, wäre deine ungefähre Richtung auf dem Kompass ca. **143° (gemessen im Uhrzeigersinn von Nord)**.

---

## 📌 Zusatzinfo: Entfernung vom Startpunkt?

Falls dich auch interessiert, **wie weit du insgesamt weg bist**, kannst du den Satz des Pythagoras verwenden:

$$
\text{Entfernung} = \sqrt{15^2 + 20^2} = \sqrt{225 + 400} = \sqrt{625} = 25 \text{ km}
$$

Also:  
➡️ Du bist **25 km Luftlinie vom Start entfernt**, in Richtung **Südost**.

---

Hast du Lust, das mal zeichnen zu üben oder weitere Aufgaben dazu? 😊"
"Geometry","spatial orientation and positional relationships","E","Beschreibe die Wirkung einer Verschiebung (x, y) → (x + 2, y − 3).","Die Aufgabe lautet:  
**Beschreibe die Wirkung einer Verschiebung (x, y) → (x + 2, y − 3).**

---

### Schritt für Schritt Erklärung:

Diese Abbildung beschreibt eine **Verschiebung im Koordinatensystem**, auch **Translation** genannt. Dabei wird jeder Punkt $(x, y)$ in der Ebene nach einer bestimmten Regel bewegt.

Die Regel hier ist:
> Jeder Punkt $(x, y)$ wird auf den neuen Punkt $(x + 2, y - 3)$ abgebildet.

Das bedeutet:

- Der **x-Wert** jedes Punktes wird um **2 Einheiten nach rechts** verschoben (weil $+2$).
- Der **y-Wert** jedes Punktes wird um **3 Einheiten nach unten** verschoben (weil $-3$).

---

### Beispiel:

Nimm z. B. den Punkt $P(1, 5)$:

- Neuer x-Wert: $1 + 2 = 3$
- Neuer y-Wert: $5 - 3 = 2$

Der Punkt $P(1, 5)$ wird also zum Punkt $P'(3, 2)$.

---

### Fazit / Antwortformulierung:

> Die Verschiebung $(x, y) \to (x + 2, y - 3)$ bewirkt, dass alle Punkte im Koordinatensystem um **2 Einheiten nach rechts** und **3 Einheiten nach unten** verschoben werden.

Wenn du es noch mathematischer willst:
- Es handelt sich um einen **Verschiebungsvektor**: $\vec{v} = \begin{pmatrix} 2 \\ -3 \end{pmatrix}$

---

Falls du das grafisch darstellen sollst, kannst du einfach ein paar Punkte vor und nach der Verschiebung einzeichnen und siehst, dass alles gleichmäßig in diese Richtung verschoben wird.

Hast du weitere Fragen dazu?"
"Geometry","spatial orientation and positional relationships","E","Ein Lieferroboter bewegt sich von (0, 0) nach (4, 0) und danach nach oben zu (4, 3). Welche Koordinaten hat der Roboter nach beiden Bewegungen?","Diese Aufgabe ist sehr anschaulich und einfach zu verstehen. Du sollst herausfinden, wo der Roboter am Ende seiner Bewegungen ist.

### Gegeben:
- Der Roboter **startet bei (0, 0)**.
- Er bewegt sich **zuerst nach (4, 0)** → das bedeutet: er fährt **4 Einheiten nach rechts** auf der x-Achse.
- Danach bewegt er sich **nach oben zu (4, 3)** → das bedeutet: er fährt **3 Einheiten nach oben** auf der y-Achse.

### Ziel:
Du sollst sagen, **welche Koordinaten der Roboter nach beiden Bewegungen hat** – also am Ende seiner Fahrt.

### Lösung:
1. **Nach der ersten Bewegung:**  
   Der Roboter ist von (0, 0) nach **(4, 0)** gefahren → er ist 4 Einheiten nach rechts gegangen.

2. **Nach der zweiten Bewegung:**  
   Von (4, 0) aus fährt er **nach oben**, bis er bei **(4, 3)** ankommt → er ist also 3 Einheiten nach oben.

### ✅ Endkoordinaten:
Der Roboter befindet sich am Ende bei den Koordinaten  
**→ (4, 3)**

Das ist die Antwort auf die Frage. 🎯

Falls du noch weitere Fragen hast, z. B. zur Entfernung vom Startpunkt oder Richtungswechseln, helfe ich dir gerne weiter!"
"Geometry","spatial orientation and positional relationships","E","Auf einem Stadtplan startet ein Taxi bei (3, 3) und folgt folgendem Weg: 2 Block nach links, 1 Block nach oben, 5 Block nach rechts, 4 Block nach unten. Wo endet es?","Um diese Matheaufgabe zu lösen, betrachten wir die Bewegungen des Taxis Schritt für Schritt im Koordinatensystem.

### Gegebene Startposition:
Das Taxi startet bei den Koordinaten **(3, 3)**.  
Im üblichen Koordinatensystem bedeutet das:
- Die **erste Zahl** ist die **x-Koordinate** (horizontal: rechts/links)
- Die **zweite Zahl** ist die **y-Koordinate** (vertikal: oben/unten)

---

### Schrittweise Bewegung:

1. **2 Blöcke nach links**  
   → Links bedeutet **x-Koordinate verringert sich um 2**  
   Neue Position:  
   $$
   (3 - 2, 3) = (1, 3)
   $$

2. **1 Block nach oben**  
   → Oben bedeutet **y-Koordinate erhöht sich um 1**  
   Neue Position:  
   $$
   (1, 3 + 1) = (1, 4)
   $$

3. **5 Blöcke nach rechts**  
   → Rechts bedeutet **x-Koordinate erhöht sich um 5**  
   Neue Position:  
   $$
   (1 + 5, 4) = (6, 4)
   $$

4. **4 Blöcke nach unten**  
   → Unten bedeutet **y-Koordinate verringert sich um 4**  
   Neue Position:  
   $$
   (6, 4 - 4) = (6, 0)
   $$

---

### ✅ Endgültige Position:
Das Taxi endet bei der Position **(6, 0)**.

Wenn du magst, kann ich dir das auch in einem Diagramm oder als Animation erklären!"
"Geometry","spatial orientation and positional relationships","E","Beschreibe die Transformation: (x, y) → (–x, y)","Die Transformation $(x, y) \rightarrow (-x, y)$ beschreibt eine **Spiegelung eines Punktes an der y-Achse** im Koordinatensystem. Hier ist die Erklärung Schritt für Schritt:

---

### 🔍 **Was bedeutet diese Transformation?**

Wenn du einen Punkt $(x, y)$ hast und ihn transformierst zu $(-x, y)$, dann:

- bleibt die **y-Koordinate gleich** (also ändert sich nichts in der Höhe/Vertikalen),
- aber die **x-Koordinate wechselt ihr Vorzeichen** (das bedeutet: aus positiv wird negativ und umgekehrt).

---

### 📐 **Beispiel:**

Nehmen wir den Punkt $P = (3, 2)$.

Wenden wir die Transformation an:
$$
(x, y) = (3, 2) \quad \Rightarrow \quad (-x, y) = (-3, 2)
$$

Der neue Punkt $(-3, 2)$ liegt genau **spiegelbildlich zum ursprünglichen Punkt bezüglich der y-Achse**.

---

### 🧭 **Geometrische Bedeutung:**

Diese Transformation ist eine **Achsenspiegelung an der y-Achse**.

- Jeder Punkt wird so gespiegelt, dass er auf der anderen Seite der y-Achse landet,
- und zwar im gleichen Abstand zur Achse wie vorher.

---

### 🎨 Visualisierung:

Stell dir vor, du hast ein Bild in einem Koordinatensystem. Wenn du jeden Punkt dieses Bildes mit dieser Regel transformierst, dann erscheint das Bild danach wie in einem Spiegel an der y-Achse – also **horizontal gespiegelt**.

---

### ✅ **Zusammenfassung:**

Die Transformation  
$$
(x, y) \rightarrow (-x, y)
$$  
bedeutet:

- Der Punkt wird **an der y-Achse gespiegelt**.
- Die x-Koordinate kehrt ihr Vorzeichen um.
- Die y-Koordinate bleibt unverändert.

---

Wenn du willst, können wir auch gern ein paar Punkte gemeinsam transformieren oder schauen, wie das bei einer Funktion oder einem Graphen aussieht!"
"Geometry","spatial orientation and positional relationships","F","Ein Punkt bewegt sich von A(2, 3) nach B(7, –2). Drücke diese Bewegung als Vektor aus.","Um die Bewegung von einem Punkt zu einem anderen als **Vektor** auszudrücken, musst du einfach die **Differenz der Koordinaten** berechnen.

### Gegeben:
- Anfangspunkt $ A(2, 3) $
- Endpunkt $ B(7, -2) $

### Vorgehensweise:

Ein **Verschiebungsvektor** von Punkt $ A $ nach Punkt $ B $ wird berechnet durch:

$$
\vec{v} = \overrightarrow{AB} = B - A = (x_B - x_A, \ y_B - y_A)
$$

Setze die Werte ein:

$$
\vec{v} = (7 - 2,\ -2 - 3) = (5,\ -5)
$$

### Ergebnis:
Die Bewegung von $ A $ nach $ B $ lässt sich als Vektor schreiben:

$$
\boxed{\begin{pmatrix} 5 \\ -5 \end{pmatrix}}
$$

Das bedeutet: Der Punkt bewegt sich um **5 Einheiten nach rechts** und **5 Einheiten nach unten**. ✅

Falls du noch mehr über Vektoren oder Verschiebungen lernen willst, helfe ich dir gerne weiter!"
"Geometry","spatial orientation and positional relationships","F","Bestimme den Mittelpunkt der Strecke, die die Punkte (4, –1) und (–2, 5) verbindet.","Um den **Mittelpunkt einer Strecke** zwischen zwei Punkten zu bestimmen, verwendest du die sogenannte **Mittelpunkformel**. Wenn du zwei Punkte in der Ebene hast, sagen wir:

- Punkt A: $(x_1, y_1)$  
- Punkt B: $(x_2, y_2)$

Dann ist der Mittelpunkt $M$ dieser Strecke gegeben durch:

$$
M = \left( \frac{x_1 + x_2}{2}, \frac{y_1 + y_2}{2} \right)
$$

---

### Gegebene Punkte:
- Erster Punkt: $(4, -1)$
- Zweiter Punkt: $(-2, 5)$

Setze diese Werte nun in die Formel ein:

$$
x_{\text{mitte}} = \frac{4 + (-2)}{2} = \frac{2}{2} = 1
$$
$$
y_{\text{mitte}} = \frac{-1 + 5}{2} = \frac{4}{2} = 2
$$

---

### Ergebnis:
Der Mittelpunkt der Strecke ist also:

$$
\boxed{(1, 2)}
$$

Wenn du magst, kann ich dir das auch grafisch oder anschaulich erklären!"
"Geometry","spatial orientation and positional relationships","F","Ein Roboter folgt dem Vektor ⟨3, –4⟩, ausgehend von dem Punkt (1, 2). Wo landet er am Ende?","Um diese Matheaufgabe zu lösen, musst du einfach den **Ausgangspunkt** mit dem **Vektor** addieren.

---

### Gegeben:
- **Startpunkt**: $ (1, 2) $
- **Vektor**: $ \langle 3, -4 \rangle $

---

### Schritt-für-Schritt:

Du bewegst dich vom Startpunkt aus in Richtung des Vektors. Das bedeutet, du **addierst die Koordinaten des Vektors zu den Koordinaten des Startpunkts**:

$$
\text{Neuer Punkt} = (1 + 3,\ 2 + (-4)) = (4,\ -2)
$$

---

### Lösung:
Der Roboter landet am Punkt  
$$
\boxed{(4,\ -2)}
$$

---

Wenn du dir das bildlich vorstellst: Der Roboter startet bei (1, 2), geht 3 Einheiten nach rechts (weil x positiv ist) und 4 Einheiten nach unten (weil y negativ ist), und kommt dann bei (4, -2) an."
"Geometry","spatial orientation and positional relationships","F","Eine Drohne fliegt 4 Einheiten nach Norden und dann 3 Einheiten nach Westen. Wie lautet der Verschiebungsvektor?","Sehr gerne! 🚁

Du hast folgende Aufgabe:

> **Eine Drohne fliegt 4 Einheiten nach Norden und dann 3 Einheiten nach Westen. Wie lautet der Verschiebungsvektor?**

---

### Schritt 1: Koordinatensystem festlegen

Um Vektoren zu verwenden, legen wir zunächst ein einfaches **Koordinatensystem** fest:

- Die Drohne startet am Ursprung: $(0, 0)$
- **Norden** bedeutet in positiver y-Richtung ↑
- **Westen** bedeutet in negativer x-Richtung ←

---

### Schritt 2: Bewegungen als Vektor schreiben

Die Drohne fliegt:

1. **4 Einheiten nach Norden**:  
   Das ist eine Bewegung entlang der y-Achse:  
   $\begin{pmatrix} 0 \\ 4 \end{pmatrix}$

2. **3 Einheiten nach Westen**:  
   Das ist eine Bewegung entlang der x-Achse (nach links):  
   $\begin{pmatrix} -3 \\ 0 \end{pmatrix}$

---

### Schritt 3: Gesamtverschiebung berechnen

Um den **Verschiebungsvektor** zu erhalten, addierst du die beiden Vektoren:

$$
\begin{pmatrix} 0 \\ 4 \end{pmatrix} + \begin{pmatrix} -3 \\ 0 \end{pmatrix} = \begin{pmatrix} -3 \\ 4 \end{pmatrix}
$$

---

### ✅ Lösung:

Der **Verschiebungsvektor** ist:
$$
\boxed{\begin{pmatrix} -3 \\ 4 \end{pmatrix}}
$$

Das bedeutet: Die Drohne ist insgesamt **3 Einheiten nach Westen** und **4 Einheiten nach Norden** vom Startpunkt verschoben.

Falls du auch den **Betrag des Vektors** (also die Luftlinienentfernung) wissen willst, kann ich dir das auch zeigen! 😊"
"Geometry","spatial orientation and positional relationships","F","Drehe den Vektor ⟨2, 1⟩ um 90° gegen den Uhrzeigersinn. Wie lautet der neue Vektor?","Um den Vektor ⟨2, 1⟩ um **90° gegen den Uhrzeigersinn** zu drehen, gibt es eine einfache Methode in der 2D-Vektordrehung.

### 📌 Regel für Drehung um 90° gegen den Uhrzeigersinn:
Wenn du einen Vektor ⟨x, y⟩ um **90° gegen den Uhrzeigersinn** drehst, wird daraus der neue Vektor:

$$
\langle -y, x \rangle
$$

### 🔁 Anwenden auf deinen Vektor ⟨2, 1⟩:
- x = 2
- y = 1

Neuer Vektor:

$$
\langle -1, 2 \rangle
$$

---

### ✅ Antwort:
Der gedrehte Vektor ist **⟨–1, 2⟩**.

---

Wenn du dich fragst, warum das so funktioniert: Es ist eine Vereinfachung der allgemeinen Rotationsmatrix für 2D-Vektoren bei einer Drehung um 90°.  
Die Rotationsmatrix für 90° gegen den Uhrzeigersinn lautet:

$$
\begin{bmatrix}
0 & -1 \\
1 & 0
\end{bmatrix}
\cdot
\begin{bmatrix}
x \\
y
\end{bmatrix}
=
\begin{bmatrix}
-y \\
x
\end{bmatrix}
$$

Aber wie du siehst, reicht es, dir die Regel ⟨x, y⟩ → ⟨–y, x⟩ zu merken. 😊"
"Geometry","spatial orientation and positional relationships","G","Bestimme die Koordinaten des Punktes B, nachdem Punkt A(2, 3) um 90° im Uhrzeigersinn um den Ursprung rotiert wurde.","Um den Punkt $ A(2, 3) $ um **90° im Uhrzeigersinn** um den **Ursprung (0, 0)** zu rotieren und die neuen Koordinaten des Punktes $ B $ zu bestimmen, gibt es eine einfache Methode.

---

### 🔄 Drehung um 90° im Uhrzeigersinn – Formel:

Wenn du einen Punkt $ (x, y) $ um **90° im Uhrzeigersinn** um den Ursprung drehst, dann sind die neuen Koordinaten:

$$
(x, y) \rightsquigarrow (y, -x)
$$

---

### 🔍 Anwenden auf deinen Punkt $ A(2, 3) $:

- $ x = 2 $
- $ y = 3 $

Einsetzen in die Formel:

$$
B = (y, -x) = (3, -2)
$$

---

### ✅ Ergebnis:
Der Punkt $ B $ nach der 90°-Drehung im Uhrzeigersinn um den Ursprung hat die Koordinaten:

$$
\boxed{(3, -2)}
$$

---

Wenn du dir das bildlich vorstellen willst:  
Der Punkt $ A(2, 3) $ liegt im ersten Quadranten. Nach einer Rechtsdrehung (90°) zeigt er nun in Richtung des vierten Quadranten – und dort ist der Punkt $ (3, -2) $."
"Geometry","spatial orientation and positional relationships","G","Erkläre, wie man sich von Punkt A(0,0,0) zu Punkt B(3,2,5) im dreidimensionalen Raum bewegt.","Um die Bewegung von **Punkt A(0,0,0)** zu **Punkt B(3,2,5)** im dreidimensionalen Raum zu verstehen oder zu beschreiben, kannst du dir das wie folgt vorstellen:

---

### 🧭 1. Verstehe die Koordinaten
- Beide Punkte sind im dreidimensionalen Raum gegeben (x, y, z).
- **A(0,0,0)** ist der Ursprung – also der Startpunkt.
- **B(3,2,5)** bedeutet:
  - **x = 3** → 3 Einheiten nach vorne (oder rechts, je nach Perspektive),
  - **y = 2** → 2 Einheiten zur Seite (z. B. nach links/rechts, je nach Definition der Achsen),
  - **z = 5** → 5 Einheiten nach oben.

---

### 🚶‍♂️ 2. Wie bewegt man sich von A nach B?
Man kann sich von A nach B auf viele Arten bewegen (z. B. entlang einer Kurve), aber der **direkteste Weg** ist eine **gerade Linie** zwischen den beiden Punkten.

#### ✅ Gerichteter Vektor (Verschiebungsvektor):
Der Vektor von A nach B berechnet sich so:

$$
\vec{v} = \vec{B} - \vec{A} = (3-0, 2-0, 5-0) = (3, 2, 5)
$$

Das bedeutet:  
Du bewegst dich vom Punkt A aus:
- **3 Einheiten in x-Richtung**,  
- **2 Einheiten in y-Richtung**,  
- **5 Einheiten in z-Richtung**.

---

### 📐 3. Entfernung zwischen A und B
Wenn du dich gerade von A nach B bewegst, kannst du die **Länge dieser geraden Strecke** mit dem Satz des Pythagoras im 3D-Raum berechnen:

$$
\text{Abstand} = |\vec{v}| = \sqrt{3^2 + 2^2 + 5^2} = \sqrt{9 + 4 + 25} = \sqrt{38} ≈ 6,16 \text{ Einheiten}
$$

---

### 🧮 Fazit:
Um dich von **A(0,0,0)** zu **B(3,2,5)** zu bewegen:
- Gehe **3 Einheiten in x-Richtung**,
- **2 Einheiten in y-Richtung**,
- **5 Einheiten in z-Richtung**.
- Der direkte Abstand beträgt etwa **6,16 Einheiten**.

Wenn du willst, kann ich dir auch zeigen, wie man diese Bewegung als Geradengleichung darstellt oder wie man sie animiert darstellen könnte. 😊"
"Geometry","spatial orientation and positional relationships","G","Bestimme, ob das Dreieck ABC mit A(1,1), B(3,4), C(5,7) rechtwinklig ist.","Um zu prüfen, ob das Dreieck $ABC$ mit den Punkten  
- $A(1,1)$,  
- $B(3,4)$,  
- $C(5,7)$  

rechtwinklig ist, gibt es mehrere Möglichkeiten. Eine gängige Methode ist die **Prüfung auf orthogonale (senkrechte) Vektoren** mithilfe des **Skalarprodukts**.

---

### 🔍 Schritt 1: Bestimme die Seiten als Vektoren

Wir berechnen die Verbindungsvektoren zwischen den Punkten:

- $\vec{AB} = \vec{B} - \vec{A} = (3 - 1, 4 - 1) = (2, 3)$
- $\vec{AC} = \vec{C} - \vec{A} = (5 - 1, 7 - 1) = (4, 6)$
- $\vec{BC} = \vec{C} - \vec{B} = (5 - 3, 7 - 4) = (2, 3)$

Du hast also:
- $\vec{AB} = (2, 3)$
- $\vec{AC} = (4, 6)$
- $\vec{BC} = (2, 3)$

---

### 🧮 Schritt 2: Prüfe alle möglichen Winkel auf Rechtwinkligkeit

Ein Dreieck ist rechtwinklig, wenn zwei seiner Seiten senkrecht zueinander sind – also ihr **Skalarprodukt 0 ergibt**.

#### ➤ Prüfe $\vec{AB} \cdot \vec{AC}$:
$$
\vec{AB} \cdot \vec{AC} = (2)(4) + (3)(6) = 8 + 18 = 26 \neq 0
$$

➡️ Nicht rechtwinklig an dieser Ecke.

#### ➤ Prüfe $\vec{AB} \cdot \vec{BC}$:
$$
\vec{AB} \cdot \vec{BC} = (2)(2) + (3)(3) = 4 + 9 = 13 \neq 0
$$

➡️ Auch nicht rechtwinklig.

#### ➤ Prüfe $\vec{AC} \cdot \vec{BC}$:
$$
\vec{AC} \cdot \vec{BC} = (4)(2) + (6)(3) = 8 + 18 = 26 \neq 0
$$

➡️ Wieder kein rechter Winkel.

---

### ❌ Ergebnis:

**Keine der Seiten steht senkrecht auf einer anderen**, daher ist das Dreieck **nicht rechtwinklig**.

---

### 💡 Alternative Methode: Satz des Pythagoras

Du könntest auch die Längen der drei Seiten berechnen und schauen, ob der **Satz des Pythagoras** gilt ($a^2 + b^2 = c^2$, wobei $c$ die längste Seite ist).

#### Berechne die Seitenlängen:
- $|\vec{AB}| = \sqrt{2^2 + 3^2} = \sqrt{4+9} = \sqrt{13}$
- $|\vec{BC}| = \sqrt{2^2 + 3^2} = \sqrt{13}$
- $|\vec{AC}| = \sqrt{4^2 + 6^2} = \sqrt{16 + 36} = \sqrt{52}$

Prüfe Pythagoras:
$$
(\sqrt{13})^2 + (\sqrt{13})^2 = 13 + 13 = 26 \\
(\sqrt{52})^2 = 52 \neq 26
$$

➡️ Also gilt der Satz des Pythagoras **nicht** → Das Dreieck ist **nicht rechtwinklig**.

---

### ✅ Fazit:

Das Dreieck mit den Punkten $A(1,1), B(3,4), C(5,7)$ **ist nicht rechtwinklig**.

Wenn du willst, kann ich dir auch zeigen, wie man das grafisch oder mit einem Koordinatensystem darstellen könnte!"
"Geometry","spatial orientation and positional relationships","G","Ein Punkt ist 2 Einheiten von A(2,3) und 2 Einheiten von B(6,3) entfernt. Beschreibe die möglichen Standorte dieses Punktes.","Wir sollen alle Punkte finden, die **2 Einheiten von A(2,3)** und gleichzeitig **2 Einheiten von B(6,3)** entfernt sind.

### Schritt 1: Verständnis der Aufgabe

Du suchst einen Punkt (x, y), für den gilt:

- Der Abstand zu A(2,3) ist genau 2.
- Der Abstand zu B(6,3) ist ebenfalls genau 2.

Das bedeutet:  
Der Punkt liegt auf dem Schnittpunkt zweier **Kreise** –  
- Einem Kreis um A mit Radius 2  
- Und einem Kreis um B mit Radius 2

---

### Schritt 2: Gleichungen der Kreise aufstellen

Die allgemeine Formel für einen Kreis mit Mittelpunkt $(x_0, y_0)$ und Radius $r$ ist:

$$
(x - x_0)^2 + (y - y_0)^2 = r^2
$$

Also:

- Kreis um A(2,3):  
  $$
  (x - 2)^2 + (y - 3)^2 = 4 \tag{1}
  $$

- Kreis um B(6,3):  
  $$
  (x - 6)^2 + (y - 3)^2 = 4 \tag{2}
  $$

---

### Schritt 3: Beide Gleichungen subtrahieren

Ziehe Gleichung (1) von Gleichung (2):

$$
[(x - 6)^2 + (y - 3)^2] - [(x - 2)^2 + (y - 3)^2] = 4 - 4
$$

Vereinfachen:

$$
(x - 6)^2 - (x - 2)^2 = 0
$$

Jetzt Klammern auflösen:

$$
(x^2 - 12x + 36) - (x^2 - 4x + 4) = 0
$$

$$
x^2 -12x +36 -x^2 +4x -4 = 0
$$

$$
(-8x + 32) = 0
\Rightarrow x = 4
$$

---

### Schritt 4: x = 4 in eine Kreisgleichung einsetzen

Setze in Gleichung (1) ein:

$$
(x - 2)^2 + (y - 3)^2 = 4
\Rightarrow (4 - 2)^2 + (y - 3)^2 = 4
\Rightarrow 4 + (y - 3)^2 = 4
\Rightarrow (y - 3)^2 = 0
\Rightarrow y = 3
$$

---

### ✅ Lösung:

Es gibt **genau einen Punkt**, der von beiden Punkten A(2,3) und B(6,3) **jeweils 2 Einheiten entfernt** ist:  
$$
\boxed{(4, 3)}
$$

---

### 🧠 Erklärung warum nur ein Punkt:

- Die zwei Kreise haben denselben Radius (2).
- Der Abstand zwischen A und B ist:
  $$
  \sqrt{(6 - 2)^2 + (3 - 3)^2} = \sqrt{16} = 4
  $$
- Das heißt: Die Kreise berühren sich **von außen** genau an **einem Punkt** – nämlich **in der Mitte zwischen A und B**.

---

### Fazit:

Die mögliche Position des Punktes ist:
$$
\boxed{(4,\ 3)}
$$"
"Geometry","spatial orientation and positional relationships","H","Stellen Sie die Diagonale eines Würfels als Vektor im dreidimensionalen Raum dar, gegeben sind die Eckpunkte (0,0,0) und (1,1,1).","Sehr gerne! Die Aufgabe lautet:  
**Stellen Sie die Diagonale eines Würfels als Vektor im dreidimensionalen Raum dar, gegeben sind die Eckpunkte (0,0,0) und (1,1,1).**

---

### 🧩 **Verständnis der Aufgabe**
Ein Würfel im dreidimensionalen Raum hat 8 Ecken. Wenn zwei dieser Ecken gegeben sind:

- $ A = (0, 0, 0) $
- $ B = (1, 1, 1) $

…dann handelt es sich bei der Strecke zwischen diesen beiden Punkten um eine sogenannte **Raumdiagonale des Würfels**.

Die Aufgabe verlangt von dir, diese Diagonale **als Vektor** darzustellen.

---

### ✏️ **Schritt-für-Schritt: Wie man den Vektor berechnet**

Um einen Vektor zwischen zwei Punkten zu finden, ziehst du den Ausgangspunkt vom Endpunkt ab:

$$
\vec{v} = \overrightarrow{AB} = B - A = (1 - 0, \ 1 - 0, \ 1 - 0)
$$

$$
\vec{v} = (1,\ 1,\ 1)
$$

Das bedeutet: Der Vektor, der von $ A = (0,0,0) $ nach $ B = (1,1,1) $ zeigt, ist

$$
\boxed{\vec{v} = \begin{pmatrix} 1 \\ 1 \\ 1 \end{pmatrix}}
$$

---

### 📌 **Zusatzinfo (falls interessiert):**
- Dieser Vektor beschreibt also die Richtung und Länge der **Raumdiagonalen** des Einheitswürfels (Würfel mit Kantenlänge 1).
- Die **Länge des Vektors**, also die Länge der Diagonalen, kannst du mit dem Satz des Pythagoras im 3D-Raum berechnen:

$$
|\vec{v}| = \sqrt{1^2 + 1^2 + 1^2} = \sqrt{3}
$$

---

### 🎯 **Zusammenfassung:**
- Gegebene Punkte: $ (0,0,0) $ und $ (1,1,1) $
- Gesuchter Vektor (Diagonale):  
  $$
  \boxed{\vec{v} = \begin{pmatrix} 1 \\ 1 \\ 1 \end{pmatrix}}
  $$

Wenn du noch mehr zu diesem Thema wissen willst (z. B. wie man andere Diagonalen oder Winkel berechnet), helfe ich dir gerne weiter! 😊"
"Geometry","spatial orientation and positional relationships","H","Bestimme den Winkel zwischen den beiden 3D-Vektoren: v₁ = (1, 2, 3) und v₂ = (4, -1, 0).","Um den **Winkel zwischen zwei 3D-Vektoren** zu berechnen, verwendest du das **Skalarprodukt** und die **Länge (Betrag)** der Vektoren.

---

### Gegeben:

- Vektor $ \vec{v_1} = (1, 2, 3) $
- Vektor $ \vec{v_2} = (4, -1, 0) $

---

## 🔹 Schritt 1: Skalarprodukt berechnen

Das **Skalarprodukt** zweier Vektoren $ \vec{v_1} = (x_1, y_1, z_1) $ und $ \vec{v_2} = (x_2, y_2, z_2) $ ist:

$$
\vec{v_1} \cdot \vec{v_2} = x_1 \cdot x_2 + y_1 \cdot y_2 + z_1 \cdot z_2
$$

Einsetzen:

$$
\vec{v_1} \cdot \vec{v_2} = 1 \cdot 4 + 2 \cdot (-1) + 3 \cdot 0 = 4 - 2 + 0 = 2
$$

---

## 🔹 Schritt 2: Beträge der Vektoren berechnen

Der **Betrag eines Vektors** $ \vec{v} = (x, y, z) $ ist:

$$
|\vec{v}| = \sqrt{x^2 + y^2 + z^2}
$$

Für $ \vec{v_1} $:

$$
|\vec{v_1}| = \sqrt{1^2 + 2^2 + 3^2} = \sqrt{1 + 4 + 9} = \sqrt{14}
$$

Für $ \vec{v_2} $:

$$
|\vec{v_2}| = \sqrt{4^2 + (-1)^2 + 0^2} = \sqrt{16 + 1 + 0} = \sqrt{17}
$$

---

## 🔹 Schritt 3: Winkel mit Kosinus-Formel berechnen

Die Formel für den **Winkel $ \theta $** zwischen zwei Vektoren lautet:

$$
\cos(\theta) = \frac{\vec{v_1} \cdot \vec{v_2}}{|\vec{v_1}| \cdot |\vec{v_2}|}
$$

Einsetzen:

$$
\cos(\theta) = \frac{2}{\sqrt{14} \cdot \sqrt{17}} = \frac{2}{\sqrt{238}}
$$

Jetzt rechnen wir das aus:

$$
\cos(\theta) \approx \frac{2}{15.427} \approx 0.1296
$$

Und dann den **Winkel $ \theta $** mit dem Arkuskosinus (cos⁻¹):

$$
\theta = \cos^{-1}(0.1296) \approx 82.57^\circ
$$

---

### ✅ Endergebnis:

Der **Winkel zwischen den Vektoren** beträgt ungefähr:

$$
\boxed{82.57^\circ}
$$

Wenn du willst, kann ich dir auch zeigen, wie man das in Radiant angibt oder genauer berechnet."
"Geometry","spatial orientation and positional relationships","H","Bestimme die Koordinaten eines Punktes, nachdem er um 90° entlang der z-Achse im dreidimensionalen Raum rotiert wurde.","Um einen Punkt im dreidimensionalen Raum um die **z-Achse** um **90° entgegen dem Uhrzeigersinn (mathematisch positiv)** zu rotieren, verwendest du eine sogenannte **Rotationsmatrix**.

---

### 🔁 Grundidee:

Beim Drehen um die z-Achse bleibt die **z-Koordinate gleich**, während sich **x und y verändern**. Du betrachtest also nur die x-y-Ebene und drehst den Punkt dort wie in der 2D-Geometrie.

---

## 📐 Rotationsmatrix für eine Drehung um die z-Achse

Die allgemeine **Rotationsmatrix um die z-Achse** lautet:

$$
R_z(\theta) = 
\begin{pmatrix}
\cos \theta & -\sin \theta & 0 \\
\sin \theta & \cos \theta & 0 \\
0 & 0 & 1
\end{pmatrix}
$$

Für eine **90° Drehung entgegen dem Uhrzeigersinn** gilt:
- $\cos(90^\circ) = 0$
- $\sin(90^\circ) = 1$

Also wird die Matrix zu:

$$
R_z(90^\circ) = 
\begin{pmatrix}
0 & -1 & 0 \\
1 & 0 & 0 \\
0 & 0 & 1
\end{pmatrix}
$$

---

## 🧮 Beispielrechnung

Angenommen, du hast den Punkt $ P = \begin{pmatrix} x \\ y \\ z \end{pmatrix} $, z. B. $ P = \begin{pmatrix} 2 \\ 3 \\ 5 \end{pmatrix} $

Du multiplizierst die Rotationsmatrix mit dem Vektor:

$$
P' = R_z(90^\circ) \cdot P =
\begin{pmatrix}
0 & -1 & 0 \\
1 & 0 & 0 \\
0 & 0 & 1
\end{pmatrix}
\cdot
\begin{pmatrix}
2 \\
3 \\
5
\end{pmatrix}
=
\begin{pmatrix}
0 \cdot 2 + (-1) \cdot 3 + 0 \cdot 5 \\
1 \cdot 2 + 0 \cdot 3 + 0 \cdot 5 \\
0 \cdot 2 + 0 \cdot 3 + 1 \cdot 5
\end{pmatrix}
=
\begin{pmatrix}
-3 \\
2 \\
5
\end{pmatrix}
$$

---

## ✅ Ergebnis:

Der neue Punkt nach einer **90°-Drehung um die z-Achse** ist:

$$
P' = \begin{pmatrix} -3 \\ 2 \\ 5 \end{pmatrix}
$$

---

## 🧠 Merkregel:

Wenn du einen Punkt $(x, y, z)$ um **90° entgegen dem Uhrzeigersinn um die z-Achse** drehst, wird daraus:

$$
(x', y', z') = (-y, x, z)
$$

---

Wenn du stattdessen **mit dem Uhrzeigersinn** drehen willst, kehren sich die Vorzeichen entsprechend um:

$$
(x', y', z') = (y, -x, z)
$$

---

Hast du einen konkreten Punkt, den du rotieren möchtest? Dann kann ich dir gerne die genaue Rechnung zeigen!"
"Geometry","spatial orientation and positional relationships","H","Beschreibe die Schnittlinie zwischen den Ebenen x + y + z = 3 und x − y = 1.","Um die **Schnittlinie zwischen zwei Ebenen** zu finden, musst du eine Gerade bestimmen, die in **beiden Ebenen gleichzeitig liegt**. Dafür hast du zwei Gleichungen gegeben:

1. $ x + y + z = 3 $
2. $ x - y = 1 $

---

### Schritt 1: Verstehe das Problem

Du hast zwei Ebenen im dreidimensionalen Raum. Der Schnitt zweier Ebenen (die nicht parallel sind) ist eine **Gerade**.

Dein Ziel ist es, diese Gerade zu beschreiben – am besten in **Parameterform**:
$$
\vec{x} = \vec{p} + t \cdot \vec{v}, \quad t \in \mathbb{R}
$$
Dabei ist $\vec{p}$ ein Punkt auf der Geraden und $\vec{v}$ ein Richtungsvektor.

---

### Schritt 2: Löse das Gleichungssystem

Du hast zwei Gleichungen mit drei Unbekannten ($x$, $y$, $z$). Um eine Gerade zu erhalten, musst du eine Variable frei wählen (oft $z$ oder $y$), und die anderen in Abhängigkeit davon ausdrücken.

Wir beginnen mit dem Gleichungssystem:

$$
\begin{cases}
x + y + z = 3 \quad \text{(1)} \\
x - y = 1 \quad \text{(2)}
\end{cases}
$$

---

### Schritt 3: Aus Gleichung (2): Stelle $x$ in Abhängigkeit von $y$ dar

Aus (2):  
$$
x = y + 1
$$

---

### Schritt 4: Setze in Gleichung (1) ein

Setze $x = y + 1$ in (1):

$$
(y+1) + y + z = 3 \\
2y + 1 + z = 3 \\
2y + z = 2 \\
\Rightarrow z = 2 - 2y
$$

---

### Schritt 5: Fasse alle Variablen in Abhängigkeit einer Variablen zusammen

Wähle $y = t$ als Parameter (du könntest auch $z$ oder $x$ nehmen).

Dann gilt:

- $y = t$
- $x = y + 1 = t + 1$
- $z = 2 - 2t$

Also haben wir die Parameterdarstellung:

$$
\vec{x} = \begin{pmatrix} x \\ y \\ z \end{pmatrix} = \begin{pmatrix} t + 1 \\ t \\ 2 - 2t \end{pmatrix}
= \begin{pmatrix} 1 \\ 0 \\ 2 \end{pmatrix} + t \cdot \begin{pmatrix} 1 \\ 1 \\ -2 \end{pmatrix}
$$

---

### ✅ Ergebnis:

Die **Schnittlinie** der beiden Ebenen ist die Gerade mit der Parameterform:

$$
g(t) = \begin{pmatrix} 1 \\ 0 \\ 2 \end{pmatrix} + t \cdot \begin{pmatrix} 1 \\ 1 \\ -2 \end{pmatrix}, \quad t \in \mathbb{R}
$$

---

### Optional: Kontrolle durch Einsetzen

Setze $x = t+1$, $y = t$, $z = 2 - 2t$ in die ursprünglichen Gleichungen ein:

1. $x + y + z = (t+1) + t + (2 - 2t) = 3$ ✔️  
2. $x - y = (t+1) - t = 1$ ✔️  

Beides stimmt, also ist die Lösung korrekt.

---

Falls du noch mehr Details willst (wie Richtungsvektor über Kreuzprodukt oder grafische Bedeutung), sag Bescheid!"
"Geometry","spatial orientation and positional relationships","H","Bestimme die Projektion des Vektors v = (3,4,0) auf den Vektor u = (1,0,0).","Um die **Projektion des Vektors $ \vec{v} = (3, 4, 0) $ auf den Vektor $ \vec{u} = (1, 0, 0) $** zu berechnen, verwendest du die **Formel für die orthogonale Projektion eines Vektors**.

## 📌 Formel der Projektion:
$$
\text{proj}_{\vec{u}} \vec{v} = \left( \frac{\vec{v} \cdot \vec{u}}{\|\vec{u}\|^2} \right) \vec{u}
$$

---

### Schritt 1: Skalarprodukt $ \vec{v} \cdot \vec{u} $ berechnen

$$
\vec{v} \cdot \vec{u} = (3)(1) + (4)(0) + (0)(0) = 3
$$

---

### Schritt 2: Betrag von $ \vec{u} $ quadrieren

$$
\|\vec{u}\|^2 = (1)^2 + (0)^2 + (0)^2 = 1
$$

---

### Schritt 3: In die Projektionsformel einsetzen

$$
\text{proj}_{\vec{u}} \vec{v} = \left( \frac{3}{1} \right) \cdot (1, 0, 0) = 3 \cdot (1, 0, 0) = (3, 0, 0)
$$

---

## ✅ Ergebnis:

Die Projektion des Vektors $ \vec{v} = (3, 4, 0) $ auf $ \vec{u} = (1, 0, 0) $ ist:
$$
\boxed{(3,\ 0,\ 0)}
$$

Das bedeutet, dass nur der Anteil von $ \vec{v} $ in Richtung von $ \vec{u} $ übrig bleibt – also die x-Komponente."
"Geometry","spatial orientation and positional relationships","H","Finde einen Vektor, der sowohl zu (1,2,3) als auch zu (4,5,6) senkrecht steht.","Um einen Vektor zu finden, der **sowohl zum Vektor** $ \vec{a} = (1, 2, 3) $ **als auch zu** $ \vec{b} = (4, 5, 6) $ **senkrecht steht**, musst du das **Kreuzprodukt (Vektorprodukt)** dieser beiden Vektoren berechnen.

### 📌 Warum das Kreuzprodukt?
Das Kreuzprodukt zweier Vektoren im dreidimensionalen Raum ergibt einen neuen Vektor, der **senkrecht auf beiden Ausgangsvektoren steht**. Genau das brauchst du!

---

## ✅ Schritt-für-Schritt: Kreuzprodukt berechnen

Gegeben:
$$
\vec{a} = \begin{pmatrix} 1 \\ 2 \\ 3 \end{pmatrix}, \quad \vec{b} = \begin{pmatrix} 4 \\ 5 \\ 6 \end{pmatrix}
$$

Das Kreuzprodukt $ \vec{a} \times \vec{b} $ berechnet sich wie folgt:

$$
\vec{a} \times \vec{b} = \begin{pmatrix}
a_2 b_3 - a_3 b_2 \\
a_3 b_1 - a_1 b_3 \\
a_1 b_2 - a_2 b_1
\end{pmatrix}
$$

Setze die Werte ein:

$$
= \begin{pmatrix}
(2)(6) - (3)(5) \\
(3)(4) - (1)(6) \\
(1)(5) - (2)(4)
\end{pmatrix}
= \begin{pmatrix}
12 - 15 \\
12 - 6 \\
5 - 8
\end{pmatrix}
= \begin{pmatrix}
-3 \\
6 \\
-3
\end{pmatrix}
$$

---

## ✅ Ergebnis:

Ein Vektor, der sowohl zu $ (1,2,3) $ als auch zu $ (4,5,6) $ senkrecht steht, ist:
$$
\boxed{\begin{pmatrix} -3 \\ 6 \\ -3 \end{pmatrix}}
$$

Du könntest diesen Vektor auch mit einem beliebigen Faktor skalieren, z.B. $ (1, -2, 1) $, da Richtung entscheidend ist – nicht die Länge.

---

Wenn du magst, kann ich dir auch zeigen, warum das Kreuzprodukt funktioniert oder wie man das Prinzip veranschaulichen kann! 😊"
"Geometry","properties and relationships of figures and solids","B","Wie viele Ecken hat ein Dreieck?","Klar! Lass uns die Aufgabe gemeinsam lösen:

**Frage:** *Wie viele Ecken hat ein Dreieck?*

### Schritt 1: Verstehe, was ein Dreieck ist
Ein **Dreieck** ist eine geometrische Figur mit:
- drei Seiten (deshalb „Drei-eck“)
- drei Winkeln
- und somit auch drei **Ecken**

### Schritt 2: Was sind Ecken?
Eine **Ecke** ist ein Punkt, an dem zwei Seiten aufeinandertreffen. In einem Dreieck treffen sich immer zwei Seiten an jedem Eckpunkt.

### Schritt 3: Zähle die Ecken (zum Verständnis)
Stell dir ein einfaches Dreieck vor – egal ob gleichseitig, gleichschenklig oder unregelmäßig. Es hat immer:
- eine Ecke oben
- eine Ecke unten links
- eine Ecke unten rechts

Das ergibt insgesamt **drei Ecken**.

---

### ✅ **Antwort:**  
Ein Dreieck hat **3 Ecken**.

Wenn du noch mehr über Dreiecke oder andere Figuren lernen willst, helfe ich dir gerne weiter! 😊"
"Geometry","properties and relationships of figures and solids","B","Welche Form hat keine geraden Seiten?","Die Frage lautet: **„Welche Form hat keine geraden Seiten?“**

Um diese Frage zu beantworten, müssen wir uns überlegen, welche geometrischen Formen **gerade Seiten** haben und welche nicht.

### Schritt 1: Was sind „gerade Seiten“?
- Gerade Seiten sind **Linien**, die eine Form begrenzen und **keine Kurven** haben.
- Beispiele dafür sind die Seiten eines Dreiecks, Quadrats, Rechtecks, Fünfecks usw.

### Schritt 2: Welche Formen haben **keine** geraden Seiten?
Suche nach einer **geometrischen Form**, die **ausschließlich aus Kurven besteht** – also **keine Ecken und keine geraden Linien**.

### Die bekannteste Form ohne gerade Seiten ist:
➡️ **Der Kreis**

- Ein **Kreis** besteht aus einer **einzigen, geschlossenen Kurve**.
- Er hat **keine Ecken** und **keine geraden Seiten**.

---

### ✅ Antwort:
**Ein Kreis hat keine geraden Seiten.**

Wenn du mehrere Antwortmöglichkeiten gegeben hast (z. B. in einem Multiple-Choice-Test), kannst du hier gerne die Optionen nennen, dann helfe ich dir gerne genauer weiter!"
"Geometry","properties and relationships of figures and solids","B","Was ist der Unterschied zwischen einem Quadrat und einem Rechteck?","Gerne! Lass uns die Aufgabe Schritt für Schritt durchgehen:

### **Frage: Was ist der Unterschied zwischen einem Quadrat und einem Rechteck?**

Um diese Frage zu beantworten, müssen wir uns anschauen, was ein **Quadrat** und was ein **Rechteck** in der Geometrie ist.

---

## 🔷 1. Definitionen

### ✅ **Rechteck:**
Ein Rechteck ist ein Viereck mit:
- **vier rechten Winkeln** (also jeweils 90°),
- **gegenüberliegende Seiten sind gleich lang und parallel**.

### ✅ **Quadrat:**
Ein Quadrat ist ein spezielles Rechteck mit:
- **vier rechten Winkeln**,
- **allen vier Seiten gleich lang**.

---

## 📐 2. Gemeinsamkeiten

Beide Figuren haben:
- Vier Ecken (also sie sind Vierecke),
- Vier rechte Winkel,
- Gegenüberliegende Seiten sind parallel und gleich lang (beim Rechteck nur die gegenüberliegenden Seiten, beim Quadrat alle).

---

## 🧩 3. Der Unterschied

Der **entscheidende Unterschied** liegt also in den **Seitenlängen**:

| Eigenschaft           | Rechteck                     | Quadrat                        |
|-----------------------|------------------------------|--------------------------------|
| Rechte Winkel         | Ja                           | Ja                             |
| Gegenüberliegende Seiten gleich lang | Ja       | Ja (sogar alle Seiten gleich) |
| Alle Seiten gleich lang | Nein                        | Ja                             |

👉 Ein **Quadrat ist also immer ein Rechteck**, aber ein **Rechteck ist nicht immer ein Quadrat**.

---

## 🧠 Merkregel:

> Ein Quadrat ist ein Rechteck, bei dem **alle Seiten gleich lang** sind.

Oder anders ausgedrückt:

> Ein Rechteck wird erst dann ein Quadrat, wenn **Länge = Breite** ist.

---

Wenn du willst, können wir das auch anhand von Beispielen oder Zeichnungen nochmal veranschaulichen 😊  
Möchtest du das?

# Zusammenfassung:
Ein **Quadrat** ist ein besonderes **Rechteck**, bei dem **alle vier Seiten gleich lang** sind. Bei einem **Rechteck** sind zwar die gegenüberliegenden Seiten gleich lang, aber **nicht zwingend alle vier**."
"Geometry","properties and relationships of figures and solids","B","Zeichne eine Form mit 3 Ecken und 3 Seiten.","Klar! Die Aufgabe lautet:

> **„Zeichne eine Form mit 3 Ecken und 3 Seiten.“**

Das ist eine einfache Geometrie-Aufgabe, und ich erkläre dir Schritt für Schritt, wie du sie lösen kannst.

---

### 🔍 1. Verstehe die Begriffe:
- **Ecken**: Das sind die Punkte, an denen sich zwei Seiten treffen.
- **Seiten**: Das sind die geraden Linien, die die Ecken miteinander verbinden.

Du sollst also eine Form zeichnen, die **drei Ecken** hat und aus **drei Seiten** besteht.

---

### 🧠 2. Welche Form hat 3 Ecken und 3 Seiten?

Die einzige geometrische Form, die diese Bedingung erfüllt, ist das **Dreieck**.

Ein Dreieck hat immer:
- ✅ 3 Ecken
- ✅ 3 Seiten

---

### ✏️ 3. So zeichnest du ein Dreieck:

1. **Setze drei Punkte auf dein Blatt Papier.**
   - Diese Punkte sind deine **Ecken**.
   - Du kannst sie z. B. A, B und C nennen oder einfach als Punkte lassen.

2. **Verbinde jeden Punkt mit einem anderen durch eine gerade Linie.**
   - Also: Punkt A mit B verbinden → erste Seite.
   - Punkt B mit C verbinden → zweite Seite.
   - Punkt C mit A verbinden → dritte Seite.

3. **Fertig!** Du hast jetzt ein Dreieck gezeichnet – eine Form mit genau 3 Ecken und 3 Seiten.

---

### 📐 Tipps (optional):
- Wenn du möchtest, kannst du auch ein **gleichseitiges Dreieck** zeichnen (alle Seiten gleich lang).
- Oder ein **rechtwinkliges Dreieck**, wenn du später auch Winkel berechnen willst.
- Aber für die Aufgabe reicht *jedes* Dreieck!

---

### 🖼️ Beispiel (Beschreibung):
```
    A
   / \
  /   \
 B-----C
```

- Ecken: A, B, C
- Seiten: AB, BC, CA

---

Wenn du magst, kann ich dir auch helfen, das Dreieck in einem Koordinatensystem zu zeichnen oder dir erklären, welche Arten von Dreiecken es gibt. Sag einfach Bescheid! 😊"
"Geometry","properties and relationships of figures and solids","B","Nenne zwei Formen, die nur gerade Seiten haben.","Klar! Die Aufgabe lautet:

**„Nenne zwei Formen, die nur gerade Seiten haben.“**

Das bedeutet, du sollst **zwei geometrische Figuren (Formen)** finden, bei denen **alle Seiten gerade Linien** sind – also keine Rundungen oder Kurven.

---

### 🧠 Erklärung:
In der Geometrie gibt es viele Formen. Manche haben **gerade Seiten**, wie z. B. Dreiecke oder Vierecke. Andere haben **gekrümmte Seiten**, wie z. B. Kreise oder Ovale.

Da in der Aufgabe steht „**nur** gerade Seiten“, darfst du also **keine Form mit Rundungen** nehmen.

---

### ✅ Lösungsvorschläge:

Hier sind zwei Beispiele für Formen mit **nur geraden Seiten**:

1. **Dreieck**  
   Ein Dreieck hat drei gerade Seiten und drei Ecken.

2. **Quadrat**  
   Ein Quadrat ist ein Viereck mit vier gleich langen, geraden Seiten und vier rechten Winkeln.

---

### 📝 Weitere mögliche Antworten:
- Rechteck  
- Fünfeck  
- Sechseck  
- Parallelogramm  

Aber da die Aufgabe nur nach **zwei** Formen fragt, reichen dir zwei davon aus.

---

### 📌 Beispiel-Antwort:
> Zwei Formen, die nur gerade Seiten haben, sind das **Dreieck** und das **Quadrat**.

Wenn du willst, können wir auch eine Zeichnung oder weitere Erklärungen dazu machen. 😊"
"Geometry","properties and relationships of figures and solids","C","Wie viele Seiten hat ein Sechseck?","Die Aufgabe lautet: **„Wie viele Seiten hat ein Sechseck?“**

Diese Frage ist eigentlich schon fast eine Erklärung in sich – du musst nur genau hinschauen:

### Schritt für Schritt:

1. **Begriff zerlegen:**  
   - Das Wort *„Sechseck“* besteht aus zwei Teilen: **„Sechs“** und **„Eck“** (oder Polygon).
   - Im Deutschen werden Vielecke oft nach der Anzahl ihrer Ecken oder Seiten benannt.

2. **Was bedeutet „Eck“?**  
   - „Eck“ steht für *Ecken*, also die Punkte, an denen die Seiten aufeinandertreffen.
   - Aber: Bei einem Vieleck (also einer ebenen Figur mit geraden Seiten) ist die **Anzahl der Seiten immer gleich der Anzahl der Ecken**.

3. **Also:**  
   - Ein **Sechseck** hat **sechs Ecken** → es hat auch **sechs Seiten**.

---

### Fazit:
✅ Ein Sechseck hat **6 Seiten**.

Wenn du dir das bildlich vorstellen willst: Denke an ein regelmäßiges Sechseck, wie man es z. B. bei Bienenwaben sieht – es hat sechs gerade Seiten, die alle gleich lang sein können (bei einem *regelmäßigen* Sechseck).

Falls du noch mehr über Vielecke erfahren willst, helfe ich dir gerne weiter! 😊"
"Geometry","properties and relationships of figures and solids","C","Wie viele Kanten hat ein Würfel?","Klar! Lass uns Schritt für Schritt überlegen, **wie viele Kanten ein Würfel hat**.

---

### 🔍 Was ist ein Würfel?

Ein **Würfel** ist ein geometrischer Körper mit:

- **6 quadratischen Flächen** (alle gleich groß),
- **8 Ecken**,
- und **Kanten**, also die Strecken, an denen zwei Flächen zusammenstoßen.

---

### 🧠 Überlege dir: Wo sind die Kanten?

Jede der 6 quadratischen Flächen eines Würfels hat **4 Kanten**. Aber Achtung:  
👉 Jede Kante wird von **zwei Flächen geteilt**.

Das bedeutet, wenn du einfach 6 Flächen × 4 Kanten rechnest, zählst du jede Kante doppelt.

---

### 📐 Rechnung:

1. **Anzahl aller Flächenkanten (jede Fläche einzeln):**  
   $ 6 \text{ Flächen} \times 4 \text{ Kanten pro Fläche} = 24 $

2. **Da jede Kante bei zwei Flächen vorkommt**, teilen wir durch 2:  
   $ 24 \div 2 = 12 $

---

### ✅ Antwort:

Ein Würfel hat also **12 Kanten**.

---

### Zusatztipp: Merke dir die Zahlen des Würfels

Ein Würfel hat immer:
- **6 Flächen**
- **8 Ecken**
- **12 Kanten**

Und diese Zahlen passen auch zur **Eulerschen Polyederformel**:

$$
\text{Ecken} - \text{Kanten} + \text{Flächen} = 2 \\
8 - 12 + 6 = 2 \quad ✅
$$

---

Wenn du willst, kann ich dir das auch gerne mit einer Zeichnung oder einem Beispiel erklären 😊"
"Geometry","properties and relationships of figures and solids","C","Wahr oder falsch: Ein Rechteck ist immer ein Parallelogramm.","Die Aussage **„Ein Rechteck ist immer ein Parallelogramm“** ist **wahr**.

### Erklärung:

Um zu verstehen, warum das stimmt, schauen wir uns die Definitionen an:

#### Was ist ein **Parallelogramm**?
Ein Parallelogramm ist ein Viereck, bei dem **gegenüberliegende Seiten parallel zueinander sind**.

#### Was ist ein **Rechteck**?
Ein Rechteck ist ein Viereck, bei dem:
- alle Winkel **90° (rechtwinklig)** sind,
- und die gegenüberliegenden Seiten **gleich lang und parallel** zueinander sind.

### Vergleich:
Da ein Rechteck **zwingend** die Eigenschaft hat, dass seine **gegenüberliegenden Seiten parallel** sind (und zwar sogar beide Paare), erfüllt es automatisch die Bedingung für ein Parallelogramm.

➡️ **Jedes Rechteck ist also ein Parallelogramm.**

---

### Zusatzinfo:
Aber Achtung:  
Die Umkehrung gilt **nicht**!  
Also: **Nicht jedes Parallelogramm ist ein Rechteck.**  
Ein Parallelogramm hat **keine** 90°-Winkel, es sei denn, es ist speziell ein Rechteck oder ein Quadrat.

---

### Fazit:
✅ **Wahr**: Ein Rechteck ist immer ein Parallelogramm."
"Geometry","properties and relationships of figures and solids","C","Umkreise die Figur, die kein Polygon ist: Dreieck, Quadrat, Kreis.","Klar! Lass uns die Aufgabe Schritt für Schritt durchgehen:

### Aufgabe:
**„Umkreise die Figur, die kein Polygon ist: Dreieck, Quadrat, Kreis.“**

---

### Was bedeutet „Polygon“?

Ein **Polygon** ist eine geschlossene Figur, die **ausschließlich aus geraden Linien (Strecken)** besteht.  
Zum Beispiel:

- Ein **Dreieck** hat 3 gerade Seiten.
- Ein **Quadrat** hat 4 gleich lange gerade Seiten.
- Vielecke wie Fünfecke, Sechsecke usw. sind auch Polygone, solange sie nur gerade Seiten haben.

Aber ein **Kreis** besteht aus einer **gekrümmten Linie**, also **keinen geraden Strecken** – und deshalb ist er **kein Polygon**.

---

### Lösung der Aufgabe:

Von den drei Figuren:
- **Dreieck** → ✅ ist ein Polygon  
- **Quadrat** → ✅ ist ein Polygon  
- **Kreis** → ❌ **ist kein Polygon**

---

### Fazit:
Du sollst also den **Kreis** umkreisen, weil er **kein Polygon** ist.

✅ **Antwort:** **Kreis** ist keine Polygon – das ist deine Lösung.

Wenn du magst, kann ich dir gerne noch mehr über Polygone oder andere Figuren erklären! 😊"
"Geometry","properties and relationships of figures and solids","C","Welche Figur hat gegenüberliegende Seiten, die gleich lang und parallel sind?","Die Matheaufgabe lautet:

**„Welche Figur hat gegenüberliegende Seiten, die gleich lang und parallel sind?“**

Um diese Frage zu beantworten, müssen wir uns mit den Eigenschaften von **geometrischen Figuren (Vierecken)** beschäftigen.

---

### Schritt 1: Verstehe die Bedingungen
Die Aufgabe nennt zwei wichtige Eigenschaften:
1. **Gegenüberliegende Seiten sind gleich lang**
2. **Gegenüberliegende Seiten sind parallel**

Diese beiden Merkmale gelten für eine bestimmte Gruppe von **Vierecken** – also Figuren mit vier Seiten und vier Ecken.

---

### Schritt 2: Überlege dir passende Vierecke

Schauen wir uns einige bekannte Vierecke an:

| Figur         | Gegenüberliegende Seiten gleich lang? | Gegenüberliegende Seiten parallel? |
|---------------|----------------------------------------|-------------------------------------|
| Quadrat       | Ja                                     | Ja                                  |
| Rechteck      | Ja                                     | Ja                                  |
| Parallelogramm| Ja                                     | Ja                                  |
| Raute         | Ja                                     | Ja                                  |
| Drachenviereck| Nein (meistens)                        | Nein                                |
| Trapez        | Nur ein Paar, meist nicht beide        | Nur ein Paar                        |

---

### Schritt 3: Welche ist DIE Antwort?

Da mehrere Figuren diese Eigenschaften erfüllen, hängt die **genaue Antwort** davon ab, ob du **ein Beispiel** suchst oder **alle möglichen Antworten**.

#### Mögliche Antworten:
- Ein **Parallelogramm** ist das allgemeinste Viereck mit diesen Eigenschaften.
- Also kannst du sagen:
  > „Ein Parallelogramm hat gegenüberliegende Seiten, die gleich lang und parallel sind.“

Oder du gibst Beispiele:
- Ein **Rechteck**, ein **Quadrat** oder eine **Raute** sind besondere Arten von Parallelogrammen und erfüllen dieselbe Bedingung.

---

### ✅ Kurzantwort:
> Das ist ein **Parallelogramm**. In einem Parallelogramm sind die gegenüberliegenden Seiten immer **gleich lang und parallel**.

Wenn du weitere Hilfe brauchst, z. B. eine Zeichnung oder Erklärung zu den Begriffen, sag einfach Bescheid! 😊"
"Geometry","properties and relationships of figures and solids","C","Zeichne ein Viereck, das kein Quadrat ist.","Klar! Die Aufgabe lautet: **„Zeichne ein Viereck, das kein Quadrat ist.“** Das klingt vielleicht erstmal einfach – und das ist es auch! Lass uns Schritt für Schritt durchgehen, wie du das lösen kannst:

---

### 🔍 **Was ist ein Viereck?**
Ein **Viereck** ist eine geometrische Figur mit **vier Seiten und vier Ecken**. Es gibt viele verschiedene Arten von Vierecken – das Quadrat ist nur eine davon.

---

### ❌ Was sollst du NICHT zeichnen?
Du darfst **kein Quadrat** zeichnen. Ein Quadrat hat:
- vier gleich lange Seiten
- vier rechte Winkel (90°)

Also musst du darauf achten, dass deine Zeichnung **mindestens eine dieser Eigenschaften nicht erfüllt**, z. B.:
- die Seiten sind nicht alle gleich lang oder
- die Winkel sind keine 90°

---

### ✅ Beispiele für Vierecke, die KEINE Quadrate sind:

| Name des Vierecks | Besonderheiten |
|------------------|----------------|
| Rechteck          | Alle Winkel 90°, aber Seiten nicht gleich lang |
| Raute             | Alle Seiten gleich lang, aber keine 90°-Winkel |
| Parallelogramm    | Gegenüberliegende Seiten parallel, aber nicht gleich lang oder winklig |
| Trapez            | Mindestens zwei Seiten parallel |
| Drachenviereck     | Zwei Paare benachbarter gleich langer Seiten |
| Allgemeines Viereck | Beliebige vier Seiten – keine besonderen Regeln |

---

### 📏 So kannst du vorgehen (z. B. auf Karopapier):

1. Nimm dir ein Blatt mit Kästchen (Karopapier) – das hilft beim Genauzeichnen.
2. Wähle ein einfaches Viereck aus, z. B. ein **Rechteck**, eine **Raute** oder ein **Parallelogramm**.
3. Zeichne vier Punkte, die nicht die Bedingungen eines Quadrats erfüllen.
   - Beispiel: Zeichne ein **Rechteck**, bei dem die Breite 3 Kästchen und die Höhe 5 Kästchen beträgt.
4. Verbinde die Punkte zu einem geschlossenen Viereck.

---

### 🧠 Tipp:
Wenn du dir unsicher bist, ob dein gezeichnetes Viereck ein Quadrat ist, frage dich:
- Sind **alle Seiten gleich lang**?
- Sind **alle Winkel 90°**?

Wenn mindestens eine dieser Fragen mit „Nein“ beantwortet wird → ✅ Dann hast du ein Viereck gezeichnet, das kein Quadrat ist!

---

### 🖊️ Fazit:
Um die Aufgabe zu lösen, zeichnest du einfach ein beliebiges Viereck, bei dem entweder:
- die Seiten unterschiedlich lang sind oder
- die Winkel nicht alle 90° betragen.

Zum Beispiel ein **Rechteck**, ein **Parallelogramm** oder ein **Trapez**.

Wenn du möchtest, kann ich dir gerne ein konkretes Koordinatensystem mit passenden Punkten nennen, um das Viereck zu zeichnen. Sag einfach Bescheid! 😊"
"Geometry","properties and relationships of figures and solids","D","Kann ein Dreieck zwei stumpfe Winkel haben? Begründe deine Antwort.","Sehr gute Frage! Lass uns gemeinsam überlegen, ob ein Dreieck **zwei stumpfe Winkel** haben kann.

---

### 🔍 Zunächst: Was ist ein **stumpfer Winkel**?

Ein **stumpfer Winkel** ist ein Winkel, der **größer als 90° und kleiner als 180°** ist.

Beispiel:  
- 100° → stumpf  
- 120° → stumpf  
- 90° oder 180° → nicht stumpf

---

### 📐 In einem Dreieck gilt immer:

> Die **Summe aller Innenwinkel in einem Dreieck beträgt genau 180°**.

Das ist ein grundlegender Satz aus der Geometrie.

---

### 🤔 Jetzt zur eigentlichen Frage:
Kann ein Dreieck **zwei stumpfe Winkel** haben?

Nehmen wir an, es hätte zwei stumpfe Winkel. Dann wären beide **größer als 90°**.

Zum Beispiel:
- Winkel α = 100°
- Winkel β = 100°

Dann bleibt für den dritten Winkel γ nur noch:

$$
\gamma = 180° - \alpha - \beta = 180° - 100° - 100° = -20°
$$

❌ Das geht natürlich nicht – ein Winkel kann nicht **negativ** sein.

---

### ✅ Schlussfolgerung:

Wenn bereits **zwei Winkel größer als 90°** sind, dann würde die Summe **bereits über 180°** liegen – bevor der dritte Winkel überhaupt addiert wird. Und das ist in einem Dreieck **nicht möglich**.

---

### 🧠 Daher lautet die Antwort:

> **Nein**, ein Dreieck kann **nicht zwei stumpfe Winkel** haben, weil die Summe der Innenwinkel in einem Dreieck immer genau **180°** beträgt. Zwei stumpfe Winkel wären zusammen **schon mehr als 180°**, was unmöglich ist.

---

Wenn du willst, können wir auch schauen, wie viele **spitze Winkel** (kleiner als 90°) ein Dreieck mindestens haben muss 😊"
"Geometry","properties and relationships of figures and solids","D","Wie viele Ecken hat eine dreieckige Pyramide?","Klar! Lass uns die Aufgabe gemeinsam lösen:  
**„Wie viele Ecken hat eine dreieckige Pyramide?“**

---

### 🔍 Schritt 1: Verstehe, was eine **dreieckige Pyramide** ist

Eine **dreieckige Pyramide** ist ein geometrischer Körper. Sie besteht aus:

- **Grundfläche**: Ein Dreieck
- **Seitenflächen**: Drei weitere Dreiecke, die von den Seiten der Grundfläche zur Spitze führen

Du kannst dir das so vorstellen: Du hast ein Dreieck als Boden, und an jeder Seite dieses Dreiecks wird ein weiteres Dreieck hochgeklappt – alle drei treffen sich in einem Punkt oben – der **Spitze**.

---

### 🧠 Schritt 2: Was bedeutet „Ecken“?

Ecken sind die Punkte, an denen Kanten zusammenstoßen. Also z. B. die Ecken des Dreiecks unten und die Spitze oben.

---

### ✏️ Schritt 3: Zähle die Ecken

Nun zählen wir:

- Das **Grunddreieck** hat **3 Ecken**
- Die **Spitze der Pyramide** ist eine **zusätzliche Ecke**

➡️ Insgesamt also:  
**3 (Grundfläche) + 1 (Spitze) = 4 Ecken**

---

### ✅ Antwort:
> Eine dreieckige Pyramide hat **4 Ecken**.

---

Wenn du willst, kann ich dir auch zeigen, wie viele **Kanten** oder **Flächen** sie hat 😊"
"Geometry","properties and relationships of figures and solids","D","Bestimme die Summe der Innenwinkel in einem Fünfeck.","Um die **Summe der Innenwinkel in einem Fünfeck** zu bestimmen, gibt es eine einfache Formel, die für **jedes konvexe Vieleck** (Polygon) gilt:

### 📐 **Formel:**
$$
\text{Innenwinkelsumme} = (n - 2) \cdot 180^\circ
$$

Dabei ist **$ n $** die Anzahl der Ecken (oder Seiten) des Vielecks.

---

### 🔍 Schritt-für-Schritt:

1. Ein Fünfeck hat **5 Ecken**, also ist $ n = 5 $.
2. Setze das in die Formel ein:
   $$
   (5 - 2) \cdot 180^\circ = 3 \cdot 180^\circ = 540^\circ
   $$

---

### ✅ **Ergebnis:**
Die Summe der Innenwinkel in einem Fünfeck beträgt **540 Grad**.

---

Wenn du möchtest, kann ich dir auch erklären, **warum** diese Formel funktioniert – sag einfach Bescheid! 😊"
"Geometry","properties and relationships of figures and solids","D","Berechne den fehlenden Winkel: Ein Dreieck hat zwei Winkel von 45° und 70°.","Um den **fehlenden Winkel** in einem Dreieck zu berechnen, musst du dich an eine wichtige Regel erinnern:

> **Die Summe aller Innenwinkel in einem Dreieck beträgt immer 180°.**

Du hast bereits zwei Winkel gegeben:
- 45°
- 70°

### Schritt-für-Schritt-Lösung:

1. Addiere die beiden gegebenen Winkel:
   $$
   45^\circ + 70^\circ = 115^\circ
   $$

2. Ziehe diese Summe von 180° ab, um den fehlenden Winkel zu finden:
   $$
   180^\circ - 115^\circ = 65^\circ
   $$

### ✅ Ergebnis:
Der fehlende Winkel beträgt **65°**.

Wenn du willst, kann ich dir auch erklären, wie das in speziellen Dreiecken (z. B. rechtwinklig, gleichseitig) funktioniert!"
"Geometry","properties and relationships of figures and solids","E","Ein Dreieck hat die Winkel 40° und 65°. Wie groß ist der dritte Winkel?","Um den dritten Winkel eines Dreiecks zu berechnen, musst du wissen, dass die **Summe aller Innenwinkel in einem Dreieck immer 180°** beträgt.

### Gegeben:
- Winkel 1 = 40°  
- Winkel 2 = 65°  

### Gesucht:
- Winkel 3 = ?

### Lösung:
Du rechnest einfach:

$$
\text{Winkel 3} = 180^\circ - (40^\circ + 65^\circ)
$$

$$
\text{Winkel 3} = 180^\circ - 105^\circ = 75^\circ
$$

### ✅ Antwort:
Der dritte Winkel beträgt **75°**."
"Geometry","properties and relationships of figures and solids","E","Ein Dreieck hat Seitenlängen von 6 cm, 6 cm und 4 cm. Bestimme die Art des Dreiecks anhand seiner Seiten.","Um die **Art des Dreiecks anhand seiner Seitenlängen** zu bestimmen, untersuchst du:

1. **Ob es gleichseitig, gleichschenklig oder unregelmäßig ist**
2. **Ob es rechtwinklig, spitzwinklig oder stumpfwinklig ist (zusätzlich möglich)**

---

### Gegebene Seitenlängen:
- a = 6 cm  
- b = 6 cm  
- c = 4 cm  

---

## Schritt 1: Bestimme die Art des Dreiecks nach Seitenlängen

Ein Dreieck kann in folgende Arten unterteilt werden:

| Art des Dreiecks     | Bedingung                              |
|----------------------|----------------------------------------|
| **Gleichseitig**      | Alle drei Seiten sind gleich lang.     |
| **Gleichschenklig**   | Zwei Seiten sind gleich lang.          |
| **Unregelmäßig**      | Alle Seiten sind unterschiedlich lang. |

In deinem Fall hast du:
- 6 cm, 6 cm und 4 cm → zwei Seiten sind gleich lang.

✅ **Es ist also ein gleichschenkliges Dreieck.**

---

## Schritt 2 (optional): Prüfung auf Winkelart (spitz, stumpf, rechtwinklig)

Dazu verwendest du den **Kosinussatz**, um den größten Winkel zu berechnen – dieser liegt immer der **längsten Seite gegenüber**.

Die längste Seite ist **6 cm**, sie liegt dem größten Winkel gegenüber.

Verwende den **Kosinussatz**:

$$
\cos(\gamma) = \frac{a^2 + b^2 - c^2}{2ab}
$$

Setze die Werte ein (hier: c = 6 cm ist die längste Seite):

$$
\cos(\gamma) = \frac{6^2 + 4^2 - 6^2}{2 \cdot 6 \cdot 4} = \frac{36 + 16 - 36}{48} = \frac{16}{48} = \frac{1}{3}
$$

$$
\gamma = \cos^{-1}\left(\frac{1}{3}\right) \approx 70,5^\circ
$$

Da **der größte Winkel kleiner als 90°** ist:

✅ **Das Dreieck ist spitzwinklig.**

---

## ✅ Endgültige Antwort:

> Das Dreieck mit den Seitenlängen 6 cm, 6 cm und 4 cm ist ein **gleichschenkliges und spitzwinkliges Dreieck**.

Wenn du nur die **Art nach den Seiten** bestimmen sollst, reicht:

> Es handelt sich um ein **gleichschenkliges Dreieck**, da zwei Seiten gleich lang sind.

---

Falls du noch mehr wissen willst, z. B. wie man Fläche oder Höhe berechnet – gerne fragen! 😊"
"Geometry","properties and relationships of figures and solids","E","Ein Viereck hat drei Winkel mit den Maßen 90°, 85° und 95°. Wie groß ist der vierte Winkel?","Um diese Matheaufgabe zu lösen, musst du wissen, dass **die Summe aller Innenwinkel in einem Viereck immer 360° beträgt**.

### Gegeben:
- Winkel 1 = 90°  
- Winkel 2 = 85°  
- Winkel 3 = 95°  

### Gesucht:
- Winkel 4 = ?  

---

### Schritt-für-Schritt:

1. **Addiere die drei gegebenen Winkel:**
   $$
   90^\circ + 85^\circ + 95^\circ = 270^\circ
   $$

2. **Ziehe diese Summe von 360° ab, um den fehlenden vierten Winkel zu finden:**
   $$
   360^\circ - 270^\circ = 90^\circ
   $$

---

### ✅ Lösung:
Der vierte Winkel ist **90°** groß.

---

Wenn du magst, kann ich dir auch erklären, warum die Innenwinkelsumme bei jedem Viereck immer 360° ist. Sag einfach Bescheid! 😊"
"Geometry","properties and relationships of figures and solids","E","Bestimme die Summe der Innenwinkel in einem Sechseck.","Um die **Summe der Innenwinkel in einem Sechseck** zu bestimmen, gibt es eine einfache Formel, die für **jedes Vieleck (n-Eck)** gilt:

### 📐 Formel:
Die Summe der Innenwinkel eines n-Ecks beträgt:

$$
\text{Innenwinkelsumme} = (n - 2) \cdot 180^\circ
$$

Dabei ist **n** die Anzahl der Ecken (und auch die Anzahl der Seiten).

---

### 🔍 Für ein Sechseck:
Ein Sechseck hat **6 Ecken**, also ist $ n = 6 $. Setze das in die Formel ein:

$$
(6 - 2) \cdot 180^\circ = 4 \cdot 180^\circ = 720^\circ
$$

---

### ✅ Ergebnis:
Die **Summe aller Innenwinkel in einem Sechseck beträgt 720 Grad**.

---

### Bonus: Gleichmäßige Aufteilung (regelmäßiges Sechseck)?
Wenn du ein **regelmäßiges Sechseck** hast (alle Seiten und Winkel gleich), dann kannst du auch berechnen, wie groß **ein einzelner Innenwinkel** ist:

$$
\frac{720^\circ}{6} = 120^\circ
$$

Also: Ein Innenwinkel in einem regelmäßigen Sechseck ist **120°** groß.

---

Falls du willst, kann ich dir auch erklären, **warum** die Formel mit $ (n - 2) \cdot 180^\circ $ funktioniert. 😊"
"Geometry","properties and relationships of figures and solids","F","Erläutere, warum ein Quadrat sowohl ein Rechteck als auch ein Rhombus ist.","Diese Matheaufgabe verlangt von dir, Zusammenhänge zwischen verschiedenen Vierecksarten zu erkennen und zu erklären – konkret: **Warum ein Quadrat gleichzeitig ein Rechteck und ein Rhombus (auch Raute genannt) ist**.

---

### 📌 Schritt 1: Kläre die Definitionen

Um die Frage zu beantworten, solltest du zunächst die Definitionen der drei Figuren kennen:

#### 1. **Quadrat**
Ein Quadrat ist ein Viereck mit:
- **vier gleich langen Seiten**
- **vier rechten Winkeln (90°)**

#### 2. **Rechteck**
Ein Rechteck ist ein Viereck mit:
- **vier rechten Winkeln (90°)**
- **gegenüberliegende Seiten sind gleich lang und parallel**

Die Seiten müssen **nicht gleich lang** sein – nur die gegenüberliegenden.

#### 3. **Rhombus (Raute)**
Ein Rhombus ist ein Viereck mit:
- **vier gleich langen Seiten**
- **gegenüberliegende Winkel sind gleich groß**
- **Diagonalen schneiden sich rechtwinklig**

Winkel können beliebig groß sein (also nicht unbedingt 90°).

---

### 📌 Schritt 2: Vergleiche die Eigenschaften

Jetzt vergleichst du die Eigenschaften des Quadrats mit denen eines Rechtecks und einer Raute:

| Eigenschaft             | Quadrat        | Rechteck       | Rhombus (Raute) |
|------------------------|----------------|----------------|------------------|
| Vier rechte Winkel     | ✅              | ✅              | ❌                |
| Vier gleich lange Seiten| ✅              | ❌              | ✅                |

➡️ Du siehst: Das Quadrat erfüllt **alle Eigenschaften eines Rechtecks** (rechte Winkel), **und** alle Eigenschaften eines Rhombus (gleich lange Seiten).  
Also ist das Quadrat eine **besondere Form** von beiden!

---

### 📌 Schritt 3: Fasse deine Erklärung zusammen

Du könntest deine Antwort so formulieren:

> Ein Quadrat ist sowohl ein Rechteck als auch ein Rhombus, weil es alle Eigenschaften beider Figuren erfüllt.  
> Als **Rechteck** hat ein Quadrat vier rechte Winkel.  
> Als **Rhombus** hat ein Quadrat vier gleich lange Seiten.  
> Daher ist das Quadrat eine besondere Form, die sowohl den Rechtecken als auch den Rauten zugeordnet werden kann.

---

### 🎯 Extra-Tipp für bessere Bewertung:
Du kannst auch erwähnen, dass das Quadrat also die **gemeinsamen Eigenschaften** von Rechteck und Raute vereint – es ist gewissermaßen der ""Schnitt"" dieser beiden Vierecksarten.

Wenn du möchtest, kann ich dir dazu auch eine Skizze oder eine Übersicht erstellen!"
"Geometry","properties and relationships of figures and solids","F","Bestimme, ob ein Dreieck mit den Seitenlängen 5 cm, 7 cm und 11 cm spitzwinklig, rechtwinklig oder stumpfwinklig ist.","Um zu bestimmen, ob ein Dreieck mit den Seitenlängen 5 cm, 7 cm und 11 cm **spitzwinklig**, **rechtwinklig** oder **stumpfwinklig** ist, können wir folgendermaßen vorgehen:

---

### 🔍 **Grundlagen:**
In einem Dreieck gilt:
- Ist das Quadrat der längsten Seite **kleiner als** die Summe der Quadrate der anderen beiden Seiten → **spitzwinklig**
- Ist das Quadrat der längsten Seite **gleich** der Summe der Quadrate der anderen beiden Seiten → **rechtwinklig**
- Ist das Quadrat der längsten Seite **größer als** die Summe der Quadrate der anderen beiden Seiten → **stumpfwinklig**

---

### ✅ **Schritt 1: Längste Seite identifizieren**
Die Seiten sind:  
- $ a = 5 \, \text{cm} $  
- $ b = 7 \, \text{cm} $  
- $ c = 11 \, \text{cm} $

Die längste Seite ist **11 cm**.

---

### ✅ **Schritt 2: Vergleiche das Quadrat der längsten Seite mit der Summe der Quadrate der anderen beiden Seiten**

Berechne:
- $ c^2 = 11^2 = 121 $
- $ a^2 + b^2 = 5^2 + 7^2 = 25 + 49 = 74 $

---

### ✅ **Schritt 3: Vergleich**
- $ c^2 = 121 $
- $ a^2 + b^2 = 74 $

Da:
$$
c^2 > a^2 + b^2 \quad \text{(121 > 74)}
$$

ist das Dreieck **stumpfwinklig**.

---

### 🧠 **Zusatzinfo:**
Das liegt daran, dass der Winkel gegenüber der längsten Seite größer als 90° ist. In einem stumpfwinkligen Dreieck gibt es genau einen Winkel, der größer als 90° ist.

---

### ✅ **Antwort:**
> Das Dreieck mit den Seitenlängen 5 cm, 7 cm und 11 cm ist **stumpfwinklig**."
"Geometry","properties and relationships of figures and solids","F","Vergleiche das Volumen eines Würfels mit einer Kantenlänge von 4 cm mit dem Volumen eines Quaders mit den Abmessungen 4 cm × 4 cm × 2 cm.","Um diese Matheaufgabe zu lösen, vergleichen wir die **Volumina** eines **Würfels** und eines **Quaders**.

---

### 🔷 Schritt 1: Volumen des Würfels berechnen

Ein **Würfel** hat immer **gleich lange Kanten**, also alle Seiten sind gleich lang.

- Gegebene Kantenlänge: **4 cm**
- Formel für das Volumen eines Würfels:  
  $$
  V = a^3
  $$
  wobei $ a $ die Kantenlänge ist.

- Einsetzen:
  $$
  V_{\text{Würfel}} = 4^3 = 4 \times 4 \times 4 = 64 \, \text{cm}^3
  $$

---

### 🔷 Schritt 2: Volumen des Quaders berechnen

Ein **Quader** kann unterschiedliche Längen für Breite, Höhe und Tiefe haben.

- Gegebene Maße: **4 cm × 4 cm × 2 cm**
- Formel für das Volumen eines Quaders:  
  $$
  V = \text{Länge} \times \text{Breite} \times \text{Höhe}
  $$

- Einsetzen:
  $$
  V_{\text{Quader}} = 4 \times 4 \times 2 = 32 \, \text{cm}^3
  $$

---

### 🔷 Schritt 3: Vergleich der Volumina

- Volumen des Würfels: **64 cm³**
- Volumen des Quaders: **32 cm³**

👉 Das Volumen des Würfels ist also **doppelt so groß** wie das des Quaders.

---

### ✅ Endgültige Antwort:

Das Volumen des Würfels mit einer Kantenlänge von 4 cm beträgt **64 cm³**, während das Volumen des Quaders mit den Abmessungen 4 cm × 4 cm × 2 cm nur **32 cm³** beträgt. Damit ist das Volumen des Würfels **zweimal so groß** wie das des Quaders."
"Geometry","properties and relationships of figures and solids","F","Vergleiche die Oberfläche eines Würfels und einer Kugel mit dem gleichen Volumen. Berechne die Flächeninhalte der beiden Körper und ermittle, welcher Körper eine größere Oberfläche hat.","Um die **Oberfläche eines Würfels** und einer **Kugel** bei **gleichem Volumen** zu vergleichen, gehen wir schrittweise vor. Wir berechnen jeweils die Oberflächen (auch: Oberflächeninhalte), wenn beide Körper das gleiche Volumen haben.

---

## 📌 Gegebene Formeln:

### Für den **Würfel**:
- Volumen: $ V = a^3 $
- Oberfläche: $ A_{\text{Würfel}} = 6a^2 $

Dabei ist $ a $ die Seitenlänge des Würfels.

---

### Für die **Kugel**:
- Volumen: $ V = \frac{4}{3} \pi r^3 $
- Oberfläche: $ A_{\text{Kugel}} = 4 \pi r^2 $

Dabei ist $ r $ der Radius der Kugel.

---

## 🔍 Schritt-für-Schritt-Vergleich

Wir setzen die **Volumina gleich**, also:

$$
a^3 = \frac{4}{3} \pi r^3
$$

Ziel: Wir wollen die **Oberflächen miteinander vergleichen**, also $ A_{\text{Würfel}} $ und $ A_{\text{Kugel}} $. Dazu drücken wir eine der Größen durch die andere aus – z.B. $ a $ durch $ r $ oder umgekehrt.

---

### 1. Aus dem Volumen $ a^3 = \frac{4}{3} \pi r^3 $ lösen wir nach $ a $ auf:

$$
a = \left( \frac{4}{3} \pi r^3 \right)^{1/3}
= \left( \frac{4\pi}{3} \right)^{1/3} \cdot r
$$

---

### 2. Berechne die Oberfläche des Würfels mit diesem $ a $:

$$
A_{\text{Würfel}} = 6a^2 = 6 \cdot \left[ \left( \frac{4\pi}{3} \right)^{1/3} \cdot r \right]^2
= 6 \cdot \left( \frac{4\pi}{3} \right)^{2/3} \cdot r^2
$$

---

### 3. Die Oberfläche der Kugel bleibt:

$$
A_{\text{Kugel}} = 4\pi r^2
$$

---

### 4. Vergleiche beide Flächen:

Setze ein:

$$
\frac{A_{\text{Würfel}}}{A_{\text{Kugel}}}
= \frac{6 \cdot \left( \frac{4\pi}{3} \right)^{2/3} \cdot r^2}{4\pi \cdot r^2}
= \frac{6}{4\pi} \cdot \left( \frac{4\pi}{3} \right)^{2/3}
$$

Jetzt rechnen wir das numerisch aus:

#### Berechnung:

- $ \frac{6}{4\pi} \approx \frac{6}{12.566} \approx 0.4775 $
- $ \left( \frac{4\pi}{3} \right) \approx \frac{12.566}{3} \approx 4.1887 $
- $ \left( 4.1887 \right)^{2/3} \approx 2.6207 $

Also:

$$
\frac{A_{\text{Würfel}}}{A_{\text{Kugel}}} \approx 0.4775 \cdot 2.6207 \approx 1.251
$$

---

## ✅ Ergebnis:

Bei **gleichem Volumen** hat der **Würfel etwa 25% mehr Oberfläche** als die Kugel.

> **Die Kugel hat also die kleinere Oberfläche!**

Das liegt daran, dass die Kugel unter allen geometrischen Körpern bei gegebenem Volumen immer die **kleinste Oberfläche** hat — sie ist in diesem Sinne „effizienter“ in der Raumausnutzung.

---

## 🧮 Beispielrechnung mit konkretem Volumen

Angenommen: Beide Körper haben ein Volumen von **$ 1 \, \text{m}^3 $**.

### Kugel:

$$
V = \frac{4}{3}\pi r^3 = 1 \Rightarrow r^3 = \frac{3}{4\pi} \Rightarrow r \approx 0.6204 \, \text{m}
$$

$$
A_{\text{Kugel}} = 4\pi r^2 \approx 4\pi (0.6204)^2 \approx 4.836 \, \text{m}^2
$$

---

### Würfel:

$$
a^3 = 1 \Rightarrow a = 1 \, \text{m}
$$

$$
A_{\text{Würfel}} = 6a^2 = 6 \cdot 1^2 = 6 \, \text{m}^2
$$

---

## 🔚 Fazit:

Bei gleichem Volumen hat der **Würfel eine größere Oberfläche** als die Kugel.

- Kugel: ca. **4,84 m²**
- Würfel: **6 m²**

➡️ Der **Würfel hat also eine größere Oberfläche**.

Wenn du willst, kann ich dir auch zeigen, wie man das für andere Körper (z.B. Zylinder, Quader) berechnet."
"Geometry","properties and relationships of figures and solids","G","Beschreibe den Querschnitt, der entsteht, wenn man einen Zylinder senkrecht durchschneidet.","Um die Matheaufgabe zu lösen: **„Beschreibe den Querschnitt, der entsteht, wenn man einen Zylinder senkrecht durchschneidet“**, musst du dir überlegen, wie der Schnitt durch den Zylinder verläuft und welche Form dadurch entsteht.

### 1. Verständnis des Begriffs „senkrecht durchschneiden“:
Wenn etwas **senkrecht durchgeschnitten** wird, bedeutet das in der Geometrie oft, dass die Schnittebene **senkrecht zur Grundfläche** (also vertikal) verläuft.

Bei einem **Zylinder** ist die Grundfläche normalerweise ein **Kreis**, und die Seitenlinien (Mantellinien) sind senkrecht zur Grundfläche.

---

### 2. Verschiedene Arten von senkrechten Schnitten durch einen Zylinder:

Es gibt mehrere Möglichkeiten, einen Zylinder senkrecht zu schneiden. Die genaue Form des Querschnitts hängt davon ab, **wo und wie genau** der Schnitt erfolgt.

#### a) Senkrechter Schnitt durch die Achse (mittig):
- Der Schnitt verläuft durch die Symmetrieachse des Zylinders.
- **Ergebnis:** Der Querschnitt ist ein **Rechteck**.
- Warum? Weil du durch die Höhe des Zylinders schneidest und an beiden Seiten gerade Kanten bekommst – oben und unten entsprechen den Deckel- und Bodenkreisen, im Schnitt erscheinen diese als Geraden.

#### b) Senkrechter Schnitt **nicht durch die Achse**:
- Der Schnitt verläuft zwar senkrecht zur Grundfläche, aber nicht durch die Mitte.
- **Ergebnis:** Immer noch ein **Rechteck**, da die Mantellinien alle senkrecht stehen und parallel zueinander sind.

#### c) Schrägschnitt oder waagrechter Schnitt:
Das wäre **kein** senkrechter Schnitt. Ein waagrechter Schnitt ergibt übrigens einen **Kreis** als Querschnitt.

---

### ✅ Lösung der Aufgabe:
> Wenn man einen Zylinder **senkrecht durchschneidet**, also entlang einer Ebene, die senkrecht auf der Grundfläche steht, erhält man als Querschnitt ein **Rechteck**.

---

### 💡 Zusatztipp für die Schule:
Falls deine Lehrerin/ein Lehrer eine Zeichnung sehen möchte, kannst du einen senkrechten Schnitt durch den Zylinder skizzieren und das entstehende Rechteck markieren.

Möchtest du, dass ich dir dazu eine einfache Skizzenbeschreibung gebe oder dich bei weiterführenden Fragen unterstütze?"
"Geometry","properties and relationships of figures and solids","G","Wende Eulers Formel auf ein Prismas mit 9 Flächen an.","Klar! Lass uns die **Eulersche Polyederformel** auf ein **Prisma mit 9 Flächen** anwenden.

### 🔹 Eulers Formel:
Die **Eulersche Polyederformel** lautet:

$$
e + f - k = 2
$$

oder manchmal auch geschrieben als:

$$
e + f = k + 2
$$

Dabei bedeuten:
- $ e $: Anzahl der **Ecken**
- $ f $: Anzahl der **Flächen**
- $ k $: Anzahl der **Kanten**

---

### 🔸 Gegeben:
Ein **Prisma mit 9 Flächen**, also:
$$
f = 9
$$

---

### 🔸 Schritt 1: Bestimme die Grundfläche des Prismas

Ein Prisma hat immer:
- zwei **Grundflächen**, die gleich und parallel sind (z. B. Dreieck, Viereck, etc.)
- sowie **seitliche Rechtecke**, je nach Anzahl der Seiten der Grundfläche

Wenn das Prisma insgesamt **9 Flächen** hat, dann gilt:
- 2 Flächen für die Grund- und Deckfläche
- 7 Flächen müssen also die **Mantelflächen** sein → also seitliche Rechtecke

Also muss die Grundfläche **7-Eck** sein, weil jede Seite der Grundfläche eine Mantelfläche erzeugt.

👉 Es handelt sich um ein **Siebeneckprisma**.

---

### 🔸 Schritt 2: Bestimme die Anzahl der Ecken $ e $

Ein Prisma über einem $ n $-Eck hat:
- $ n $ Ecken in der **Grundfläche**
- $ n $ Ecken in der **Deckfläche**
→ Insgesamt also:
$$
e = 2 \cdot n = 2 \cdot 7 = 14
$$

---

### 🔸 Schritt 3: Bestimme die Anzahl der Kanten $ k $

Ein $ n $-Eck hat:
- $ n $ Kanten in der Grundfläche
- $ n $ Kanten in der Deckfläche
- $ n $ senkrechte Kanten, die Grund- und Deckfläche verbinden (die ""Höhenkanten"" des Prismas)

Gesamtkanten:
$$
k = 3 \cdot n = 3 \cdot 7 = 21
$$

---

### 🔸 Schritt 4: Wende Eulers Formel an

Setze alles in die Euler-Formel ein:

$$
e + f - k = 14 + 9 - 21 = 2
$$

✅ Das passt zur Eulerschen Formel!

---

### 📌 Zusammenfassung:

Für ein **Prisma mit 9 Flächen** (also ein Siebeneckprisma):
- **Ecken:** $ e = 14 $
- **Flächen:** $ f = 9 $
- **Kanten:** $ k = 21 $

Prüfung mit Eulers Formel:
$$
e + f - k = 14 + 9 - 21 = 2
$$

✔️ Damit ist die Eulersche Formel bestätigt.

Wenn du möchtest, kann ich dir auch zeigen, wie du das für andere Prismen oder sogar Pyramiden berechnest. 😊"
"Geometry","properties and relationships of figures and solids","G","Bestimme die Art des Vierecks, in dem sich die Diagonalen im rechtem Winkel kreuzen und sich gegenseitig halbieren.","Um die Art des Vierecks zu bestimmen, bei dem sich die **Diagonalen im rechten Winkel kreuzen** und sich **gegenseitig halbieren**, analysieren wir Schritt für Schritt die gegebenen Eigenschaften:

---

### 🔍 Gegebene Eigenschaften:
1. Die Diagonalen **kreuzen sich im rechten Winkel** (also: sie sind **senkrecht zueinander**).
2. Die Diagonalen **halbieren sich gegenseitig** (also: sie schneiden sich in ihren jeweiligen **Mittelpunkten**).

---

### 🧠 Was bedeuten diese Eigenschaften?

#### 1. Gegenseitige Halbierung der Diagonalen:
- Dies ist eine charakteristische Eigenschaft eines **Parallelogramms**.
- In einem Parallelogramm halbieren sich die Diagonalen immer gegenseitig.

#### 2. Senkrechte Diagonalen:
- Wenn zusätzlich gilt, dass sich die Diagonalen **senkrecht schneiden**, dann handelt es sich um ein **spezielles Parallelogramm**.
- Ein Parallelogramm mit senkrechten Diagonalen ist entweder eine **Raute** (auch **Rhombus**) oder ein **Quadrat**.

---

### 📐 Vergleich Raute – Quadrat:

| Eigenschaft              | Raute                  | Quadrat                 |
|--------------------------|------------------------|-------------------------|
| Gegenüberliegende Seiten parallel | ✅                     | ✅                      |
| Alle Seiten gleich lang  | ✅                     | ✅                      |
| Diagonalen halbieren sich gegenseitig | ✅                  | ✅                      |
| Diagonalen sind senkrecht | ✅                    | ✅                      |
| Alle Winkel 90°          | ❌                     | ✅                      |

---

### ✅ Fazit:

Da nur die folgenden zwei Eigenschaften gegeben sind:
- Diagonalen sind **senkrecht**
- Diagonalen **halbieren sich gegenseitig**

…reicht das aus, um sagen zu können:

> Es handelt sich um eine **Raute**.

Ein **Quadrat** wäre zwar auch eine Raute mit vier rechten Winkeln, aber da nichts über die Innenwinkel gesagt wird, ist die allgemeinere Antwort:

> ✅ **Die Art des Vierecks ist: Raute (Rhombus)**

---

Wenn du möchtest, kann ich dir das gerne anhand einer Zeichnung oder mit Beispielen weiter erklären! 😊"
"Geometry","properties and relationships of figures and solids","G","Ein Dreieck hat die Seitenlängen 5 cm und 12 cm, und der eingeschlossene Winkel beträgt 60°. Verwende den Cosinussatz, um die Fläche des Dreiecks zu berechnen.","Die Aufgabe enthält einen kleinen Fehler oder eine Verwechslung – und zwar, dass du den **Cosinussatz** verwenden sollst, um die **Fläche eines Dreiecks** zu berechnen. Der Cosinussatz ist aber nicht der direkteste Weg, um die Fläche zu berechnen. Dennoch können wir ihn nutzen, um eine fehlende Seite zu finden, und dann mit einer Flächenformel weitermachen.

---

### Gegeben:
- Zwei Seiten: $ a = 5 \, \text{cm} $, $ b = 12 \, \text{cm} $
- Eingeschlossener Winkel: $ \gamma = 60^\circ $

Du sollst die Fläche berechnen, und zwar **mit dem Cosinussatz**.

---

## Schritt 1: Verwende den Cosinussatz, um die dritte Seite zu berechnen

Der **Cosinussatz** lautet:

$$
c^2 = a^2 + b^2 - 2ab \cdot \cos(\gamma)
$$

Setze die Werte ein:

$$
c^2 = 5^2 + 12^2 - 2 \cdot 5 \cdot 12 \cdot \cos(60^\circ)
$$

Bekanntlich ist $ \cos(60^\circ) = 0{,}5 $:

$$
c^2 = 25 + 144 - 2 \cdot 5 \cdot 12 \cdot 0{,}5
$$

$$
c^2 = 169 - 60 = 109
$$

$$
c = \sqrt{109} \approx 10{,}44 \, \text{cm}
$$

Jetzt kennen wir alle drei Seiten des Dreiecks.

---

## Schritt 2: Berechne die Fläche des Dreiecks

Da du zwei Seiten und den eingeschlossenen Winkel gegeben hast, gibt es eine **einfachere Formel für die Fläche**, als mit allen drei Seiten weiterzurechnen:

### Direkte Flächenformel mit zwei Seiten und eingeschlossenem Winkel:

$$
A = \frac{1}{2} ab \sin(\gamma)
$$

Einsetzen:

$$
A = \frac{1}{2} \cdot 5 \cdot 12 \cdot \sin(60^\circ)
$$

$ \sin(60^\circ) = \frac{\sqrt{3}}{2} $:

$$
A = \frac{1}{2} \cdot 5 \cdot 12 \cdot \frac{\sqrt{3}}{2}
= 30 \cdot \frac{\sqrt{3}}{2}
= 15\sqrt{3}
$$

---

### ✅ Endgültige Antwort:

$$
\text{Fläche des Dreiecks} = 15\sqrt{3} \, \text{cm}^2 \approx 25{,}98 \, \text{cm}^2
$$

---

### Zusammenfassung:
- Du hast den **Cosinussatz** benutzt, um die dritte Seite zu berechnen.
- Danach hättest du z. B. den Satz von Heron verwenden können, um die Fläche zu berechnen.
- Es geht aber viel einfacher mit der Formel $ A = \frac{1}{2} ab \sin(\gamma) $, da du zwei Seiten und den eingeschlossenen Winkel hast.

Wenn du weitere Fragen zur Trigonometrie hast, gerne!"
"Geometry","properties and relationships of figures and solids","H","Beweisen Sie, dass die gegenüberliegenden Winkel in einem zyklischen Viereck ergänzend sind.","Sehr gut! Du sollst beweisen, dass **gegenüberliegende Winkel in einem zyklischen Viereck sich zu 180° ergänzen**, also zusammen **180 Grad** ergeben. Ein **zyklisches Viereck** ist ein Viereck, bei dem alle vier Ecken auf einem Kreis liegen (man sagt auch: das Viereck ist **seinen Umkreis**).

---

### 📌 Was ist ein zyklisches Viereck?

Ein **zyklisches Viereck** ist ein Viereck $ABCD$, bei dem alle vier Punkte $A, B, C, D$ auf einem einzigen Kreis liegen.

---

### 🎯 Ziel des Beweises:

Beweise:
$$
\angle A + \angle C = 180^\circ \quad \text{und} \quad \angle B + \angle D = 180^\circ
$$

---

## ✅ Beweis (Schritt für Schritt):

### 🔹 1. Grundlagen über den Mittelpunktswinkel und Umfangswinkel im Kreis

Erinnere dich an folgenden wichtigen Satz aus der Geometrie:

> Der **Mittelpunktswinkel** über einem Kreisbogen ist doppelt so groß wie der **Umfangswinkel** über demselben Bogen.

Also: Wenn du einen Bogen zwischen zwei Punkten hast, dann ist der Winkel am Mittelpunkt doppelt so groß wie der Winkel am Rand (also an irgendeinem Punkt auf dem Kreis außerhalb des Bogens).

---

### 🔹 2. Zeichne ein zyklisches Viereck $ABCD$

Nun betrachte die gegenüberliegenden Winkel $\angle A$ und $\angle C$.

---

### 🔹 3. Betrachte die Winkel in Bezug auf die Kreisbögen

Jeder Innenwinkel eines zyklischen Vierecks ist ein **Umfangswinkel**, der über einem bestimmten Bogen liegt.

- $\angle A$ liegt über dem Bogen $BCD$
- $\angle C$ liegt über dem Bogen $BAD$

Zusammen spannen diese beiden Bögen den gesamten Kreis auf ⇒ sie ergeben zusammen $360^\circ$.

Da jeder Winkel ein Umfangswinkel über seinem jeweiligen Bogen ist, gilt:

$$
\angle A = \frac{1}{2} \cdot \text{Bogen}(BCD), \quad \angle C = \frac{1}{2} \cdot \text{Bogen}(BAD)
$$

Addieren wir beide Winkel:

$$
\angle A + \angle C = \frac{1}{2} \cdot \text{Bogen}(BCD) + \frac{1}{2} \cdot \text{Bogen}(BAD) = \frac{1}{2} \cdot (360^\circ) = 180^\circ
$$

✅ Damit ist gezeigt:
$$
\angle A + \angle C = 180^\circ
$$

Analog gilt auch:
$$
\angle B + \angle D = 180^\circ
$$

---

### ✅ Fazit:

In einem **zyklischen Viereck** ergänzen sich die **gegenüberliegenden Winkel** immer zu **180 Grad**.

Das war der geometrische Beweis mithilfe von Umfangswinkeln und Bögen.

---

### 🧠 Merkregel:

> In einem zyklischen Viereck sind gegenüberliegende Winkel **supplementär** (ergänzen sich zu 180°).

Wenn du möchtest, kann ich dir diesen Beweis auch mit einer Skizze erklären oder dir zeigen, wie man das umgekehrt benutzen kann, um zu prüfen, ob ein Viereck zyklisch ist.

Willst du das? 😊"
"Geometry","properties and relationships of figures and solids","H","Gegeben sind vier Punkte im dreidimensionalen Raum: A(1, 2, 3), B(4, 5, 6), C(7, 8, 9) und D(10, 11, 12). Überprüfen Sie, ob diese Punkte auf der gleichen Ebene liegen.","Um zu überprüfen, ob vier Punkte im dreidimensionalen Raum **auf der gleichen Ebene liegen**, musst du prüfen, ob sie **komplanar** sind. Das bedeutet: Die vier Punkte liegen in einer gemeinsamen Ebene.

### Gegebene Punkte:
- A(1, 2, 3)
- B(4, 5, 6)
- C(7, 8, 9)
- D(10, 11, 12)

---

## 🧠 Grundidee:

Vier Punkte liegen genau dann auf einer Ebene, wenn das **Volumen des von ihnen gebildeten Tetraeders** **Null** ist.

Alternativ ausgedrückt: Wenn die drei Vektoren, die von einem Punkt ausgehen und zu den anderen drei Punkten zeigen, **linear abhängig** sind (also in einer Ebene liegen), dann liegen alle vier Punkte in einer Ebene.

---

## ✅ Schritt-für-Schritt-Anleitung:

### 1. Wähle einen Punkt als Ausgangspunkt

Zum Beispiel: Punkt A(1, 2, 3)

### 2. Bestimme drei Verbindungsvektoren von diesem Punkt zu den anderen drei Punkten:

$$
\vec{AB} = \vec{B} - \vec{A} = (4-1, 5-2, 6-3) = (3, 3, 3)
$$  
$$
\vec{AC} = \vec{C} - \vec{A} = (7-1, 8-2, 9-3) = (6, 6, 6)
$$  
$$
\vec{AD} = \vec{D} - \vec{A} = (10-1, 11-2, 12-3) = (9, 9, 9)
$$

---

### 3. Berechne das **Spatprodukt** dieser drei Vektoren

Das Spatprodukt lautet:
$$
\vec{AB} \cdot (\vec{AC} \times \vec{AD})
$$

Wenn dieses Produkt **null ist**, liegen die Vektoren in einer Ebene → also liegen auch die vier Punkte in einer Ebene.

---

### 4. Berechnung:

#### a) Kreuzprodukt $\vec{AC} \times \vec{AD}$

$$
\vec{AC} = (6, 6, 6), \quad \vec{AD} = (9, 9, 9)
$$

Kreuzprodukt:
$$
\vec{AC} \times \vec{AD} =
\begin{vmatrix}
\mathbf{i} & \mathbf{j} & \mathbf{k} \\
6 & 6 & 6 \\
9 & 9 & 9 \\
\end{vmatrix}
= \mathbf{i}(6 \cdot 9 - 6 \cdot 9) - \mathbf{j}(6 \cdot 9 - 6 \cdot 9) + \mathbf{k}(6 \cdot 9 - 6 \cdot 9)
$$

$$
= \mathbf{i}(54 - 54) - \mathbf{j}(54 - 54) + \mathbf{k}(54 - 54) = (0, 0, 0)
$$

➡️ Das Kreuzprodukt ist der Nullvektor → Die Vektoren sind linear abhängig!

---

### 5. Skalarprodukt mit $\vec{AB}$:

Da das Kreuzprodukt der Nullvektor ist, ist auch das Skalarprodukt:

$$
\vec{AB} \cdot (\vec{AC} \times \vec{AD}) = \vec{AB} \cdot \vec{0} = 0
$$

✅ **Ergebnis: 0**

---

## 📌 Schlussfolgerung:

Da das Spatprodukt **null** ist, liegen die drei Vektoren in einer Ebene → Die vier Punkte liegen somit **in einer gemeinsamen Ebene**.

> **Antwort:** Ja, die Punkte A, B, C und D liegen **auf der gleichen Ebene**.

---

## Bonus: Warum ist das so?

Alle gegebenen Punkte folgen demselben Muster:  
Jeder Koordinatenwert erhöht sich um 3 (A → B), dann wieder um 3 (B → C), usw.  
Das bedeutet: Alle Punkte liegen auf einer **Geraden**!  
Und **vier Punkte auf einer Geraden** liegen natürlich automatisch in **jeder Ebene**, die diese Gerade enthält.

👉 Also: Sie liegen sogar nicht nur in einer Ebene, sondern **auf einer Geraden**.

---

Falls du weitere Fragen hast oder eine visuelle Erklärung möchtest – gerne!"
"Geometry","properties and relationships of figures and solids","H","Beweisen Sie, dass der Schwerpunkt eines Dreiecks jede Mediatrix im Verhältnis 2:1 teilt, indem Sie Koordinaten verwenden.","Um zu beweisen, dass der **Schwerpunkt eines Dreiecks jede Mediatrix (Seitenhalbierende)** im Verhältnis **2:1** teilt, können wir ein **koordinatenbasiertes Vorgehen** verwenden. Hier ist eine Schritt-für-Schritt-Erklärung:

---

### 🔹 1. Was ist eine Mediatrix (Seitenhalbierende)?
Eine **Mediatrix** ist eine Strecke, die einen Eckpunkt des Dreiecks mit dem **Mittelpunkt der gegenüberliegenden Seite** verbindet.

Der **Schwerpunkt** des Dreiecks ist der Schnittpunkt aller drei Seitenhalbierenden und hat die besondere Eigenschaft, dass er **jede Seitenhalbierende im Verhältnis 2:1** teilt – also näher am Mittelpunkt der Seite liegt als am zugehörigen Eckpunkt.

---

### 🔹 2. Strategie des Beweises

Wir legen das Dreieck in ein Koordinatensystem, berechnen alle relevanten Punkte und zeigen dann durch Abstandsberechnung oder Vektorrechnung, dass der Schwerpunkt die Seitenhalbierende im Verhältnis **2:1** teilt.

---

### 🔹 3. Gegeben: Beliebiges Dreieck mit Koordinaten

Setze die Ecken des Dreiecks auf einfache Weise:

- $ A = (0, 0) $
- $ B = (2b, 0) $
- $ C = (2c, 2d) $

Diese Wahl vereinfacht später die Berechnung von Mittelpunkten, da die Koordinaten ganzzahlig bleiben, wenn du willst.

---

### 🔹 4. Berechne den Mittelpunkt einer Seite

Zum Beispiel den Mittelpunkt der Seite $ AB $:

$$
M_{AB} = \left( \frac{0 + 2b}{2}, \frac{0 + 0}{2} \right) = (b, 0)
$$

---

### 🔹 5. Bestimme die Gleichung der zugehörigen Seitenhalbierenden

Die Seitenhalbierende verläuft von **Punkt C nach M_AB**, also von $ (2c, 2d) $ nach $ (b, 0) $.

Du könntest hier eine Geradengleichung aufstellen, aber es geht einfacher über den **Schwerpunkt** direkt zu rechnen.

---

### 🔹 6. Berechne den Schwerpunkt S des Dreiecks

Der Schwerpunkt $ S $ eines Dreiecks mit den Ecken $ A(x_1, y_1), B(x_2, y_2), C(x_3, y_3) $ ist gegeben durch:

$$
S = \left( \frac{x_1 + x_2 + x_3}{3}, \frac{y_1 + y_2 + y_3}{3} \right)
$$

Einsetzen:

$$
S = \left( \frac{0 + 2b + 2c}{3}, \frac{0 + 0 + 2d}{3} \right) = \left( \frac{2b + 2c}{3}, \frac{2d}{3} \right)
$$

---

### 🔹 7. Zeige, dass S die Seitenhalbierende CM_AB im Verhältnis 2:1 teilt

Wir haben:
- $ C = (2c, 2d) $
- $ M_{AB} = (b, 0) $
- $ S = \left( \frac{2b + 2c}{3}, \frac{2d}{3} \right) $

Betrachte den Vektor von $ C $ nach $ M_{AB} $:

$$
\vec{CM}_{AB} = (b - 2c,\ 0 - 2d) = (b - 2c,\ -2d)
$$

Jetzt schaue dir den Vektor von $ C $ nach $ S $ an:

$$
\vec{CS} = \left( \frac{2b + 2c}{3} - 2c,\ \frac{2d}{3} - 2d \right) = \left( \frac{2b - 4c}{3},\ \frac{-4d}{3} \right)
$$

Faktorisiere diesen Vektor:

$$
\vec{CS} = \frac{2}{3} \cdot (b - 2c,\ -2d) = \frac{2}{3} \cdot \vec{CM}_{AB}
$$

Das bedeutet: Der Punkt $ S $ liegt auf der Seitenhalbierenden und teilt sie im Verhältnis **2:1**, weil er **zwei Drittel** der Strecke von $ C $ aus erreicht.

---

### ✅ Fazit:

Mit dieser Rechnung hast du bewiesen, dass der **Schwerpunkt S** die **Seitenhalbierende CM_AB** im Verhältnis **2:1** teilt. Da das ganze Dreieck beliebig gewählt wurde (die Koordinaten waren allgemein), gilt dies für **alle Dreiecke**.

---

### 📌 Tipp für Prüfungen:

Merke dir die Formel für den Schwerpunkt:

$$
S = \left( \frac{x_1 + x_2 + x_3}{3}, \frac{y_1 + y_2 + y_3}{3} \right)
$$

Und merke: Der Schwerpunkt teilt jede Seitenhalbierende im Verhältnis **2:1**, wobei der Teil vom **Eckpunkt zum Schwerpunkt doppelt so lang** ist wie vom Schwerpunkt zum Mittelpunkt der Seite.

---

Wenn du möchtest, kann ich dir auch eine Grafik beschreiben oder den gleichen Beweis mit anderen Punkten vorrechnen."
"Geometry","Designs and Drawings","B","Zeichne ein Quadrat und teile es in 4 gleich große Teile.","Klar! Die Aufgabe lautet: **„Zeichne ein Quadrat und teile es in 4 gleich große Teile.“**  
Das bedeutet, du sollst ein Quadrat zeichnen und es dann so aufteilen, dass am Ende **vier gleich große (und meist auch gleich geformte) Teilflächen** entstehen.

Hier sind **einige mögliche Lösungen**, wie man das machen kann:

---

### ✅ **Lösung 1: Zwei Geraden – senkrecht und waagerecht durch die Mitte**
Das ist die einfachste und häufigste Methode.

1. Zeichne ein Quadrat (zum Beispiel mit 4 cm Seitenlänge).
2. Verbinde jeweils die Mittelpunkte der gegenüberliegenden Seiten:
   - Eine **waagerechte Linie** durch die Mitte (teilt das Quadrat in oben und unten).
   - Eine **senkrechte Linie** durch die Mitte (teilt das Quadrat in links und rechts).
3. Dadurch erhältst du **vier gleich große kleinere Rechtecke** (bei einem Quadrat sogar vier kleine Quadrate!).

---

### ✅ **Lösung 2: Diagonal schneiden – zwei Diagonalen**
1. Zeichne wieder ein Quadrat.
2. Zeichne beide **Diagonalen** des Quadrats (von Ecke zu Ecke).
3. So entstehen **vier gleich große Dreiecke**.

> Diese vier Dreiecke sind gleich groß, aber nicht quadratisch – sie sind rechtwinklige Dreiecke.

---

### ✅ **Lösung 3: Vier kleine Quadrate in einer Reihe**
1. Zeichne ein Quadrat.
2. Teile die obere und untere Seite jeweils in drei gleich große Abschnitte (also bei einem 6 cm langen Quadrat alle 2 cm).
3. Verbinde diese Punkte so, dass du **vier gleich große kleinere Quadrate** in einer horizontalen Reihe bekommst.

> Dies erfordert etwas genaueres Messen, ist aber auch eine korrekte Lösung.

---

### 📝 Tipps zum Zeichnen:
- Nimm dir kariertes Papier zur Hilfe.
- Benutze ein Lineal, um gerade und gleichmäßige Linien zu ziehen.
- Achte darauf, dass alle vier Teile wirklich gleich groß sind (gleiche Fläche).

---

Wenn du magst, kannst du mir sagen, ob es eine bestimmte Art der Teilung sein muss (z. B. sollen die Teile die gleiche Form haben?), dann passe ich die Antwort an.

Möchtest du eine Skizzenbeschreibung oder soll ich dir helfen, es Schritt für Schritt zu zeichnen?"
"Geometry","Designs and Drawings","B","Zeichne mit einem Lineal ein Dreieck mit drei geraden Seiten.","Klar! Die Aufgabe lautet:

> **„Zeichne mit einem Lineal ein Dreieck mit drei geraden Seiten.“**

Das klingt vielleicht erstmal einfach – ist es auch – aber ich erkläre dir Schritt für Schritt, wie du das machst und was dahintersteckt.

---

### 📐 Was brauchst du?
- Ein **Lineal** (oder ein anderes gerades Lineal)
- Ein **Blatt Papier**
- Einen **Bleistift**

---

### ✏️ So zeichnest du ein Dreieck mit drei geraden Seiten:

1. **Wähle drei Punkte auf dem Blatt**, die nicht alle auf einer Geraden liegen.  
   Du kannst sie z. B. A, B und C nennen.

2. **Verbinde Punkt A mit Punkt B** mithilfe des Lineals durch eine gerade Linie.

3. **Verbinde dann Punkt B mit Punkt C** ebenfalls gerade mit dem Lineal.

4. **Verbinde zum Schluss Punkt C mit Punkt A**, wieder gerade.

✅ Jetzt hast du ein Dreieck gezeichnet – es hat **drei gerade Seiten**, weil du das Lineal benutzt hast.

---

### 🧠 Noch ein paar Tipps:
- Es muss kein spezielles Dreieck sein (wie gleichseitig oder rechtwinklig), einfach **irgendwelche drei Punkte**, die nicht auf einer Linie sind.
- Wenn du willst, kannst du die Seitenlängen messen oder Winkel schätzen – aber die Aufgabe verlangt nur: **dreieckige Form mit geraden Seiten**.

---

### 📌 Warum steht da „mit einem Lineal“?
Weil die Aufgabe sichergehen will, dass du keine „freihändig geschwungenen“ Linien malst. Mit dem Lineal sind die Kanten garantiert **gerade**, also Strecken.

---

Wenn du magst, kann ich dir auch helfen, ein bestimmtes Dreieck zu zeichnen, z. B. mit bestimmten Seitenlängen oder Winkeln. Sag einfach Bescheid! 😊"
"Geometry","Designs and Drawings","B","Zeichne mit einem Geodreieck eine gerade Linie, die 6 cm lang ist.","Klar! Hier ist eine Schritt-für-Schritt-Anleitung, wie du mit einem **Geodreieck** eine **gerade Linie von 6 cm Länge** zeichnen kannst:

---

### 📏 Benötigte Materialien:
- Ein Geodreieck
- Ein Blatt Papier
- Ein Bleistift

---

### ✏️ So gehst du vor:

1. **Lege das Geodreieck richtig auf das Papier:**
   - Platziere das Geodreieck so auf dem Papier, dass die längste Kante (die Linealkante) in der Richtung liegt, in der du deine Linie haben willst.
   - Achte darauf, dass du genügend Platz für eine 6 cm lange Linie hast.

2. **Suche die Nullmarkierung:**
   - Auf deinem Geodreieck gibt es eine Markierung bei „0 cm“. Das ist meistens in der Mitte oder an einer Ecke.
   - Lege diese **0-Stelle** dort hin, wo deine Linie **anfangen** soll.

3. **Finde die 6-cm-Markierung:**
   - Auf der Linealkante des Geodreiecks sind Zahlen – suche die **6 cm**-Markierung.
   - Zwischen 0 und 6 cm sollte eine gerade Kante verlaufen – das ist später deine Linie.

4. **Zeichne die Linie entlang der Kante:**
   - Halte das Geodreieck mit einer Hand fest, damit es nicht verrutscht.
   - Nimm deinen Bleistift und fahre **entlang der Kante** des Geodreiecks von **0 bis 6 cm**.
   - Die Linie muss gerade sein – das Geodreieck hilft dir dabei!

5. **Fertig!**
   - Du hast nun eine **gerade Linie**, die **genau 6 cm lang** ist.

---

### 💡 Tipps:
- Drücke nicht zu fest mit dem Bleistift, dann bleibt das Geodreieck besser liegen.
- Wenn du unsicher bist, kannst du die Endpunkte (bei 0 und bei 6 cm) zuerst markieren und dann verbinden.

---

Wenn du möchtest, kann ich dir auch erklären, wie du dazu eine parallele oder senkrechte Linie konstruierst 😊"
"Geometry","Designs and Drawings","B","Welche dieser Figuren kannst du nur mit geraden Linien erstellen?","Klar! Lass uns gemeinsam überlegen, wie du die Matheaufgabe lösen kannst:

### Aufgabe:  
**„Welche dieser Figuren kannst du nur mit geraden Linien erstellen?“**

Du hast vermutlich mehrere Figuren vor dir (z. B. auf einem Arbeitsblatt oder in einem Buch). Deine Aufgabe ist es herauszufinden, **welche davon sich ausschließlich mit geraden Linien zeichnen lassen**.

---

## 🔍 Schritt für Schritt zur Lösung:

### 1. **Verstehe, was „gerade Linien“ sind**
Eine **gerade Linie** ist eine Kante, die **nicht gebogen oder rund** ist. Sie kann waagrecht, senkrecht oder schräg sein — Hauptsache sie ist nicht gekrümmt.

Beispiele:
- Ein **Dreieck** besteht aus 3 geraden Linien.
- Ein **Quadrat** oder **Rechteck** hat 4 gerade Seiten.
- Ein **Stern (z. B. ein Fünf-Eck-Stern)** besteht auch nur aus geraden Linien.

Aber:
- Ein **Kreis**, eine **Ellipse** oder eine **Wellenlinie** bestehen aus **gekrümmten Linien** → das geht also **nicht** nur mit geraden Linien.

---

### 2. **Schau dir jede Figur einzeln an**
Gehe alle Figuren durch und frage dich bei jeder:
> Kann ich diese Figur nur mit geraden Linien zeichnen?

Fragen, die dir helfen:
- Hat die Figur **Rundungen** oder **Kurven**?
- Besteht sie nur aus **Ecken und Kanten**?
- Könnte ich sie komplett mit einem Lineal nachzeichnen?

---

### 3. **Beispiele durchgehen (falls du sie beschreiben kannst)**
Wenn du mir sagen kannst, welche Figuren genau zur Auswahl stehen, kann ich dir noch genauer helfen. Hier sind aber einige Beispiele:

| Figur | Nur mit geraden Linien? | Begründung |
|-------|--------------------------|------------|
| Dreieck | ✅ Ja | Bestehet aus 3 geraden Seiten |
| Quadrat | ✅ Ja | 4 gerade Seiten |
| Rechteck | ✅ Ja | 4 gerade Seiten |
| Kreis | ❌ Nein | Komplett gerundet |
| Halbkreis | ❌ Nein | Auch gerundet |
| Stern (z. B. 5 Zacken) | ✅ Ja | Besteht nur aus geraden Linien |
| Herz (ohne Zacken) | ❌ Nein | Meistens rund gezeichnet |
| Trapez | ✅ Ja | Gerade Seiten |
| Parallelogramm | ✅ Ja | Gerade Seiten |

---

### 4. **Merke dir eine Regel:**
Figuren, die **ausschließlich Ecken und Kanten** haben, lassen sich oft nur mit geraden Linien erstellen.  
Figuren mit **Rundungen** (wie Kreise, Ovale, manche Herzen usw.) **nicht**.

---

### 🧠 Tipp:
Wenn du unsicher bist, versuche dir vorzustellen, wie du die Figur mit einem **Lineal** nachzeichnen würdest. Wenn das möglich ist – dann ist es eine Figur aus geraden Linien!

---

Wenn du möchtest, kannst du mir die Namen oder Beschreibungen der Figuren nennen, und ich sage dir, welche davon nur aus geraden Linien besteht. 😊"
"Geometry","Designs and Drawings","C","Zeichne ein Dreieck mit einem rechten Winkel.","Klar! Ich helfe dir gerne dabei, diese Aufgabe zu verstehen und zu lösen.

Die Aufgabe lautet:  
**„Zeichne ein Dreieck mit einem rechten Winkel.“**

---

### 🔍 Schritt 1: Verstehe, was ein rechtwinkliges Dreieck ist

Ein **rechtwinkliges Dreieck** ist ein Dreieck, bei dem **ein Winkel genau 90 Grad** beträgt – also ein **rechter Winkel**. Die beiden Seiten, die an diesen Winkel angrenzen, sind **senkrecht zueinander**.

---

### 📏 Schritt 2: Benötigte Materialien

Du brauchst:
- Ein Blatt Papier
- Ein Lineal oder Geodreieck
- Einen Bleistift

---

### ✏️ Schritt 3: So zeichnest du das Dreieck

1. **Zeichne eine waagrechte Linie**:  
   Lege dein Lineal oder Geodreieck waagrecht und ziehe eine gerade Linie (z. B. 5 cm lang).

2. **Zeichne eine senkrechte Linie vom Ende der ersten Linie aus**:  
   Lege dein Geodreieck so an, dass du im rechten Winkel (90°) eine zweite Linie nach oben oder unten ziehen kannst (z. B. 4 cm lang).

3. **Verbinde die Enden der beiden Linien**:  
   Jetzt hast du zwei Seiten eines Dreiecks gezeichnet. Verbinde die beiden Endpunkte dieser Linien mit einer dritten Linie – fertig ist dein rechtwinkliges Dreieck!

---

### 🧠 Extra-Tipp:

Wenn du möchtest, kannst du die Seiten auch beschriften:
- Die beiden Seiten, die den rechten Winkel bilden, heißen **Katheten**.
- Die längste Seite, die gegenüber dem rechten Winkel liegt, heißt **Hypotenuse**.

---

### 🖼️ Beispiel-Skizze in Worten:

```
    C
    *
   /|
  / |
 /__|      ← Rechter Winkel bei A
A   B
```

Punkt A ist der rechte Winkel (90°), Strecken AB und AC sind die Katheten, BC ist die Hypotenuse.

---

Wenn du magst, kann ich dir auch erklären, wie du so ein Dreieck auf Karopapier besonders einfach zeichnen kannst – oder wie man die Längen berechnet (z. B. mit dem Satz des Pythagoras). Sag einfach Bescheid! 😊"
"Geometry","Designs and Drawings","C","Benutze einen Geodreieck, um einen Winkel von 45° zu zeichnen.","Klar! Um mit einem **Geodreieck** einen **Winkel von 45°** zu zeichnen, folge diesen einfachen Schritten:

---

### 🧰 Benötigst du:
- Ein Geodreieck
- Ein Blatt Papier
- Einen Bleistift

---

### ✏️ So gehst du vor:

#### **1. Zeichne den ersten Schenkel des Winkels**
- Lege eine gerade Linie auf dem Papier als **ersten Schenkel** des Winkels fest.
- Beginne in einem Punkt (z. B. am linken Ende der Linie) und ziehe eine **gerade horizontale Linie nach rechts** – das ist dein **erster Schenkel**.

#### **2. Lege das Geodreieck richtig an**
- Setze das Geodreieck so an den **Scheitelpunkt** (den Startpunkt deiner Linie), dass die **0 auf dem Geodreieck genau an diesem Punkt liegt**.
- Die lange Kante des Geodreiecks soll entlang deines ersten Schenkels liegen.

#### **3. Finde die 45°-Markierung**
- Auf dem Geodreieck gibt es eine **Winkelskala** (meistens zwei Skalen: eine innere und eine äußere).
- Suche die **45°-Markierung** auf der Skala, die bei 0° an deinem ersten Schenkel beginnt.
- **Tipp:** Das Geodreieck hat oft eine diagonale Linie bei 45° – diese kannst du auch nutzen, wenn du weißt, wie dein Dreieck aussieht.

#### **4. Markiere den zweiten Schenkel**
- Steche mit dem Bleistift genau bei der **45°-Markierung** leicht ein oder setze dort einen kleinen Punkt.
- Verbinde diesen Punkt mit dem Scheitelpunkt – das ist nun der **zweite Schenkel** deines 45°-Winkels.

#### **5. Fertig!**
- Du hast jetzt einen **Winkel von genau 45°** gezeichnet.

---

### 🎯 Tipps:
- Achte darauf, ob du die **innere oder äußere Skala** benutzen musst – siehe, wo die 0° anfängt.
- Wenn du unsicher bist, kannst du auch die **Hälfte zwischen 0° und 90°** nehmen – das ist immer 45°.
- Übung macht den Meister – probiere es ruhig mehrmals aus!

---

Wenn du möchtest, kann ich dir auch eine Art „Skizzenanleitung“ im Text beschreiben, wie das am Ende aussehen sollte. Sag einfach Bescheid! 😊"
"Geometry","Designs and Drawings","C","Zeichne einen Würfel und verwende gestrichelte Linien für die verdeckten Kanten.","Natürlich! Lass uns die Aufgabe Schritt für Schritt durchgehen:

### **Aufgabe:**  
*Zeichne einen Würfel und verwende gestrichelte Linien für die verdeckten Kanten.*

Das Ziel ist es, einen **räumlichen Würfel** auf einem Blatt Papier (also zweidimensional) darzustellen und dabei klarzumachen, welche Kanten man **sehen kann** und welche **versteckt** sind (weil sie „hinten“ liegen).

---

## 📐 **Schritt-für-Schritt-Anleitung zum Zeichnen eines Würfels in der Schrägriss-Darstellung**

Die einfachste Methode ist die sogenannte **Schrägrisszeichnung**, wie sie oft in der Schule verwendet wird.

### **1. Vorderes Quadrat zeichnen**
- Zeichne ein **Quadrat** – das ist die vordere Fläche des Würfels.
- Verwende dazu **durchgezogene Linien**.

### **2. Abgeschrägte Kanten nach hinten**
- Von jedem der vier Ecken des Quadrats zeichnest du nun eine **Linie schräg nach hinten oben rechts** (meist in einem 45°-Winkel).
- Diese Linien stellen die Tiefe des Würfels dar.
- Die Länge dieser schrägen Linien sollte **halbiert** sein im Vergleich zur Quadratseite (z. B. wenn die Seitenlänge 2 cm ist, dann sind diese schrägen Linien nur 1 cm lang).

### **3. Hintere Fläche verbinden**
- Verbinde die Enden der schrägen Linien zu einem weiteren Quadrat – das ist die **hintere Fläche** des Würfels.
- Verwende dafür wieder durchgezogene Linien.

### **4. Verdeckte Kanten erkennen und gestrichelt zeichnen**
- Jetzt überlege: Welche Kanten sieht man **nicht direkt**, weil sie hinter anderen liegen?
- In der Regel sind das:
  - Die drei Kanten, die vom hinteren Quadrat nach vorne zeigen (die schrägen Linien),
  - Und manchmal eine der oberen oder seitlichen Kanten des hinteren Quadrats, je nach Perspektive.

➡️ **Male diese verdeckten Kanten mit gestrichelten Linien**.

---

## 🎨 Beispielhafte Erklärung (ohne Bild):

Stell dir vor, du hast ein Quadrat gezeichnet. Dann ziehst du von jeder Ecke aus leicht schräge Linien nach rechts oben. Wenn du die Enden verbindest, entsteht ein zweites Quadrat, etwas verschoben. Das Ganze sieht dann wie ein ""Kasten"" aus, der räumlich wirkt.

Jetzt entscheidest du, welche Kanten **im Hintergrund** liegen – also z. B. die Kanten, die von der Rückseite nach vorne zeigen, oder die linke und untere Kante der hinteren Fläche. Diese werden dann **gestrichelt** gezeichnet.

---

## 🧠 Tipp:

Wenn du dir das schwer vorstellst, kannst du:
- Ein echtes Objekt (wie einen Zuckerwürfel oder Lego-Stein) betrachten und schauen, welche Kanten du nicht direkt siehst.
- Oder du suchst dir ein Bild eines Würfels mit gestrichelten Kanten bei Google/Bing und malst danach ab.

---

## ✏️ Zusammenfassung:

| Schritt | Aktion |
|--------|--------|
| 1 | Zeichne ein Quadrat (vordere Fläche). |
| 2 | Ziehe schräg nach hinten laufende Kanten (ca. 45°, halbe Länge). |
| 3 | Verbinde die Enden dieser Kanten zu einer hinteren Fläche (Quadrat). |
| 4 | Erkennbare Kanten: Durchgezogene Linien. |
| 5 | Verdeckte Kanten: Gestrichelte Linien. |

---

Wenn du magst, kann ich dir auch eine Text-Zeichnung machen oder dir helfen, es auf einem Blatt zu skizzieren. Sag einfach Bescheid! 😊"
"Geometry","Designs and Drawings","C","Zeichne ein Dreieck und beschrifte seine Eckpunkte mit A, B und C.","Natürlich! Diese Aufgabe ist eine grundlegende Geometrie-Aufgabe und besteht darin, ein Dreieck zu zeichnen und die Ecken entsprechend zu beschriften. Hier ist eine Schritt-für-Schritt-Anleitung:

---

### **Schritt 1: Zeichne ein Dreieck**
Ein Dreieck besteht aus drei Punkten (Eckpunkten), die durch drei gerade Linien miteinander verbunden sind.

1. Nimm dir ein Blatt Papier und einen Stift.
2. Zeichne drei beliebige Punkte auf das Papier. Achte darauf, dass sie **nicht alle auf einer Geraden** liegen, sonst entsteht kein Dreieck.
3. Verbinde diese drei Punkte mit geraden Linien, sodass ein geschlossenes Dreieck entsteht.

> Alternativ kannst du auch zuerst eine Grundseite (z. B. waagerecht) zeichnen und dann den dritten Punkt irgendwo außerhalb dieser Linie platzieren, um das Dreieck zu vervollständigen.

---

### **Schritt 2: Beschrifte die Eckpunkte mit A, B und C**
Nachdem du das Dreieck gezeichnet hast, kommt die Beschriftung:

1. Wähle eine Ecke deines gezeichneten Dreiecks als **Punkt A**.
2. Gehe im **Uhrzeigersinn** oder **gegen den Uhrzeigersinn** weiter und beschrifte die nächsten Ecken mit **B** und dann mit **C**.

> Es ist üblich, die Punkte im Uhrzeigersinn zu beschriften, aber meistens ist es egal – solange du selbst weißt, welcher Punkt welcher ist.

---

### **Zusätzlicher Tipp (optional):**
Wenn du später noch weitere Aufgaben dazu bearbeiten sollst (z. B. Seiten oder Winkel berechnen), kann es helfen:
- Die Seite **gegenüber von Punkt A** wird oft mit **a** bezeichnet,
- gegenüber von **B** ist **b**,
- und gegenüber von **C** ist **c**.

Auch die Winkel werden oft mit griechischen Buchstaben bezeichnet:
- α (Alpha) bei Punkt A,
- β (Beta) bei Punkt B,
- γ (Gamma) bei Punkt C.

---

### **Beispiel in Textform:**

```
      C
     / \
    /   \
 A /_____\ B
```

Dies ist eine schematische Darstellung eines Dreiecks mit den beschrifteten Eckpunkten A, B und C.

---

Wenn du möchtest, kann ich dir auch erklären, wie du z. B. die Seitenlängen misst, Winkel abliest oder Fläche berechnest – je nachdem, was als Nächstes kommt. 😊"
"Geometry","Designs and Drawings","D","Zeichne ein Dreieck mit den Winkeln 40°, 60° und 80° unter Verwendung eines Geodreiecks.","Um ein Dreieck mit den Winkeln 40°, 60° und 80° zu **zeichnen**, musst du dich an die Regel erinnern, dass die **Summe aller Innenwinkel in einem Dreieck immer 180°** beträgt.  
Und tatsächlich:  
**40° + 60° + 80° = 180°** → Das passt also!

Da du nur die Winkel gegeben hast (nicht die Seitenlängen), kannst du **ein beliebiges Dreieck mit diesen Winkeln konstruieren**, es ist also **nicht eindeutig bestimmt**, aber du kannst dir eine Seite aussuchen, um anzufangen.

### Schritt-für-Schritt-Anleitung zum Zeichnen:

#### Benötigte Materialien:
- Geodreieck
- Lineal oder Geodreieck
- Bleistift
- Papier

---

### 🔹 Schritt 1: Wähle eine Grundseite
Wähle eine beliebige Länge für eine Seite des Dreiecks, z. B. **5 cm**, und zeichne diese als Grundseite auf dein Papier. Nenne die Endpunkte der Strecke **A** und **B**.

---

### 🔹 Schritt 2: Lege am Punkt A den Winkel 40° an
Setze das Geodreieck bei Punkt **A** an und messe einen Winkel von **40°** nach oben ab. Zeichne einen Strahl aus A unter diesem Winkel.

> 💡 Tipp: Achte darauf, dass du am Geodreieck die richtige Skala verwendest – meistens steht die Gradzahl direkt am Rand.

---

### 🔹 Schritt 3: Lege am Punkt B den Winkel 60° an
Setze jetzt das Geodreieck bei Punkt **B** an und messe einen Winkel von **60°** nach oben ab. Zeichne auch hier einen Strahl aus B unter diesem Winkel.

---

### 🔹 Schritt 4: Finde den Schnittpunkt dieser beiden Strahlen
Die beiden Strahlen schneiden sich irgendwo – nenne diesen Punkt **C**.

---

### 🔹 Schritt 5: Verbinde alle drei Punkte
Verbinde nun die Punkte:
- A mit C
- B mit C

So entsteht das Dreieck **ABC** mit den gewünschten Winkeln:
- ∠A = 40°
- ∠B = 60°
- ∠C = 80°

---

### 🔍 Kontrolle:
Du kannst mit dem Geodreieck nochmal überprüfen, ob alle Winkel ungefähr passen. Kleine Abweichungen sind beim Zeichnen normal.

---

### 📌 Zusatzinfo:
Weil du nur die Winkel angibst, gibt es **unendlich viele solcher Dreiecke**, sie sind aber alle **ähnlich zueinander** (gleiche Winkel, unterschiedliche Größe).

Wenn du später mal lernst, wie man mit dem **Sinussatz** rechnet, kannst du auch die Seitenlängen berechnen – aber das ist hier nicht nötig.

---

Wenn du möchtest, kann ich dir auch helfen, das Dreieck mit einer bestimmten Seitenlänge zu konstruieren! 😊"
"Geometry","Designs and Drawings","D","Benutze ein Lineal und einen Zirkel, um den gegebenen Winkel zu halbieren.","Natürlich! Um einen gegebenen Winkel mit **Lineal und Zirkel** zu **halbieren**, folge diesen einfachen Schritten. Das Ziel ist es, eine **Winkelhalbierende** zu konstruieren – also eine Gerade, die den Winkel in zwei gleich große Teile teilt.

---

### 📏 Materialien:
- Ein **ungeschnörkeltes Lineal** (zum Zeichnen gerader Linien)
- Ein **Zirkel**
- Ein **Bleistift**

---

## ✏️ Konstruktion der Winkelhalbierenden:

Angenommen, du hast einen Winkel ∠ABC mit Scheitelpunkt B.

### 🔹 Schritt 1: Zirkel in B einstechen
- Steche den **Zirkel in den Scheitelpunkt B**.
- Wähle einen beliebigen Radius (nicht zu klein) und **zeichne einen Kreisbogen**, der beide Schenkel des Winkels (∢BA und ∢BC) **schneidet**.
- Nenne die Schnittpunkte **D** und **E** (D auf einem Schenkel, E auf dem anderen).

---

### 🔹 Schritt 2: Zwei Kreise um D und E
- Steche nun den **Zirkel in D** und zeichne einen Kreisbogen im Inneren des Winkels.
- Verändere den Radius **nicht**, steche dann in **E** und zeichne einen weiteren Kreisbogen, sodass er den ersten schneidet.
- Nenne den **Schnittpunkt der beiden Bögen F**.

---

### 🔹 Schritt 3: Verbinden von B und F
- Benutze das **Lineal**, um eine **Gerade von B durch F** zu ziehen.
- Diese Gerade ist die **Winkelhalbierende** des Winkels ∠ABC.

---

### 🧠 Warum funktioniert das?
Die Punkte D und E liegen gleich weit von B entfernt. Die beiden Kreise um D und E haben denselben Radius, also ist ihr Schnittpunkt F gleich weit von D und E entfernt. Damit liegt F auf der Symmetrieachse des Winkels – also auf der Winkelhalbierenden.

---

### 📌 Tipp:
Du musst keine Längen oder Gradzahlen messen – alles funktioniert nur durch genaues Zeichnen und die Eigenschaften geometrischer Figuren.

---

Wenn du möchtest, kann ich dir auch eine Skizze beschreiben oder dich bei einer konkreten Aufgabe mit Zeichnung unterstützen. 😊"
"Geometry","Designs and Drawings","D","Konstruiere ein regelmäßiges Sechseck nur mit einem Zirkel und einem Geodreieck.","Super Frage! Ein **regelmäßiges Sechseck** zu konstruieren, ist mit Zirkel und Geodreieck (also ohne Winkelmessung) eine schöne geometrische Aufgabe. Hier ist eine Schritt-für-Schritt-Anleitung:

---

## 🛠️ Materialien:
- **Zirkel**
- **Geodreieck oder Lineal** (zum Verbinden von Punkten)
- **Papier und Bleistift**

---

## ✏️ Schritt-für-Schritt Anleitung: Regelmäßiges Sechseck konstruieren

### 🔁 Grundprinzip:
Ein regelmäßiges Sechseck lässt sich **in einem Kreis einbeschreiben**, indem man sechs gleich große Abschnitte auf dem Kreisbogen abträgt – denn der Mittelpunktswinkel zwischen zwei benachbarten Ecken beträgt immer **60°**, was auch dem Innenwinkel eines gleichseitigen Dreiecks entspricht.

---

### 1. **Kreis zeichnen**
- Wähle einen Punkt M als **Mittelpunkt** des zukünftigen Sechsecks.
- Stelle deinen Zirkel auf einen beliebigen Radius ein (z. B. 4 cm).
- Zeichne einen **Kreis** um den Punkt M.

---

### 2. **Ersten Punkt auf dem Kreis festlegen**
- Wähle einen beliebigen Punkt A auf dem Kreisrand. Das wird die erste Ecke deines Sechsecks.

---

### 3. **Weitere Punkte mit dem Zirkel abtragen**
- Steche mit dem **gleichen Zirkelradius** in den Punkt A ein.
- Schlage einen Bogen, der den ursprünglichen Kreis schneidet – dieser Schnittpunkt ist dein zweiter Punkt B.
- Wiederhole diesen Schritt: Steche in B ein, schlage wieder einen Bogen mit dem gleichen Radius → du bekommst Punkt C usw.

> Da der Abstand zwischen allen benachbarten Punkten gleich dem Radius ist, entstehen so **sechs gleichmäßig verteilte Punkte** auf dem Kreis.

---

### 4. **Punkte verbinden**
- Verbinde nun die benachbarten Punkte mit dem Lineal/Geodreieck:
  - A → B
  - B → C
  - C → D
  - D → E
  - E → F
  - F → A

---

### ✅ Ergebnis:
Du hast nun ein **regelmäßiges Sechseck** konstruiert – alle Seiten sind gleich lang und alle Innenwinkel betragen 120°.

---

## 💡 Zusatzinfo:
- Alle Seitenlängen sind gleich dem **Radius** des Kreises.
- Du könntest das Sechseck auch direkt aus gleichseitigen Dreiecken zusammensetzen.
- Wenn du willst, kannst du später auch die Diagonalen einzeichnen – es ergeben sich viele symmetrische Figuren!

---

Wenn du möchtest, kann ich dir auch eine Skizze beschreiben oder dir helfen, wie du das Sechseck in einer bestimmten Größe oder Lage konstruierst.

Möchtest du das vielleicht auch **digital** nachkonstruieren? Dann könnte ich dir Tipps geben, z. B. mit GeoGebra."
"Geometry","Designs and Drawings","D","Zeichne ein Dreieck mit den Seitenlängen 4 cm, 4 cm und 6 cm. Welche Art von Dreieck hast du gezeichnet?","Um die Matheaufgabe zu lösen, gehen wir in zwei Schritten vor:

---

### **1. Zeichnen des Dreiecks mit den Seitenlängen 4 cm, 4 cm und 6 cm**

Du kannst das Dreieck so konstruieren:

#### Materialien:
- Lineal
- Zirkel (optional)
- Bleistift

#### Schritte:
1. **Zeichne die Basis**:  
   Lege dein Lineal auf das Papier und zeichne eine Strecke von **6 cm** Länge. Das ist die Grundseite (Seite c) deines Dreiecks.

2. **Trage die anderen beiden Seiten ab**:  
   - Setze den Zirkel an einem Ende der 6 cm-Strecke ein (z. B. am linken Punkt).
   - Stelle den Zirkel auf **4 cm** und zeichne einen Kreisbogen nach oben.
   - Wiederhole das am rechten Ende der 6 cm-Strecke – auch hier einen Kreisbogen mit 4 cm Radius nach oben ziehen.

3. **Finde den Schnittpunkt**:  
   Der Punkt, an dem sich die beiden Kreisbögen schneiden, ist die Spitze des Dreiecks.

4. **Verbinde die Punkte**:  
   Verbinde diesen Schnittpunkt mit beiden Enden der 6 cm-Strecke – jetzt hast du ein Dreieck mit den Seiten 4 cm, 4 cm und 6 cm.

---

### **2. Bestimmung der Art des Dreiecks**

Nun schaust du dir die Seitenlängen an:

- **Zwei Seiten sind gleich lang** → 4 cm und 4 cm  
- **Eine Seite ist länger** → 6 cm

Diese Eigenschaft kennzeichnet ein **gleichschenkliges Dreieck**.

---

### ✅ **Antwort auf die Aufgabe:**

> Ich habe ein **gleichschenkliges Dreieck** gezeichnet. Es hat zwei gleich lange Seiten (je 4 cm) und eine Basis von 6 cm.

Wenn du möchtest, kann ich dir auch helfen, wie man die Höhe oder den Flächeninhalt solch eines Dreiecks berechnet! 😊"
"Geometry","Designs and Drawings","E","Konstruiere einen Winkel von 90° nur mit Hilfe eines Zirkels und eines Lineals.","Klar! Die Aufgabe lautet: **Konstruiere einen 90°-Winkel (also einen rechten Winkel) nur mit Zirkel und Lineal**. Das ist eine klassische **geometrische Konstruktion**, wie sie oft in der Geometrie gelehrt wird.

Hier ist die Schritt-für-Schritt-Anleitung:

---

### 🔧 **Was du brauchst:**
- Ein Lineal (ohne Maßstab, nur zum Geradenzeichnen)
- Einen Zirkel
- Ein Blatt Papier

---

## 📐 Schritt-für-Schritt-Konstruktion eines 90°-Winkels:

### 🟢 **Schritt 1: Zeichne eine Halbgerade (Strahl)**
- Lege einen Punkt fest – nennen wir ihn **A** (der Scheitelpunkt des zukünftigen Winkels).
- Zeichne von A aus eine Halbgerade (einen Strahl) nach rechts – das ist der erste Schenkel deines Winkels.

---

### 🟡 **Schritt 2: Kreis um A schlagen**
- Steche den Zirkel in den Punkt **A** ein.
- Wähle einen beliebigen Radius (nicht zu klein) und zeichne einen Kreisbogen, der die Halbgerade schneidet.
- Nenne den Schnittpunkt des Bogens mit der Halbgeraden **B**.

---

### 🔵 **Schritt 3: Zweiten Kreis um B schlagen**
- Behalte denselben Radius bei.
- Steche nun den Zirkel in den Punkt **B** ein.
- Zeichne einen weiteren Kreisbogen, der den ersten Kreisbogen (um A) schneidet.
- Nenne diesen Schnittpunkt **C**.

---

### 🟣 **Schritt 4: Dritten Kreis um C schlagen**
- Steche den Zirkel in den Punkt **C** ein.
- Zeichne wieder einen Kreisbogen mit demselben Radius.
- Dieser schneidet den ersten Kreisbogen (um A) erneut – nenne diesen neuen Schnittpunkt **D**.

---

### 🟠 **Schritt 5: Verbinde A mit D**
- Benutze dein Lineal, um eine Gerade von **A** durch **D** zu ziehen.
- Der Winkel zwischen der ursprünglichen Halbgeraden (**AB**) und dieser neuen Geraden (**AD**) beträgt jetzt genau **90°**!

---

## ✅ Warum funktioniert das?

Du hast im Grunde einen **regelmäßigen Sechseck** konstruiert, indem du immer wieder Kreise mit gleichem Radius gezogen hast. Dadurch entstehen Winkel von jeweils **60°**. Indem du zwei solcher 60°-Schritte machst (Punkte B → C → D), kommst du auf insgesamt **120°**, und wenn du dann die Winkelhalbierende ziehst oder geschickt kombinierst, erhältst du einen rechten Winkel von **90°**.

Alternativ kannst du auch über den **Thaleskreis** einen rechten Winkel konstruieren – aber das ist etwas komplizierter, wenn man keinen Durchmesser vorgegeben hat.

---

Wenn du möchtest, kann ich dir auch eine **grafische Skizze als Textabbildung** erstellen oder dir zeigen, wie man den rechten Winkel an einer Strecke senkrecht hochzieht. Sag einfach Bescheid! 😊"
"Geometry","Designs and Drawings","E","Konstruieren Sie eine Gerade, die parallel zu einer gegebenen Linie ist und durch einen Punkt verläuft, der nicht auf dieser Linie liegt.","Um eine **Gerade zu konstruieren**, die **parallel** zu einer gegebenen Linie ist und durch einen **bestimmten Punkt verläuft**, der **nicht auf dieser Linie liegt**, kannst du entweder **zeichnerisch mit Zirkel und Lineal (geometrisch)** oder **rechnerisch (analytisch)** vorgehen. Ich erkläre dir beide Methoden:

---

## 📐 1. Geometrische Konstruktion mit Zirkel und Lineal

### Gegeben:
- Eine Gerade $ g $
- Ein Punkt $ P $, der **nicht** auf der Geraden liegt

### Ziel:
Eine Gerade konstruieren, die **parallel** zu $ g $ ist und durch den Punkt $ P $ verläuft.

### Schritte:

1. **Zeichne die gegebene Gerade $ g $** und markiere den Punkt $ P $ außerhalb davon.
2. Lege ein **Lineal** so an, dass es durch den Punkt $ P $ geht und die Gerade $ g $ schneidet.
3. Zeichne mit dem Zirkel einen **Kreisbogen** um $ P $, der die Gerade $ g $ in einem Punkt $ S $ schneidet.
4. Steche nun mit dem gleichen Zirkelradius in $ S $ ein und zeichne einen Bogen, der die Gerade $ g $ schneidet.
5. Miss den Abstand zwischen $ S $ und dem Schnittpunkt des ersten Bogens mit der Geraden.
6. Übertrage diesen Abstand auf den zweiten Kreisbogen – so erhältst du einen neuen Punkt $ Q $.
7. Verbinde $ P $ und $ Q $ mit einer Geraden – das ist deine **parallele Gerade**.

👉 Dies ist eine klassische Konstruktion aus der Geometrie mithilfe von **Winkelübertragung**.

---

## 🧮 2. Rechnerische Lösung (Analytische Geometrie)

### Gegeben:
- Die Gleichung einer Geraden $ g: y = mx + b $
- Ein Punkt $ P(x_0, y_0) $, der **nicht** auf dieser Geraden liegt

### Ziel:
Finde die Gleichung einer Geraden $ h $, die parallel zu $ g $ ist und durch $ P $ verläuft.

### Vorgehensweise:

1. **Parallelität bedeutet gleiche Steigung**:  
   Die gesuchte Gerade $ h $ hat die **gleiche Steigung $ m $** wie die gegebene Gerade $ g $.

2. **Punkt einsetzen in die Geradengleichung**:  
   Du verwendest die **Punkt-Steigungsform**:
   $$
   y - y_0 = m(x - x_0)
   $$

3. **Umformen zur Normalform** (optional):
   $$
   y = m(x - x_0) + y_0
   \quad \text{oder} \quad y = mx + (y_0 - m x_0)
   $$

---

### 🔢 Beispiel:

Gegeben:
- Gerade $ g: y = 2x + 1 $
- Punkt $ P(3, 5) $

Gesucht: Parallele Gerade durch $ P $

#### Lösung:

1. Steigung $ m = 2 $
2. Punkt einsetzen:
   $$
   y - 5 = 2(x - 3)
   $$
3. Auflösen:
   $$
   y = 2x - 6 + 5 = 2x - 1
   $$

✅ **Ergebnis:** Die parallele Gerade ist $ y = 2x - 1 $

---

## 📌 Zusammenfassung

| Methode | Vorgehensweise |
|--------|----------------|
| **Zeichnerisch** | Mit Zirkel und Lineal über Winkelübertragung |
| **Rechnerisch** | Gleiche Steigung verwenden, Punkt einsetzen, Gleichung aufstellen |

Wenn du möchtest, kann ich dir auch eine **konkrete Aufgabe** vorrechnen oder dir helfen, eine bestimmte Zeichnung zu verstehen. Sag einfach Bescheid! 😊"
"Geometry","Designs and Drawings","E","Zeichne mit einem Koordinatensystem ein Dreieck und spiegle es an der x-Achse.","Klar! Lass uns die Aufgabe **Schritt für Schritt** durchgehen:  
**„Zeichne mit einem Koordinatensystem ein Dreieck und spiegle es an der x-Achse.“**

---

### 📌 **Schritt 1: Koordinatensystem zeichnen**
Zeichne dir zunächst ein **Koordinatensystem** auf ein Blatt Papier oder in dein Heft.  
- Die horizontale Achse ist die **x-Achse**, die vertikale ist die **y-Achse**.
- Trage Skalen (z. B. von -5 bis +5) auf beiden Achsen ein.

---

### 📌 **Schritt 2: Ein Dreieck im Koordinatensystem einzeichnen**
Wähle drei Punkte (A, B, C), die ein Dreieck bilden. Zum Beispiel:

- A(1 | 2)
- B(3 | 4)
- C(5 | 1)

Trage diese Punkte ins Koordinatensystem ein und verbinde sie zu einem Dreieck.

---

### 📌 **Schritt 3: Spiegelung des Dreiecks an der x-Achse**
Wenn du einen Punkt an der **x-Achse spiegelst**, **bleibt die x-Koordinate gleich**, aber das **Vorzeichen der y-Koordinate kehrt sich um**.

#### 🔁 Formel zur Spiegelung an der x-Achse:
Für einen Punkt $ P(x|y) $ wird der gespiegelte Punkt so berechnet:
$$
P'(x|-y)
$$

#### Beispiele:
- A(1 | 2) → A'(1 | -2)
- B(3 | 4) → B'(3 | -4)
- C(5 | 1) → C'(5 | -1)

---

### 📌 **Schritt 4: Gespiegeltes Dreieck einzeichnen**
Zeichne nun die neuen Punkte A', B', C' ins Koordinatensystem ein und verbinde sie zu einem neuen Dreieck. Dies ist das **gespiegelte Dreieck**.

---

### ✅ Zusammenfassung:
1. Zeichne ein Koordinatensystem.
2. Wähle drei Punkte und zeichne das Ursprungsdreieck.
3. Spiegle jeden Punkt an der x-Achse (ändere das Vorzeichen der y-Koordinate).
4. Verbinde die gespiegelten Punkte zum gespiegelten Dreieck.

---

### 📝 Tipp:
Du kannst auch farbig arbeiten: z. B. das Original-Dreieck in **Blau** und das gespiegelte in **Rot** einzeichnen – dann siehst du den Unterschied besser!

---

Möchtest du, dass ich dir eine konkrete Zeichnung beschreibe oder dir ein Beispiel mit anderen Punkten rechne?"
"Geometry","Designs and Drawings","E","Benutze Zirkel und Lineal, um einen Kreis in ein Dreieck einzuzeichnen.","Super Frage! Du meinst wahrscheinlich, wie man **einen Kreis in ein Dreieck einzeichnet**, also einen **Inkreis** konstruiert. Der Inkreis ist der größte Kreis, der vollständig innerhalb des Dreiecks liegt und alle drei Seiten berührt.

---

### 🔧 **Was du brauchst:**
- Ein gezeichnetes Dreieck (beliebige Form)
- Zirkel
- Lineal (ohne Gradmaß, also nur zum Zeichnen gerader Linien)

---

## 📐 Schritt-für-Schritt-Anleitung: Inkreis eines Dreiecks konstruieren

### 1. **Winkelhalbierende konstruieren**
Der Mittelpunkt des Inkreises liegt im Schnittpunkt der **Winkelhalbierenden** des Dreiecks. Also musst du mindestens zwei Winkelhalbierende konstruieren.

#### So konstruierst du eine Winkelhalbierende:
- Wähle einen Winkel des Dreiecks (z. B. den bei Punkt A).
- Steche mit dem Zirkel in den Punkt A ein und ziehe einen Kreisbogen, der die beiden anliegenden Seiten schneidet.
- Steche nacheinander in beide Schnittpunkte ein und ziehe zwei weitere Kreisbögen mit gleichem Radius, sodass sie sich schneiden.
- Verbinde den Punkt A mit diesem Schnittpunkt – das ist die **Winkelhalbierende**.

> Wiederhole dies für einen zweiten Winkel (z. B. bei Punkt B).

### 2. **Schnittpunkt der Winkelhalbierenden finden**
- Der Schnittpunkt der beiden Winkelhalbierenden ist der **Mittelpunkt des Inkreises**.

### 3. **Radius des Inkreises bestimmen**
- Fälle vom Mittelpunkt aus das **Lot** auf eine der Dreiecksseiten (also eine senkrechte Linie zur Seite).
- Der Abstand zwischen Mittelpunkt und der Dreiecksseite ist der **Radius** des Inkreises.

### 4. **Kreis zeichnen**
- Steche den Zirkel in den gefundenen Mittelpunkt ein.
- Nimm den zuvor bestimmten Radius in den Zirkel.
- Zeichne nun den Kreis – er sollte alle drei Seiten des Dreiecks **berühren**, aber nicht schneiden.

---

## 🧠 Kurzwiederholung:

| Schritt | Was tun? |
|--------|----------|
| 1 | Winkelhalbierende von mindestens zwei Ecken konstruieren |
| 2 | Schnittpunkt = Mittelpunkt des Inkreises |
| 3 | Lot auf eine Seite fällen → Radius bestimmen |
| 4 | Mit Zirkel Inkreis um den Mittelpunkt zeichnen |

---

Wenn du willst, kann ich dir auch eine Skizze beschreiben oder dir helfen, es an einem Beispiel durchzurechnen. Sag einfach Bescheid! 😊"
"Geometry","Designs and Drawings","E","Konstruiere ein Parallelogramm mit AB = 6 cm, AD = 4 cm und dem Winkel ∠DAB = 60°, nur mit Lineal und Zirkel.","Um ein **Parallelogramm** mit den Angaben  
- $ AB = 6\,\text{cm} $,  
- $ AD = 4\,\text{cm} $,  
- $ \angle DAB = 60^\circ $  

zu **konstruieren**, brauchst du nur **Lineal und Zirkel**. Hier ist die Schritt-für-Schritt-Anleitung:

---

### 💡 Grundlagen:
Ein **Parallelogramm** hat folgende Eigenschaften:
- Gegenüberliegende Seiten sind gleich lang und parallel.
- Du benötigst also zwei benachbarte Seiten (hier: AB und AD) und den eingeschlossenen Winkel.

---

## 🛠️ Konstruktionsschritte:

### 1. Zeichne eine Strecke $ AB = 6\,\text{cm} $
- Lege Punkt A irgendwo auf dem Papier fest.
- Miss mit dem Lineal 6 cm ab und zeichne die Strecke zu Punkt B.

---

### 2. Trage am Punkt A den Winkel $ \angle DAB = 60^\circ $ ab
- Der Winkel zwischen $ AB $ und $ AD $ soll 60° betragen.
- Lege das Geodreieck oder konstruiere den Winkel mithilfe des **Zirkels** wie bei einer 60°-Winkel-Konstruktion:

#### 🔧 Konstruktion eines 60°-Winkels (falls kein Geodreieck erlaubt):
1. Schlage um A einen Kreisbogen, der die Strecke $ AB $ schneidet → Schnittpunkt S.
2. Schlage nun mit gleicher Zirkelspanne einen weiteren Kreisbogen um S – dieser schneidet den ersten Bogen in einem Punkt (P).
3. Die Gerade von A durch P ergibt einen Winkel von 60° zur Strecke AB.

→ Der neue Strahl ist die Richtung für die Seite $ AD $.

---

### 3. Trage auf diesem neuen Strahl die Länge $ AD = 4\,\text{cm} $ ab
- Steche mit dem Zirkel in A ein, stelle ihn auf 4 cm ein.
- Schlage einen Bogen in Richtung des neuen 60°-Strahls.
- Der Schnittpunkt ist Punkt D.

---

### 4. Konstruiere den fehlenden Punkt C
Im Parallelogramm gilt:
- $ DC = AB = 6\,\text{cm} $
- $ BC = AD = 4\,\text{cm} $

Also:
- Schlage einen Kreisbogen um D mit Radius 6 cm (Länge von AB).
- Schlage einen Kreisbogen um B mit Radius 4 cm (Länge von AD).
- Der **Schnittpunkt** dieser beiden Kreise ist der fehlende Punkt **C**.

---

### 5. Verbinde alle Punkte
- Verbinde $ D $ mit $ C $ und $ C $ mit $ B $.
- Jetzt hast du das vollständige Parallelogramm $ ABCD $.

---

## ✅ Zusammenfassung:
Du konstruierst nacheinander:
1. Die Strecke AB,
2. Den Winkel ∠DAB = 60°,
3. Den Punkt D im Abstand 4 cm von A unter diesem Winkel,
4. Den Punkt C als Schnittpunkt zweier Kreise (um D mit 6 cm und um B mit 4 cm),
5. Und verbindest dann alle vier Punkte.

---

Wenn du möchtest, kann ich dir auch eine **Skizze als Textgrafik** erstellen oder dich bei einzelnen Schritten noch genauer unterstützen!"
"Geometry","Designs and Drawings","E","Zeichne einen Kreis und markiere den Mittelpunkt, den Radius, den Durchmesser und eine Chordel.","Klar! Diese Matheaufgabe ist eher eine **zeichnerische Aufgabe** aus dem Bereich der **Geometrie**, genauer gesagt aus der Lehre vom **Kreis**. Du sollst also einen Kreis zeichnen und verschiedene wichtige Begriffe darin markieren: **Mittelpunkt**, **Radius**, **Durchmesser** und eine **Chordel** (vermutlich meinst du **Sehne**, denn ""Chordel"" ist vermutlich ein Schreibfehler – im Englischen heißt die Sehne „chord“, vielleicht wurde das übersetzt).

---

### 🔍 Was bedeutet jeder Begriff?

1. **Mittelpunkt (M)**  
   ➤ Der Punkt in der Mitte des Kreises, von dem alle Punkte auf dem Rand **gleich weit entfernt** sind.

2. **Radius (r)**  
   ➤ Die Strecke vom **Mittelpunkt** zu **einem Punkt auf dem Kreisrand**.

3. **Durchmesser (d)**  
   ➤ Eine Strecke, die durch den **Mittelpunkt geht** und **zwei Punkte des Kreises** verbindet.  
   ➤ Der Durchmesser ist **doppelt so lang wie der Radius**: $ d = 2 \cdot r $

4. **Sehne (oder Chord)**  
   ➤ Eine Strecke, die zwei beliebige Punkte des Kreises miteinander verbindet.  
   ➤ Der Durchmesser ist eine **besondere Sehne** – nämlich die **längste mögliche**.

---

### ✏️ So löst du die Aufgabe Schritt für Schritt:

#### 1. Zeichne einen Kreis:
- Nimm einen Zirkel.
- Steche mit der Spitze in den Mittelpunkt und zeichne einen gleichmäßigen Kreis.

#### 2. Markiere den **Mittelpunkt**:
- Gib ihm z. B. den Namen **M** oder **O** (wie Origin).
- Mache ihn deutlich sichtbar, z. B. als kleiner Punkt oder Kreuz.

#### 3. Zeichne einen **Radius** ein:
- Verbinde den Mittelpunkt **M** mit einem Punkt am Kreisrand.
- Benenne diese Linie z. B. mit **r** daneben.

#### 4. Zeichne einen **Durchmesser** ein:
- Zeichne eine gerade Linie durch den Mittelpunkt, die auf beiden Seiten den Kreisrand berührt.
- Benenne sie z. B. mit **d** oder **D**.

#### 5. Zeichne eine **Sehne (Chord)** ein:
- Wähle zwei beliebige Punkte auf dem Kreisrand (nicht durch den Mittelpunkt).
- Verbinde sie mit einer geraden Linie.
- Benenne sie z. B. mit **s** oder „Sehne“.

---

### 📌 Tipp:
Du kannst alles farbig gestalten, um es übersichtlicher zu machen:
- Mittelpunkt: rot
- Radius: blau
- Durchmesser: grün
- Sehne: lila

---

Wenn du willst, kann ich dir auch gerne eine Skizze beschreiben oder dir helfen, wie du das in deinem Heft sauber aufzeichnest. Sag einfach Bescheid! 😊"
"Geometry","Designs and Drawings","F","Zeichne in einem Koordinatensystem ein Parallelogramm, gegeben sind die drei Eckpunkte: A(1,1), B(4,1), C(5,3).","Um das Parallelogramm zu zeichnen, brauchst du alle vier Punkte. Drei sind bereits gegeben:  
- **A(1,1)**  
- **B(4,1)**  
- **C(5,3)**

Da es sich um ein **Parallelogramm** handelt, gilt:
- Gegenüberliegende Seiten sind **parallel und gleich lang**.
- Die Diagonalen halbieren sich gegenseitig.

### Schritt 1: Verstehe die Lage der Punkte
Zeichne dir am besten zunächst die drei Punkte A, B und C in ein Koordinatensystem (du kannst es dir vorstellen oder auf Papier skizzieren).  
Du wirst sehen:

- A und B liegen waagerecht auf derselben Höhe (y = 1), also ist AB eine horizontale Seite.
- C liegt etwas rechts oben – du musst also herausfinden, wo der fehlende Punkt D ist, sodass das Viereck ein Parallelogramm ergibt.

---

### Schritt 2: Finde den fehlenden Punkt D

Es gibt mehrere Wege, D zu finden. Eine einfache Methode ist die **Vektorrechnung**:

#### Vektor AB berechnen:
$$
\vec{AB} = B - A = (4-1, 1-1) = (3, 0)
$$

Wenn du vom Punkt C aus diesen Vektor zurückgehst, kommst du zum Punkt D:
$$
D = C - \vec{AB} = (5 - 3, 3 - 0) = (2, 3)
$$

Also ist **D(2,3)**.

---

### Schritt 3: Kontrolle – Ist das wirklich ein Parallelogramm?

Prüfe, ob **AD parallel zu BC** ist:

- AD: von A(1,1) nach D(2,3):  
  $$ \vec{AD} = (2-1, 3-1) = (1, 2) $$
- BC: von B(4,1) nach C(5,3):  
  $$ \vec{BC} = (5-4, 3-1) = (1, 2) $$

✅ **AD = BC**, also parallele und gleich lange Seiten → passt!

Ebenso ist AB parallel zu DC (beide Vektoren sind (3,0)).

---

### Schritt 4: Zeichnen des Parallelogramms

Verbinde die Punkte in der Reihenfolge:  
**A(1,1) → B(4,1) → C(5,3) → D(2,3) → A(1,1)**

So entsteht dein Parallelogramm.

---

### Zusammenfassung:
Die vier Eckpunkte des Parallelogramms sind:  
- **A(1,1)**  
- **B(4,1)**  
- **C(5,3)**  
- **D(2,3)**

Wenn du diese Punkte verbindest, erhältst du ein Parallelogramm mit parallelen gegenüberliegenden Seiten.

Möchtest du, dass ich dir das Schritt für Schritt im Koordinatensystem zeichne (als Beschreibung)?"
"Geometry","Designs and Drawings","F","Zeichne ein Dreieck mit den Seitenlängen 5 cm, 7 cm und 8 cm, indem du nur einen Zirkel und ein Lineal verwendest.","Um ein Dreieck mit den Seitenlängen **5 cm**, **7 cm** und **8 cm** zu zeichnen, verwendest du die Methode der **Konstruktion eines Dreiecks aus drei gegebenen Seitenlängen (SSS-Satz)**. Dazu benötigst du nur einen **Zirkel** und ein **Lineal**.

---

### 📐 Gegeben:
Drei Seiten:  
- a = 7 cm  
- b = 8 cm  
- c = 5 cm  

(Die Zuordnung der Seiten zu den Buchstaben ist egal – wichtig ist, dass du weißt, welche drei Längen du hast.)

---

## ✏️ Schritt-für-Schritt-Anleitung:

### **Schritt 1: Wähle eine Grundseite**
Wähle eine beliebige Seite als Basis. Meistens nimmt man die längste Seite, um das Dreieck stabil zu konstruieren. Nehmen wir z. B. die **8 cm lange Seite** als Grundseite.

1. Zeichne mit dem **Lineal** eine Strecke von **8 cm**.
2. Benenne die Endpunkte dieser Strecke mit **A** und **B**.

---

### **Schritt 2: Kreis um Punkt A mit Radius 5 cm**
Da die zweite Seite **5 cm** lang ist, musst du den dritten Punkt C so finden, dass er **5 cm von A** entfernt ist.

1. Stelle deinen Zirkel auf **5 cm** ein.
2. Steche ihn in den Punkt **A**.
3. Zeichne einen **Kreisbogen** (halber Kreis nach oben oder unten).

---

### **Schritt 3: Kreis um Punkt B mit Radius 7 cm**
Die dritte Seite ist **7 cm** lang, also muss der Punkt **C** auch **7 cm von B** entfernt sein.

1. Stelle den Zirkel nun auf **7 cm** ein.
2. Steche ihn in den Punkt **B**.
3. Zeichne einen **zweiten Kreisbogen**, der sich mit dem ersten schneidet.

---

### **Schritt 4: Schnittpunkt markieren**
Der **Schnittpunkt der beiden Kreisbögen** ist der gesuchte **dritte Eckpunkt C** des Dreiecks.

1. Markiere diesen Schnittpunkt mit **C**.

---

### **Schritt 5: Verbinde die Punkte**
Verbinde die Punkte:

1. **A mit C** → ergibt die Seite **c = 5 cm**
2. **B mit C** → ergibt die Seite **a = 7 cm**

✅ Jetzt hast du ein Dreieck mit den Seitenlängen **5 cm, 7 cm und 8 cm** konstruiert!

---

### 🔍 Tipp:
Es gibt zwei mögliche Schnittpunkte (oben und unten), aber du wählst einfach einen aus – beide führen zu einem kongruenten Dreieck.

---

### 📌 Zusammenfassung:
Du konstruierst zwei Kreise um die Endpunkte einer Seite mit den Längen der anderen beiden Seiten. Der Schnittpunkt der Kreise ist der dritte Punkt des Dreiecks.

---

Wenn du magst, kann ich dir gerne eine Skizze beschreiben oder dir helfen, es Schritt für Schritt aufzuzeichnen!"
"Geometry","Designs and Drawings","F","Zeichne eine maßstabsgetreue Darstellung eines Dreiecks mit Seiten im Verhältnis 3:4:5.","Natürlich! Du sollst ein Dreieck **zeichnen**, das Seiten im **Verhältnis 3:4:5** hat und zwar **maßstabsgetreu**. Das bedeutet, du wählst einen Maßstab und zeichnest das Dreieck dann in diesem Maßstab.

### Schritt-für-Schritt-Anleitung:

---

## 🔹 Schritt 1: Verstehe das Verhältnis 3:4:5

Ein Dreieck mit den Seitenlängen im Verhältnis **3:4:5** ist ein sogenanntes **pythagoreisches Dreieck**, also ein rechtwinkliges Dreieck, denn es gilt:
$$
3^2 + 4^2 = 9 + 16 = 25 = 5^2
$$
➡️ Es ist also ein **rechtwinkliges Dreieck** mit einem rechten Winkel gegenüber der längsten Seite (der Hypotenuse).

---

## 🔹 Schritt 2: Wähle einen Maßstab

Da nicht angegeben ist, wie groß das Dreieck sein soll, darfst du selbst entscheiden, z. B.:

- 1 Einheit im Verhältnis = **1 cm**
- Also:  
  - a = 3 cm  
  - b = 4 cm  
  - c = 5 cm

Du könntest auch andere Maßstäbe wählen, z. B. 1 Einheit = 0,5 cm oder 1 Einheit = 2 cm – je nachdem, wie viel Platz du auf dem Papier hast.

---

## 🔹 Schritt 3: Zeichne das Dreieck

### Möglichkeit 1: Mit Geodreieck/Zirkel (exakte Konstruktion)

1. **Zeichne die Grundseite**:  
   Lege fest, welche Seite du als Grundseite nimmst, z. B. die 4 cm lange Seite.

2. **Markiere die Endpunkte A und B** dieser Seite.

3. **Schlage Kreise um A und B**:
   - Um A: Radius 3 cm (andere Kathete)
   - Um B: Radius 5 cm (Hypotenuse)

4. **Der Schnittpunkt der beiden Kreise ergibt Punkt C**.

5. **Verbinde alle drei Punkte**, um das Dreieck ABC zu erhalten.

✅ Fertig – du hast ein rechtwinkliges Dreieck mit Seiten 3:4:5 gezeichnet!

---

### Möglichkeit 2: Mit Geodreieck und Lineal (schneller)

1. Zeichne eine Strecke von 4 cm (z. B. horizontal).
2. Trage am linken Ende einen rechten Winkel an und zeichne eine 3 cm lange Linie nach oben.
3. Verbinde nun die Endpunkte – diese letzte Linie sollte 5 cm lang sein (kannst du nachmessen!).

---

## 🔹 Schritt 4: Beschrifte dein Dreieck

Beschrifte die Seiten mit ihren Längen (z. B. a = 3 cm, b = 4 cm, c = 5 cm) und markiere ggf. den rechten Winkel.

---

## 📌 Zusatzinfo:

Wenn du später mal größere Dreiecke brauchst, kannst du das Verhältnis skalieren:
- 3:4:5 × 2 → 6 cm : 8 cm : 10 cm
- 3:4:5 × 3 → 9 cm : 12 cm : 15 cm  
usw.

---

Wenn du möchtest, kann ich dir auch eine Skizze beschreiben oder dir helfen, wie du das in GeoGebra oder auf Karopapier machst! 😊"
"Geometry","Designs and Drawings","G","Zeichne den Umkreis des gegebenen Dreiecks.","Natürlich! Um den **Umkreis eines Dreiecks** zu zeichnen, musst du den **Mittelpunkt des Umkreises (auch: Umkreismittelpunkt)** finden und dann einen Kreis mit diesem Mittelpunkt ziehen, der durch alle drei Ecken des Dreiecks verläuft.

### Schritt-für-Schritt-Anleitung:

#### 1. **Was ist ein Umkreis?**
Der Umkreis eines Dreiecks ist ein Kreis, auf dem alle drei Ecken des Dreiecks liegen. Der Mittelpunkt dieses Kreises ist der **Schnittpunkt der Mittelsenkrechten** der Dreiecksseiten.

---

#### 2. **Benötigtes Werkzeug (falls manuell):**
- Lineal oder Geodreieck
- Zirkel

Falls du das am Computer machst (z. B. in GeoGebra), funktioniert es ähnlich – du kannst aber auch einfach die Konstruktionsschritte digital nachvollziehen.

---

#### 3. **Schritte zur Konstruktion des Umkreises:**

##### ✅ **Schritt 1: Zeichne die Mittelsenkrechte einer Seite**
- Wähle eine Seite des Dreiecks (z. B. Seite AB).
- Steche mit dem Zirkel nacheinander in die beiden Endpunkte dieser Seite ein.
- Schlage jeweils einen Kreisbogen mit gleichem Radius, sodass sich die beiden Bögen schneiden (oben und unten von AB).
- Verbinde diese beiden Schnittpunkte der Bögen mit einem Lineal – das ist die **Mittelsenkrechte**.

##### ✅ **Schritt 2: Wiederhole dies mit einer zweiten Seite**
- Mache dasselbe mit einer anderen Seite (z. B. BC).
- Du erhältst nun zwei Mittelsenkrechten.

##### ✅ **Schritt 3: Finde den Schnittpunkt der Mittelsenkrechten**
- Der Punkt, an dem sich die beiden Mittelsenkrechten schneiden, ist der **Umkreismittelpunkt**.
- Dieser Punkt hat den gleichen Abstand zu allen drei Ecken des Dreiecks!

##### ✅ **Schritt 4: Zeichne den Umkreis**
- Steche mit dem Zirkel in den gefundenen Umkreismittelpunkt.
- Stelle den Zirkel so ein, dass er bis zu einer der drei Dreiecksecken reicht.
- Zeichne nun den vollständigen Kreis – er sollte alle drei Ecken berühren.

---

#### 4. **Zusatzinfo: Besondere Eigenschaften**
- Bei einem **spitzwinkligen Dreieck** liegt der Umkreismittelpunkt **innerhalb** des Dreiecks.
- Bei einem **rechtwinkligen Dreieck** liegt der Umkreismittelpunkt **auf der Mitte der Hypotenuse**.
- Bei einem **stumpfwinkligen Dreieck** liegt der Umkreismittelpunkt **außerhalb** des Dreiecks.

---

Wenn du magst, kannst du mir auch das Dreieck „geben“ (z. B. Koordinaten der Punkte A, B, C), dann kann ich dir den Umkreis **berechnen** und dir zeigen, wie das geht. 😊"
"Geometry","Designs and Drawings","G","Zeichne ein Dreieck mit den Winkeln ∠A = 40°, ∠B = 65° und der eingeschlossenen Seite AB = 7 cm.","Um das Dreieck mit den gegebenen Winkeln ∠A = 40°, ∠B = 65° und der **eingeschlossenen Seite AB = 7 cm** zu zeichnen, handelt es sich um den Kongruenzsatz **WSW (Winkel – Seite – Winkel)**. Das bedeutet: Du kennst zwei Winkel und die **dazwischenliegende Seite**.

### Gegeben:
- ∠A = 40°  
- ∠B = 65°  
- Seite AB = c = 7 cm (die zwischen A und B liegt)

---

## 🔧 Schritt-für-Schritt-Anleitung zum Zeichnen:

### 1. **Skizze anfertigen (optional)**
Zeichne dir am besten zunächst eine grobe Skizze des Dreiecks ABC, beschrifte die Ecken A, B, C und trage die gegebenen Größen ein:
- Winkel bei A = 40°
- Winkel bei B = 65°
- Die Seite AB soll 7 cm lang sein

---

### 2. **Seite AB zeichnen**
- Lege dein Geodreieck oder Lineal auf das Papier.
- Zeichne eine Strecke von genau **7 cm Länge**.
- Benenne den linken Endpunkt mit **A**, den rechten mit **B**.

---

### 3. **Winkel bei A abtragen (40°)**
- Lege dein Geodreieck in Punkt A an.
- Trage einen Winkel von **40°** nach oben ab (also „in Richtung“ des zukünftigen Punktes C).
- Zeichne einen Strahl von A aus unter diesem Winkel.

---

### 4. **Winkel bei B abtragen (65°)**
- Lege jetzt das Geodreieck in Punkt B an.
- Trage einen Winkel von **65°** nach oben ab, aber so, dass er sich irgendwo über dem Papier mit dem vorher gezeichneten Strahl von A schneidet.
- Zeichne auch diesen Strahl.

---

### 5. **Schnittpunkt markieren → Punkt C**
- Der Schnittpunkt der beiden Winkelstrahlen ist der fehlende dritte Punkt des Dreiecks.
- Benenne ihn mit **C**.

---

### 6. **Dreieck fertigzeichnen**
- Verbinde nun C mit A und C mit B, um das Dreieck **ABC** vollständig zu zeichnen.

---

## 📐 Zusätzlicher Hinweis: Rechnerische Überprüfung

Du kannst auch vorab den dritten Winkel berechnen, um zu prüfen, ob alles passt:

$$
\text{Summe der Innenwinkel im Dreieck} = 180^\circ
$$
$$
\angle C = 180^\circ - \angle A - \angle B = 180^\circ - 40^\circ - 65^\circ = 75^\circ
$$

Also:
- ∠A = 40°
- ∠B = 65°
- ∠C = 75°

Das passt! Damit ist klar, dass du richtig vorgehst.

---

## ✅ Fazit:
Du hast ein eindeutig bestimmtes Dreieck gezeichnet, da der Kongruenzsatz **WSW** vorliegt. Du brauchst also keine weiteren Seiten oder Winkel – mit den Angaben lässt sich das Dreieck eindeutig konstruieren.

Wenn du möchtest, kann ich dir auch helfen, die anderen Seiten oder Winkel mit dem **Sinussatz** zu berechnen. Sag einfach Bescheid!"
"Geometry","Designs and Drawings","G","Verwende geometrische Ortslinien, um den Bereich zu konstruieren, der von den Punkten A(2, 3) und B(8, 3) gleich weit entfernt ist","Um den Bereich zu konstruieren, der von den Punkten $ A(2, 3) $ und $ B(8, 3) $ **gleich weit entfernt** ist, verwenden wir eine **geometrische Ortslinie** – genauer gesagt die **Mittelsenkrechte** der Strecke $ \overline{AB} $. Diese Mittelsenkrechte enthält alle Punkte, die von $ A $ und $ B $ denselben Abstand haben.

---

### 🔍 Gegeben:
- Punkt $ A(2, 3) $
- Punkt $ B(8, 3) $

---

## ✏️ Schritt-für-Schritt-Anleitung:

### 1. **Strecke $ \overline{AB} $ einzeichnen (optional)**  
Zeichne die beiden Punkte in ein Koordinatensystem und verbinde sie durch eine Gerade.

Beide Punkte liegen auf derselben Höhe in y-Richtung ($ y = 3 $), also ist die Verbindungslinie horizontal.

---

### 2. **Mittelpunkt $ M $ der Strecke $ \overline{AB} $ berechnen**

Der Mittelpunkt $ M $ liegt genau zwischen $ A $ und $ B $:

$$
M = \left( \frac{x_A + x_B}{2},\ \frac{y_A + y_B}{2} \right)
= \left( \frac{2 + 8}{2},\ \frac{3 + 3}{2} \right)
= (5,\ 3)
$$

---

### 3. **Richtung der Mittelsenkrechten bestimmen**

Da die Strecke $ \overline{AB} $ **horizontal** ist (weil beide Punkte dieselbe y-Koordinate haben), ist die Mittelsenkrechte **senkrecht**, also eine vertikale Linie durch den Mittelpunkt $ M(5, 3) $.

Die Mittelsenkrechte hat somit die Gleichung:

$$
x = 5
$$

Das bedeutet: **Alle Punkte mit der x-Koordinate 5** sind gleich weit von $ A $ und $ B $ entfernt.

---

### 4. **Interpretation des Ergebnisses**

Die gesuchte Menge aller Punkte, die von $ A $ und $ B $ gleich weit entfernt sind, ist die **vertikale Gerade** bei $ x = 5 $.

---

### 🧮 Zusammenfassung:

- Die geometrische Ortslinie aller Punkte, die von $ A(2, 3) $ und $ B(8, 3) $ gleich weit entfernt sind, ist die **Mittelsenkrechte** der Strecke $ \overline{AB} $.
- Diese Mittelsenkrechte hat die Gleichung:  
  $$
  x = 5
  $$

---

Wenn du das in ein Koordinatensystem einzeichnest, zeichnest du einfach eine **senkrechte Linie** bei $ x = 5 $. Alle Punkte auf dieser Linie erfüllen die Bedingung, dass sie von $ A $ und $ B $ gleich weit entfernt sind.

Brauchst du auch eine Zeichnung oder soll ich dir erklären, warum das so ist?"
"Geometry","Designs and Drawings","H","Benutze einen Zirkel, um einen Kreis in 6 gleichmäßige Bögen zu unterteilen.","Um einen **Kreis mit einem Zirkel in 6 gleichmäßige Bögen** zu unterteilen, folgst du am besten diesen Schritten:

---

### 🧰 Benötigte Materialien:
- Zirkel
- Lineal (optional)
- Bleistift
- Papier

---

## 🔧 Schritt-für-Schritt-Anleitung:

### 1. **Zeichne einen Kreis**
- Steche den Zirkel in einen Punkt (das spätere **Zentrum** des Kreises).
- Wähle eine passende Zirkelspanne (Radius) und zeichne einen **vollständigen Kreis**.

---

### 2. **Markiere einen Startpunkt auf dem Kreisrand**
- Wähle irgendeinen Punkt auf der Kreislinie als **Ausgangspunkt**. Nennen wir ihn **Punkt A**.

---

### 3. **Stich mit dem Zirkel in Punkt A ein**
- Behalte die gleiche Zirkelspanne wie beim Zeichnen des ursprünglichen Kreises.
- Steche nun mit dem Zirkel in den Punkt A ein und **zeichne einen kleinen Bogen**, der die **Kreislinie schneidet**.

---

### 4. **Finde den nächsten Schnittpunkt**
- Der soeben gezeichnete Bogen trifft auf der Kreislinie auf einen neuen Punkt – nenne ihn **B**.
- Dieser Punkt ist genau **ein Sechstel des Kreises vom Ausgangspunkt entfernt**, weil sich ein gleichseitiges Sechseck im Kreis konstruieren lässt.

---

### 5. **Wiederhole den Vorgang**
- Steche jetzt mit dem Zirkel in Punkt **B** ein und zeichne wieder einen Bogen auf dem Kreis.
- Er ergibt den nächsten Punkt (**C**) usw.

---

### 6. **Fahre fort bis du 6 Punkte hast**
- Du wirst insgesamt **6 Schnittpunkte** auf dem Kreis erhalten.
- Jeder dieser Punkte teilt den Kreis in **gleiche Abstände von jeweils 60°**, da 360° : 6 = 60°.

---

### ✅ Ergebnis:
Du hast nun **6 gleichmäßig verteilte Punkte** auf dem Kreis. Diese teilen den Kreisumfang in **6 gleichmäßige Bögen** ein.

---

## 🧠 Warum funktioniert das?
Weil ein **regelmäßiges Sechseck** innen im Kreis entsteht, wenn man den Radius als Seitenlänge nutzt. In einem solchen Sechseck sind alle Seiten gleich lang und alle Winkel zwischen den Radien 60° – also perfekt für diese Aufgabe!

---

Wenn du möchtest, kann ich dir auch erklären, wie du damit ein **regelmäßiges Sechseck** oder sogar ein **Dreieck** oder **Sternmuster** konstruieren kannst!"
"Geometry","Designs and Drawings","H","Zeichne die Winkelhalbierende von ∠ABC und markiere ihren Schnittpunkt mit einer Seite.","Gerne! Lass uns die Aufgabe Schritt für Schritt durchgehen:

### **Aufgabe:**
> *Zeichne die Winkelhalbierende von ∠ABC und markiere ihren Schnittpunkt mit einer Seite.*

---

## 🔍 Was bedeutet das?

Du hast einen Winkel namens ∠ABC.  
- Der **Scheitel** des Winkels ist der Punkt **B**.
- Die beiden **Schenkel** des Winkels sind die Strecken **BA** und **BC**.

Die **Winkelhalbierende** ist eine Gerade (oder Halbgerade), die:
- im Scheitel B beginnt,
- den Winkel in zwei **gleich große** Teile teilt.

Wenn du diese Winkelhalbierende zeichnest, wird sie irgendwo auf **eine Seite** treffen – also auf eine Strecke, die Teil des Dreiecks oder einer anderen Figur ist.

---

## 📏 Wie zeichnest du die Winkelhalbierende?

### **Methode 1: Mit Zirkel und Lineal (Konstruktion)**

1. **Lege die Punkte fest:** Du solltest drei Punkte A, B und C haben, die den Winkel ∠ABC bilden.
2. **Stich den Zirkel in den Scheitel B** ein.
3. **Ziehe einen Kreisbogen**, der beide Schenkel BA und BC schneidet. Merke dir die beiden Schnittpunkte dieses Bogens mit den Schenkeln.
4. **Stelle den Zirkel auf einen Radius größer als die Hälfte des Abstands zwischen diesen beiden Schnittpunkten.**
5. Steche nacheinander in jeden dieser beiden Schnittpunkte ein und ziehe je einen Kreisbogen **innerhalb** des Winkels. Diese beiden Bögen sollten sich **schneiden**.
6. **Verbinde den Scheitel B mit diesem Schnittpunkt der beiden Bögen.** Das ist deine **Winkelhalbierende**!

---

## ✅ Markiere den Schnittpunkt mit einer Seite

Wenn du die Winkelhalbierende bis zu einer Seite verlängert hast (z. B. bis zur Seite AC, wenn ABC ein Dreieck ist), dann markiere diesen **Schnittpunkt** deutlich – z. B. mit einem farbigen Punkt oder einem kleinen Kreuz.

---

## 🧠 Tipps:

- Wenn ABC ein **Dreieck** ist, dann schneidet die Winkelhalbierende immer die gegenüberliegende Seite (hier: AC).
- Dieser Schnittpunkt hat besondere Eigenschaften – er liegt z. B. auf der Seite und trennt diese im **Verhältnis der angrenzenden Seiten** (das ist der Satz von der Winkelhalbierenden).

---

## 📝 Zusammenfassung der Schritte:

1. Zeichne ∠ABC mit den Punkten A, B und C.
2. Konstruiere die Winkelhalbierende von ∠ABC (mit Zirkel und Lineal).
3. Verlängere die Halbgerade so weit, bis sie eine Seite trifft.
4. Markiere diesen Schnittpunkt deutlich.

---

Wenn du möchtest, kann ich dir auch gern eine **Schritt-für-Schritt-Zeichnung beschreiben** oder dir helfen, wenn du z. B. Koordinaten oder eine Skizze hast. Sag einfach Bescheid! 😊"
"Geometry","Designs and Drawings","H","Konstruiere ein Dreieck mit einer Basis von 8 cm, einer Höhe von 5 cm und einem Scheitelwinkel von 40°.","Um ein **Dreieck mit einer Basis von 8 cm**, einer **Höhe von 5 cm** und einem **Scheitelwinkel von 40°** zu konstruieren, müssen wir verstehen, was diese Begriffe bedeuten:

- **Basis = eine Seite des Dreiecks**, meist die untere – hier also 8 cm lang.
- **Höhe = senkrechter Abstand vom Scheitelpunkt zur Basis**, also 5 cm.
- **Scheitelwinkel = der Winkel an der Spitze (gegenüber der Basis)**, also 40°.

---

## 🧠 Überlegung:
Wir haben also folgende Angaben:

- Die Basis $ c = AB = 8 \, \text{cm} $
- Die Höhe $ h_c = 5 \, \text{cm} $ (senkrecht auf der Basis)
- Der **Winkel bei C (Spitze) ist 40°**

Dies ist kein rechtwinkliges Dreieck, aber du kannst es mithilfe von Geometrie oder Trigonometrie lösen. Du sollst also ein Dreieck **konstruieren**, das alle drei Bedingungen erfüllt.

---

## 🔧 Schritt-für-Schritt-Konstruktion (zeichnerisch):

### 1. Zeichne die Basis
- Zeichne eine Strecke $ AB $ mit der Länge 8 cm horizontal auf dein Blatt.

### 2. Bestimme den Mittelpunkt der Basis (optional)
- Dies hilft dir später, die Höhe korrekt einzuzeichnen.

### 3. Zeichne die Höhe
- Lege ein Geodreieck senkrecht auf die Basis in ihrem Mittelpunkt (oder wo auch immer du die Höhe platzierst).
- Zeichne eine Linie nach oben mit 5 cm Länge → dies ist der **Höhenfußpunkt**, und am Ende liegt der Punkt **C**.

> ⚠️ Achtung: Wenn du die Höhe genau in der Mitte der Basis ansetzt, erhältst du ein gleichschenkliges Dreieck, aber dann ist der Scheitelwinkel nicht unbedingt 40°!  
Also: **Die Position der Höhe muss so gewählt werden, dass der Winkel bei C genau 40° wird.**

---

## 📐 Konstruktion mit Winkel

Da du den **Scheitelwinkel (40°)** kennst, musst du diesen am Punkt $ C $ zwischen den Seiten $ AC $ und $ BC $ konstruieren.

### Alternative Methode:

#### 1. Lege zwei Punkte $ A $ und $ B $ fest (Abstand 8 cm).

#### 2. Wähle einen beliebigen Punkt $ C $ oberhalb der Basis.

#### 3. Miss den Winkel $ \angle ACB $. Verändere die Position von $ C $, bis dieser Winkel **genau 40°** beträgt.

#### 4. Prüfe anschließend, ob der **Abstand von C zur Basis (also die Höhe)** **genau 5 cm** beträgt.

➡️ Das kann etwas trial-and-error-artig sein, wenn man es zeichnerisch macht.

---

## 🧮 Rechnerische Lösung (falls du Koordinaten berechnen willst)

Legen wir das Dreieck wie folgt in ein Koordinatensystem:

- Setze $ A = (0, 0) $
- Setze $ B = (8, 0) $
- Der Punkt $ C = (x, y) $ soll so liegen, dass:
  - Der Winkel $ \angle ACB = 40^\circ $
  - Der Abstand von $ C $ zur Basis (also die Höhe) ist 5 cm → $ y = 5 $

Jetzt kannst du mit dem Kosinussatz arbeiten:

### Kosinussatz im Dreieck:

$$
\cos(\gamma) = \frac{a^2 + b^2 - c^2}{2ab}
$$

Dabei:

- $ a = BC $
- $ b = AC $
- $ c = AB = 8 \, \text{cm} $
- $ \gamma = \angle ACB = 40^\circ $

Du kannst nun die Entfernungen $ AC $ und $ BC $ berechnen, wenn du weißt, dass $ C = (x, 5) $, und $ A = (0, 0), B = (8, 0) $:

$$
AC = \sqrt{x^2 + 25}, \quad BC = \sqrt{(x - 8)^2 + 25}
$$

Setze alles in den Kosinussatz ein und löse nach $ x $. Das ergibt eine quadratische Gleichung.

---

## ✅ Zusammenfassung:

Du kannst das Dreieck **zeichnerisch** konstruieren, indem du:

1. Die Basis $ AB = 8 \, \text{cm} $ ziehst,
2. Einen Punkt $ C $ so platzierst, dass die Höhe $ h_c = 5 \, \text{cm} $ beträgt,
3. Den Winkel $ \angle ACB = 40^\circ $ durch Probieren oder Winkelmesser einstellst.

Oder du rechnest die exakten Koordinaten von $ C $ aus, z. B. mithilfe des Kosinussatzes.

Wenn du möchtest, kann ich dir auch die genauen Koordinaten von $ C $ ausrechnen – sag einfach Bescheid!"
"Geometry","symmetries and mappings","B","Umkreise die Formen, die symmetrisch sind.","Natürlich! Die Aufgabe **„Umkreise die Formen, die symmetrisch sind“** bedeutet, dass du in einer Abbildung verschiedene Formen siehst und entscheiden sollst, welche davon **symmetrisch** sind. Ich erkläre dir jetzt Schritt für Schritt, wie du das erkennen kannst – auch wenn ich hier keine Bilder sehen kann, gebe ich dir die nötigen Tipps, um die Aufgabe selbst zu lösen.

---

### 🌟 Was bedeutet ""symmetrisch""?

Eine Figur ist **symmetrisch**, wenn man sie so falten oder spiegeln kann, dass beide Hälften **deckungsgleich** (also genau gleich) sind.

Die häufigste Art von Symmetrie in der Grundschule ist die **Achsensymmetrie** (Spiegelsymmetrie):

- Wenn es eine **Symmetrieachse** (Spiegelachse) gibt, an der die Figur gespiegelt werden kann, und die beiden Seiten dann gleich aussehen, ist die Figur **achsensymmetrisch**.

---

### ✅ So gehst du vor:

1. **Schau dir jede einzelne Form an.**
2. **Stell dir vor:** Kann ich einen Spiegel an einer Stelle entlang der Form platzieren, sodass das Spiegelbild perfekt zur anderen Hälfte passt?
3. **Male oder markiere alle Formen, bei denen das funktioniert.**

---

### 🎯 Beispiele für symmetrische Formen:

| Form               | Ist sie symmetrisch? | Erklärung |
|--------------------|----------------------|-----------|
| Kreis              | ✅ Ja                | Hat unendlich viele Symmetrieachsen (horizontal, vertikal, diagonal...). |
| Quadrat            | ✅ Ja                | Hat 4 Symmetrieachsen (horizontal, vertikal, zwei Diagonalen). |
| Rechteck           | ✅ Ja                | Hat 2 Symmetrieachsen (horizontal und vertikal). |
| Dreieck (gleichseitig) | ✅ Ja        | Hat 3 Symmetrieachsen. |
| Trapez             | ❌ Oft nicht         | Nur ein symmetrisches Trapez (auch „gleichschenkliges Trapez“) ist symmetrisch. |
| Unregelmäßiges Viereck | ❌ Nein      | Passt meist nicht. |

---

### 💡 Tipp:
Wenn du unsicher bist, kannst du es dir so vorstellen:
- Lege ein Lineal quer durch die Mitte der Figur (horizontal, vertikal oder schräg).
- Wenn du links und rechts (oder oben und unten) dieselbe Form siehst, ist die Figur symmetrisch.

---

Wenn du möchtest, kannst du mir auch beschreiben, welche Formen du in deinem Arbeitsblatt siehst, und ich sage dir, ob sie symmetrisch sind! 😊

Möchtest du das gerne tun?"
"Geometry","symmetries and mappings","B","Färbe die passenden Hälften in der gleichen Farbe.","Natürlich! Um dir zu helfen, muss ich ein bisschen mehr wissen. Du schreibst: **„Färbe die passenden Hälften in der gleichen Farbe.“** Das klingt nach einer Aufgabe aus einem Arbeitsblatt, bei dem zum Beispiel Figuren, Mengen oder Brüche gezeigt werden und du diejenigen, die zusammen eine Hälfte ergeben, farblich verbinden oder markieren sollst.

Da du keine Abbildung oder konkrete Beispiele mitgeschickt hast, erkläre ich dir das Prinzip anhand typischer Übungen zu diesem Thema:

---

### 🧠 Was bedeutet „passende Hälften“?

Wenn von **„passenden Hälften“** die Rede ist, geht es oft darum, zwei Teile zu finden, die **zusammen ein Ganzes** ergeben – also jeweils **die Hälfte** von etwas sind.

Das kann z. B. bedeuten:

1. **Figuren (wie Kreise oder Rechtecke), die unterschiedlich aufgeteilt sind:**  
   Du bekommst z. B. zwei Halbkreise, drei Viertelkreise usw. und musst die Paare finden, die zusammen genau die Hälfte eines Ganzen ergeben.

2. **Brüche oder Zahlen:**  
   Du suchst zwei Brüche, die addiert ½ ergeben (z. B. ¼ + ¼ = ½).

3. **Mengen (z. B. Bilder von Kugeln, Äpfeln etc.):**  
   Wenn insgesamt 10 Äpfel abgebildet sind, wäre die Hälfte davon 5 Äpfel. Du müsstest dann vielleicht zwei Gruppen finden, die jeweils 5 Äpfel enthalten.

---

### 🎨 Wie färbe ich die passenden Hälften in der gleichen Farbe?

So könnte eine Schritt-für-Schritt-Anleitung aussehen:

1. **Schau dir alle dargestellten Elemente an.**
2. **Finde heraus, welcher Teil jeweils die Hälfte des Ganzen darstellt.**
3. **Suche die beiden Elemente, die zusammen diese Hälfte ergeben oder beide jeweils eine Hälfte darstellen.**
4. **Male diese beiden Elemente mit der gleichen Farbe aus.**
5. **Wiederhole das für alle anderen Hälften mit einer anderen Farbe.**

---

### 📌 Beispiel:

Angenommen, du siehst:
- Ein Kreis, der zur Hälfte rot gefärbt ist.
- Ein Kreis, der zu einem Viertel blau gefärbt ist.
- Ein Kreis, der zu einem Viertel gelb gefärbt ist.
- Ein Kreis, der zur Hälfte grün gefärbt ist.

Dann könntest du sagen:
- Der erste und der vierte Kreis zeigen jeweils eine Hälfte → färbe beide z. B. **rot**.
- Die beiden Viertel (blau und gelb) ergeben zusammen auch eine Hälfte → färbe beide z. B. **blau**.

---

### ✅ Tipp:
Wenn du mir ein Bild zeigen kannst oder konkrete Angaben machst (z. B. wie die Figuren aussehen oder welche Brüche vorkommen), kann ich dir noch viel genauer helfen!

Willst du das gerne nachholen? 😊"
"Geometry","symmetries and mappings","B","Welche Buchstaben sind spiegelbildlich? A, B, C, D, E","Um herauszufinden, welche Buchstaben **spiegelbildlich** sind, musst du prüfen, ob sie **nach einer Spiegelung (an einer Achse) gleich aussehen wie vorher**.

Dabei gibt es zwei Arten der Spiegelung:
- **Achsensymmetrie (vertikale oder horizontale Spiegelung)** – also wie in einem Spiegel.
- Bei deiner Aufgabe geht es meist um **vertikale Spiegelung**, also wie in einem Spiegel links-rechts.

---

### Schritt-für-Schritt-Erklärung:

1. **Male dir die Buchstaben A bis E im Druckschrift-Stil vorstellen** (also nicht kursiv oder geschrieben).
2. Stelle dir vor, du hältst einen Spiegel **rechts neben den Buchstaben** – also eine **vertikale Spiegelung**.
3. Wenn sich das Spiegelbild **nicht von dem Original unterscheidet**, ist der Buchstabe spiegelbildlich (also symmetrisch zur vertikalen Achse).

---

### Die Buchstaben einzeln geprüft:

- **A**:  
  Der Buchstabe A ist **symmetrisch bei vertikaler Spiegelung**. Links und rechts sind gleich.  
  ✅ **Spiegelbildlich**

- **B**:  
  B besteht aus zwei Halbkreisen links und rechts. Bei Spiegelung bleibt es gleich.  
  ✅ **Spiegelbildlich**

- **C**:  
  C sieht nach Spiegelung aus wie ein „gespiegeltes C“, also wie ein anderes Zeichen. Es ist **nicht gleich** wie vorher.  
  ❌ **Nicht spiegelbildlich**

- **D**:  
  D hat eine runde Seite rechts. Bei Spiegelung würde die Rundung links sein → anders als Original.  
  ❌ **Nicht spiegelbildlich**

- **E**:  
  Die Striche des E sind nur auf der linken Seite gespiegelt nicht gleich.  
  ❌ **Nicht spiegelbildlich**

---

### ✅ Ergebnis:

Die **spiegelbildlichen Buchstaben** (bei vertikaler Spiegelung) sind:

👉 **A, B**

---

Wenn du willst, kann ich dir auch zeigen, wie diese Buchstaben aussehen, wenn man sie spiegelt – oder wir üben weitere Buchstaben!"
"Geometry","symmetries and mappings","B","Zeichne die Form, die entsteht, wenn das Quadrat über eine Linie gekippt wird.","Klar! Die Aufgabe **„Zeichne die Form, die entsteht, wenn das Quadrat über eine Linie gekippt wird“** ist etwas allgemein formuliert, aber ich kann dir Schritt für Schritt erklären, wie du sie lösen kannst – und was wahrscheinlich gemeint ist.

---

## 🧩 Verständnis der Aufgabe

Wenn von einem **Quadrat** gesprochen wird, das **über eine Linie gekippt** wird, geht es vermutlich um eine **geometrische Transformation**, bei der ein Quadrat entlang einer Kante oder Geraden „gekippt“ wird. Das könnte bedeuten:

- Das Quadrat liegt zunächst auf einer Seite (z. B. am Boden).
- Dann wird es um eine seiner Kanten gedreht (gekippt), als ob es umfällt.
- Die neue Position des Quadrats nach dem Kippen soll gezeichnet werden.
- Oft entstehen so Figuren wie z. B. ein **Parallelogramm** oder mehrere Quadrate in unterschiedlichen Positionen.

---

## 📐 Mögliche Interpretationen

### 1. **Das Quadrat wird einmal um eine Kante gekippt**
Stell dir vor:
- Ein Quadrat liegt flach auf dem Boden (z. B. mit einer Seite auf der x-Achse).
- Du kippst es um eine seiner unteren Kanten nach rechts oder links – wie ein Buch, das man öffnet.

#### Beispiel:
Nehmen wir an, das Quadrat hat die Seitenlänge 2 cm und liegt mit einer Seite auf der Grundlinie (x-Achse). Wenn du es nach rechts kippst (um die untere rechte Ecke), dann dreht sich das Quadrat um diese Ecke.

Du erhältst eine neue Lage des Quadrats, wobei die untere linke Ecke nach oben wandert. Die Form bleibt ein Quadrat, aber seine **Position und Ausrichtung ändern sich**.

➡️ Um dies zu zeichnen, musst du:
1. Das ursprüngliche Quadrat skizzieren.
2. Eine Drehung um einen Punkt (z. B. um die untere rechte Ecke) durchführen.
3. Den neuen Standort des Quadrats einzeichnen.

---

### 2. **Mehrere Male kippen – ein Muster entsteht**
Manchmal soll man ein Quadrat mehrfach kippen – immer wieder um eine neue Kante – und so ein **Muster** erzeugen. So entstehen oft **Spiralen**, **Treppenformen** oder **Pfade** aus mehreren Quadraten.

#### Zeichen-Tipp:
- Beginne mit einem Quadrat.
- Kippe es um eine Kante (z. B. die rechte Kante).
- Lege das neue Quadrat dort hin, wo das alte hingekehrt ist.
- Wiederhole den Vorgang mehrfach.

Dadurch entsteht eine Art ""Weg"" aus Quadraten, die wie ein Schmetterling oder eine Treppe aussehen können.

---

## 🖍️ Wie du das Schritt für Schritt zeichnest

### Material:
- Karopapier oder Geodreieck
- Bleistift, Lineal

### Anleitung:

1. **Zeichne das Ausgangsquadrat:**
   - Z. B. 2×2 Kästchen groß.

2. **Bestimme die Kipplinie/Kante:**
   - Wähle z. B. die rechte Seite als Drehkante.

3. **Kippe das Quadrat:**
   - Drehe das Quadrat um 90° um die gewählte Ecke.
   - Die untere linke Ecke bewegt sich nach oben.
   - Die obere rechte Ecke bleibt fixiert.

4. **Zeichne das neue Quadrat:**
   - Es steht jetzt schräg – also wie ein Parallelogramm oder gedrehtes Quadrat.

5. (Optional) **Kippe weiter:**
   - Wiederhole den Vorgang um eine neue Kante.
   - So entsteht ein Muster.

---

## 🎨 Visualisierungshilfe (Textbasiert)

Angenommen, du hast ein Quadrat mit den Punkten A(0,0), B(2,0), C(2,2), D(0,2).

Kippe es um Punkt B(2,0) im Uhrzeigersinn um 90°:
- Der neue Punkt A wandert nach (2,-2)
- Der neue Punkt D wandert nach (0,0)
- Das Quadrat steht jetzt senkrecht nach unten.

So kannst du die neue Position berechnen oder skizzieren.

---

## 💡 Tipps zum Schluss

- Nutze farbige Stifte, um die einzelnen Positionen des Quadrats darzustellen.
- Falls die Aufgabe Teil eines Schulbuches ist, schau, ob es ein Bild oder eine Erklärung gibt, die zeigt, wie ein Quadrat typischerweise „gekippt“ wird.
- Wenn du weißt, **welche Linie** genau gemeint ist (z. B. eine Diagonale, eine Kante, eine außenliegende Linie), kann ich dir noch genauer helfen!

---

Möchtest du, dass ich dir ein konkretes Beispiel durchrechne oder dir eine Skizze beschreibe?"
"Geometry","symmetries and mappings","C","Welche Form hat mehr als eine Symmetrieachse: Quadrat, Rechteck oder Dreieck?","Um diese Matheaufgabe zu lösen, müssen wir verstehen, was eine **Symmetrieachse** ist und wie viele Symmetrieachsen die drei genannten Figuren jeweils haben.

---

### 🔍 Was ist eine Symmetrieachse?
Eine **Symmetrieachse** ist eine Gerade, an der man eine Figur **spiegeln** kann, sodass sie danach **genau gleich aussieht** wie vorher. Man sagt dann: Die Figur ist **achsensymmetrisch**.

---

### 1. Quadrat

Ein **Quadrat** hat:

- Eine vertikale Symmetrieachse (von oben nach unten durch die Mitte),
- Eine horizontale Symmetrieachse (von links nach rechts durch die Mitte),
- Zwei Diagonalen als Symmetrieachsen (von Ecke zu Ecke).

✅ **Insgesamt also 4 Symmetrieachsen.**

---

### 2. Rechteck

Ein **Rechteck** (kein Quadrat!) hat:

- Eine vertikale Symmetrieachse (durch die Mitte von oben nach unten),
- Eine horizontale Symmetrieachse (durch die Mitte von links nach rechts).

❌ **Aber keine Diagonalen als Symmetrieachsen!**

✅ **Also insgesamt 2 Symmetrieachsen.**

---

### 3. Dreieck

Hier kommt es auf die **Art des Dreiecks** an:

- Ein **gleichseitiges Dreieck** hat **3 Symmetrieachsen** (jeweils von einer Ecke zur Mitte der gegenüberliegenden Seite).
- Ein **gleichschenkliges Dreieck** hat **1 Symmetrieachse** (von der Spitze zur Basis-Mitte).
- Ein **beliebiges Dreieck** (ungleichseitig) hat oft **keine Symmetrieachse**.

➡️ In der Aufgabenstellung steht nur „Dreieck“. Da meist das **allgemeine Dreieck** gemeint ist, wenn nichts dazu gesagt wird, gilt hier:  
❌ **Keine oder nur eine Symmetrieachse.**

---

### ✅ Antwort auf deine Frage:

> **Welche Form hat mehr als eine Symmetrieachse: Quadrat, Rechteck oder Dreieck?**

Die **richtige Antwort** ist:
- Das **Quadrat** hat **mehr als eine Symmetrieachse** (nämlich 4),
- Das **Rechteck** hat **auch mehr als eine Symmetrieachse** (nämlich 2),
- Das **Dreieck** (ohne weitere Angabe) hat **meist keine oder nur eine**, also **nicht mehr als eine**.

---

### 📌 Je nachdem, ob du eine oder alle suchst:

- Wenn gefragt ist: **„Welche dieser Formen hat mehr als *eine* Symmetrieachse?“**, dann sind die Antworten:
  ➡️ **Quadrat** und **Rechteck**

- Wenn gefragt ist: **„Welche hat *die meisten* Symmetrieachsen?“**, dann ist die Antwort:
  ➡️ **Quadrat**

---

Wenn du möchtest, kann ich dir das auch gerne mit Bildern oder Zeichnung erklären! 😊"
"Geometry","symmetries and mappings","C","Wahr oder falsch: Ein Kreis hat unendlich viele Symmetrieachsen.","Die Aussage **„Ein Kreis hat unendlich viele Symmetrieachsen“** ist **wahr**.

### Erklärung:

Eine **Symmetrieachse** ist eine Gerade, an der man eine Figur **spiegeln** kann, sodass sie nach der Spiegelung **genauso aussieht wie vorher** – also **symmetrisch** ist.

#### Beim Kreis gilt:
- Der Kreis ist **achsensymmetrisch**, und zwar zu **jeder Geraden**, die durch seinen **Mittelpunkt** verläuft.
- Das bedeutet: **Jede Gerade, die durch den Mittelpunkt des Kreises geht**, ist eine Symmetrieachse.

Da es **unendlich viele verschiedene Richtungen** gibt, in denen man durch den Mittelpunkt eines Kreises schneiden kann, gibt es auch **unendlich viele Symmetrieachsen**.

---

### Vergleich mit anderen Figuren:

- Ein **gleichseitiges Dreieck** hat z. B. **3 Symmetrieachsen** (jeweils von einer Ecke zur Mitte der gegenüberliegenden Seite).
- Ein **Quadrat** hat **4 Symmetrieachsen**.
- Ein **Kreis** hingegen ist besonders symmetrisch – er hat **unendlich viele Symmetrieachsen**.

---

### Fazit:
✅ **Wahr**: Ein Kreis hat **unendlich viele Symmetrieachsen**, weil jede Gerade durch seinen Mittelpunkt eine Symmetrieachse ist."
"Geometry","symmetries and mappings","C","Nenne ein Beispiel für eine Figur, die genau eine Achse der Symmetrie besitzt.","Klar! Die Aufgabe lautet:

> **„Nenne ein Beispiel für eine Figur, die genau eine Achse der Symmetrie besitzt.“**

### Was bedeutet „eine Achse der Symmetrie“?

Eine **Symmetrieachse** ist eine Linie, an der du eine Figur **spiegeln** kannst, sodass sie danach **genauso aussieht wie vorher**.  
Wenn eine Figur also **genau eine solche Linie** hat, dann hat sie **genau eine Symmetrieachse**.

---

### Beispiele für Figuren mit genau **einer** Symmetrieachse:

1. **Ein gleichschenkliges Dreieck**  
   - Es hat eine Symmetrieachse: die **Höhe von der Basis aus** (die Mittelsenkrechte der Basis).
   - Wenn du das Dreieck entlang dieser Linie spiegelst, sieht es gleich aus.
   - Aber: Es hat **keine weitere** Symmetrieachse.

2. **Ein gleichschenkliges Trapez**  
   - Ein Trapez, bei dem die beiden nicht-parallelen Seiten gleich lang sind.
   - Es hat eine Symmetrieachse, die senkrecht auf den parallelen Seiten steht und durch deren Mittelpunkte verläuft.

3. **Ein Buchstabe wie „A“ oder „B“**  
   - Schau dir mal den Buchstaben **A** an – er hat eine **vertikale Symmetrieachse in der Mitte**, aber keine waagrechte oder andere.

---

### Einfachstes Beispiel zum Verstehen:
Nimm ein **gleichschenkliges Dreieck**:

```
    /\
   /  \
  /____\
```

Die gestrichelte Linie von oben nach unten (durch die Spitze und den Mittelpunkt der Grundseite) ist die einzige Symmetrieachse.

---

### Fazit:

✅ Ein gutes Beispiel für eine Figur mit **genau einer Symmetrieachse** ist:
> **Ein gleichschenkliges Dreieck**

Wenn du willst, kann ich dir auch zeigen, warum z. B. ein Quadrat **nicht** passt, weil es **mehrere** Symmetrieachsen hat."
"Geometry","symmetries and mappings","C","Welche Figur ist symmetrisch: Drachen, Parallelogramm, Trapez?","Um die Frage zu beantworten: **""Welche Figur ist symmetrisch: Drachen, Parallelogramm, Trapez?""**, müssen wir verstehen, was **Symmetrie** bedeutet und welche der genannten Figuren diese Eigenschaft besitzt.

---

### 🔍 Was bedeutet Symmetrie?

In der Geometrie ist eine Figur **symmetrisch**, wenn sie durch Spiegelung, Drehung oder Verschiebung auf sich selbst abgebildet werden kann. Besonders relevant hier ist die **Achsensymmetrie**:

> Eine Figur ist **achsensymmetrisch**, wenn man eine Gerade (eine **Symmetrieachse**) finden kann, sodass die Figur bei Spiegelung an dieser Achse unverändert bleibt.

---

### 📐 Die drei Figuren im Vergleich:

#### 1. **Drachen (auch: Drachenviereck)**

- Ein **Drachenviereck** hat zwei Paare gleich langer benachbarter Seiten.
- Es besitzt **immer eine Symmetrieachse**: die **Diagonale**, die die beiden gegenüberliegenden Ecken verbindet, an der das Viereck gespiegelt werden kann.

✅ **Ergebnis:** Der **Drachen ist achsensymmetrisch**.

---

#### 2. **Parallelogramm**

- Ein Parallelogramm hat zwei Paare paralleler Seiten.
- Im Allgemeinen **besitzt ein Parallelogramm keine Symmetrieachse**.
- Es ist aber **punktsymmetrisch** zum Schnittpunkt seiner Diagonalen – das heißt, es sieht nach einer 180°-Drehung um diesen Punkt gleich aus.

❌ **Ergebnis:** Ein allgemeines **Parallelogramm ist nicht achsensymmetrisch**.

> Hinweis: Wenn das Parallelogramm ein **Rechteck** oder eine **Raute** ist, dann ist es achsensymmetrisch – aber das gilt nicht für alle Parallelogramme!

---

#### 3. **Trapez**

- Ein Trapez hat **mindestens ein Paar paralleler Seiten**.
- Ein **allgemeines Trapez** ist **nicht symmetrisch**.
- Aber: Ein **gleichschenkliges Trapez** (bei dem die nicht-parallelen Seiten gleich lang sind) **ist achsensymmetrisch**.

❌ **Ergebnis:** Ein **allgemeines Trapez ist nicht achsensymmetrisch**, nur das **gleichschenklige Trapez** ist es.

---

### ✅ Fazit:

Von den drei genannten Figuren ist **nur der Drachen immer achsensymmetrisch**.

| Figur         | Ist sie achsensymmetrisch? |
|---------------|-----------------------------|
| Drachen       | ✅ Ja                        |
| Parallelogramm| ❌ Nein (außer Sonderfälle) |
| Trapez        | ❌ Nein (außer gleichschenklig) |

---

Wenn du willst, kann ich dir gerne auch eine Zeichnung oder Beispiele zeigen, wie das in der Praxis aussieht!"
"Geometry","symmetries and mappings","D","Drehe den Punkt (1, 4) um 90° im Uhrzeigersinn um den Ursprung.","Um den Punkt $ (1, 4) $ um **90° im Uhrzeigersinn** um den **Ursprung (0, 0)** zu drehen, gibt es eine einfache Regel für die Drehung von Punkten in einem Koordinatensystem.

### 🔁 Drehregel: 90° im Uhrzeigersinn
Wenn du einen Punkt $ (x, y) $ um **90° im Uhrzeigersinn** um den Ursprung drehst, wird daraus der neue Punkt:

$$
(x, y) \rightarrow (y, -x)
$$

### 🧮 Wende die Regel an:
Dein Punkt ist $ (1, 4) $, also:
- $ x = 1 $
- $ y = 4 $

Einsetzen in die Formel:

$$
(1, 4) \rightarrow (4, -1)
$$

### ✅ Ergebnis:
Der gedrehte Punkt ist:
$$
\boxed{(4, -1)}
$$

Wenn du willst, kann ich dir auch zeigen, wie das grafisch aussieht oder wie man das mit einer Drehmatrix berechnet."
"Geometry","symmetries and mappings","D","Spiegle den Punkt (2, 3) an der x-Achse. Bestimme den neuen Punkt.","Um den Punkt **(2, 3)** an der **x-Achse** zu spiegeln, musst du dir klar machen, wie Spiegelung in einem Koordinatensystem funktioniert.

### Verständnis der Spiegelung an der x-Achse:
- Bei einer Spiegelung an der **x-Achse** bleibt die **x-Koordinate gleich**.
- Die **y-Koordinate ändert ihr Vorzeichen** (aus positiv wird negativ und umgekehrt).

### Gegebener Punkt:
- Originalpunkt: **(2, 3)**  
  → x = 2, y = 3

### Spiegelung:
- x bleibt gleich: **2**
- y wird negiert: **–3**

### Ergebnis:
Der gespiegelte Punkt ist: **(2, –3)** ✅

Wenn du willst, kann ich dir das auch grafisch oder mit anderen Beispielen erklären!"
"Geometry","symmetries and mappings","D","Übersetze den Punkt A(2, 3) um 4 Einheiten nach rechts und um 2 Einheiten nach unten.","Klar! Lass uns die Aufgabe Schritt für Schritt durchgehen:

---

### **Aufgabe:**
Übersetze (also verschiebe) den Punkt **A(2, 3)** um  
- **4 Einheiten nach rechts** und  
- **2 Einheiten nach unten**.

---

### **Was bedeutet das in Mathe?**

In der Koordinatenebene (auch xy-Ebene genannt):
- Die erste Zahl im Punkt (**x-Koordinate**) sagt dir, wie weit **rechts oder links** der Punkt ist.
- Die zweite Zahl (**y-Koordinate**) sagt dir, wie weit **oben oder unten** er ist.

---

### **Schritt 1: Verschiebung nach rechts (x-Richtung)**

Du verschiebst A(2, 3) um **4 Einheiten nach rechts** → das bedeutet, du **addierst 4 zur x-Koordinate**:

$$
x = 2 + 4 = 6
$$

---

### **Schritt 2: Verschiebung nach unten (y-Richtung)**

Jetzt verschiebst du den Punkt um **2 Einheiten nach unten** → das bedeutet, du **ziehst 2 von der y-Koordinate ab**:

$$
y = 3 - 2 = 1
$$

---

### **Ergebnis:**

Der neue Punkt nach der Verschiebung ist:
$$
A'(6, 1)
$$

---

### ✅ **Antwort:**
Nach der Verschiebung liegt der Punkt bei **A'(6, 1)**.

Wenn du willst, kann ich dir auch zeigen, wie man das in einem Koordinatensystem einzeichnet. 😊"
"Geometry","symmetries and mappings","D","Wie viele Symmetriachsen hat ein gleichseitiges Dreieck?","Ein **gleichseitiges Dreieck** ist ein Dreieck, bei dem **alle drei Seiten gleich lang** sind und **alle drei Winkel gleich groß**, nämlich jeweils **60°**.

### Was ist eine Symmetrieachse?
Eine **Symmetrieachse** ist eine Gerade, an der man die Figur **spiegeln** kann, und zwar so, dass das gespiegelte Bild **genau auf der ursprünglichen Figur liegt** – also die Figur nach der Spiegelung unverändert bleibt.

---

### Wie viele Symmetriachsen hat ein gleichseitiges Dreieck?

Bei einem gleichseitigen Dreieck gibt es **drei Symmetriachsen**:

1. **Jeweils von einer Ecke zum Mittelpunkt der gegenüberliegenden Seite.**

   - Also:  
     - Eine Symmetrieachse von Ecke A zum Mittelpunkt der Seite BC.  
     - Eine Symmetrieachse von Ecke B zum Mittelpunkt der Seite AC.  
     - Eine Symmetrieachse von Ecke C zum Mittelpunkt der Seite AB.

Diese drei Achsen sind auch die sogenannten **Seitenhalbierenden**, **Höhen**, **Winkelhalbierenden** und **Mittelsenkrechten**, weil im gleichseitigen Dreieck alle diese Linien zusammenfallen.

---

### Zusammenfassung:
✅ Ein gleichseitiges Dreieck hat **3 Symmetriachsen**.

Wenn du dir das Dreieck vorstellst oder zeichnest, kannst du an jeder dieser drei Linien spiegeln – und das Dreieck sieht danach immer noch genauso aus wie vorher.

Falls du magst, kann ich dir gerne eine Skizze beschreiben oder dir helfen, das selbst zu zeichnen!"
"Geometry","symmetries and mappings","D","Hat ein Rechteck eine Drehspiegelung von 180°?","Sehr gerne! Lass uns die Frage Schritt für Schritt durchgehen:

### **Frage:**  
> Hat ein Rechteck eine Drehspiegelung von 180°?

Zunächst klären wir, was mit „Drehspiegelung von 180°“ gemeint ist.

---

## 🔍 Was ist eine **Drehspiegelung**?

Eine **Drehspiegelung** (auch: *Drehreflexion* oder *Rotationsspiegelung*) ist eine Kombination aus zwei Transformationen:
1. **Drehung um 180°** um einen Punkt (im Fall einer 2D-Form wie eines Rechtecks meist um den Mittelpunkt).
2. **Spiegelung**, manchmal an einer Achse oder in manchen Kontexten auch am Punkt (je nach Definition und Raum – 2D oder 3D).

In der **Ebene (2D)** ist eine Drehspiegelung um 180° oft gleichbedeutend mit einer **Punktspiegelung** am Drehzentrum. Das ist wichtig!

---

## 🧩 Was passiert bei einer Drehspiegelung mit einem Rechteck?

Nehmen wir an, du drehst das Rechteck um seinen **Mittelpunkt** um **180°**.

👉 Wenn du danach noch eine Spiegelung vornimmst (z. B. an einer senkrechten oder waagrechten Achse), dann ist das eine **Drehspiegelung** im engeren Sinn.

Aber in vielen Fällen reicht es bereits, wenn eine **Drehung um 180°** die Form unverändert lässt – das ist dann schon fast dasselbe wie eine Symmetrieoperation.

---

## ✅ Antwort auf deine Frage:

### Ja, ein Rechteck hat eine **Drehspiegelung von 180°**, genauer gesagt:
- Es ist **punktsymmetrisch** zum Mittelpunkt.
- Bei einer **Drehung um 180° um den Mittelpunkt** geht das Rechteck in sich selbst über.
- In vielen Zusammenhängen wird das als **Drehspiegelung** bezeichnet, obwohl es strenggenommen nur eine Drehung ist.
- In der Praxis bedeutet das: **Ja, das Rechteck ist invariant unter einer Drehspiegelung von 180°.**

---

## 📐 Beispiel:

Stell dir ein Rechteck vor mit den Ecken A, B, C, D im Uhrzeigersinn. Drehe es um seinen Mittelpunkt um 180°. Dann liegt die Ecke A dort, wo vorher C war, und B dort, wo D lag. Die Form bleibt aber gleich – also symmetrisch.

---

## 🧠 Kurzfassung:

- Ein Rechteck hat **keine Spiegelsymmetrie an den Seitenmittenachsen**, wenn es kein Quadrat ist.
- Aber: Es **ist punktsymmetrisch** – also **invariant unter einer Drehung um 180° um den Mittelpunkt**.
- Das entspricht in der Regel dem, was mit ""Drehspiegelung von 180°"" gemeint ist.

✅ **Antwort:** **Ja**, ein Rechteck hat eine Drehspiegelung von 180°, da es punktsymmetrisch ist.

Wenn du möchtest, kann ich dir das auch gern mit einer Zeichnung oder Animation erklären!"
"Geometry","symmetries and mappings","D","Um wie viele Grad kann ein Quadrat gedreht werden, ohne dass es anders aussieht?","Diese Frage bezieht sich auf die **Drehsymmetrie** eines Quadrats. Du sollst also herausfinden, um wie viele Grad du ein Quadrat drehen kannst, sodass es danach **genauso aussieht wie vorher** – man also nicht merkt, dass es gedreht wurde.

---

### 🔍 Schritt für Schritt:

Ein Quadrat ist eine **regelmäßige geometrische Figur** mit vier gleich langen Seiten und vier rechten Winkeln.

Es hat einen **Mittelpunkt**, um den du es drehen kannst. Wenn du das Quadrat um diesen Mittelpunkt drehst, kann es nach bestimmten Drehwinkeln wieder genau so aussehen wie vorher – das nennt man **deckungsgleich**.

---

### 🔄 Wie oft passt das Quadrat auf sich selbst bei einer vollen Drehung?

Bei einer **vollen Drehung (360°)** gibt es mehrere Positionen, in denen das Quadrat **deckungsgleich** mit seiner ursprünglichen Lage ist.

Das Quadrat sieht gleich aus, wenn du es um:
- **90°**
- **180°**
- **270°**
- **360°** (bzw. 0°, also keine Drehung)

drehst.

Das bedeutet:  
Du kannst das Quadrat in **4 verschiedene Positionen** drehen, bei denen es genauso aussieht wie vorher.

---

### ✅ Antwort:

Da das Quadrat nach jeder **90°-Drehung** wieder gleich aussieht, lautet die Antwort:

> **Um 90°, 180°, 270° oder 360°** kann ein Quadrat gedreht werden, ohne dass es anders aussieht.

Wenn die Frage aber konkret nach dem **kleinsten Winkel** fragt, bei dem das Quadrat nach der Drehung wieder gleich aussieht, dann ist das:

> **90°**

---

### 📌 Zusammenfassung:

- Ein Quadrat ist **drehsymmetrisch**.
- Es hat **vier Ecken**, also teilen wir 360° durch 4 → **360° : 4 = 90°**
- Somit ist die kleinste Drehwinkel, bei der das Quadrat gleich aussieht: **90°**

---

Falls du willst, kann ich dir auch zeigen, wie das bei anderen Figuren (z. B. Dreieck, Sechseck) funktioniert!"
"Geometry","symmetries and mappings","E","Bestimme alle Symmetrieachsen eines regulären Sechsecks.","Klar! Lass uns gemeinsam die **Symmetrieachsen eines regulären Sechsecks** bestimmen.

---

### 🔍 Was ist ein reguläres Sechseck?

Ein **reguläres Sechseck** ist ein Vieleck mit **6 gleich langen Seiten** und **6 gleich großen Innenwinkeln** (jeweils 120°). Es ist also **gleichseitig und gleichwinklig**.

---

### 🧭 Was bedeutet Symmetrieachse?

Eine **Symmetrieachse** ist eine Gerade, bei der du das Sechseck entlang dieser Linie spiegeln kannst – und es danach **genauso aussieht wie vorher**. Man nennt das auch **Achsensymmetrie**.

---

### ✂️ Wie viele und welche Symmetrieachsen hat ein reguläres Sechseck?

Ein reguläres Sechseck hat **insgesamt 6 Symmetrieachsen**, und zwar:

#### 1. **3 Achsen durch gegenüberliegende Ecken**
- Verbinde immer zwei **gegenüberliegende Ecken** miteinander.
- Diese Geraden sind Symmetrieachsen, weil das Sechseck an ihnen gespiegelt werden kann, ohne sich zu verändern.

#### 2. **3 Achsen durch die Mittelpunkte gegenüberliegender Seiten**
- Verbinde die **Mittelpunkte von zwei gegenüberliegenden Seiten**.
- Auch diese Geraden sind Symmetrieachsen.

---

### 📐 Visualisierung (falls du dir das vorstellen willst):

Stell dir ein reguläres Sechseck vor, wie es auf einer Schablone steht – wie eine Bienenwabe.

- Die drei Diagonalen von Ecke zu Ecke: z. B. von oben links nach unten rechts usw.
- Die drei Linien, die waagrecht oder leicht geneigt durch die Seitenmitten gehen.

---

### 🧠 Zusammenfassung:

Ein reguläres Sechseck hat:
- **6 Symmetrieachsen**
  - **3 durch gegenüberliegende Ecken**
  - **3 durch die Mittelpunkte gegenüberliegender Seiten**

Es ist also **hochsymmetrisch**!

---

Wenn du magst, kann ich dir auch helfen, das in einer Zeichnung darzustellen oder dir erklären, wie das mit anderen Figuren (Dreieck, Quadrat, etc.) funktioniert. 😊"
"Geometry","symmetries and mappings","E","Welche Transformation bewahrt Abstände und Winkel: Verschiebung, Skalierung oder Verzerrung?","Um diese Frage zu beantworten:

> **""Welche Transformation bewahrt Abstände und Winkel: Verschiebung, Skalierung oder Verzerrung?""**

müssen wir verstehen, was die drei genannten Transformationen jeweils tun und wie sie sich auf **Abstände** und **Winkel** auswirken.

---

### 🔍 1. Begriffe klären

- **Abstände bewahren** (auch *isometrisch*): Die Entfernung zwischen zwei Punkten bleibt nach der Transformation gleich.
- **Winkel bewahren** (auch *winkeltreu*): Der Winkel zwischen zwei Linien bleibt gleich.

---

### 🧭 2. Die drei Transformationen im Vergleich

#### ✅ **Verschiebung (Translation)**
- Du verschiebst alle Punkte um denselben Vektor (also in dieselbe Richtung und um dieselbe Strecke).
- **Beispiel:** Ein Dreieck wird auf dem Papier nach rechts verschoben.
- **Bewahrt Abstände?** ✔️ Ja, alle Abstände bleiben gleich.
- **Bewahrt Winkel?** ✔️ Ja, die Form des Objekts ändert sich nicht.
- **Ergebnis:** ✅ **Verschiebung bewahrt sowohl Abstände als auch Winkel.**

---

#### ❌ **Skalierung (Vergrößerung/Verkleinerung)**
- Alle Punkte werden vom Ursprung (oder einem festen Punkt) aus gestreckt oder gestaucht.
- **Beispiel:** Ein Quadrat wird doppelt so groß.
- **Bewahrt Abstände?** ❌ Nein, die Abstände verändern sich proportional (z. B. verdoppeln sich).
- **Bewahrt Winkel?** ✔️ Ja, die Form bleibt gleich → Winkel bleiben gleich.
- **Ergebnis:** Skalierung **bewahrt Winkel**, aber **nicht Abstände**.

---

#### ❌ **Verzerrung (z. B. Scherung, Streckung in eine Richtung)**
- Form wird ""verformt"", z. B. ein Rechteck wird zu einem Parallelogramm.
- **Beispiel:** Nur horizontal gestreckt, während vertikal gleich bleibt.
- **Bewahrt Abstände?** ❌ Nein, Abstände können sich ändern.
- **Bewahrt Winkel?** ❌ Nein, Winkel zwischen Kanten verändern sich oft.
- **Ergebnis:** Verzerrung **bewahrt weder Abstände noch Winkel**.

---

### ✅ **Antwort:**
Die einzige Transformation von den drei genannten, die **sowohl Abstände als auch Winkel bewahrt**, ist die:

> **Verschiebung (Translation)**

---

Wenn du möchtest, kann ich dir das gerne anhand einer Zeichnung oder Beispielskizze erklären!"
"Geometry","symmetries and mappings","F","Drehe das Dreieck mit den Eckpunkten A(1, 2), B(3, 2) und C(2, 4) um 180° um den Ursprung.","Um ein Dreieck (oder einen beliebigen Punkt) **um 180° um den Ursprung** zu drehen, musst du jeden **Eckpunkt des Dreiecks einzeln drehen** und dann die neuen Koordinaten bestimmen.

---

### 🔄 Drehung um 180° um den Ursprung

Die allgemeine Regel für eine **Drehung um 180°** um den Ursprung lautet:

$$
(x, y) \rightarrow (-x, -y)
$$

Das bedeutet: Du kehrst einfach das Vorzeichen von **x** und **y** um.

---

### 📌 Gegeben sind die Punkte:
- A(1, 2)
- B(3, 2)
- C(2, 4)

---

### 🔁 Wende die Drehregel auf alle Punkte an:

#### Für A(1, 2):
$$
A' = (-1, -2)
$$

#### Für B(3, 2):
$$
B' = (-3, -2)
$$

#### Für C(2, 4):
$$
C' = (-2, -4)
$$

---

### ✅ Ergebnis: Die gedrehten Punkte sind:
- A'(−1, −2)
- B'(−3, −2)
- C'(−2, −4)

Verbindest du diese neuen Punkte, erhältst du das **um 180° gedrehte Dreieck**.

---

Wenn du dir das bildlich vorstellen willst: Eine 180°-Drehung ist wie eine **Punktspiegelung am Ursprung**. Der Abstand bleibt gleich, nur die Richtung wird komplett umgedreht.

Falls du magst, kann ich dir auch zeigen, wie du das in einem Koordinatensystem einzeichnen kannst. 😊"
"Geometry","symmetries and mappings","F","Zeichne das Bild eines Dreiecks, nachdem es an der Linie y = x gespiegelt wurde.","Klar! Lass uns die Aufgabe **„Zeichne das Bild eines Dreiecks, nachdem es an der Linie $ y = x $ gespiegelt wurde“** Schritt für Schritt durchgehen.

---

### 🔍 1. Verstehe, was eine Spiegelung an der Linie $ y = x $ bedeutet:

Wenn du einen Punkt an der Linie $ y = x $ spiegelst, **vertauschst du einfach seine x- und y-Koordinaten**.

#### Beispiel:
Ein Punkt $ A(2|5) $ wird zu $ A'(5|2) $, wenn du ihn an der Linie $ y = x $ spiegelst.

---

### 📐 2. Gehe so vor:

Angenommen, du hast ein Dreieck mit den Punkten:

- $ A(1|3) $
- $ B(4|1) $
- $ C(2|5) $

Du willst dieses Dreieck an der Geraden $ y = x $ spiegeln.

---

### ✏️ 3. Spiegele jeden Punkt:

Vertausche jeweils x- und y-Koordinate:

- $ A(1|3) \rightarrow A'(3|1) $
- $ B(4|1) \rightarrow B'(1|4) $
- $ C(2|5) \rightarrow C'(5|2) $

---

### 🖊️ 4. Zeichne die gespiegelten Punkte:

1. Zeichne ein Koordinatensystem.
2. Trage die Originalpunkte $ A, B, C $ ein.
3. Verbinde sie zu einem Dreieck.
4. Trage nun die gespiegelten Punkte $ A', B', C' $ ein.
5. Verbinde diese ebenfalls zu einem Dreieck.

Die Linie $ y = x $ ist dabei eine schräg verlaufende Gerade, die durch den Ursprung geht und bei der immer $ y = x $ gilt (z. B. Punkte wie (1|1), (2|2), (-3|-3)).

Du kannst die Linie $ y = x $ auch in dein Koordinatensystem einzeichnen, um die Spiegelung besser zu erkennen.

---

### 🧠 Zusatzinfo: Warum funktioniert das?

Die Linie $ y = x $ ist eine Diagonale im Koordinatensystem, und die Spiegelung daran bewirkt mathematisch genau das Vertauschen von x und y. Es ist also keine Achsenspiegelung an einer waagrechten oder senkrechten Linie, sondern eine diagonale Spiegelung.

---

### 📌 Fazit – So löst du die Aufgabe:

1. Lies die Koordinaten des Dreiecks ab (oder nimm an, welche gegeben sind).
2. Vertausche bei jedem Punkt x- und y-Wert.
3. Zeichne das Original- und das gespiegelte Dreieck in ein Koordinatensystem.
4. Male beide Dreiecke farbig, um sie voneinander zu unterscheiden (optional).

---

Wenn du mir die genauen Koordinaten deines Dreiecks gibst, kann ich dir gerne die gespiegelten Punkte ausrechnen und dir zeigen, wie das in einem Koordinatensystem aussieht. 😊"
"Geometry","symmetries and mappings","F","Verschiebe den Punkt P(–3, 5) um den Vektor ⟨4, –2⟩.","Um den Punkt $ P(-3, 5) $ um den Vektor $ \langle 4, -2 \rangle $ zu verschieben, musst du einfach die Koordinaten des Punktes mit den entsprechenden Werten des Verschiebungsvektors addieren.

### Schritt-für-Schritt:

**Gegebener Punkt:**  
$ P(x, y) = (-3, 5) $

**Verschiebungsvektor:**  
$ \vec{v} = \langle 4, -2 \rangle $

Du addierst also:
- Die x-Koordinate von $ P $ mit der x-Komponente des Vektors:  
  $ x' = -3 + 4 = 1 $
- Die y-Koordinate von $ P $ mit der y-Komponente des Vektors:  
  $ y' = 5 + (-2) = 3 $

### Ergebnis:
Der verschobene Punkt ist:  
$$
P'(x', y') = (1, 3)
$$

✅ **Antwort:** Der Punkt $ P(-3, 5) $ wird nach der Verschiebung zum Punkt $ \mathbf{(1, 3)} $."
"Geometry","symmetries and mappings","F","Das Dreieck ABC hat die Eckpunkte A(1, 2), B(4, 2) und C(3, 5). Das Dreieck A′B′C′ hat die Eckpunkte A′(–1, 2), B′(–4, 2) und C′(–3, 5). Beschreibe die Transformation, die das Dreieck ABC in das Dreieck A′B′C′ abbildet.","Um diese Matheaufgabe zu lösen, müssen wir herausfinden, welche **geometrische Transformation** das Dreieck $ ABC $ mit den Punkten  
- $ A(1, 2) $  
- $ B(4, 2) $  
- $ C(3, 5) $

in das Dreieck $ A'B'C' $ mit den Punkten  
- $ A'(-1, 2) $  
- $ B'(-4, 2) $  
- $ C'(-3, 5) $

überführt.

---

### Schritt 1: Vergleiche die Koordinaten von $ A \rightarrow A' $, $ B \rightarrow B' $, $ C \rightarrow C' $

#### Punkt A:
- $ A(1, 2) \rightarrow A'(-1, 2) $
- Die x-Koordinate ändert sich von $ +1 $ auf $ -1 $ → das ist eine Spiegelung an der y-Achse.
- Die y-Koordinate bleibt gleich (bleibt 2).

#### Punkt B:
- $ B(4, 2) \rightarrow B'(-4, 2) $
- x-Koordinate: $ +4 \rightarrow -4 $ → wieder Spiegelung an der y-Achse
- y-Koordinate bleibt gleich

#### Punkt C:
- $ C(3, 5) \rightarrow C'(-3, 5) $
- x-Koordinate: $ +3 \rightarrow -3 $ → Spiegelung an der y-Achse
- y-Koordinate bleibt gleich

---

### Schritt 2: Fazit aus der Beobachtung

Bei allen drei Punkten wird die **x-Koordinate negiert**, während die **y-Koordinate gleich bleibt**. Das ist ein eindeutiges Zeichen für:

> **Eine Spiegelung an der y-Achse**

---

### Schritt 3: Mathematische Beschreibung der Transformation

Die allgemeine Regel für eine **Spiegelung an der y-Achse** lautet:

$$
(x, y) \mapsto (-x, y)
$$

Das bedeutet: Jeder Punkt wird an der senkrechten Achse (y-Achse) gespiegelt.

---

### ✅ Antwort:

Das Dreieck $ ABC $ wird durch eine **Spiegelung an der y-Achse** auf das Dreieck $ A'B'C' $ abgebildet.

Oder in mathematischer Form:

> Die Transformation ist eine **Spiegelung an der y-Achse**, beschrieben durch die Abbildungsvorschrift:
>
> $$
(x, y) \mapsto (-x, y)
$$"
"Geometry","symmetries and mappings","G","Schreibe die 2×2-Matrix, die eine Drehung um 90° im Uhrzeigersinn um den Ursprung durchführt.","Um eine **Drehung um 90° im Uhrzeigersinn um den Ursprung** in einer **2×2-Matrix** darzustellen, müssen wir verstehen, wie sich die Standardbasisvektoren beim Drehen verhalten.

---

### 📌 Grundlagen:

Eine lineare Abbildung (wie eine Drehung) in der Ebene kann durch eine **2×2-Matrix** beschrieben werden. Um die Matrix zu finden, betrachten wir, was mit den Einheitsvektoren passiert:

- $ \vec{e}_x = \begin{pmatrix} 1 \\ 0 \end{pmatrix} $
- $ \vec{e}_y = \begin{pmatrix} 0 \\ 1 \end{pmatrix} $

---

### 🔁 Drehung um 90° **im Uhrzeigersinn**:

- Der Vektor $ \vec{e}_x = \begin{pmatrix} 1 \\ 0 \end{pmatrix} $ wird zu $ \begin{pmatrix} 0 \\ -1 \end{pmatrix} $
- Der Vektor $ \vec{e}_y = \begin{pmatrix} 0 \\ 1 \end{pmatrix} $ wird zu $ \begin{pmatrix} 1 \\ 0 \end{pmatrix} $

Die Bilder dieser Basisvektoren bilden dann die Spalten der Matrix.

---

### ✅ Die gesuchte Drehmatrix ist also:

$$
\begin{pmatrix}
0 & 1 \\
-1 & 0
\end{pmatrix}
$$

---

### 🧪 Beispiel:

Wende diese Matrix auf einen Punkt $ \vec{v} = \begin{pmatrix} x \\ y \end{pmatrix} $ an:

$$
\begin{pmatrix}
0 & 1 \\
-1 & 0
\end{pmatrix}
\cdot
\begin{pmatrix}
x \\
y
\end{pmatrix}
=
\begin{pmatrix}
y \\
-x
\end{pmatrix}
$$

Das Ergebnis ist tatsächlich eine Drehung um 90° **im Uhrzeigersinn**.

---

### 🔄 Vergleich: Drehung gegen den Uhrzeigersinn (Linksdrehung):

Für 90° **gegen den Uhrzeigersinn** wäre die Matrix:

$$
\begin{pmatrix}
0 & -1 \\
1 & 0
\end{pmatrix}
$$

---

Falls du noch mehr zu Drehmatrizen oder andere Transformationen wissen willst, helfe ich gerne weiter! 😊"
"Geometry","symmetries and mappings","G","Wende die Inverse der Matrix [[2, 0], [0, 2]] auf den Punkt (8, -4) an und bestimme die resultierenden Koordinaten.","Um diese Matheaufgabe zu lösen, musst du die **Inverse der Matrix** bilden und sie dann auf den Punkt $(8, -4)$ anwenden. Lass uns das Schritt für Schritt durchgehen.

---

### 🔷 Gegebene Matrix:
$$
A = \begin{bmatrix} 2 & 0 \\ 0 & 2 \end{bmatrix}
$$

### 🟢 Ziel:
Wende die **Inverse der Matrix $ A^{-1} $** auf den Punkt $ (8, -4) $ an, also:

$$
A^{-1} \cdot \begin{bmatrix} 8 \\ -4 \end{bmatrix}
$$

---

## ✅ Schritt 1: Inverse der Matrix berechnen

Für eine **2×2-Matrix**  
$$
\begin{bmatrix} a & b \\ c & d \end{bmatrix}
$$  
ist die Inverse gegeben durch:

$$
\frac{1}{ad - bc} \cdot \begin{bmatrix} d & -b \\ -c & a \end{bmatrix}
$$

In unserem Fall:

$$
a = 2,\quad b = 0,\quad c = 0,\quad d = 2
$$

Die **Determinante** ist:

$$
\det(A) = ad - bc = 2 \cdot 2 - 0 \cdot 0 = 4
$$

Also ist die Inverse:

$$
A^{-1} = \frac{1}{4} \cdot \begin{bmatrix} 2 & 0 \\ 0 & 2 \end{bmatrix}
= \begin{bmatrix} \frac{1}{2} & 0 \\ 0 & \frac{1}{2} \end{bmatrix}
$$

---

## ✅ Schritt 2: Matrix mit dem Punkt multiplizieren

Jetzt wenden wir $ A^{-1} $ auf den Vektor $ \begin{bmatrix} 8 \\ -4 \end{bmatrix} $ an:

$$
\begin{bmatrix} \frac{1}{2} & 0 \\ 0 & \frac{1}{2} \end{bmatrix}
\cdot
\begin{bmatrix} 8 \\ -4 \end{bmatrix}
=
\begin{bmatrix}
\frac{1}{2} \cdot 8 + 0 \cdot (-4) \\
0 \cdot 8 + \frac{1}{2} \cdot (-4)
\end{bmatrix}
=
\begin{bmatrix}
4 \\
-2
\end{bmatrix}
$$

---

## ✅ Endergebnis:

Die resultierenden Koordinaten sind:
$$
\boxed{(4, -2)}
$$

Das bedeutet: Wenn du den Punkt $ (8, -4) $ mit der inversen Matrix $ A^{-1} $ transformierst, erhältst du den Punkt $ (4, -2) $."
"Geometry","symmetries and mappings","G","Das Quadrat A hat die Ecken (0,0), (0,2), (2,2) und (2,0); das Quadrat B hat die Ecken (1,1), (1,3), (3,3) und (3,1). Beschreibe die Transformation, die A zu B abbildet.","Um die Transformation zu beschreiben, die Quadrat A in Quadrat B überführt, analysieren wir zunächst die Koordinaten der Ecken beider Quadrate:

### Gegebene Punkte:
- **Quadrat A:**  
  (0,0), (0,2), (2,2), (2,0)  
  → Es liegt im Ursprung und hat eine Seitenlänge von 2 Einheiten.

- **Quadrat B:**  
  (1,1), (1,3), (3,3), (3,1)  
  → Es ist ebenfalls 2×2 Einheiten groß, aber **verschoben** gegenüber Quadrat A.

---

## Schritt-für-Schritt-Transformation

### 1. **Formvergleich**
Beide Quadrate sind gleich groß und haben die gleiche Ausrichtung (keine Drehung oder Spiegelung). Das bedeutet, dass **nur eine Verschiebung (Translation)** vorliegt.

---

### 2. **Verschiebungsvektor bestimmen**

Wir vergleichen z. B. den Punkt (0,0) aus Quadrat A mit dem entsprechenden Punkt (1,1) aus Quadrat B:

$$
\vec{v} = (1 - 0,\ 1 - 0) = (1,\ 1)
$$

Das bedeutet: Jeder Punkt des Quadrats A wird um **1 Einheit nach rechts** und **1 Einheit nach oben** verschoben.

---

### 3. **Überprüfung an anderen Punkten**

Testen wir das für einen weiteren Punkt:

- (2,0) → (3,1):  
  $$
  (2 + 1,\ 0 + 1) = (3,\ 1)
  $$

- (0,2) → (1,3):  
  $$
  (0 + 1,\ 2 + 1) = (1,\ 3)
  $$

Stimmt auch.

---

## ✅ Fazit:

Die Transformation, die Quadrat A auf Quadrat B abbildet, ist eine **Translation (Verschiebung)** um den Vektor:

$$
\vec{v} = \begin{pmatrix} 1 \\ 1 \end{pmatrix}
$$

### In Worten:
> Verschiebe das Quadrat A um 1 Einheit nach rechts und 1 Einheit nach oben.

Wenn du möchtest, kann ich dir auch zeigen, wie man das mathematisch als Funktion darstellt."
"Geometry","symmetries and mappings","G","Figur A hat den Eckpunkt (1, 1), der bei einer Drehung um 180° nach (–1, –1) abgebildet wird. Bestimme den Drehpunkt dieser Drehung.","Um den **Drehpunkt** einer Drehung zu finden, wenn ein Punkt durch eine **180°-Drehung** auf einen anderen Punkt abgebildet wird, kannst du folgendermaßen vorgehen:

---

### Gegeben:
- **Ursprünglicher Punkt**: $ A = (1, 1) $
- **Gedrehter Punkt**: $ A' = (-1, -1) $
- **Drehwinkel**: $ 180^\circ $

---

### Wissen:
Bei einer **Drehung um 180°** um einen Punkt $ Z $ (den Drehzentrum) ist der Bildpunkt $ A' $ immer so angeordnet, dass der Drehpunkt $ Z $ genau **in der Mitte zwischen $ A $ und $ A' $** liegt.

Das bedeutet:  
Der Drehpunkt $ Z $ ist der **Mittelpunkt der Strecke $ AA' $**.

---

### Formel für den Mittelpunkt zweier Punkte:
Wenn du zwei Punkte $ A = (x_1, y_1) $ und $ A' = (x_2, y_2) $ hast, dann ist der Mittelpunkt:

$$
Z = \left( \frac{x_1 + x_2}{2}, \frac{y_1 + y_2}{2} \right)
$$

---

### Einsetzen der Werte:
$ A = (1, 1) $, $ A' = (-1, -1) $

$$
Z = \left( \frac{1 + (-1)}{2}, \frac{1 + (-1)}{2} \right) = \left( \frac{0}{2}, \frac{0}{2} \right) = (0, 0)
$$

---

### ✅ Lösung:
Der **Drehpunkt** ist der Ursprung:  
$$
\boxed{(0, 0)}
$$

Das heißt: Der Punkt $ (1, 1) $ wurde um den **Koordinatenursprung (0, 0)** um 180° gedreht und landet bei $ (-1, -1) $."
"Geometry","symmetries and mappings","H","Liste alle 8 Symmetrien (4 Drehungen, 4 Spiegelungen) auf, die ein Quadrat mit den Ecken (±1, ±1) unverändert lassen.","Um alle **8 Symmetrien** eines Quadrats mit den Ecken $(\pm1, \pm1)$ aufzulisten, musst du dir überlegen, wie man das Quadrat drehen oder spiegeln kann, ohne dass es seine Form oder Lage ändert – also welche Transformationen es **auf sich selbst abbilden**.

Das Quadrat liegt in der Ebene und ist achsensymmetrisch zum Ursprung. Die Ecken sind:

- $A = (1, 1)$  
- $B = (-1, 1)$  
- $C = (-1, -1)$  
- $D = (1, -1)$

---

## 🔁 Symmetrien des Quadrats

Ein Quadrat hat **insgesamt 8 Symmetrien**, die es auf sich selbst abbilden:  
- **4 Drehungen**
- **4 Spiegelungen**

Diese bilden eine Gruppe, die sogenannte **Diedergruppe $D_4$**.

---

## 🔄 Drehungen um den Mittelpunkt (Ursprung)

Die Drehung erfolgt immer **gegen den Uhrzeigersinn** (mathematisch positiv) um den Ursprung $(0, 0)$.

### 1. Drehung um **0°** (Identität)
- Jede Ecke bleibt an ihrem Platz.
- Schreibweise: $\text{id}$ oder $r_0$

### 2. Drehung um **90°**
- $A \to B$
- $B \to C$
- $C \to D$
- $D \to A$

### 3. Drehung um **180°**
- $A \leftrightarrow C$
- $B \leftrightarrow D$

### 4. Drehung um **270°**
- $A \to D$
- $D \to C$
- $C \to B$
- $B \to A$

---

## 🔷 Spiegelungen

Es gibt **vier Spiegelachsen** bei einem Quadrat:

1. **Vertikale Achse** durch $(0, 1)$ und $(0, -1)$
2. **Horizontale Achse** durch $(1, 0)$ und $(-1, 0)$
3. **Diagonale von links oben nach rechts unten**: von $B$ nach $D$
4. **Diagonale von rechts oben nach links unten**: von $A$ nach $C$

### 5. Spiegelung an der **vertikalen Achse**
- $A \leftrightarrow D$
- $B \leftrightarrow C$

### 6. Spiegelung an der **horizontalen Achse**
- $A \leftrightarrow B$
- $D \leftrightarrow C$

### 7. Spiegelung an der **Diagonalen von $B$ nach $D$**
- $A \leftrightarrow C$
- $B$, $D$ bleiben fest

### 8. Spiegelung an der **Diagonalen von $A$ nach $C$**
- $B \leftrightarrow D$
- $A$, $C$ bleiben fest

---

## ✅ Zusammenfassung der 8 Symmetrien

| Nr. | Typ           | Beschreibung                                      |
|-----|----------------|---------------------------------------------------|
| 1   | Drehung        | 0° (Identität)                                    |
| 2   | Drehung        | 90° gegen den Uhrzeigersinn                       |
| 3   | Drehung        | 180°                                              |
| 4   | Drehung        | 270° gegen den Uhrzeigersinn                      |
| 5   | Spiegelung     | Vertikale Achse                                   |
| 6   | Spiegelung     | Horizontale Achse                                 |
| 7   | Spiegelung     | Diagonale von $B$ nach $D$                      |
| 8   | Spiegelung     | Diagonale von $A$ nach $C$                      |

---

Wenn du möchtest, kann ich dir auch zeigen, wie du diese Symmetrien als **Permutationen der Ecken** oder **Matrizen** darstellen kannst. Sag einfach Bescheid!"
"Geometry","symmetries and mappings","H","Bestimme die Ordnung der Symmetriegruppe eines regelmäßigen Sechsecks mit einer Seitenlänge von 5 cm.","Um die **Ordnung der Symmetriegruppe eines regelmäßigen Sechsecks** zu bestimmen, müssen wir alle **Symmetrien (Abbildungen, die das Sechseck auf sich selbst abbilden)** zählen.

---

### 🧠 Grundlagen:

Die **Symmetriegruppe eines regelmäßigen n-Ecks** ist auch bekannt als die **Diedergruppe $ D_n $**.  
Diese Gruppe enthält zwei Arten von Symmetrien:

1. **Rotationen** um den Mittelpunkt des Sechsecks.
2. **Spiegelungen** an bestimmten Achsen durch das Sechseck.

---

### 🔢 Wie viele Symmetrien hat ein regelmäßiges Sechseck?

Ein **regelmäßiges Sechseck** hat:
- **6 Rotationen**, nämlich:
  - Drehungen um $ 0^\circ, 60^\circ, 120^\circ, 180^\circ, 240^\circ, 300^\circ $
  - (jeweils um den Mittelpunkt des Sechsecks)
- **6 Spiegelungen**, nämlich:
  - 3 Spiegelachsen durch gegenüberliegende Ecken
  - 3 Spiegelachsen durch die Mittelpunkte gegenüberliegender Seiten

➡️ **Insgesamt also:**  
$ 6 $ (Rotationen) + $ 6 $ (Spiegelungen) = **12 Symmetrien**

---

### ✅ Antwort:

Die **Ordnung der Symmetriegruppe** des regelmäßigen Sechsecks ist also:

$$
\boxed{12}
$$

Die Seitenlänge (5 cm) spielt hier keine Rolle, da es nur um die Anzahl der Symmetrien geht – nicht um Längen oder Winkelgrößen.

---

Falls du magst, kann ich dir auch gerne zeigen, wie man diese Symmetrien als Gruppe beschreibt (z.B. mit Erzeugenden und Relationen), oder wie sie sich verhalten, wenn man sie hintereinander ausführt. Sag einfach Bescheid! 😊"
"Geometry","symmetries and mappings","H","Wenden Sie die Matrix [[1, 0], [0, –1]] auf das Dreieck DEF mit den Eckpunkten D(2, 1), E(4, 3), F(2, 4) an und geben Sie die Koordinaten des Bildes an.","Um die Matheaufgabe zu lösen, wendest du eine **lineare Abbildung (hier eine Spiegelung)** mithilfe der Matrix  
$$
A = \begin{bmatrix} 1 & 0 \\ 0 & -1 \end{bmatrix}
$$  
auf das Dreieck mit den Punkten $ D(2, 1), E(4, 3), F(2, 4) $ an.

---

### 📌 Was bedeutet das?
Die gegebene Matrix ist eine **Spiegelung an der x-Achse**, denn sie ändert das Vorzeichen der y-Koordinate, während die x-Koordinate gleich bleibt:

$$
\begin{bmatrix} x' \\ y' \end{bmatrix} = 
\begin{bmatrix} 1 & 0 \\ 0 & -1 \end{bmatrix} \cdot 
\begin{bmatrix} x \\ y \end{bmatrix} =
\begin{bmatrix} x \\ -y \end{bmatrix}
$$

---

### ✏️ Schritt-für-Schritt: Jeden Punkt abbilden

#### 🔹 Punkt D(2, 1):
$$
D' = \begin{bmatrix} 1 & 0 \\ 0 & -1 \end{bmatrix} \cdot \begin{bmatrix} 2 \\ 1 \end{bmatrix} = \begin{bmatrix} 2 \\ -1 \end{bmatrix} \Rightarrow D'(2, -1)
$$

#### 🔹 Punkt E(4, 3):
$$
E' = \begin{bmatrix} 1 & 0 \\ 0 & -1 \end{bmatrix} \cdot \begin{bmatrix} 4 \\ 3 \end{bmatrix} = \begin{bmatrix} 4 \\ -3 \end{bmatrix} \Rightarrow E'(4, -3)
$$

#### 🔹 Punkt F(2, 4):
$$
F' = \begin{bmatrix} 1 & 0 \\ 0 & -1 \end{bmatrix} \cdot \begin{bmatrix} 2 \\ 4 \end{bmatrix} = \begin{bmatrix} 2 \\ -4 \end{bmatrix} \Rightarrow F'(2, -4)
$$

---

### ✅ Ergebnis:
Die Koordinaten des Bildes des Dreiecks nach Anwenden der Matrix sind:

- $ D'(2, -1) $
- $ E'(4, -3) $
- $ F'(2, -4) $

Das neue Dreieck ist also eine **Spiegelung des ursprünglichen Dreiecks an der x-Achse**.

Wenn du möchtest, kann ich dir auch zeigen, wie du das grafisch darstellen kannst oder weitere Transformationen erklären. 😊"
"Geometry","measuring and calculating","B","Miss die Linie in Zentimetern: ______ cm","Natürlich! Um die Aufgabe **„Miss die Linie in Zentimetern: ______ cm“** zu lösen, brauchst du ein **Lineal** oder einen **Maßstab**, mit dem du Längen messen kannst. Hier ist eine Schritt-für-Schritt-Anleitung:

---

### 📏 **Schritt 1: Finde die Linie**
Suche dir die Linie, die du messen sollst. Sie könnte z. B. so aussehen:

```
________________
```

Das ist deine „Linie“, die du jetzt in **Zentimetern (cm)** messen musst.

---

### 📏 **Schritt 2: Nimm ein Lineal zur Hand**
Nimm ein Lineal oder Geodreieck. Achte darauf, dass es Zentimeter-Einteilungen hat (meistens mit Nummern wie 1, 2, 3 … markiert).

---

### 📏 **Schritt 3: Lege das Lineal richtig an**
Lege das Lineal so an die Linie, dass:
- Die **0-Markierung** des Lineals am **Anfang der Linie** liegt.
- Das Lineal **parallel zur Linie** verläuft.

---

### 📏 **Schritt 4: Lies die Länge ab**
Schau, bis zu welcher Markierung auf dem Lineal die Linie geht. Lies die Zahl in **Zentimetern** ab.

Beispiel:
- Wenn die Linie bis zur **5-cm-Marke** reicht, dann schreibst du:  
  **5 cm**

Wenn die Linie z. B. bis zwischen 4 und 5 cm geht, zählst du auch die kleineren Striche (Millimeter):
- Jeder kleine Strich = 1 mm
- 10 mm = 1 cm

Also z. B.:
- Bis zum 4. großen Strich und zwei kleine dazwischen → **4,2 cm**

---

### 📏 **Schritt 5: Fülle die Lücke aus**
Jetzt setzt du deine gemessene Länge in die Lücke ein:

> Miss die Linie in Zentimetern: **___ cm**

➡️ Wenn du z. B. 6 cm gemessen hast, schreibst du:

> Miss die Linie in Zentimetern: **6 cm**

---

### 💡 Tipp:
Falls du kein Lineal hast, könntest du auch einen Gegenstand verwenden, dessen Länge du kennst (z. B. ein Kuli ist oft ca. 15 cm lang), um grob abzuschätzen. Aber für genaue Messung brauchst du ein Lineal!

---

Möchtest du mir die Linie beschreiben oder skizzieren? Dann kann ich dir helfen, sie virtuell zu messen. 😊"
"Geometry","measuring and calculating","B","Wie viele Schritte führst du von der Tür zu deinem Platz? ______","Klar! Die Aufgabe **„Wie viele Schritte führst du von der Tür zu deinem Platz? ______“** ist eine Frage, die dich dazu auffordert, eine **Messung oder Schätzung** in deiner Klasse durchzuführen.

Hier ist, wie du sie lösen kannst:

---

### 🧭 Schritt-für-Schritt-Anleitung:

#### 1. **Startpunkt bestimmen:**
- Gehe zur **Tür des Klassenraums** – das ist dein Startpunkt.

#### 2. **Zielort bestimmen:**
- Dein Ziel ist **dein Sitzplatz im Unterricht**.

#### 3. **Gehe normal – zähle deine Schritte:**
- Laufe **normal** (wie du es jeden Tag tust) von der Tür zu deinem Platz.
- Zähle dabei **jeden Schritt**, den du machst – vom ersten Schritt nach Betreten des Raumes bis zu deinem Platz.

> 💡 Tipp: Du kannst auch einen Mitschüler bitten, mitzuzählen, wenn du dich beim Zählen leicht verläufst.

#### 4. **Ergebnis notieren:**
- Trage die Anzahl der Schritte in die Linie ein:
  
  > Wie viele Schritte führst du von der Tür zu deinem Platz? **______**

---

### 🤔 Warum macht man so eine Aufgabe?

Diese Art von Aufgabe dient dazu, dir bewusst zu machen:
- Wie man Entfernungen schätzen oder messen kann.
- Dass man nicht immer Meter oder Lineale braucht – manchmal reichen eigene Schritte.
- Dass jeder Mensch unterschiedlich große Schritte hat.

---

### 📏 Zusatzidee (für Profis 😊):

Wenn ihr in der Klasse mehrere Leute sind, könnt ihr alle die Schritte zählen und vergleichen:
- Wer kommt mit den wenigsten Schritten aus?
- Wer braucht die meisten?
- Warum ist das so?

---

Wenn du magst, kannst du mir sagen, wo deine Tür ist und wo dein Platz steht – dann helfe ich dir, es grob abzuschätzen, wenn du z. B. noch nicht im Unterricht bist. 😊"
"Geometry","measuring and calculating","B","Umkreise die Einheit, die du verwenden würdest, um ein Buch zu messen: A) Liter B) Meter C) Zentimeter","Um diese Matheaufgabe zu lösen, musst du überlegen, **welche Einheit geeignet ist, um die Größe eines Buches zu messen**.

### Schauen wir uns die Antwortmöglichkeiten an:

- **A) Liter (L)**  
  → Liter ist eine Einheit für **Volumen**, also wie viel Flüssigkeit in etwas passt.  
  *Beispiel: Eine Flasche Saft enthält 1 Liter.*  
  ❌ Das misst man nicht mit einem Buch – das ist hier **falsch**.

- **B) Meter (m)**  
  → Meter ist eine Längeneinheit, aber sie ist eher für **größere Entfernungen oder Objekte** geeignet.  
  *Beispiel: Ein Raum ist 5 Meter lang.*  
  🤔 Für ein Buch ist Meter meist **zu ungenau**, da Bücher meist nur wenige Zentimeter groß sind. Also **nicht die beste Wahl**.

- **C) Zentimeter (cm)**  
  → Zentimeter ist auch eine Längeneinheit, aber feiner als Meter.  
  *Beispiel: Ein Buch ist etwa 20 cm hoch und 15 cm breit.*  
  ✅ Das ist **die passendste Einheit**, um die Größe eines Buches zu messen.

---

### 💡 Lösung:
Du würdest **C) Zentimeter** verwenden, um ein Buch zu messen.

✅ **Antwort: C) Zentimeter**

Wenn du dir unsicher bist, denke immer daran:  
➡️ **Liter = Flüssigkeiten**  
➡️ **Meter = große Strecken**  
➡️ **Zentimeter = kleine Gegenstände wie ein Buch**"
"Geometry","measuring and calculating","C","Berechne den Umfang eines Rechtecks mit den Seitenlängen 6 cm und 4 cm.","Klar! Ich erkläre dir Schritt für Schritt, wie du den **Umfang eines Rechtecks** berechnen kannst.

---

### 📐 Gegeben:
- Ein Rechteck mit den Seitenlängen:
  - $ a = 6 \, \text{cm} $
  - $ b = 4 \, \text{cm} $

---

### 🔁 Formel für den Umfang eines Rechtecks:

Der **Umfang $ U $** eines Rechtecks berechnet sich mit der Formel:

$$
U = 2 \cdot a + 2 \cdot b
$$

Das bedeutet: Du verdoppelst beide Seitenlängen und addierst sie.

---

### ➕ Einsetzen der Werte:

$$
U = 2 \cdot 6 \, \text{cm} + 2 \cdot 4 \, \text{cm}
$$

$$
U = 12 \, \text{cm} + 8 \, \text{cm}
$$

$$
U = 20 \, \text{cm}
$$

---

### ✅ Ergebnis:

Der **Umfang des Rechtecks beträgt $ 20 \, \text{cm} $**.

---

Wenn du willst, kann ich dir auch zeigen, wie man das am besten veranschaulicht oder weitere Beispiele durchgehen 😊."
"Geometry","measuring and calculating","C","Berechne die Fläche eines Quadrats mit einer Seitenlänge von 5 cm.","Klar! Um die Fläche eines Quadrats zu berechnen, brauchst du nur eine einfache Formel:

### **Formel:**
$$
\text{Fläche} = \text{Seitenlänge} \times \text{Seitenlänge}
$$

Oder kürzer:
$$
A = a \cdot a = a^2
$$

Dabei ist $ a $ die Länge einer Seite des Quadrats.

---

### **Gegeben:**
Seitenlänge $ a = 5 \, \text{cm} $

---

### **Berechnung:**
$$
A = 5 \, \text{cm} \cdot 5 \, \text{cm} = 25 \, \text{cm}^2
$$

---

### **Antwort:**
Die Fläche des Quadrats beträgt **25 Quadratzentimeter (cm²)**.

Wenn du noch weitere Fragen hast oder auch die Umfangsberechnung wissen willst, sag einfach Bescheid! 😊"
"Geometry","measuring and calculating","C","Eine Fläche hat eine Größe von 36 cm² und eine Länge von 6 cm. Wie groß ist die Breite?","Um die Breite einer Fläche zu berechnen, wenn du die **Fläche (A)** und die **Länge (l)** kennst, kannst du die Formel für den **Flächeninhalt eines Rechtecks** verwenden:

$$
A = l \cdot b
$$

Dabei ist:
- $ A $ der Flächeninhalt (hier 36 cm²),
- $ l $ die Länge (hier 6 cm),
- $ b $ die Breite (das ist gesucht).

### Schritt-für-Schritt-Lösung:

1. Setze die bekannten Werte in die Formel ein:

$$
36\,\text{cm}^2 = 6\,\text{cm} \cdot b
$$

2. Um die Breite $ b $ zu finden, teile beide Seiten durch 6 cm:

$$
b = \frac{36\,\text{cm}^2}{6\,\text{cm}}
$$

3. Rechne das aus:

$$
b = 6\,\text{cm}
$$

### Ergebnis:
Die **Breite beträgt 6 cm**.

Wenn du noch weitere Fragen hast oder andere Aufgaben brauchst, helfe ich dir gerne! 😊"
"Geometry","measuring and calculating","C","Ist ein 45° Winkel kleiner oder größer als ein rechter Winkel?","Klar! Lass uns die Aufgabe Schritt für Schritt durchgehen:

### Frage:  
**Ist ein 45° Winkel kleiner oder größer als ein rechter Winkel?**

---

### Schritt 1: Was ist ein rechter Winkel?

Ein **rechter Winkel** beträgt immer genau **90 Grad (90°)**.  
Er kommt zum Beispiel in Quadraten oder Rechtecken an jeder Ecke vor.

---

### Schritt 2: Was ist ein 45° Winkel?

Ein **45-Grad-Winkel** ist ein spitzen Winkel, der **halbfertig geöffnet** ist – also noch nicht so weit wie ein rechter Winkel.

---

### Schritt 3: Vergleich

- Ein 45° Winkel hat **45 Grad**
- Ein rechter Winkel hat **90 Grad**

Also:
> **45° < 90°**

---

### ✅ Antwort:

Ein **45° Winkel ist kleiner** als ein rechter Winkel.

Wenn du willst, kann ich dir das auch mit einer Zeichnung oder Alltagsbeispielen erklären!"
"Geometry","measuring and calculating","D","Bestimme den Umfang eines Rechtecks mit einer Länge von 8 cm und einer Breite von 5 cm.","Klar! Um den **Umfang eines Rechtecks** zu berechnen, verwendest du folgende Formel:

$$
U = 2 \cdot (Länge + Breite)
$$

### Gegeben:
- Länge = 8 cm  
- Breite = 5 cm  

### Schritt für Schritt:
1. Setze die Werte in die Formel ein:
   $$
   U = 2 \cdot (8\,\text{cm} + 5\,\text{cm})
   $$

2. Addiere zuerst die Länge und die Breite:
   $$
   8\,\text{cm} + 5\,\text{cm} = 13\,\text{cm}
   $$

3. Multipliziere das Ergebnis mit 2:
   $$
   U = 2 \cdot 13\,\text{cm} = 26\,\text{cm}
   $$

### ✅ Lösung:
Der **Umfang des Rechtecks beträgt 26 cm**.

Wenn du noch weitere Fragen hast oder auch Fläche berechnen willst, helfe ich dir gerne! 😊"
"Geometry","measuring and calculating","D","Was ist das Volumen eines Würfels mit einer Seitenlänge von 4 cm?","Klar! Ich erkläre dir Schritt für Schritt, wie du das Volumen eines Würfels berechnen kannst.

---

### **Gegeben:**
- Seitenlänge des Würfels: **4 cm**

---

### **Formel für das Volumen eines Würfels:**

Ein Würfel hat **gleich lange Seiten**, also alle Kanten (Länge, Breite, Höhe) sind gleich lang.

Die Formel für das Volumen $ V $ eines Würfels lautet:

$$
V = a^3
$$

Dabei ist:
- $ a $ die Länge einer Seite
- $ a^3 $ bedeutet: $ a \cdot a \cdot a $

---

### **Einsetzen der gegebenen Seitenlänge:**

$$
V = 4^3 = 4 \cdot 4 \cdot 4 = 64
$$

---

### **Einheit nicht vergessen:**
Da die Seitenlänge in **Zentimetern (cm)** angegeben ist, ist das Volumen in **Kubikzentimetern (cm³):**

$$
V = 64\ \text{cm}^3
$$

---

### ✅ **Antwort:**
Das Volumen des Würfels beträgt **64 cm³**.

Wenn du noch mehr Übung brauchst oder weitere Körper berechnen willst, helfe ich dir gerne! 😊"
"Geometry","measuring and calculating","D","Ein Quadrat hat eine Fläche von 36 cm² – wie lang ist eine Seite?","Klar! Lass uns die Aufgabe gemeinsam lösen:

### Gegeben:
- Das Quadrat hat eine **Fläche von 36 cm²**.

### Gesucht:
- Die **Länge einer Seite** des Quadrats.

---

### Schritt 1: Kenntnis der Flächenformel für ein Quadrat

Die Fläche $ A $ eines Quadrats berechnet sich aus der Seitenlänge $ a $ wie folgt:

$$
A = a^2
$$

---

### Schritt 2: Bekannte Fläche einsetzen

Wir wissen, dass die Fläche $ A = 36 \, \text{cm}^2 $ ist. Setze das in die Formel ein:

$$
36 = a^2
$$

---

### Schritt 3: Nach $ a $ auflösen

Um $ a $ zu erhalten, ziehst du die **Wurzel** auf beiden Seiten:

$$
a = \sqrt{36}
$$

$$
a = 6
$$

---

### Ergebnis:

Die **Seitenlänge des Quadrats beträgt 6 cm**.

Fertig! 😊  
Wenn du willst, kann ich dir auch erklären, warum das mit der Wurzel funktioniert."
"Geometry","measuring and calculating","D","Miss und zeichne einen Winkel von 60°.","Klar! Um einen **Winkel von 60° zu messen und zu zeichnen**, brauchst du ein **Geodreieck** (auch Geometrie-Dreieck genannt). Hier ist eine Schritt-für-Schritt-Anleitung:

---

### 📏 **Materialien, die du benötigst:**
- Ein Geodreieck
- Ein Lineal oder die Kante des Geodreiecks
- Einen Bleistift
- Ein Blatt Papier

---

## ✏️ So zeichnest du einen 60°-Winkel:

### **Schritt 1: Zeichne den ersten Schenkel**
- Lege dein Geodreieck waagerecht auf das Blatt.
- Zeichne mit dem Lineal eine gerade Linie nach rechts. Das ist der **erste Schenkel** deines Winkels.

### **Schritt 2: Markiere den Scheitelpunkt**
- Der Punkt am Anfang der Linie ist der **Scheitelpunkt** des Winkels.

### **Schritt 3: Lege das Geodreieck richtig an**
- Lege das Geodreieck so an, dass der **Nullpunkt** auf dem Scheitelpunkt liegt und der erste Schenkel durch die Grundkante (die lange Seite) des Geodreiecks verläuft.

### **Schritt 4: Finde die 60°-Markierung**
- Auf dem Geodreieck gibt es eine Skala mit Winkelgraden (meistens innen und außen).
- Suche die **60°-Markierung** auf der richtigen Seite (je nachdem, ob du nach oben oder unten zeichnen willst).

> 💡 Tipp: Achte darauf, ob du die innere oder äußere Skala benutzen musst – das hängt davon ab, wie du das Geodreieck legst.

### **Schritt 5: Markiere den Punkt bei 60°**
- Setze einen kleinen Strich oder Punkt genau bei 60° an.

### **Schritt 6: Verbinde mit dem Scheitelpunkt**
- Verbinde nun diesen Punkt mit dem Scheitelpunkt – das ist dann der **zweite Schenkel** des Winkels.

---

## ✅ Fertig!
Du hast jetzt einen **60°-Winkel** gezeichnet. Du kannst ihn nochmal kurz überprüfen, indem du das Geodreieck wieder anlegst, um sicherzugehen, dass er wirklich 60° misst.

---

Wenn du noch nicht sicher bist, kann ich dir auch gerne eine **Skizze beschreiben** oder dir helfen, wie man das in einem bestimmten Programm macht (z. B. GeoGebra, Word oder Paint). Sag einfach Bescheid! 😊"
"Geometry","measuring and calculating","D","Bestimme den Umfang eines Kreises mit einem Durchmesser von 10 cm (verwende π ≈ 3,14).","Um den **Umfang eines Kreises** zu berechnen, verwendest du die folgende Formel:

$$
U = \pi \cdot d
$$

Dabei ist:

- $ U $ der **Umfang** des Kreises  
- $ \pi $ (Pi) ist etwa **3,14**  
- $ d $ ist der **Durchmesser** des Kreises  

---

### Gegeben:
- Durchmesser $ d = 10 \, \text{cm} $
- $ \pi \approx 3,14 $

---

### Einsetzen in die Formel:

$$
U = 3,14 \cdot 10 = 31,4
$$

---

### Ergebnis:
Der **Umfang des Kreises beträgt 31,4 cm**.

Falls du stattdessen den Radius gegeben hast (und nicht den Durchmesser), kannst du übrigens auch diese Formel verwenden:

$$
U = 2 \cdot \pi \cdot r
$$

Aber hier war der Durchmesser gegeben – also war die erste Formel genau richtig. 😊"
"Geometry","measuring and calculating","D","Wie viel Wasser passt in eine Kiste, die 10 cm lang, 6 cm breit und 4 cm hoch ist?","Um herauszufinden, wie viel **Wasser in die Kiste passt**, musst du das **Volumen** der Kiste berechnen. Das Volumen sagt dir, wie viel Platz in einem Körper ist — also z. B., wie viel Wasser hineinpasst.

### Gegeben:
- Länge: 10 cm  
- Breite: 6 cm  
- Höhe: 4 cm  

### Formel für das Volumen eines Quaders:
$$
V = \text{Länge} \times \text{Breite} \times \text{Höhe}
$$

### Einsetzen der Werte:
$$
V = 10\,\text{cm} \times 6\,\text{cm} \times 4\,\text{cm} = 240\,\text{cm}^3
$$

Das Volumen beträgt also **240 Kubikzentimeter (cm³)**.

---

### Umrechnung in Liter (weil Wasser meist in Litern gemessen wird):

Merke:
- 1 Liter = 1000 cm³  
- 1 cm³ = 1 Milliliter (ml)

Also:
$$
240\,\text{cm}^3 = 240\,\text{ml} = 0{,}24\,\text{Liter}
$$

---

### Antwort:
In die Kiste passen **240 ml Wasser**, also **0,24 Liter**.

Wenn du nur nach dem Volumen fragst, lautet die Antwort: **240 cm³**.  
Wenn es um die Wassermenge geht, kannst du sagen: **0,24 Liter** oder **240 ml**."
"Geometry","measuring and calculating","D","Ein rechtwinkliges Dreieck hat Katheten von 3 cm und 4 cm. Bestimme die Länge der Hypotenuse.","Super, du hast eine Aufgabe zum **rechtwinkligen Dreieck** und sollst die **Länge der Hypotenuse** berechnen. Dafür brauchst du den **Satz des Pythagoras**.

---

### 🔷 Gegeben:
- Ein rechtwinkliges Dreieck
- Die beiden **Katheten** sind 3 cm und 4 cm lang

---

### 📐 Satz des Pythagoras:

In einem rechtwinkligen Dreieck gilt:

$$
a^2 + b^2 = c^2
$$

Dabei sind:
- $ a $ und $ b $ die Längen der beiden Katheten
- $ c $ ist die Länge der Hypotenuse (die Seite gegenüber dem rechten Winkel)

---

### 🔢 Schritt-für-Schritt-Rechnung:

Setze die Werte in die Formel ein:

$$
3^2 + 4^2 = c^2
$$

$$
9 + 16 = c^2
$$

$$
25 = c^2
$$

Jetzt ziehst du die **Wurzel** aus beiden Seiten, um $ c $ zu erhalten:

$$
c = \sqrt{25} = 5
$$

---

### ✅ Ergebnis:

Die **Hypotenuse ist 5 cm** lang.

---

Wenn du willst, kann ich dir auch erklären, warum der Satz des Pythagoras funktioniert oder dir ähnliche Aufgaben zeigen 😊"
"Geometry","measuring and calculating","E","Ein Kreis hat einen Radius von 7 cm. Berechne den Umfang unter der Annahme, dass π ≈ 3,14.","Um den **Umfang eines Kreises** zu berechnen, verwendest du folgende Formel:

$$
U = 2 \cdot \pi \cdot r
$$

Dabei ist:
- $ U $ der Umfang,
- $ r $ der Radius des Kreises,
- $ \pi $ die Kreiszahl (Pi), und du darfst hier annehmen: $ \pi \approx 3{,}14 $.

---

### Gegeben:
- Radius $ r = 7 \, \text{cm} $
- $ \pi \approx 3{,}14 $

---

### Schritt-für-Schritt-Berechnung:

1. Setze die Werte in die Formel ein:

$$
U = 2 \cdot 3{,}14 \cdot 7
$$

2. Rechne zuerst $ 2 \cdot 3{,}14 $:

$$
2 \cdot 3{,}14 = 6{,}28
$$

3. Dann multipliziere mit 7:

$$
6{,}28 \cdot 7 = 43{,}96
$$

---

### Ergebnis:
Der **Umfang des Kreises** beträgt **ca. 43,96 cm**.

Wenn du möchtest, kannst du das auch auf eine Stelle nach dem Komma runden:  
→ **44,0 cm** oder einfach **44 cm**.

Fertig! 😊"
"Geometry","measuring and calculating","E","Ein Kreis hat einen Umfang von 18π cm. Wie groß ist sein Radius?","Um die Aufgabe zu lösen, nutzen wir die **Formel für den Umfang eines Kreises**:

$$
U = 2\pi r
$$

Dabei ist:
- $ U $ der Umfang,
- $ r $ der Radius,
- $ \pi $ die Kreiszahl (ungefähr 3,14159).

---

### Gegeben:
Der Umfang ist  
$$
U = 18\pi \ \text{cm}
$$

Setze das in die Formel ein:

$$
18\pi = 2\pi r
$$

---

### Schritt 1: Teile beide Seiten durch $ 2\pi $:

$$
\frac{18\pi}{2\pi} = r
$$

Die $ \pi $-Werte kürzen sich weg:

$$
\frac{18}{2} = r
$$

$$
r = 9
$$

---

### ✅ Lösung:
Der **Radius des Kreises beträgt 9 cm**.

--- 

Wenn du willst, kann ich dir auch erklären, wie man auf die Umfangsformel kommt!"
"Geometry","measuring and calculating","E","Ein Sehne von 6 cm liegt 2 cm vom Mittelpunkt eines Kreises entfernt. Bestimme den Radius des Kreises.","Um diese Aufgabe zu lösen, nutzen wir den **Satz des Pythagoras**. Die Situation ist folgende:

- Du hast einen Kreis mit einem **unbekannten Radius $ r $**.
- Eine **Sehne** (eine gerade Linie zwischen zwei Punkten auf dem Kreis) hat die Länge **6 cm**.
- Der **Abstand dieser Sehne vom Mittelpunkt** des Kreises beträgt **2 cm**.

### Schritt-für-Schritt-Erklärung:

1. **Zeichne eine Skizze im Geiste:**
   - Der Mittelpunkt des Kreises sei $ M $.
   - Die Sehne liegt waagerecht und wird von einem Lot aus dem Mittelpunkt **rechtwinklig halbiert**.
   - Der Abstand vom Mittelpunkt zur Sehne ist 2 cm (also ein senkrechter Abstand).
   - Die Sehne ist 6 cm lang ⇒ Jede Hälfte der Sehne ist also 3 cm lang.

2. **Du erhältst ein rechtwinkliges Dreieck:**
   - Die Hypotenuse ist der **Radius $ r $**.
   - Eine Kathete ist der **Abstand vom Mittelpunkt zur Sehne**: 2 cm.
   - Die andere Kathete ist die **halbe Sehnenlänge**: 3 cm.

3. **Wende nun den Satz des Pythagoras an:**

$$
r^2 = 2^2 + 3^2
$$

$$
r^2 = 4 + 9 = 13
$$

$$
r = \sqrt{13} \approx 3{,}61\,\text{cm}
$$

---

### ✅ **Ergebnis:**
Der **Radius des Kreises beträgt etwa $ \sqrt{13} \approx 3{,}61 \, \text{cm} $**.

Wenn du magst, kann ich dir das auch gerne mit einer Skizze oder Animation erklären – aber rein rechnerisch ist es wie oben beschrieben."
"Geometry","measuring and calculating","E","Berechne die Fläche eines Rechtecks (10 cm × 6 cm), das mit einem darauf liegenden Dreieck (Basis 10 cm, Höhe 4 cm) kombiniert ist.","Um die Gesamtfläche dieser zusammengesetzten Figur zu berechnen, betrachtest du sie am besten in **Teilen**: Ein **Rechteck** und ein darauf liegendes **Dreieck**. Danach addierst du die Flächeninhalte beider Figuren.

---

### 🔷 Gegebene Maße:
- Rechteck:  
  - Länge = 10 cm  
  - Breite = 6 cm  

- Dreieck:  
  - Basis = 10 cm (gleich lang wie das Rechteck)  
  - Höhe = 4 cm

---

### ✏️ Schritt 1: Fläche des Rechtecks berechnen
Die Formel für den Flächeninhalt eines Rechtecks ist:

$$
A_{\text{Rechteck}} = \text{Länge} \times \text{Breite}
$$

Einsetzen der Werte:

$$
A_{\text{Rechteck}} = 10 \, \text{cm} \times 6 \, \text{cm} = 60 \, \text{cm}^2
$$

---

### ✏️ Schritt 2: Fläche des Dreiecks berechnen
Die Formel für den Flächeninhalt eines Dreiecks ist:

$$
A_{\text{Dreieck}} = \frac{1}{2} \times \text{Basis} \times \text{Höhe}
$$

Einsetzen der Werte:

$$
A_{\text{Dreieck}} = \frac{1}{2} \times 10 \, \text{cm} \times 4 \, \text{cm} = \frac{1}{2} \times 40 = 20 \, \text{cm}^2
$$

---

### ✏️ Schritt 3: Gesamtfläche berechnen

$$
A_{\text{Gesamt}} = A_{\text{Rechteck}} + A_{\text{Dreieck}} = 60 \, \text{cm}^2 + 20 \, \text{cm}^2 = \mathbf{80 \, \text{cm}^2}
$$

---

### 🎯 Endergebnis:
Die gesamte Fläche der zusammengesetzten Figur beträgt **80 Quadratzentimeter**."
"Geometry","measuring and calculating","E","Berechne das Volumen eines Zylinders mit einem Radius von 5 cm und einer Höhe von 8 cm. Verwende die Formel V = πr²h.","Klar! Lass uns die Aufgabe Schritt für Schritt durchgehen. Du sollst das **Volumen eines Zylinders** berechnen, und du hast bereits die Formel gegeben:

$$
V = \pi r^2 h
$$

### Gegebene Werte:
- Radius $ r = 5 \, \text{cm} $
- Höhe $ h = 8 \, \text{cm} $

### Schritt 1: Setze die Werte in die Formel ein:
$$
V = \pi \cdot (5 \, \text{cm})^2 \cdot 8 \, \text{cm}
$$

### Schritt 2: Berechne $ r^2 $:
$$
(5 \, \text{cm})^2 = 25 \, \text{cm}^2
$$

### Schritt 3: Multipliziere mit der Höhe:
$$
25 \, \text{cm}^2 \cdot 8 \, \text{cm} = 200 \, \text{cm}^3
$$

### Schritt 4: Multipliziere mit π (Pi):
$$
V = \pi \cdot 200 \, \text{cm}^3 \approx 3,1416 \cdot 200 \approx 628,32 \, \text{cm}^3
$$

---

### ✅ Endergebnis:
Das Volumen des Zylinders beträgt ungefähr **628,32 cm³**.

Wenn du willst, kannst du auch einfach $ \pi $ als Symbol stehen lassen – dann wäre das Ergebnis:
$$
V = 200\pi \, \text{cm}^3
$$
Aber meistens wird nach einer Zahl gefragt, also rundest du wie oben zu **628,32 cm³**."
"Geometry","measuring and calculating","E","Eine Form besteht aus zwei gleich großen Halbrundungen an jedem Ende eines Rechtecks (6 cm × 2 cm). Berechne den gesamten Umfang.","Klar! Lass uns die Aufgabe Schritt für Schritt lösen.

### **Gegeben:**
- Ein Rechteck mit den Maßen **6 cm (Länge)** und **2 cm (Breite)**
- An jedem Ende des Rechtecks ist eine **Halbrundung** (also ein Halbkreis)
- Die beiden Halbkreise sind **gleich groß**

Du sollst den **gesamten Umfang** der zusammengesetzten Form berechnen.

---

### **1. Verständnis der Form:**
Stell dir vor:
- Du hast ein Rechteck, das 6 cm lang und 2 cm breit ist.
- An den beiden kurzen Seiten (die jeweils 2 cm breit sind), sind **Halbkreise** angefügt.
- Wenn du diese zwei Halbkreise zusammenfügst, ergeben sie insgesamt einen **vollen Kreis**.

Die wichtige Erkenntnis ist also:
> Der Umfang dieser Form besteht aus dem Umfang eines **vollen Kreises** + den **beiden langen Seiten des Rechtecks**.

Aber Achtung:  
Die **kurzen Seiten des Rechtecks (2 cm)** werden **nicht zum Umfang gezählt**, weil sie durch die Halbkreise ersetzt werden!

---

### **2. Was trägt zum Umfang bei?**

Der **Umfang** der gesamten Figur besteht aus:

- **Den beiden langen Seiten des Rechtecks:**  
  Das sind die oberen und unteren geraden Linien – je 6 cm lang → insgesamt also:
  $$
  2 \cdot 6\,\text{cm} = 12\,\text{cm}
  $$

- **Dem Umfang beider Halbkreise:**  
  Zwei Halbkreise ergeben einen ganzen Kreis. Also brauchen wir den **Umfang (Kreisumfang)** eines Kreises mit Durchmesser 2 cm.

#### **Berechnung des Kreisumfangs:**
Formel für den Umfang eines Kreises:
$$
U = \pi \cdot d
$$
oder
$$
U = 2\pi \cdot r
$$

Da der Durchmesser $ d = 2\,\text{cm} $, rechnen wir:
$$
U = \pi \cdot 2\,\text{cm} = 2\pi\,\text{cm}
$$

---

### **3. Gesamtumfang berechnen:**

Addiere nun:
- Die beiden langen Rechteckseiten: $12\,\text{cm}$
- Den Umfang des Kreises: $2\pi\,\text{cm}$

$$
\text{Gesamtumfang} = 12\,\text{cm} + 2\pi\,\text{cm}
$$

Wenn du eine Dezimalzahl willst, verwende $\pi \approx 3{,}14$:

$$
2\pi \approx 2 \cdot 3{,}14 = 6{,}28\,\text{cm}
$$

$$
\text{Gesamtumfang} \approx 12\,\text{cm} + 6{,}28\,\text{cm} = 18{,}28\,\text{cm}
$$

---

### ✅ **Antwort:**
- **Exakt:** $ \mathbf{12 + 2\pi\,\text{cm}} $
- **Gerundet:** $ \mathbf{\approx 18{,}28\,\text{cm}} $

Falls du noch eine Skizze hast oder weitere Fragen zur Geometrie, helfe ich gerne weiter!"
"Geometry","measuring and calculating","E","Verwende den Satz des Pythagoras, um die Hypotenuse eines rechtwinkligen Dreiecks zu berechnen, dessen Katheten 6 cm und 8 cm lang sind.","Klar! Ich erkläre dir Schritt für Schritt, wie du die **Hypotenuse** eines rechtwinkligen Dreiecks mit dem **Satz des Pythagoras** berechnen kannst.

---

### 🔷 Gegeben:
- Du hast ein **rechtwinkliges Dreieck**, also ein Dreieck mit einem 90°-Winkel.
- Die beiden Seiten, die am rechten Winkel liegen, heißen **Katheten**.  
  Sie sind **6 cm** und **8 cm** lang.
- Die Seite gegenüber dem rechten Winkel ist die **Hypotenuse** – das ist die Seite, die du suchst.

---

### 📐 Der Satz des Pythagoras lautet:

$$
a^2 + b^2 = c^2
$$

Dabei sind:
- $ a $ und $ b $ die Längen der **Katheten**
- $ c $ ist die Länge der **Hypotenuse**

---

### ✏️ Einsetzen der Werte:

Setze die Katheten $ a = 6 $ und $ b = 8 $ in die Formel ein:

$$
6^2 + 8^2 = c^2
$$

$$
36 + 64 = c^2
$$

$$
100 = c^2
$$

---

### ➕ Jetzt musst du die **Wurzel ziehen**, um $ c $ zu erhalten:

$$
c = \sqrt{100} = 10
$$

---

### ✅ Ergebnis:

Die **Hypotenuse ist 10 cm lang**.

---

### 💡 Merke:
- Der Satz des Pythagoras gilt **nur in rechtwinkligen Dreiecken**.
- Die Hypotenuse ist immer die **längste Seite** im Dreieck.

Wenn du noch mehr Beispiele oder eine Erklärung zur Umkehrung des Satzes brauchst, sag einfach Bescheid! 😊"
"Geometry","measuring and calculating","F","Ein Zylinder hat eine Höhe von 6 cm und einen Radius von 4 cm. Berechne die Oberfläche mit der Formel OA = 2πr² + 2πrh.","Gerne! Du sollst die **Oberfläche eines Zylinders** berechnen. Dafür hast du folgende Werte gegeben:

- Höhe $ h = 6 \, \text{cm} $
- Radius $ r = 4 \, \text{cm} $

Und dir wurde auch schon die Formel für die Oberfläche (OA) gegeben:

$$
OA = 2\pi r^2 + 2\pi r h
$$

Diese Formel besteht aus zwei Teilen:
1. $ 2\pi r^2 $: Die Fläche der beiden kreisförmigen Grundflächen.
2. $ 2\pi r h $: Die Mantelfläche (also die ""Seitenfläche"" des Zylinders).

---

### Schritt-für-Schritt-Berechnung:

Setze die Werte in die Formel ein:

$$
OA = 2\pi \cdot 4^2 + 2\pi \cdot 4 \cdot 6
$$

Berechne zuerst die einzelnen Terme:

1. $ 4^2 = 16 $
2. $ 2\pi \cdot 16 = 32\pi $
3. $ 2\pi \cdot 4 \cdot 6 = 48\pi $

Addiere dann:

$$
OA = 32\pi + 48\pi = 80\pi \, \text{cm}^2
$$

Wenn du einen gerundeten Wert willst, verwendest du $ \pi \approx 3{,}1416 $:

$$
OA \approx 80 \cdot 3{,}1416 = 251{,}33 \, \text{cm}^2
$$

---

### ✅ **Endergebnis:**
Die Oberfläche des Zylinders beträgt  
- **genau:** $ \mathbf{80\pi \, \text{cm}^2} $  
- **ungefähr:** $ \mathbf{251{,}33 \, \text{cm}^2} $

Falls du noch mehr solcher Aufgaben üben möchtest, helfe ich dir gerne weiter!"
"Geometry","measuring and calculating","F","Berechne das Volumen eines Kegels mit einem Radius von 3 cm und einer Höhe von 8 cm.","Natürlich! Um das **Volumen eines Kegels** zu berechnen, verwendest du folgende Formel:

$$
V = \frac{1}{3} \pi r^2 h
$$

Dabei sind:
- $ V $: das Volumen (in cm³)
- $ r $: der Radius der Grundfläche (in cm)
- $ h $: die Höhe des Kegels (in cm)
- $ \pi $: Kreiszahl (ungefähr 3,1416)

---

### Gegeben:
- Radius $ r = 3 \, \text{cm} $
- Höhe $ h = 8 \, \text{cm} $

Setze die Werte in die Formel ein:

$$
V = \frac{1}{3} \pi \cdot (3)^2 \cdot 8
$$

Zuerst rechnest du $ 3^2 = 9 $:

$$
V = \frac{1}{3} \pi \cdot 9 \cdot 8
$$

Dann multiplizierst du $ 9 \cdot 8 = 72 $:

$$
V = \frac{1}{3} \pi \cdot 72
$$

Jetzt teilst du durch 3:

$$
\frac{72}{3} = 24
$$

Also:

$$
V = 24 \pi
$$

Wenn du einen gerundeten Wert willst, setze $ \pi \approx 3{,}1416 $ ein:

$$
V \approx 24 \cdot 3{,}1416 = 75{,}3984 \, \text{cm}^3
$$

---

### ✅ Ergebnis:
Das Volumen des Kegels beträgt ungefähr **75,4 cm³**.

Falls du weitere Fragen hast oder auch die Oberfläche berechnen willst, helfe ich dir gerne!"
"Geometry","measuring and calculating","F","Ein rechteckiger Quader hat die Abmessungen 5 cm × 4 cm × 3 cm. Berechne sein Volumen und die Oberfläche.","Klar! Wir haben einen **rechteckigen Quader** mit den Abmessungen:

- Länge: 5 cm  
- Breite: 4 cm  
- Höhe: 3 cm  

### 🔹 1. Berechnung des **Volumens**

Das **Volumen $ V $** eines Quaders berechnet sich nach der Formel:

$$
V = \text{Länge} \times \text{Breite} \times \text{Höhe}
$$

Einsetzen der Werte:

$$
V = 5\,\text{cm} \times 4\,\text{cm} \times 3\,\text{cm} = 60\,\text{cm}^3
$$

✅ **Das Volumen beträgt also: 60 cm³**

---

### 🔹 2. Berechnung der **Oberfläche**

Die **Oberfläche $ O $** eines Quaders setzt sich aus den Flächen aller 6 Seiten zusammen. Da sich jeweils gegenüberliegende Seiten gleichen, verwenden wir folgende Formel:

$$
O = 2 \cdot (\text{Länge} \cdot \text{Breite} + \text{Länge} \cdot \text{Höhe} + \text{Breite} \cdot \text{Höhe})
$$

Einsetzen der Werte:

$$
O = 2 \cdot (5 \cdot 4 + 5 \cdot 3 + 4 \cdot 3)
$$

Zuerst die Produkte berechnen:

$$
O = 2 \cdot (20 + 15 + 12) = 2 \cdot 47 = 94
$$

✅ **Die Oberfläche beträgt also: 94 cm²**

---

### 🧾 Zusammenfassung:

- **Volumen:** 60 cm³  
- **Oberfläche:** 94 cm²

Falls du noch mehr zur Geometrie wissen willst – frag gern weiter! 😊"
"Geometry","measuring and calculating","F","Verwende Trigonometrie: In einem rechtwinkligen Dreieck berechne sin(θ), wenn die Gegenkathete = 5 und die Hypotenuse = 13 ist.","Klar! In einem **rechtwinkligen Dreieck** können wir mithilfe der **Trigonometrie** Winkelbeziehungen berechnen. Die Funktion **Sinus (sin)** ist dabei wie folgt definiert:

$$
\sin(\theta) = \frac{\text{Gegenkathete}}{\text{Hypotenuse}}
$$

### Gegeben:
- Gegenkathete = 5  
- Hypotenuse = 13  

### Gesucht:
- $\sin(\theta)$

### Lösung:
Setze die gegebenen Werte in die Formel ein:

$$
\sin(\theta) = \frac{5}{13}
$$

Das ist bereits das Ergebnis!

---

Wenn du später auch den **Winkel $\theta$** selbst berechnen willst, kannst du den **Arkussinus (sin⁻¹)** verwenden:

$$
\theta = \sin^{-1}\left(\frac{5}{13}\right)
$$

Mit dem Taschenrechner ergibt das ungefähr:

$$
\theta \approx \sin^{-1}(0{,}3846) \approx 22{,}6^\circ
$$

Aber für deine ursprüngliche Aufgabe reicht:

$$
\boxed{\sin(\theta) = \frac{5}{13}}
$$

Falls du weitere Fragen hast oder mehr zu Sinus, Kosinus & Co. wissen willst, helfe ich gerne! 😊"
"Geometry","measuring and calculating","F","Ein Dreieck hat die Seitenlängen 7 cm, 24 cm und 25 cm. Beweise, dass es sich um ein rechtwinkliges Dreieck handelt.","Um zu beweisen, dass ein Dreieck mit den Seitenlängen 7 cm, 24 cm und 25 cm **rechtwinklig** ist, kannst du den **Satz des Pythagoras** anwenden.

### 🔷 Satz des Pythagoras:
In einem rechtwinkligen Dreieck gilt:
$$
a^2 + b^2 = c^2
$$
Dabei sind:
- $ a $ und $ b $ die Längen der beiden kürzeren Seiten (Katheten),
- $ c $ die Länge der längsten Seite (Hypotenuse), **gegenüber dem rechten Winkel**.

---

### Schritt-für-Schritt:

1. Bestimme die längste Seite – das ist die Hypotenuse $ c $:
   - Gegebene Seiten: 7 cm, 24 cm, 25 cm
   - Längste Seite: **25 cm ⇒ c = 25**

2. Setze die anderen beiden Seiten in die Formel ein:
   - $ a = 7 $, $ b = 24 $, $ c = 25 $
   - Prüfe: Ist $ 7^2 + 24^2 = 25^2 $?

3. Berechne alle Quadrate:
   - $ 7^2 = 49 $
   - $ 24^2 = 576 $
   - $ 25^2 = 625 $

4. Addiere linke Seite:
   - $ 49 + 576 = 625 $

5. Vergleiche:
   - $ 625 = 625 $ → ✅ Gleichung stimmt!

---

### ✅ Fazit:
Da der Satz des Pythagoras erfüllt ist, handelt es sich bei dem Dreieck mit den Seitenlängen **7 cm, 24 cm und 25 cm** um ein **rechtwinkliges Dreieck**.

Wenn du willst, kann ich dir auch erklären, warum diese Zahlen (7, 24, 25) eine sogenannte **Pythagoreische Tripel** bilden. 😊"
"Geometry","measuring and calculating","G","In Dreieck ABC gelten die Winkel A = 40°, B = 65° und die Seite a = 10 cm. Verwende den Sinussatz, um die Seite b zu berechnen.","Um die Seite **b** in Dreieck ABC mit Hilfe des **Sinussatzes** zu berechnen, beginnen wir mit den gegebenen Werten:

- Winkel A = 40°  
- Winkel B = 65°  
- Seite a (gegenüber von Winkel A) = 10 cm  

Gesucht: Länge der Seite **b**, die gegenüber dem Winkel B liegt.

---

### 🔍 Schritt 1: Was ist der Sinussatz?

Der **Sinussatz** lautet:

$$
\frac{a}{\sin(A)} = \frac{b}{\sin(B)} = \frac{c}{\sin(C)}
$$

Er gilt für **beliebige Dreiecke**, nicht nur rechtwinklige.

---

### 🔢 Schritt 2: Setze die bekannten Werte ein

Du willst **b** berechnen und kennst bereits **a**, **A** und **B**. Also verwendest du:

$$
\frac{a}{\sin(A)} = \frac{b}{\sin(B)}
$$

Einsetzen:

$$
\frac{10}{\sin(40^\circ)} = \frac{b}{\sin(65^\circ)}
$$

---

### 🧮 Schritt 3: Nach b auflösen

Multipliziere beide Seiten mit $\sin(65^\circ)$:

$$
b = \frac{10 \cdot \sin(65^\circ)}{\sin(40^\circ)}
$$

---

### 📐 Schritt 4: Berechne die Werte

Benutze einen Taschenrechner oder eine App, um die Sinuswerte zu ermitteln:

- $\sin(65^\circ) \approx 0{,}9063$
- $\sin(40^\circ) \approx 0{,}6428$

Jetzt einsetzen:

$$
b = \frac{10 \cdot 0{,}9063}{0{,}6428} \approx \frac{9{,}063}{0{,}6428} \approx 14{,}10
$$

---

### ✅ Ergebnis:

Die Länge der Seite **b** beträgt ungefähr **14,10 cm**.

---

Falls du weitere Fragen hast, z.B. zur Herleitung des Sinussatzes oder anderen Dreiecksseiten – frag gerne nach! 😊"
"Geometry","measuring and calculating","G","In Dreieck XYZ beträgt die Seite x = 6 cm, die Seite y = 7 cm und der Winkel Z = 60°. Benutze den Kosinussatz, um die Seite z zu berechnen.","Um die fehlende Seite **z** im Dreieck XYZ zu berechnen, bei dem du zwei Seiten (x und y) und den eingeschlossenen Winkel Z = 60° gegeben hast, verwendest du den **Kosinussatz**.

### Gegeben:
- Seite **x** = 6 cm (liegt gegenüber Winkel X)
- Seite **y** = 7 cm (liegt gegenüber Winkel Y)
- Winkel **Z = 60°** (zwischen den Seiten x und y)

Du suchst also die Länge der Seite **z**, die gegenüber dem Winkel Z liegt.

---

### Kosinussatz:

Der Kosinussatz lautet in allgemeiner Form für ein Dreieck mit Seiten a, b, c und gegenüberliegendem Winkel γ:

$$
c^2 = a^2 + b^2 - 2ab \cdot \cos(\gamma)
$$

In deinem Fall sind:
- a = x = 6 cm  
- b = y = 7 cm  
- γ = Z = 60°  
- c = z (gesucht)

Also:

$$
z^2 = x^2 + y^2 - 2xy \cdot \cos(Z)
$$

Setze die Werte ein:

$$
z^2 = 6^2 + 7^2 - 2 \cdot 6 \cdot 7 \cdot \cos(60^\circ)
$$

Erinnere dich:  
$$
\cos(60^\circ) = 0{,}5
$$

Rechne Schritt für Schritt:

1. $ 6^2 = 36 $
2. $ 7^2 = 49 $
3. $ 2 \cdot 6 \cdot 7 = 84 $
4. $ \cos(60^\circ) = 0{,}5 \Rightarrow 84 \cdot 0{,}5 = 42 $

Jetzt alles einsetzen:

$$
z^2 = 36 + 49 - 42 = 43
$$

Jetzt ziehst du die Wurzel:

$$
z = \sqrt{43} \approx 6{,}56 \text{ cm}
$$

---

### ✅ Endergebnis:
Die Länge der Seite **z beträgt ungefähr 6,56 cm**.

Falls du weitere Fragen hast oder eine andere Seite oder Winkel berechnen willst, helfe ich gerne weiter!"
"Geometry","measuring and calculating","G","Berechne die Oberfläche einer Kugel mit einem Radius von 6 cm.","Um die **Oberfläche einer Kugel** zu berechnen, verwendest du eine feste Formel aus der Geometrie. Hier ist die Schritt-für-Schritt-Erklärung:

---

### 🔷 Gegebene Werte:
- Radius der Kugel: $ r = 6 \, \text{cm} $

---

### 📐 Formel für die Oberfläche einer Kugel:

$$
O = 4 \cdot \pi \cdot r^2
$$

Dabei ist:
- $ O $: Oberfläche (in Quadratcentimetern)
- $ r $: Radius der Kugel
- $ \pi $: Kreiszahl (ungefähr 3,14159)

---

### 🧮 Einsetzen des Radius in die Formel:

$$
O = 4 \cdot \pi \cdot (6 \, \text{cm})^2
$$

Zuerst berechnest du den Quadrat des Radius:

$$
(6 \, \text{cm})^2 = 36 \, \text{cm}^2
$$

Jetzt setzt du alles ein:

$$
O = 4 \cdot \pi \cdot 36 \, \text{cm}^2
$$

$$
O = 144 \cdot \pi \, \text{cm}^2
$$

Wenn du das mit dem Näherungswert von $ \pi \approx 3{,}1416 $ berechnest:

$$
O \approx 144 \cdot 3{,}1416 \approx 452{,}39 \, \text{cm}^2
$$

---

### ✅ Endergebnis:

Die **Oberfläche der Kugel beträgt ungefähr 452,39 cm²**.

Falls du einen genauen Wert mit π angeben sollst, schreibst du:

$$
O = 144\pi \, \text{cm}^2
$$

---

Hast du weitere Fragen oder brauchst du auch das Volumen? 😊"
"Geometry","measuring and calculating","G","Ein Kreis hat einen Radius von 10 cm. Bestimme die Länge eines Bogens, der von einem 60°-Winkel eingeschlossen wird.","Um die **Länge eines Kreisbogens** zu berechnen, der von einem bestimmten Winkel eingeschlossen wird, verwendest du folgende Formel:

$$
\text{Bogenlänge } b = \frac{\theta}{360^\circ} \cdot 2\pi r
$$

### Gegeben:
- Radius $ r = 10 \, \text{cm} $
- Winkel $ \theta = 60^\circ $

### Schritt-für-Schritt-Rechnung:

1. Setze die Werte in die Formel ein:

$$
b = \frac{60^\circ}{360^\circ} \cdot 2\pi \cdot 10
$$

2. Kürze den Bruch $ \frac{60}{360} = \frac{1}{6} $:

$$
b = \frac{1}{6} \cdot 2\pi \cdot 10
$$

3. Rechne weiter aus:

$$
b = \frac{1}{6} \cdot 20\pi = \frac{20\pi}{6} = \frac{10\pi}{3}
$$

4. Wenn du eine Dezimalzahl willst, rechnest du:

$$
b \approx \frac{10 \cdot 3{,}1416}{3} \approx \frac{31{,}416}{3} \approx 10{,}47 \, \text{cm}
$$

---

### ✅ **Ergebnis:**
Die Länge des Bogens beträgt  
- **exakt**: $ \frac{10\pi}{3} \, \text{cm} $  
- **ungefähr**: $ \approx 10{,}47 \, \text{cm} $

Wenn du weitere Fragen hast oder andere Winkel probieren willst, sag Bescheid!"
"Geometry","measuring and calculating","G","Bestimme den Umfang eines Dreiecks mit den Eckpunkten A(0, 0), B(3, 4) und C(6, 0).","Um den **Umfang eines Dreiecks** mit gegebenen **Eckpunkten in der Ebene** zu bestimmen, musst du die **Längen der drei Seiten** berechnen und diese dann **addieren**.

Gegeben sind die Punkte:

- $ A(0, 0) $
- $ B(3, 4) $
- $ C(6, 0) $

---

### 📐 Schritt 1: Berechne die Länge jeder Seite

Die **Abstandsformel** zwischen zwei Punkten $ P(x_1, y_1) $ und $ Q(x_2, y_2) $ ist:

$$
\text{Abstand} = \sqrt{(x_2 - x_1)^2 + (y_2 - y_1)^2}
$$

#### ✅ Seite $ AB $ (von A nach B):

$$
AB = \sqrt{(3 - 0)^2 + (4 - 0)^2} = \sqrt{9 + 16} = \sqrt{25} = 5
$$

#### ✅ Seite $ BC $ (von B nach C):

$$
BC = \sqrt{(6 - 3)^2 + (0 - 4)^2} = \sqrt{3^2 + (-4)^2} = \sqrt{9 + 16} = \sqrt{25} = 5
$$

#### ✅ Seite $ CA $ (von C nach A):

$$
CA = \sqrt{(6 - 0)^2 + (0 - 0)^2} = \sqrt{36 + 0} = \sqrt{36} = 6
$$

---

### ➕ Schritt 2: Umfang berechnen

$$
\text{Umfang} = AB + BC + CA = 5 + 5 + 6 = \mathbf{16}
$$

---

### ✅ **Antwort: Der Umfang des Dreiecks beträgt 16 Einheiten.**

Wenn du noch wissen willst, ob das Dreieck gleichseitig, gleichschenklig oder unregelmäßig ist – wir können auch das erkennen:

- Zwei Seiten sind gleich lang ($ AB = BC = 5 $), also ist es **gleichschenklig**."
"Geometry","measuring and calculating","G","Zwei Sehnen schneiden sich in einem Kreis und bilden einen Winkel von 35°. Die gegenüberliegenden Bögen messen 80° und 50°. Bestimme den Winkel zwischen den Sehnen.","Wir haben hier eine klassische Geometrie-Aufgabe zu **Kreiswinkeln und Sehnen**. Lass uns die Aufgabe Schritt für Schritt durchgehen.

---

### **Gegeben:**
- Zwei Sehnen eines Kreises schneiden sich in einem Punkt **innerhalb des Kreises**.
- Sie bilden einen Winkel von **35°**.
- Die gegenüberliegenden Bögen (also die Kreisbögen, die den Winkel *gegenüberliegen*) messen:
  - einer ist **80°**
  - der andere ist **50°**

---

### **Gesucht:**
Der **Winkel zwischen den beiden Sehnen**, also der Winkel im Schnittpunkt der Sehnen.

> Hinweis: Es scheint, dass du die Aufgabenstellung vielleicht etwas durcheinander wiedergegeben hast – es wird gesagt, der Winkel sei 35°, aber danach soll man ihn bestimmen. Daher interpretiere ich das so:

---

## 📌 Richtige Interpretation:

Du möchtest **einen Winkel bestimmen**, der von zwei sich schneidenden Sehnen in einem Kreis gebildet wird.  
Dabei sind dir die Größen der **gegenüberliegenden Bögen** gegeben:  
- Ein Bogen misst **80°**  
- Der dazu gegenüberliegende Bogen misst **50°**

---

## 🔍 Lösungsschritte:

### ✅ Erinnerung an den Satz:
> Wenn sich zwei Sehnen in einem Kreis schneiden, dann ist der **Winkel zwischen den Sehnen** gleich dem **halben Unterschied der gegenüberliegenden Bögen**.

Formel:

$$
\text{Winkel} = \frac{1}{2} \cdot (\text{Größerer Bogen} - \text{Kleinerer Bogen})
$$

### 🧮 Einsetzen:

- Größerer Bogen = 80°
- Kleinerer Bogen = 50°

$$
\text{Winkel} = \frac{1}{2} \cdot (80^\circ - 50^\circ) = \frac{1}{2} \cdot 30^\circ = 15^\circ
$$

---

## ✅ Ergebnis:

Der **Winkel zwischen den beiden Sehnen beträgt 15°**.

---

## 📝 Nochmal zur Klarheit:

Wenn zwei Sehnen sich innerhalb eines Kreises schneiden, dann gilt:

$$
\boxed{\text{Schnittwinkel} = \frac{1}{2} \cdot (\text{Differenz der gegenüberliegenden Bögen})}
$$

Das ist ein grundlegender Satz aus der Kreisgeometrie.

---

Wenn du willst, kann ich dir auch zeigen, warum diese Formel gilt (mit Skizze oder Herleitung), falls du das tiefer verstehen möchtest!"
"Geometry","measuring and calculating","H","Berechne die Oberfläche einer Kugel, die in einem Würfel mit einer Seitenlänge von 6 cm eingeschrieben ist.","Klar! Lass uns die Aufgabe Schritt für Schritt durchgehen:

---

### **Aufgabe:**
Berechne die **Oberfläche einer Kugel**, die in einem **Würfel mit Seitenlänge 6 cm** eingeschrieben ist.

---

### **Schritt 1: Verstehe, was „eingeschriebene Kugel“ bedeutet**

Wenn eine Kugel **in einen Würfel eingeschrieben** ist, dann **berührt die Kugel alle Seiten des Würfels**, an den Innenseiten. Das bedeutet:

- Der **Durchmesser der Kugel** ist **genau so groß wie die Seitenlänge des Würfels**.
  
Also:
> Durchmesser der Kugel = Seitenlänge des Würfels = 6 cm

---

### **Schritt 2: Bestimme den Radius der Kugel**

Der **Radius r** ist die Hälfte des Durchmessers:

$$
r = \frac{6\,\text{cm}}{2} = 3\,\text{cm}
$$

---

### **Schritt 3: Benutze die Formel für die Oberfläche einer Kugel**

Die **Oberfläche $ A $** einer Kugel berechnet sich nach der Formel:

$$
A = 4 \pi r^2
$$

Setze den Radius ein:

$$
A = 4 \pi (3)^2 = 4 \pi \cdot 9 = 36\pi\,\text{cm}^2
$$

---

### **Ergebnis:**

Die **Oberfläche der Kugel beträgt**:

$$
\boxed{36\pi\,\text{cm}^2} \quad \text{oder ungefähr } \boxed{113{,}10\,\text{cm}^2}
$$

(wenn du $\pi \approx 3{,}1416$ verwendest)

---

Falls du weitere Fragen hast oder auch das Volumen berechnen willst – gerne!"
"Geometry","measuring and calculating","H","Bestimme den Winkel zwischen den Ebenen x + y + z = 0 und x − y = 0.","Um den Winkel zwischen zwei Ebenen zu bestimmen, brauchst du die **Normalenvektoren** der Ebenen. Der Winkel zwischen den Ebenen ist nämlich gleich dem Winkel zwischen ihren Normalenvektoren.

---

### 📌 Gegebene Ebenen:

1. $ E_1: x + y + z = 0 $
2. $ E_2: x - y = 0 $

---

### 🔍 Schritt 1: Bestimme die Normalenvektoren

Die allgemeine Form einer Ebene ist:

$$
ax + by + cz + d = 0
\quad \Rightarrow \quad \vec{n} = \begin{pmatrix} a \\ b \\ c \end{pmatrix}
$$

Also:

- Für $ E_1: x + y + z = 0 $ → $ \vec{n}_1 = \begin{pmatrix} 1 \\ 1 \\ 1 \end{pmatrix} $
- Für $ E_2: x - y = 0 $ → $ \vec{n}_2 = \begin{pmatrix} 1 \\ -1 \\ 0 \end{pmatrix} $

---

### 🔢 Schritt 2: Winkel zwischen zwei Vektoren berechnen

Der Winkel $ \theta $ zwischen zwei Vektoren $ \vec{n}_1 $ und $ \vec{n}_2 $ wird mit folgender Formel berechnet:

$$
\cos(\theta) = \frac{\vec{n}_1 \cdot \vec{n}_2}{|\vec{n}_1| \cdot |\vec{n}_2|}
$$

#### ⚙️ Skalarprodukt:

$$
\vec{n}_1 \cdot \vec{n}_2 = 1 \cdot 1 + 1 \cdot (-1) + 1 \cdot 0 = 1 - 1 + 0 = 0
$$

Das Skalarprodukt ist **Null**, also sind die Vektoren **senkrecht zueinander**.

---

### ✅ Ergebnis:

Da das Skalarprodukt null ist:

$$
\cos(\theta) = 0 \quad \Rightarrow \quad \theta = 90^\circ
$$

---

### 🧠 Fazit:

Der **Winkel zwischen den beiden Ebenen beträgt $ \mathbf{90^\circ} $**.  
Die Ebenen stehen also **senkrecht aufeinander**.

Falls du noch mehr Details oder eine Visualisierung möchtest, sag Bescheid!"
"Geometry","measuring and calculating","H","Wenn der Winkel A die Bedingung sin²A + cos²A = 1 erfüllt und tanA = 3/4 ist, bestimme den Winkel A in Grad.","Die Aufgabe lautet:

> Wenn der Winkel $ A $ die Bedingung $ \sin^2 A + \cos^2 A = 1 $ erfüllt und $ \tan A = \frac{3}{4} $ ist, bestimme den Winkel $ A $ in Grad.

---

### Schritt 1: Verstehe die gegebenen Informationen

Du weißt:
- Der trigonometrische Pythagoras gilt immer:  
  $$ \sin^2 A + \cos^2 A = 1 $$
  Das ist also keine neue Information, sondern eine grundlegende Identität.
- Es gilt zusätzlich:  
  $$ \tan A = \frac{3}{4} $$

Erinnerung:  
$$
\tan A = \frac{\sin A}{\cos A}
$$

---

### Schritt 2: Nutze das Tangens, um Sinus und Cosinus zu finden

Da $ \tan A = \frac{3}{4} $, kannst du annehmen, dass:

$$
\sin A = \frac{3}{5}, \quad \cos A = \frac{4}{5}
$$

Warum? Weil dann:
$$
\tan A = \frac{\sin A}{\cos A} = \frac{3/5}{4/5} = \frac{3}{4}
$$
und außerdem:
$$
\sin^2 A + \cos^2 A = \left(\frac{3}{5}\right)^2 + \left(\frac{4}{5}\right)^2 = \frac{9}{25} + \frac{16}{25} = \frac{25}{25} = 1
$$

Also passt alles!

---

### Schritt 3: Bestimme den Winkel $ A $

Jetzt willst du den **Winkel $ A $** in **Grad** berechnen. Dafür verwendest du am einfachsten den **Arkustangens (tan⁻¹)**:

$$
A = \tan^{-1}\left( \frac{3}{4} \right)
$$

Das rechnest du mit dem Taschenrechner oder einem Tool aus:

$$
A \approx \tan^{-1}(0{,}75) \approx 36{,}87^\circ
$$

---

### ✅ Endgültige Antwort:

$$
\boxed{A \approx 36{,}87^\circ}
$$

Falls gefordert, kannst du auch auf ganze Grad runden:

$$
\boxed{A \approx 37^\circ}
$$"
"Geometry","measuring and calculating","H","Bestimmen Sie die Entfernung zwischen den schiefen Geraden L₁: (1,2,3) + t(1,0,–1) und L₂: (0,1,0) + s(1,1,1).","Um die **Entfernung zwischen zwei schiefen Geraden** im dreidimensionalen Raum zu berechnen, verwendest du eine Formel aus der analytischen Geometrie. Die Idee ist, den kürzesten Abstand zwischen den beiden Geraden zu finden — das ist immer eine Strecke, die senkrecht auf beiden Geraden steht.

---

### 📌 Gegeben:
- Gerade $ L_1: \vec{r}_1(t) = \begin{pmatrix} 1 \\ 2 \\ 3 \end{pmatrix} + t \cdot \begin{pmatrix} 1 \\ 0 \\ -1 \end{pmatrix} $
- Gerade $ L_2: \vec{r}_2(s) = \begin{pmatrix} 0 \\ 1 \\ 0 \end{pmatrix} + s \cdot \begin{pmatrix} 1 \\ 1 \\ 1 \end{pmatrix} $

---

## ✅ Schritt-für-Schritt Lösung:

### 🔹 Schritt 1: Bestimme die Richtungsvektoren und den Verbindungsvektor

- Richtungsvektor von $ L_1 $: $ \vec{u} = \begin{pmatrix} 1 \\ 0 \\ -1 \end{pmatrix} $
- Richtungsvektor von $ L_2 $: $ \vec{v} = \begin{pmatrix} 1 \\ 1 \\ 1 \end{pmatrix} $
- Verbindungsvektor zwischen einem Punkt auf $ L_1 $ und einem Punkt auf $ L_2 $:  
  Wir nehmen die Stützpunkte:  
  $ \vec{p}_2 - \vec{p}_1 = \begin{pmatrix} 0 \\ 1 \\ 0 \end{pmatrix} - \begin{pmatrix} 1 \\ 2 \\ 3 \end{pmatrix} = \begin{pmatrix} -1 \\ -1 \\ -3 \end{pmatrix} $

---

### 🔹 Schritt 2: Berechne das Kreuzprodukt der Richtungsvektoren

Das Kreuzprodukt $ \vec{u} \times \vec{v} $ gibt einen Vektor, der senkrecht auf beiden Richtungsvektoren steht (also senkrecht auf beiden Geraden):

$$
\vec{u} \times \vec{v} =
\begin{vmatrix}
\mathbf{i} & \mathbf{j} & \mathbf{k} \\
1 & 0 & -1 \\
1 & 1 & 1 \\
\end{vmatrix}
= \mathbf{i}(0 \cdot 1 - (-1) \cdot 1) - \mathbf{j}(1 \cdot 1 - (-1) \cdot 1) + \mathbf{k}(1 \cdot 1 - 0 \cdot 1)
$$

$$
= \mathbf{i}(0 + 1) - \mathbf{j}(1 + 1) + \mathbf{k}(1 - 0) = \begin{pmatrix} 1 \\ -2 \\ 1 \end{pmatrix}
$$

---

### 🔹 Schritt 3: Skalarprodukt des Verbindungsvektors mit dem Kreuzprodukt

$$
\vec{p}_2 - \vec{p}_1 \cdot (\vec{u} \times \vec{v}) = \begin{pmatrix} -1 \\ -1 \\ -3 \end{pmatrix} \cdot \begin{pmatrix} 1 \\ -2 \\ 1 \end{pmatrix}
= (-1)(1) + (-1)(-2) + (-3)(1) = -1 + 2 - 3 = -2
$$

Betrag des Skalarprodukts: $ |{-2}| = 2 $

---

### 🔹 Schritt 4: Betrag des Kreuzprodukts berechnen

$$
|\vec{u} \times \vec{v}| = \left| \begin{pmatrix} 1 \\ -2 \\ 1 \end{pmatrix} \right| = \sqrt{1^2 + (-2)^2 + 1^2} = \sqrt{1 + 4 + 1} = \sqrt{6}
$$

---

### 🔹 Schritt 5: Abstand berechnen

Die Formel für den Abstand zweier windschiefer Geraden lautet:

$$
d = \frac{|(\vec{p}_2 - \vec{p}_1) \cdot (\vec{u} \times \vec{v})|}{|\vec{u} \times \vec{v}|}
= \frac{2}{\sqrt{6}} = \frac{\sqrt{6}}{3}
$$

---

## ✅ Endergebnis:

> Der **kürzeste Abstand zwischen den Geraden** beträgt:
$$
\boxed{\frac{\sqrt{6}}{3}}
$$

Wenn du möchtest, kann ich dir auch zeigen, wie man den **Lotfußpunkt** auf jeder Geraden findet, also die Punkte, zwischen denen dieser minimale Abstand besteht. Sag einfach Bescheid!"
"Geometry","measuring and calculating","H","Schätzen Sie die kürzeste Entfernung zwischen Paris (49°N, 2°O) und Kairo (30°N, 31°O) auf der Erdoberfläche.","Um die **kürzeste Entfernung zwischen Paris (49°N, 2°O)** und **Kairo (30°N, 31°O)** auf der Erdoberfläche zu schätzen, musst du den Abstand entlang eines **Großkreises** berechnen. Das bedeutet, du berechnest die kürzeste Verbindungslinie auf einer Kugeloberfläche — also eine **Orthodrome**.

---

### 🔢 Gegebene Daten:

- **Paris**: Breite φ₁ = 49° Nord, Länge λ₁ = 2° Ost  
- **Kairo**: Breite φ₂ = 30° Nord, Länge λ₂ = 31° Ost  
- Erdumfang ≈ 40.075 km am Äquator  
- Radius der Erde: $ R \approx 6371 \, \text{km} $

---

## 🧮 Schritt-für-Schritt-Lösung

### 1. **Wandle die Koordinaten in Radiant um**

Da trigonometrische Funktionen im Bogenmaß (Radiant) rechnen, wandeln wir die Winkel um:

$$
\phi_1 = 49^\circ = \frac{49 \cdot \pi}{180} \approx 0.8552 \, \text{rad} \\
\phi_2 = 30^\circ = \frac{30 \cdot \pi}{180} \approx 0.5236 \, \text{rad} \\
\Delta\lambda = |31^\circ - 2^\circ| = 29^\circ = \frac{29 \cdot \pi}{180} \approx 0.5061 \, \text{rad}
$$

---

### 2. **Verwende die Formel für den Abstand auf einer Kugel**

Die kürzeste Entfernung $ d $ zwischen zwei Punkten auf einer Kugel berechnet sich mit dem **Haversine-Algorithmus** oder der **Kosinusformel**:

#### Kosinusformel:
$$
\cos(d/R) = \sin(\phi_1)\cdot\sin(\phi_2) + \cos(\phi_1)\cdot\cos(\phi_2)\cdot\cos(\Delta\lambda)
$$

Einsetzen:

$$
\cos(d/6371) = \sin(0.8552)\cdot\sin(0.5236) + \cos(0.8552)\cdot\cos(0.5236)\cdot\cos(0.5061)
$$

Berechne die Werte:

- $ \sin(0.8552) \approx 0.7547 $
- $ \sin(0.5236) \approx 0.5 $
- $ \cos(0.8552) \approx 0.6561 $
- $ \cos(0.5236) \approx 0.8660 $
- $ \cos(0.5061) \approx 0.8720 $

Jetzt einsetzen:

$$
\cos(d/6371) = 0.7547 \cdot 0.5 + 0.6561 \cdot 0.8660 \cdot 0.8720 \\
= 0.37735 + 0.4956 \approx 0.87295
$$

---

### 3. **Löse nach $ d $ auf**

$$
d = R \cdot \arccos(0.87295)
$$

$$
\arccos(0.87295) \approx 0.5085 \, \text{rad}
$$

$$
d = 6371 \cdot 0.5085 \approx 3240 \, \text{km}
$$

---

## ✅ Ergebnis:

> Die **kürzeste Entfernung** zwischen **Paris** und **Kairo** auf der Erdoberfläche beträgt etwa **3240 Kilometer**.

---

### 💡 Hinweis:

Diese Berechnung geht von einer idealisierten Kugelerde aus. Die Erde ist aber leicht abgeplattet (ein Rotationsellipsoid), sodass exakte Entfernungen geringfügig davon abweichen können. Für eine grobe Schätzung ist diese Methode jedoch vollkommen ausreichend.

Wenn du möchtest, kann ich dir auch zeigen, wie man das mit dem Haversine-Verfahren genauer berechnet!"
"Geometry","measuring and calculating","H","Ein Baum wirft einen 15 m langen Schatten bei einem Elevationswinkel von 35°. Bestimme die Höhe des Baumes mit Hilfe der Trigonometrie.","Um die Höhe des Baumes zu berechnen, können wir **Trigonometrie im rechtwinkligen Dreieck** verwenden. Der **Elevationswinkel** ist der Winkel zwischen dem Boden und der Richtung zur Sonne (also der Winkel, unter dem die Sonne am Himmel steht).

---

### Gegeben:
- **Schattenlänge (ankathete)** = 15 Meter  
- **Elevationswinkel (α)** = 35°

Gesucht: **Höhe des Baumes (gegenkathete)**

---

### Schritt-für-Schritt:

Stell dir ein rechtwinkliges Dreieck vor:
- Die **Horizontale (Boden)** vom Fuß des Baumes bis zum Ende des Schattens ist die **Ankathete** (15 m).
- Die **Vertikale (Baum)** ist die **Gegenkathete**, also die Höhe, die wir suchen.
- Der **Winkel zwischen Boden und Sonnenstrahl** ist der **Elevationswinkel** von 35°.

---

### Trigonometrische Funktion:

Da wir die **Gegenkathete** (Höhe) suchen und die **Ankathete** (Schatten) kennen, benutzen wir den **Tangens**:

$$
\tan(\alpha) = \frac{\text{Gegenkathete}}{\text{Ankathete}} = \frac{\text{Höhe des Baumes}}{15}
$$

---

### Umstellen nach der Höhe:

$$
\text{Höhe} = \tan(35^\circ) \cdot 15
$$

---

### Taschenrechner:

$$
\tan(35^\circ) \approx 0{,}7002
$$

$$
\text{Höhe} = 0{,}7002 \cdot 15 \approx 10{,}5 \, \text{m}
$$

---

### ✅ **Antwort:**
Die Höhe des Baumes beträgt etwa **10,5 Meter**.

Wenn du noch Fragen hast oder etwas nicht verstehst, helfe ich gerne weiter! 🌳📐"
"Sizes and measurement","Record and compare sizes","B","Ist 1 Meter länger oder kürzer als 50 cm? ______","Um die Frage zu beantworten:

**„Ist 1 Meter länger oder kürzer als 50 cm?“**

musst du beide Längen in der **gleichen Einheit** vergleichen.

---

### Schritt 1: Umrechnung in gleiche Einheiten

- Du weißt, dass **1 Meter = 100 Zentimeter (cm)** ist.
- Die andere Länge ist **50 cm**.

---

### Schritt 2: Vergleich

- 100 cm (also 1 Meter) ist **größer** als 50 cm.

---

### ✅ Antwort:

**1 Meter ist länger als 50 cm.**

--- 

Wenn du willst, kannst du dir das so merken:  
➡️ **Meter ist eine größere Einheit als Zentimeter.**  
➡️ **1 Meter = 100 cm**, also immer doppelt so viel wie 50 cm.

Brauchst du noch mehr Hilfe mit Einheiten oder Umrechnungen? 😊"
"Sizes and measurement","Record and compare sizes","B","Vergleiche mit <, > oder = : 45 cm ___ 54 cm","Klar! Du sollst hier zwei Längen miteinander vergleichen: **45 cm** und **54 cm**.

### Schritt für Schritt:

1. **Beide Zahlen anschauen:**  
   - 45 cm  
   - 54 cm

2. **Vergleiche die Zahlenwerte (ohne Einheit):**  
   - Welche Zahl ist größer: **45** oder **54**?

3. **Ergebnis:**  
   - **45 ist kleiner als 54**, weil 45 auf der Zahlengeraden links von 54 steht.

4. **Zurück zur Aufgabe:**  
   - Also gilt: **45 cm < 54 cm**

### ✅ Fertig!  
Die richtige Antwort ist:  
**45 cm < 54 cm**

Wenn du noch mehr solcher Vergleiche üben willst, helfe ich dir gerne! 😊"
"Sizes and measurement","Record and compare sizes","B","Schätze: Ist dein Schreibtisch etwa 1 Meter oder 10 Meter lang? ______","Klar! Diese Matheaufgabe verlangt von dir, eine **Schätzung** abzugeben, wie lang dein Schreibtisch ist – entweder etwa **1 Meter** oder **10 Meter**.

### So kannst du das lösen:

#### 1. **Stelle dir deinen Schreibtisch vor**
Denke an den Tisch, an dem du normalerweise sitzt und lernst oder arbeitest. Wie groß ist der so ungefähr?

#### 2. **Vergleiche mit etwas Bekanntem**
Versuche, die Länge des Schreibtisches mit Dingen zu vergleichen, deren Größe du kennst:
- Ein großer Schritt von dir ist ungefähr **1 Meter**.
- Ein typisches Klassenzimmer ist meist um die **8 Meter** lang.
- Wenn du deine Arme ausbreitest, reicht das bei Erwachsenen oft etwa **1 bis 1,5 Meter** – also sind zwei Armlängen etwa **2 Meter**.

#### 3. **Überlege: Wie viel Platz nimmt ein Schreibtisch ein?**
Ein Schreibtisch für eine Person:
- Ist breit genug, dass du dort deine Bücher, ein Heft und einen Computer daraufstellen kannst.
- Reicht selten über **1 bis 1,5 Meter**, wenn er für eine Person gedacht ist.

Ein sehr langer Tisch, z. B. in einem Büro, kann schon mal **2 bis 3 Meter** haben – aber **10 Meter** wäre riesig!

#### 4. **Entscheide dich zwischen 1 Meter und 10 Meter**
- **10 Meter** ist wirklich sehr lang – so lang wie ein großer LKW!
- Dein Schreibtisch ist bestimmt nicht so lang wie ein Bus.

### ✅ Die richtige Antwort:
> **Mein Schreibtisch ist etwa 1 Meter lang.**

---

Wenn du unsicher bist, kannst du den Schreibtisch auch **nachmessen** (mit einem Maßband oder Meterstab), um zu sehen, ob deine Schätzung hinhaut. Das macht es noch anschaulicher!"
"Sizes and measurement","Record and compare sizes","B","Eine Flasche fasst 1 Liter Saft. Wenn du die Hälfte trinkst, wie viel bleibt übrig? ______ Liter","Klar! Lass uns die Aufgabe Schritt für Schritt durchgehen:

### Aufgabe:
> Eine Flasche fasst 1 Liter Saft. Wenn du die Hälfte trinkst, wie viel bleibt übrig?  
> **______ Liter**

---

### Lösung:

Die Flasche ist am Anfang **voll mit 1 Liter** Saft.

Wenn du **die Hälfte davon trinkst**, dann trinkst du:  
$$
\frac{1}{2} \text{ Liter}
$$

Um herauszufinden, wie viel übrig bleibt, ziehst du das getrunkene Wasser vom Gesamtmenge ab:

$$
1 \text{ Liter} - \frac{1}{2} \text{ Liter} = \frac{1}{2} \text{ Liter}
$$

---

### Antwort:
> **0,5 Liter** oder **½ Liter** bleiben übrig.

Fertig! 😊"
"Sizes and measurement","Record and compare sizes","B","Das Fenster ist 1,5 Meter hoch. Ist das höher oder niedriger als du?","Um diese Matheaufgabe zu lösen, musst du **die Höhe des Fensters (1,5 Meter)** mit **deiner eigenen Körpergröße** vergleichen.

### So kannst du das herausfinden:

1. **Miss deine Körpergröße:**  
   Stehe gerade an einer Wand und markiere mit einem Stift die Stelle, an der dein Kopf die Wand berührt. Miss dann mit einem Maßstab oder Zollstock die Entfernung vom Boden bis zu dieser Markierung.  
   Deine Größe könnte z. B. **1,4 Meter**, **1,5 Meter** oder **1,6 Meter** sein.

2. **Vergleiche deine Größe mit der Fensterhöhe (1,5 Meter):**

   - Wenn du **kleiner als 1,5 Meter** bist → Das Fenster ist **höher** als du.
   - Wenn du **genau 1,5 Meter** bist → Du bist **genauso groß** wie das Fenster.
   - Wenn du **größer als 1,5 Meter** bist → Das Fenster ist **niedriger** als du.

### Beispiel:
- Deine Größe: **1,4 m**  
  → 1,4 m < 1,5 m → Das Fenster ist **höher** als du.

- Deine Größe: **1,6 m**  
  → 1,6 m > 1,5 m → Das Fenster ist **niedriger** als du.

---

Wenn du möchtest, kannst du mir auch deine Größe sagen (z. B. „Ich bin 1,3 Meter groß“), und ich sage dir, ob das Fenster höher oder niedriger ist als du. 😊"
"Sizes and measurement","Record and compare sizes","B","Du läufst 300 Meter auf dem Spielplatz und 500 Meter im Sportunterricht. Wie viele Meter bist du insgesamt gelaufen? ______ Meter","Um diese Matheaufgabe zu lösen, musst du einfach die beiden Strecken zusammenrechnen, die du gelaufen bist.

### Gegebene Informationen:
- Auf dem Spielplatz: **300 Meter**
- Im Sportunterricht: **500 Meter**

### Lösung:
Du addierst die beiden Strecken:

**300 Meter + 500 Meter = 800 Meter**

### Antwort:
**800 Meter**

Du bist also insgesamt **800 Meter** gelaufen. ✅"
"Sizes and measurement","Record and compare sizes","C","Vergleiche: 2 Liter ___ 1.500 Milliliter (verwende <, >, =)","Um die Größen **2 Liter** und **1.500 Milliliter** miteinander zu vergleichen, musst du sie in **die gleiche Einheit** umrechnen.

---

### Schritt 1: Umrechnung in die gleiche Einheit

Merke:
- **1 Liter = 1.000 Milliliter**

Also:
- **2 Liter = 2 × 1.000 ml = 2.000 ml**

---

### Schritt 2: Vergleich

Jetzt vergleichen wir:
- **2.000 ml ___ 1.500 ml**

Offensichtlich ist:
- **2.000 ml > 1.500 ml**

---

### ✅ Endgültige Antwort:

**2 Liter > 1.500 Milliliter**

Wenn du magst, kann ich dir auch erklären, wie man solche Aufgaben mit anderen Einheiten löst – z. B. Meter/Zentimeter, Kilogramm/Gramm usw."
"Sizes and measurement","Record and compare sizes","C","Ein Buch ist 3 cm dick. Wie dick sind 5 Bücher, die übereinander gestapelt sind?","Natürlich! 😊

Du hast diese Aufgabe:

> **Ein Buch ist 3 cm dick. Wie dick sind 5 Bücher, die übereinander gestapelt sind?**

### Schritt für Schritt erklärt:

1. **Ein Buch** ist **3 cm** dick.
2. Wenn du **5 Bücher** übereinander stapelst, dann liegen sie einfach **aufeinander** – ihre Dicken **addieren sich**.
3. Also rechnest du:
   $$
   5 \cdot 3\,\text{cm} = 15\,\text{cm}
   $$

### Antwort:
**5 Bücher sind zusammen 15 cm dick.**

Wenn du willst, kann ich dir auch ähnliche Aufgaben erklären oder zeigen, wie man das mit Zeichnungen oder Einheiten veranschaulichen kann. 😊"
"Sizes and measurement","Record and compare sizes","C","Was wiegt mehr: 1 Kilogramm Äpfel oder 1.328 Gramm Bananen?","Um die Frage zu beantworten: **Was wiegt mehr – 1 Kilogramm Äpfel oder 1.328 Gramm Bananen?**, müssen wir beide Gewichte in der **gleichen Einheit** vergleichen.

---

### Schritt 1: Einheit umrechnen

Du hast zwei Angaben:

- **1 Kilogramm (kg) Äpfel**
- **1.328 Gramm (g) Bananen**

Da 1 Kilogramm = 1000 Gramm gilt:

> **1 kg Äpfel = 1000 g**

---

### Schritt 2: Beide Werte vergleichen

- **Äpfel:** 1000 g  
- **Bananen:** 1328 g

---

### Schritt 3: Antwort formulieren

Da **1328 g > 1000 g**, wiegen die **Bananen mehr**.

---

### ✅ Endgültige Antwort:

**1.328 Gramm Bananen wiegen mehr als 1 Kilogramm Äpfel.**"
"Sizes and measurement","Record and compare sizes","D","Du hast drei Wasserkanister: 1,2 L, 2,35 L und 0,95 L. Wie viel Milliliter sind das insgesamt?","Klar! Lass uns die Aufgabe Schritt für Schritt lösen.

### **Aufgabe:**
Du hast drei Wasserkanister mit folgenden Inhalten:
- 1,2 Liter (L)
- 2,35 Liter (L)
- 0,95 Liter (L)

Du sollst herausfinden, wie viel **Milliliter (ml)** das **insgesamt** sind.

---

### **Schritt 1: Verstehe den Umrechnungsfaktor**

Merke:  
> **1 Liter = 1000 Milliliter**

Das bedeutet, du musst jeden Liter-Wert mit **1000** multiplizieren, um ihn in **Milliliter** umzurechnen.

---

### **Schritt 2: Rechne jeden Kanister um**

1. **1,2 Liter** =  
   $ 1{,}2 \times 1000 = 1200 \text{ ml} $

2. **2,35 Liter** =  
   $ 2{,}35 \times 1000 = 2350 \text{ ml} $

3. **0,95 Liter** =  
   $ 0{,}95 \times 1000 = 950 \text{ ml} $

---

### **Schritt 3: Addiere alle Werte zusammen**

Jetzt zählst du alle Milliliter zusammen:

$$
1200 \text{ ml} + 2350 \text{ ml} + 950 \text{ ml} = 
$$

Rechnen wir es aus:

- $ 1200 + 2350 = 3550 $
- $ 3550 + 950 = 4500 $

---

### ✅ **Ergebnis:**
**Insgesamt sind das 4500 Milliliter (ml).**

Wenn du willst, kann ich dir auch zeigen, wie man das direkt in Litern rechnet und dann erst am Ende in Milliliter umwandelt. Sag einfach Bescheid! 😊"
"Sizes and measurement","Record and compare sizes","D","Notiere die Temperatur von einem Thermometer – welche Kleidung würdest du tragen? (das Thermometer zeigt 18°C)","Die Aufgabe lautet:

> **""Notiere die Temperatur von einem Thermometer – welche Kleidung würdest du tragen?""**  
> *(Das Thermometer zeigt 18°C)*

---

### Schritt-für-Schritt-Erklärung:

#### 1. **Temperatur ablesen und notieren**
Das Thermometer zeigt **18°C** (also 18 Grad Celsius). Das ist eine **angenehme, milde Temperatur**, weder besonders kalt noch besonders warm.

Du sollst diese Temperatur **notieren**, also einfach aufschreiben:

> **Die Temperatur beträgt 18°C.**

---

#### 2. **Überlege: Welche Kleidung passt zu 18°C?**
Bei 18°C ist es meistens **frühling- oder herbstlich mild**. Es braucht also **keine dicke Winterkleidung**, aber manchmal ist es auch nicht warm genug für ganz leichte Sommerkleidung.

Hier sind einige Kleidungsvorschläge:

##### Für **drinnen** (z. B. in der Schule oder zu Hause):
- T-Shirt + lange Hose oder Jeans
- Leichte Strickjacke oder Hoodie
- Socken und bequeme Schuhe

##### Für **draußen** (je nach Wetter):
- Leichte Jacke oder Übergangsjacke
- Lange Hose oder Jeans
- T-Shirt oder Bluse, eventuell ein Pullover drüber
- Bei Wind oder Regen: Regenjacke oder Windbreaker
- Bequeme Schuhe (Turnschuhe, Sneaker)

---

### Beispiel für deine Antwort:

> **Die Temperatur beträgt 18°C.**  
> Bei dieser Temperatur würde ich eine leichte Jacke anziehen, dazu eine Jeans und ein T-Shirt. Wenn ich drinnen bin, könnte ich auch einen Pullover und bequeme Schuhe tragen.

---

Wenn du magst, kannst du deine Antwort auch etwas persönlicher gestalten:
> ""Bei 18°C ziehe ich gerne eine dünne Jacke an, dazu eine Jogginghose und Turnschuhe. In der Schule nehme ich manchmal noch eine Strickjacke mit, falls es mal kühl im Klassenzimmer ist.""

---

Fertig! 😊  
Wenn du möchtest, kann ich dir auch eine komplette Musterantwort schreiben."
"Sizes and measurement","Record and compare sizes","D","Ein Objekt hat eine Dicke von 0,03 m. Wie viele solcher Objekte müsste man stapeln, um eine Höhe von 1,5 Metern zu erreichen?","Um diese Matheaufgabe zu lösen, musst du einfach berechnen, wie oft die Dicke eines Objekts (0,03 Meter) in die gewünschte Gesamthöhe von 1,5 Metern passt.

### Gegeben:
- Dicke eines Objekts: **0,03 m**
- Gewünschte Höhe: **1,5 m**

### Gesucht:
Wie viele solcher Objekte müssen gestapelt werden, um eine Höhe von **1,5 m** zu erreichen?

---

### Lösung:

Du teilst die gewünschte Höhe durch die Dicke eines Objekts:

$$
\text{Anzahl der Objekte} = \frac{\text{Gewünschte Höhe}}{\text{Dicke eines Objekts}} = \frac{1{,}5}{0{,}03}
$$

Rechnen wir das aus:

$$
\frac{1{,}5}{0{,}03} = 50
$$

---

### Antwort:
Man müsste **50 solcher Objekte** stapeln, um eine Höhe von **1,5 Metern** zu erreichen.

Wenn du magst, kann ich dir auch erklären, warum diese Division hier funktioniert oder wie du das im Alltag anwenden könntest. 😊"
"Sizes and measurement","Record and compare sizes","D","Wandle 3,75 km in Meter um und ziehe anschließend 1.480 m ab – was ist das Ergebnis in Kilometern?","Klar! Lass uns die Aufgabe Schritt für Schritt lösen:

---

### **Aufgabe:**
Wandle **3,75 km in Meter** um und ziehe anschließend **1.480 m** ab – was ist das Ergebnis in **Kilometern**?

---

## 🔁 **Schritt 1: Wandle 3,75 km in Meter um**

Merke:  
**1 km = 1.000 m**, also multiplizierst du Kilometer mit 1.000, um Meter zu erhalten.

$$
3{,}75\ \text{km} \times 1.000 = 3.750\ \text{m}
$$

---

## ➖ **Schritt 2: Ziehe 1.480 m von 3.750 m ab**

$$
3.750\ \text{m} - 1.480\ \text{m} = 2.270\ \text{m}
$$

---

## 🔁 **Schritt 3: Wandle das Ergebnis (2.270 m) wieder in Kilometer um**

Da **1.000 m = 1 km**, teilst du durch 1.000:

$$
2.270\ \text{m} \div 1.000 = 2{,}27\ \text{km}
$$

---

### ✅ **Endergebnis:**
**2,27 km**

---

Wenn du magst, kann ich dir auch zeigen, wie man das in einem Rechenschritt macht 😊"
"Sizes and measurement","Record and compare sizes","E","Ein Schüler rundet eine Messung von 3,78 m auf 4 m. Wie groß ist der relative Fehler in Prozent?","Um den **relativen Fehler in Prozent** zu berechnen, folgst du diesen Schritten:

---

### Gegeben:
- **Genauer Wert (Originalmessung):** 3,78 m  
- **Gerundeter Wert (gemessener Näherungswert):** 4 m

---

## 🔹 1. Berechne den absoluten Fehler:

Der **absolute Fehler** ist die Differenz zwischen gerundetem Wert und genauen Wert.

$$
\text{Absoluter Fehler} = |\text{Gerundeter Wert} - \text{Genaue Wert}|
= |4 - 3{,}78| = 0{,}22 \,\text{m}
$$

---

## 🔹 2. Berechne den relativen Fehler:

Der **relative Fehler** ist der absolute Fehler geteilt durch den genauen Wert:

$$
\text{Relativer Fehler} = \frac{\text{Absoluter Fehler}}{\text{Genaue Wert}}
= \frac{0{,}22}{3{,}78} \approx 0{,}0582
$$

---

## 🔹 3. Wandle den relativen Fehler in Prozent um:

$$
\text{Relativer Fehler in \%} = 0{,}0582 \cdot 100 \approx 5{,}82\,\%
$$

---

### ✅ **Antwort:**
Der **relative Fehler beträgt etwa 5,82 %**.

---

Wenn du willst, kann ich dir auch erklären, warum man überhaupt relativen Fehler berechnet – gerne! 😊"
"Sizes and measurement","Record and compare sizes","E","Schätze, ob 2 Gallonen Farbe ausreichen, um eine Fläche zu streichen, die 7,2 Liter Farbe benötigt.","Um die Frage zu beantworten, ob 2 Gallonen Farbe ausreichen, um eine Fläche zu streichen, die **7,2 Liter** Farbe benötigt, müssen wir **Gallonen in Liter umrechnen**, um die Mengen vergleichen zu können.

---

### 📏 Schritt 1: Umrechnung – Gallonen in Liter

Die Einheit ""Gallone"" gibt es in zwei gängigen Formen:

- **US-amerikanische Gallone (gal):**  
  $ 1\ \text{Gallone (US)} \approx 3,785\ \text{Liter} $

- **Britische Gallone (imperial):**  
  $ 1\ \text{Gallone (UK)} \approx 4,546\ \text{Liter} $

Da in vielen Alltagskontexten oft die **US-Gallone** verwendet wird, rechnen wir hier mit dieser.

Also:
$$
2\ \text{Gallonen} = 2 \times 3,785 = 7,57\ \text{Liter}
$$

---

### ✅ Schritt 2: Vergleich

Du brauchst:
- **7,2 Liter Farbe**

Du hast:
- **ca. 7,57 Liter Farbe (von 2 Gallonen)**

Das bedeutet:
$$
7,57\ \text{Liter} > 7,2\ \text{Liter}
$$

➡️ **Ja, 2 Gallonen Farbe reichen aus**, um die Fläche zu streichen, da sie etwas mehr als die benötigten 7,2 Liter entsprechen.

---

### 🧠 Zusatzinfo:

Wenn du unsicher bist, ob es sich um US- oder britische Gallonen handelt, kannst du auch beide Fälle durchrechnen:

- **Imperial (britisch):**
  $$
  2 \times 4,546 = 9,092\ \text{Liter} \quad \Rightarrow \text{Reicht auf jeden Fall}
  $$

Also egal welche Gallone gemeint ist – **es reicht in jedem Fall aus**.

---

### 📝 Zusammenfassung:

- 2 Gallonen ≈ **7,57 Liter (US) oder 9,09 Liter (UK)**
- Benötigt werden: **7,2 Liter**
- ➡️ **Ja, 2 Gallonen reichen aus!**

Falls du noch mehr solcher Aufgaben hast, helfe ich gerne weiter! 😊"
"Sizes and measurement","Record and compare sizes","E","Eine Straße hat eine Länge von 1,2 Meilen. Wandle die Strecke in Kilometer um und entscheiden, ob sie über oder unter 2 km liegt.","Um die Matheaufgabe zu lösen, musst du **Meilen in Kilometer umrechnen** und dann entscheiden, ob die Strecke über oder unter 2 Kilometer liegt.

---

### 📌 Schritt 1: Umrechnungsfaktor kennen
Die Umrechnung von Meilen in Kilometer erfolgt mit folgendem Faktor:

> **1 Meile ≈ 1,60934 Kilometer**

---

### 📌 Schritt 2: Länge der Straße umrechnen
Die Straße ist **1,2 Meilen lang**. Du multiplizierst also:

$$
1{,}2 \cdot 1{,}60934 = \ ?
$$

Rechnen wir das aus:

$$
1{,}2 \cdot 1{,}60934 = 1{,}931208
$$

Also:

> **1,2 Meilen ≈ 1,931 Kilometer**

---

### 📌 Schritt 3: Vergleich mit 2 km
Jetzt vergleichen wir:

- Die Straße ist **ca. 1,931 km** lang.
- 1,931 km ist **weniger als 2 km**.

---

### ✅ Ergebnis:
- **1,2 Meilen = ca. 1,931 Kilometer**
- Die Strecke liegt **unter 2 Kilometern**

Wenn du willst, kann ich dir auch zeigen, wie man das ohne Taschenrechner grob überschlägt!"
"Sizes and measurement","Record and compare sizes","F","Eine Straße ist 5,6 km lang. Wie viele Meilen sind das? (Verwende 1 Meile ≈ 1,609 km)","Um die Länge einer Straße von **5,6 Kilometern** in **Meilen** umzurechnen, verwendest du den gegebenen Umrechnungsfaktor:

> **1 Meile ≈ 1,609 km**

---

### Schritt-für-Schritt-Vorgehen:

Du möchtest wissen, wie viele Meilen **5,6 km** entsprechen. Dazu teilst du die Kilometer durch die Anzahl der Kilometer pro Meile:

$$
\text{Meilen} = \frac{\text{Kilometer}}{1{,}609}
$$

Setze die Werte ein:

$$
\text{Meilen} = \frac{5{,}6}{1{,}609}
$$

Führe die Division aus (z. B. mit Taschenrechner):

$$
\text{Meilen} \approx 3{,}48
$$

---

### ✅ Ergebnis:

**5,6 km ≈ 3,48 Meilen**

Wenn du keinen Taschenrechner hast, kannst du auch grob überschlagen:
- 1,609 km ≈ 1 Meile  
- Also sind ca. **5,6 ÷ 1,6 ≈ 3,5 Meilen**

Das ist nah genug an dem genauen Wert.

---

Hast du Lust, das mal mit einer anderen Strecke zu probieren? 😊"
"Sizes and measurement","Record and compare sizes","F","Ein Tank fasst 1.200 Liter. Ein kleinerer Tank fasst 320 Gallonen. Welcher Tank kann mehr fassen? (1 Gallone ≈ 3,785 L)","Um herauszufinden, welcher Tank mehr fassen kann — der erste mit 1.200 Litern oder der zweite mit 320 Gallonen — musst du beide Fassungsvermögen in **derselben Einheit** vergleichen. Da die Umrechnung von Gallonen in Liter gegeben ist (1 Gallone ≈ 3,785 Liter), kannst du den zweiten Tankinhalt einfach umrechnen.

---

### Gegeben:
- Tank 1: 1.200 Liter  
- Tank 2: 320 Gallonen  
- 1 Gallone ≈ 3,785 Liter  

---

### Schritt 1: Rechne 320 Gallonen in Liter um

$$
320 \cdot 3{,}785 = ?
$$

Du kannst das schrittweise rechnen:

$$
320 \cdot 3{,}785 = (300 \cdot 3{,}785) + (20 \cdot 3{,}785)
$$

$$
= 1.135{,}5 + 75{,}7 = 1.211{,}2 \text{ Liter}
$$

---

### Schritt 2: Vergleiche beide Werte

- Tank 1: 1.200 Liter  
- Tank 2: **1.211,2 Liter**

---

### Ergebnis:

Der **zweite Tank (mit 320 Gallonen)** fasst **mehr**, nämlich etwa **1.211,2 Liter**, während der erste nur **1.200 Liter** fasst.

---

✅ **Antwort:** Der kleinere Tank (320 Gallonen) kann **mehr** fassen — er fasst ca. **1.211,2 Liter**, also **etwa 11 Liter mehr** als der erste Tank."
"Sizes and measurement","Record and compare sizes","F","Eine Joggerin läuft 5 km in 30 Minuten. Wie hoch ist ihre Durchschnittsgeschwindigkeit in m/s?","Um die **Durchschnittsgeschwindigkeit** der Joggerin in **Meter pro Sekunde (m/s)** zu berechnen, verwendest du die Formel:

$$
\text{Geschwindigkeit} = \frac{\text{Strecke}}{\text{Zeit}}
$$

---

### Gegeben:
- **Strecke:** 5 km  
- **Zeit:** 30 Minuten  

Du musst die Einheiten zunächst in **Meter** und **Sekunden** umrechnen:

#### 1. Strecke umrechnen:  
$$
5\ \text{km} = 5 \cdot 1000 = 5000\ \text{m}
$$

#### 2. Zeit umrechnen:  
$$
30\ \text{Minuten} = 30 \cdot 60 = 1800\ \text{Sekunden}
$$

---

### Jetzt setzt du die Werte ein:

$$
\text{Geschwindigkeit} = \frac{5000\ \text{m}}{1800\ \text{s}} \approx 2{,}78\ \text{m/s}
$$

---

### ✅ **Antwort:**  
Die Durchschnittsgeschwindigkeit der Joggerin beträgt **ca. 2,78 m/s**.

Wenn du möchtest, kann ich dir auch zeigen, wie man das in km/h umrechnet!"
"Sizes and measurement","Record and compare sizes","G","Ein Lichtjahr beträgt ungefähr 9,46 × 10¹² km. Drücke dies in Metern aus.","Um die Entfernung von **Kilometern in Meter** umzurechnen, musst du lediglich den Umrechnungsfaktor zwischen Kilometern und Metern kennen:

### 📏 1 km = 1000 m = $10^3$ m

Die gegebene Entfernung ist:
$$
9{,}46 \times 10^{12}~\text{km}
$$

Um das in **Meter** umzurechnen, multiplizierst du mit $10^3$, weil 1 km = $10^3$ m:

$$
9{,}46 \times 10^{12} \times 10^3 = 9{,}46 \times 10^{15}~\text{m}
$$

---

✅ **Ergebnis:**
$$
\boxed{9{,}46 \times 10^{15}~\text{m}}
$$

Das ist die Entfernung eines Lichtjahres in Metern."
"Sizes and measurement","Record and compare sizes","G","Ein Blatt Papier ist 0,1 mm dick. Wie hoch ist ein Stapel von 2000 Blättern in cm?","Um diese Matheaufgabe zu lösen, gehen wir Schritt für Schritt vor:

---

### **Gegeben:**
- Dicke eines Blattes: **0,1 mm**
- Anzahl der Blätter: **2000**

---

### **Schritt 1: Gesamtdicke in mm berechnen**

Wenn ein Blatt **0,1 mm** dick ist, dann sind 2000 Blätter:

$$
2000 \cdot 0{,}1\,\text{mm} = 200\,\text{mm}
$$

---

### **Schritt 2: Umrechnung von Millimeter in Zentimeter**

Da **1 cm = 10 mm**, teilen wir durch 10:

$$
200\,\text{mm} : 10 = 20\,\text{cm}
$$

---

### ✅ **Antwort:**
Ein Stapel von 2000 Blättern ist **20 Zentimeter hoch**.

--- 

Wenn du willst, kann ich dir auch erklären, wie man mit solchen Größenordnungen allgemein umgeht – z. B. bei exponentiellem Wachstum (wie beim wiederholten Falten des Papiers). Sag einfach Bescheid! 😊"
"Sizes and measurement","Record and compare sizes","G","Ein zylindrisches Rohr hat einen Radius von 4 cm und eine Höhe von 3 m. Vergleiche dessen Volumen mit dem eines anderen Rohres, das einen Radius von 6 cm und eine Höhe von 2,5 m hat.","Um die Volumina der beiden zylindrischen Rohre zu vergleichen, verwenden wir die **Formel für das Volumen eines Zylinders**:

$$
V = \pi \cdot r^2 \cdot h
$$

Dabei ist:
- $ r $ der Radius des Zylinders (in cm oder m),
- $ h $ die Höhe (in gleicher Einheit wie der Radius),
- $ \pi \approx 3{,}1416 $.

---

### **Rohr 1:**
- Radius: $ r_1 = 4\,\text{cm} $
- Höhe: $ h_1 = 3\,\text{m} = 300\,\text{cm} $

Berechnung des Volumens:

$$
V_1 = \pi \cdot (4)^2 \cdot 300 = \pi \cdot 16 \cdot 300 = \pi \cdot 4800 \approx 3{,}1416 \cdot 4800 \approx 15\,079{,}68\,\text{cm}^3
$$

---

### **Rohr 2:**
- Radius: $ r_2 = 6\,\text{cm} $
- Höhe: $ h_2 = 2{,}5\,\text{m} = 250\,\text{cm} $

Berechnung des Volumens:

$$
V_2 = \pi \cdot (6)^2 \cdot 250 = \pi \cdot 36 \cdot 250 = \pi \cdot 9000 \approx 3{,}1416 \cdot 9000 \approx 28\,274{,}40\,\text{cm}^3
$$

---

### **Vergleich:**

- Volumen von Rohr 1: ca. **15 079,68 cm³**
- Volumen von Rohr 2: ca. **28 274,40 cm³**

Das zweite Rohr hat also ein deutlich größeres Volumen. Um den Unterschied genauer zu sehen:

$$
\frac{V_2}{V_1} = \frac{28\,274{,}40}{15\,079{,}68} \approx 1{,}875
$$

Das heißt:
> Das Volumen des zweiten Rohrs ist etwa **1,875-mal so groß** wie das des ersten Rohrs – also fast doppelt so viel!

---

### ✅ Zusammenfassung:
- Verwende die Volumenformel $ V = \pi \cdot r^2 \cdot h $
- Achte auf **gleiche Einheiten** (am besten alles in cm umrechnen)
- Berechne beide Volumina und vergleiche sie durch Division

Falls du möchtest, kann ich dir auch zeigen, wie man den Vergleich ohne große Rechnung abschätzen kann!"
"Sizes and measurement","Record and compare sizes","H","Vergleiche die Dicke eines menschlichen Haares (0,07 mm) mit der Planck-Länge (1,6 × 10⁻³⁵ m); um wie viel Mal größer ist das Haar?","Um diese Matheaufgabe zu lösen, vergleichen wir die **Dicke eines menschlichen Haares** mit der sogenannten **Planck-Länge**, indem wir berechnen, **wie viel Mal größer das Haar im Vergleich zur Planck-Länge ist**.

---

### 🔢 Gegebene Werte:

- Dicke eines menschlichen Haares:  
  $ d_{\text{Haar}} = 0{,}07 \, \text{mm} $

- Planck-Länge:  
  $ l_P = 1{,}6 \times 10^{-35} \, \text{m} $

---

### ✅ Schritt 1: Einheitengleichheit herstellen

Die Dicke des Haares liegt in **Millimeter (mm)** vor, die Planck-Länge in **Meter (m)**. Um beide Größen vergleichen zu können, wandeln wir die Haardicke in **Meter** um.

$$
0{,}07 \, \text{mm} = 0{,}07 \times 10^{-3} \, \text{m} = 7 \times 10^{-5} \, \text{m}
$$

---

### ✅ Schritt 2: Verhältnis bilden

Jetzt teilen wir die Dicke des Haares durch die Planck-Länge, um zu sehen, wie viel Mal größer das Haar ist:

$$
\frac{d_{\text{Haar}}}{l_P} = \frac{7 \times 10^{-5}}{1{,}6 \times 10^{-35}}
$$

Rechnung:

$$
= \left( \frac{7}{1{,}6} \right) \times 10^{-5 - (-35)} = 4{,}375 \times 10^{30}
$$

---

### ✅ Ergebnis:

Das menschliche Haar ist etwa  
$$
\boxed{4{,}375 \times 10^{30}\text{-mal größer}}
$$  
als die Planck-Länge.

---

### 🧠 Zum Vergleich:

Das ist eine unglaublich große Zahl – **4,375 Trillionen Trillionen Mal größer**! Die Planck-Länge ist also unvorstellbar klein im Vergleich zu alltäglichen Größen wie der Dicke eines Haares.

Wenn du möchtest, kann ich dir auch erklären, was die Planck-Länge bedeutet und warum sie in der Physik wichtig ist!"
"Sizes and measurement","Record and compare sizes","H","Schätze, wie viele Regentropfen (Durchmesser ~2 mm) in einen 1-Liter-Behälter passen würden.","Um abzuschätzen, wie viele Regentropfen (mit einem Durchmesser von etwa 2 mm) in einen **1-Liter-Behälter** passen, können wir diese Schritte gehen:

---

### 🧮 **Schritt 1: Volumen eines Regentropfens berechnen**

Ein Regentropfen ist näherungsweise eine Kugel. Das Volumen einer Kugel berechnet sich mit der Formel:

$$
V = \frac{4}{3} \pi r^3
$$

Der **Durchmesser** des Tropfens beträgt **2 mm**, also ist der **Radius r = 1 mm = 0,1 cm**.

Jetzt setzen wir das ein:

$$
V = \frac{4}{3} \cdot \pi \cdot (0{,}1\,\text{cm})^3 = \frac{4}{3} \cdot \pi \cdot 0{,}001\,\text{cm}^3 \approx 0{,}00419\,\text{cm}^3
$$

Das Volumen eines Tropfens beträgt also ungefähr:

$$
\boxed{0{,}00419\,\text{cm}^3}
$$

---

### 📦 **Schritt 2: Umrechnung des Behälter-Volumens**

Ein **1-Liter-Behälter** fasst:

$$
1\,\text{Liter} = 1000\,\text{cm}^3
$$

---

### ➗ **Schritt 3: Wie viele Tropfen passen in den Behälter?**

Wir teilen das Gesamtvolumen durch das Einzelvolumen eines Tropfens:

$$
\frac{1000\,\text{cm}^3}{0{,}00419\,\text{cm}^3/\text{Tropfen}} \approx 238\,663\,\text{Tropfen}
$$

---

### ✅ **Ergebnis:**

In einen **1-Liter-Behälter** passen ungefähr:

$$
\boxed{ca.\ 240\,000\ \text{Regentropfen}}
$$

(wenn man annimmt, dass die Tropfen perfekt gepackt sind und keinen Platz zwischen ihnen bleibt – was in der Realität nicht ganz zutrifft, aber als grobe Schätzung reicht es.)

---

### 📝 Zusatzinfo:

In der Realität gibt es immer **Lücken zwischen den Tropfen**, wenn sie nebeneinander liegen – ähnlich wie bei Kugelpackung. Wenn du ca. **26% Luft zwischen den Tropfen** einrechnest (typischer Wert für dichte Kugelpackung), würden etwa **180.000 bis 200.000 Tropfen** hineinpassen.

Aber für eine grobe Schätzung ist **ca. 200.000–240.000 Tropfen pro Liter** eine gute Antwort.

---

Falls du möchtest, kann ich dir auch zeigen, wie man das ohne Taschenrechner im Kopf abschätzen kann!"
"Sizes and measurement","Handling units of measurement","B","Welche Einheit würdest du verwenden, um einen Bleistift zu messen: cm oder m? ______","Um diese Matheaufgabe zu lösen, musst du überlegen, **welche Längeneinheit für die Messung eines Bleistifts sinnvoll ist**: **Zentimeter (cm)** oder **Meter (m)**.

### Schritt für Schritt:

1. **Denke an die Größe eines Bleistifts:**
   - Ein normaler Bleistift ist meistens so lang wie ein Stift oder ein Lineal, das du in der Schule benutzt.
   - Die meisten Bleistifte sind zwischen **15 cm und 20 cm** lang.

2. **Vergleiche mit den Einheiten:**
   - **1 Meter (m)** = **100 Zentimeter (cm)**
   - Ein Meter ist also sehr viel länger als ein Bleistift.

3. **Entscheide, was praktischer ist:**
   - Da ein Bleistift nur etwa **15–20 cm** lang ist, würdest du **Zentimeter (cm)** verwenden, weil diese Einheit genauere und kleinere Abstände misst.
   - Meter wären unpraktisch, weil du z. B. nur **0,15 m** sagen müsstest – das ist schwerer vorstellbar und ungenauer im Alltag.

---

### ✅ Lösung:
**cm** (Zentimeter)

**Antwort:**  
*Welche Einheit würdest du verwenden, um einen Bleistift zu messen: cm oder m?* **cm**

--- 

Wenn du noch mehr Übungen zur Einheitenwahl willst, helfe ich dir gerne! 📏"
"Sizes and measurement","Handling units of measurement","B","Welches ist schwerer: 1 kg oder 1 g?","Die Aufgabe lautet: **Welches ist schwerer: 1 kg oder 1 g?**

### Schritt für Schritt Erklärung:

#### 1. Verstehe die Einheiten:
- **kg** steht für **Kilogramm**
- **g** steht für **Gramm**

#### 2. Vergleiche die Größen:
- **1 Kilogramm (kg)** = **1000 Gramm (g)**  
  Das bedeutet: Ein Kilogramm ist **tausendmal mehr** als ein Gramm.

#### 3. Setze die Zahlen ein:
- **1 kg** = 1000 g  
- **1 g** = 0,001 kg

Wenn du also 1 kg mit 1 g vergleichst, dann ist **1 kg viel schwerer**, weil es 1000 Gramm wiegt – während 1 g nur ein Tausendstel davon wiegt.

---

### ✅ Antwort:
**1 kg ist schwerer als 1 g.**

Falls du noch mehr zu Gewichtseinheiten lernen willst, helfe ich dir gerne weiter! 😊"
"Sizes and measurement","Handling units of measurement","B","Markiere die Gegenstände, die du in Metern messen würdest: ___ Buch ___ Tisch ___ Tür","Klar! Bei dieser Matheaufgabe geht es darum, zu erkennen, welche Gegenstände man **in Metern** messen würde. Dafür ist es wichtig zu verstehen, was ein Meter ungefähr bedeutet und wann man ihn sinnvoll verwendet.

### Schritt 1: Verstehe die Einheit ""Meter""
Ein **Meter (m)** ist eine Längeneinheit, die vor allem für **größere Entfernungen oder Objekte** verwendet wird – zum Beispiel:
- Die Höhe eines Raumes
- Die Breite einer Tür
- Die Länge eines Tisches

Für kleinere Gegenstände nimmt man eher **Zentimeter (cm)** oder **Millimeter (mm)**, weil Meter dann zu ungenau wären.

---

### Schritt 2: Betrachte die Gegenstände

1. **Buch**  
   → Ein Buch ist meist nicht sehr groß. Es ist vielleicht 20 cm lang oder 15 cm breit.  
   → Das sind keine ganzen Meter.  
   → **Also: Nicht in Metern messen**

2. **Tisch**  
   → Ein Tisch kann durchaus 1 Meter hoch sein oder sogar mehr als einen Meter lang sein.  
   → Also misst man hier oft in **Metern**, z. B. „Der Tisch ist 1,20 Meter lang“.  
   → **Also: In Metern messen ✅**

3. **Tür**  
   → Eine Tür ist meist über einen Meter breit und etwa zwei Meter hoch.  
   → Man misst sie daher auch oft in **Metern**, z. B. „Die Tür ist 2 Meter hoch“.  
   → **Also: In Metern messen ✅**

---

### ✅ Lösung:

Markiere diese beiden Gegenstände:

- **✘** Buch  
- **✔** Tisch  
- **✔** Tür

---

Wenn du willst, können wir auch üben, wie man solche Größen schätzt oder umrechnet (z. B. Meter in Zentimeter). Sag einfach Bescheid! 😊"
"Sizes and measurement","Handling units of measurement","C","Ein Krug fasst 1 ___ Saft (Liter oder Kilogramm)?","Die Aufgabe lautet:

**„Ein Krug fasst 1 ___ Saft (Liter oder Kilogramm)?“**

Du sollst also die richtige **Maßeinheit** einsetzen – entweder **Liter (l)** oder **Kilogramm (kg)**.

---

### Schritt für Schritt zur Lösung:

#### 1. **Was misst man mit Litern?**
- **Liter** ist eine Einheit für **Volumen** (also wie viel Platz etwas einnimmt).
- Man verwendet Liter hauptsächlich für **Flüssigkeiten**, z. B. Wasser, Saft, Milch.

#### 2. **Was misst man mit Kilogramm?**
- **Kilogramm** ist eine Einheit für **Masse/Gewicht**.
- Man sagt: „Wie schwer ist etwas?“
- Beispiel: Ein Sack Kartoffeln wiegt 5 kg.

---

#### 3. **Zurück zur Aufgabe:**
> Ein Krug fasst 1 ___ Saft

- Ein Krug ist ein Behälter.
- Du füllst **Saft** in den Krug.
- Saft ist eine **Flüssigkeit**.
- Du fragst also: Wie viel **Flüssigkeit** passt in den Krug?

➡️ Das ist eine Frage nach dem **Volumen** → also in **Litern (l)**.

---

### ✅ Richtige Antwort:
**Ein Krug fasst 1 Liter Saft.**

(Kurz: 1 l)

---

Falls du dich jetzt fragst:  
> Aber könnte man nicht auch sagen: „Ein Krug fasst 1 kg Saft“?

Das wäre theoretisch möglich, aber unüblich. Denn:
- Die Masse (kg) hängt von der Dichte ab.
- 1 Liter Saft wiegt ungefähr 1 kg, aber das kann leicht variieren.
- In der Praxis misst man Flüssigkeiten im Haushalt immer in Litern, nicht in Kilogramm.

---

### Merkregel:
- **Flüssigkeiten** → **Liter (l)**
- **Schwere Dinge** (z. B. Mehl, Zucker, Personen) → **Kilogramm (kg)**

---

Wenn du magst, können wir gerne noch ähnliche Aufgaben durchgehen 😊"
"Sizes and measurement","Handling units of measurement","C","Wie viele Milliliter sind in 3 Litern enthalten?","Um die Aufgabe **„Wie viele Milliliter sind in 3 Litern enthalten?“** zu lösen, musst du nur wissen, wie Liter und Milliliter zusammenhängen.

### 📏 Grundwissen:
- **1 Liter (l)** = **1000 Milliliter (ml)**

### ✏️ Vorgehen:
Du multiplizierst die Anzahl der Liter mit **1000**, um die entsprechende Menge in Millilitern zu erhalten.

$$
3 \, \text{Liter} \times 1000 = 3000 \, \text{Milliliter}
$$

### ✅ Ergebnis:
**In 3 Litern sind 3000 Milliliter enthalten.**

Wenn du magst, kann ich dir auch erklären, wie du andere Einheiten umrechnest – z. B. von Milliliter in Liter oder in größere Einheiten wie Hektoliter. 😊"
"Sizes and measurement","Handling units of measurement","C","Wandle 4,289 mL in Liter um.","Um **4,289 mL (Milliliter)** in **Liter (L)** umzuwandeln, musst du die Beziehung zwischen Milliliter und Liter kennen:

### 📏 Grundwissen:
- **1 Liter = 1000 Milliliter**
- Das bedeutet: Um von **Milliliter** in **Liter** umzurechnen, teilst du durch **1000**.

---

### 🔁 Umrechnung:
$$
4{,}289\ \text{mL} = \frac{4{,}289}{1000}\ \text{L}
$$

$$
= 0{,}004289\ \text{L}
$$

---

### ✅ Ergebnis:
**4,289 mL = 0,004289 L**

Wenn du möchtest, kann ich dir auch erklären, wie man das mit dem Komma-Verschieben macht – das ist besonders bei Einheiten wie mL und L sehr praktisch!"
"Sizes and measurement","Handling units of measurement","C","Wandle 2,5 km in mm um.","Klar! Um die Aufgabe **„Wandle 2,5 km in mm um“** zu lösen, müssen wir uns überlegen, wie viele Millimeter (mm) in einem Kilometer (km) stecken, und dann entsprechend umrechnen.

---

### 🧠 Schritt für Schritt:

#### 1. **Merke dir die Einheitenvorsätze:**
- **kilo** bedeutet **1000** → also ist 1 km = 1000 Meter
- **milli** bedeutet **1 Tausendstel (0,001)** → also ist 1 mm = 0,001 Meter  
→ Anders ausgedrückt: **1 Meter = 1000 Millimeter**

---

#### 2. **Gegebene Größe:**
Du hast **2,5 km** und willst das in **Millimeter (mm)** umwandeln.

---

#### 3. **Umrechnungsschritte:**

##### a) **km → m**
$$
2{,}5~\text{km} = 2{,}5 \times 1000~\text{m} = 2500~\text{m}
$$

##### b) **m → mm**
$$
2500~\text{m} = 2500 \times 1000~\text{mm} = 2.500.000~\text{mm}
$$

---

### ✅ Endergebnis:
$$
\boxed{2{,}5~\text{km} = 2.500.000~\text{mm}}
$$

Wenn du möchtest, kann ich dir auch einen Merksatz oder eine Eselsbrücke zeigen, um solche Umrechnungen leichter zu machen! 😊"
"Sizes and measurement","Handling units of measurement","D","Wandle 3.200 mm in Meter um.","Klar! Ich erkläre dir Schritt für Schritt, wie du **3.200 mm in Meter** umwandelst.

---

### 📏 Schritt 1: Verstehe die Einheit

- **mm** bedeutet **Millimeter**.
- Der Vorsatz **""milli-""** steht für **ein Tausendstel** (also 1 mm = 0,001 m).

Das heißt:
> **1 Meter = 1.000 Millimeter**

---

### ➗ Schritt 2: Teile durch 1.000

Um von **Millimeter (mm)** in **Meter (m)** umzurechnen, teilst du durch **1.000**:

$$
3.200\ \text{mm} \div 1.000 = 3{,}2\ \text{m}
$$

---

### ✅ Ergebnis:

> **3.200 mm = 3,2 Meter**

---

Wenn du möchtest, kann ich dir auch zeigen, wie man das mit dem Komma verschieben macht oder wie du andere Einheiten umrechnest 😊"
"Sizes and measurement","Handling units of measurement","D","Wie viele Zentimeter sind in 4,75 Metern?","Um die Frage zu beantworten: **Wie viele Zentimeter sind in 4,75 Metern?**, musst du Meter in Zentimeter umrechnen.

### Schritt 1: Wisse den Umrechnungsfaktor
- **1 Meter = 100 Zentimeter**

### Schritt 2: Multipliziere die Anzahl der Meter mit 100
$$
4{,}75 \, \text{Meter} \times 100 = 475 \, \text{Zentimeter}
$$

### ✅ Ergebnis:
**In 4,75 Metern sind 475 Zentimeter.**

Wenn du magst, kann ich dir auch erklären, wie man solche Umrechnungen schnell im Kopf machen kann!"
"Sizes and measurement","Handling units of measurement","D","Wandle 5.000 mg in Gramm um.","Klar! Um **5.000 mg (Milligramm)** in **Gramm (g)** umzurechnen, musst du wissen, wie viele Milligramm ein Gramm entspricht.

### Grundlagen:
- **1 Gramm = 1.000 Milligramm**  
Das bedeutet: Wenn du von Milligramm in Gramm umrechnest, teilst du durch 1.000.

### Gegebene Größe:
- **5.000 mg**

### Umrechnung:
$$
5.000 \, \text{mg} \div 1.000 = 5 \, \text{g}
$$

### Ergebnis:
👉 **5.000 mg = 5 g**

Wenn du willst, kann ich dir das auch gerne mit einer anschaulichen Erklärung oder weiteren Beispielen zeigen!"
"Sizes and measurement","Handling units of measurement","D","Eine Flasche enthält 1,5 L Saft. Wie viele Gläser mit 250 mL kann sie füllen?","Um diese Matheaufgabe zu lösen, musst du darauf achten, dass die Einheiten übereinstimmen. Du hast einen **1,5-Liter-Saftvorrat** und willst damit **Gläser mit je 250 mL (Milliliter)** füllen.

### Schritt 1: Einheit umrechnen
Zuerst rechnest du **Liter in Milliliter** um, weil die Gläser in mL angegeben sind.

- 1 Liter = 1000 Milliliter  
- Also:  
  $$
  1{,}5\ \text{L} = 1{,}5 \cdot 1000\ \text{mL} = 1500\ \text{mL}
  $$

### Schritt 2: Wie oft passt 250 mL in 1500 mL?
Jetzt teilst du die Gesamtmenge an Saft durch die Größe eines Glases:

$$
\frac{1500\ \text{mL}}{250\ \text{mL}} = 6
$$

### ✅ Ergebnis:
Die Flasche kann **6 Gläser** mit jeweils 250 mL füllen.

Wenn du noch weitere Fragen hast oder andere Aufgaben brauchst, helfe ich gerne! 😊"
"Sizes and measurement","Handling units of measurement","D","Ein Läufer absolviert 4 Runden auf einer 400 m langen Bahn. Wie groß ist die Gesamtstrecke in km?","Klar! Diese Aufgabe ist ganz einfach – wir rechnen Schritt für Schritt:

### Gegeben:
- Der Läufer läuft **4 Runden**.
- Eine Runde ist **400 Meter** lang.

---

### Schritt 1: Gesamtstrecke in Metern berechnen

Du multiplizierst die Anzahl der Runden mit der Länge einer Runde:

$$
4 \text{ Runden} \times 400 \text{ m} = 1600 \text{ m}
$$

---

### Schritt 2: Meter in Kilometer umrechnen

Da 1 Kilometer = 1000 Meter, teilst du durch 1000:

$$
1600 \text{ m} \div 1000 = 1{,}6 \text{ km}
$$

---

### ✅ Ergebnis:
Die Gesamtstrecke beträgt **1,6 Kilometer**.

Wenn du magst, kann ich dir auch erklären, wie du solche Umrechnungen schnell im Kopf machen kannst. 😊"
"Sizes and measurement","Handling units of measurement","D","Ein Paket wiegt 2,3 kg. Ein weiteres Paket wiegt 1.750 g. Welches ist schwerer und um wie viel?","Um die Frage zu beantworten, welches Paket schwerer ist und um wie viel, musst du **beide Gewichte in der gleichen Einheit** vergleichen. Das eine Paket ist in **Kilogramm (kg)** angegeben, das andere in **Gramm (g)**.

---

### Schritt 1: Umrechnung auf dieselbe Einheit

- **Paket 1:** 2,3 kg  
- **Paket 2:** 1.750 g

Da 1 kg = 1.000 g, kannst du **2,3 kg in Gramm** umrechnen:

$$
2{,}3\,\text{kg} = 2{,}3 \times 1.000 = 2.300\,\text{g}
$$

Jetzt hast du:
- Paket 1: **2.300 g**
- Paket 2: **1.750 g**

---

### Schritt 2: Vergleich

$$
2.300\,\text{g} - 1.750\,\text{g} = 550\,\text{g}
$$

Das bedeutet:
- **Das erste Paket ist schwerer.**
- **Und zwar um 550 Gramm.**

---

### Fazit:

✅ **Das Paket mit 2,3 kg (bzw. 2.300 g) ist schwerer als das Paket mit 1.750 g.**  
🔺 **Unterschied: 550 g**"
"Sizes and measurement","Handling units of measurement","E","Ein Würfel hat ein Volumen von 64 cm³. Drücke dies in mm³ aus.","Um die Aufgabe zu lösen, musst du das Volumen von **Kubikzentimetern (cm³)** in **Kubikmillimeter (mm³)** umrechnen.

### Gegeben:
- Volumen des Würfels: **64 cm³**
- Umrechnungsfaktor:  
  **1 cm³ = 1000 mm³**, weil  
  $1\ \text{cm} = 10\ \text{mm}$, also  
  $1\ \text{cm}^3 = (10\ \text{mm})^3 = 1000\ \text{mm}^3$

### Lösung:
$$
64\ \text{cm}^3 \cdot 1000 = 64\ 000\ \text{mm}^3
$$

### ✅ Antwort:
**64 cm³ = 64 000 mm³**

Wenn du magst, kann ich dir auch erklären, wie man solche Umrechnungen bei anderen Volumeneinheiten macht."
"Sizes and measurement","Handling units of measurement","E","Schreibe 1,2 Stunden im Format Stunden:Minuten um.","Klar! Du willst **1,2 Stunden** im Format **Stunden:Minuten** angeben. Hier ist der Schritt-für-Schritt-Plan:

---

### 🔹 Gegeben:
**1,2 Stunden**

Das bedeutet:  
- **1 ganze Stunde**  
- und **0,2 Stunden**, die du in **Minuten** umrechnen musst.

---

### 🔸 Umrechnung von 0,2 Stunden in Minuten:

Da 1 Stunde = 60 Minuten gilt:

$$
0{,}2 \cdot 60 = 12 \text{ Minuten}
$$

---

### ✅ Ergebnis:

$$
1{,}2 \text{ Stunden} = \mathbf{1\ Stunden\ :\ 12\ Minuten}
$$

---

Wenn du magst, kann ich dir auch erklären, wie du z. B. **1,75 Stunden** oder andere Kommazahlen umrechnest – sag einfach Bescheid! 😊"
"Sizes and measurement","Handling units of measurement","E","Eine Karte hat einen Maßstab von 1:1000. Welche Strecke entspricht 5 cm auf der Karte im echten Leben?","Der **Maßstab 1:1000** bedeutet, dass **1 cm auf der Karte in Wirklichkeit 1000 cm (also 10 Meter) in der Natur entspricht**.

### Gegeben:
- Maßstab: 1:1000  
- Kartenstrecke: 5 cm

### Gesucht:
- Die **wirkliche Strecke im echten Leben**

---

### Lösung:

Du rechnest einfach die 5 cm auf der Karte mit dem Maßstab um:

$$
\text{Wirkliche Strecke} = \text{Kartenstrecke} \times \text{Maßstab}
$$

$$
= 5 \, \text{cm} \times 1000 = 5000 \, \text{cm}
$$

Jetzt kannst du das noch in Meter umrechnen:

$$
5000 \, \text{cm} = 50 \, \text{Meter}
$$

---

### ✅ Antwort:
**5 cm auf der Karte entsprechen 50 Metern im echten Leben.**

Wenn du weitere Fragen hast oder mehr zu Maßstäben wissen willst, helfe ich gerne! 😊"
"Sizes and measurement","Handling units of measurement","E","Schreibe 1,75 Liter in Milliliter um.","Um **1,75 Liter in Milliliter** umzurechnen, musst du wissen, wie viele Milliliter (ml) in einem Liter (l) enthalten sind.

### Merke:
> **1 Liter = 1000 Milliliter**

Das bedeutet:  
Um von Litern in Milliliter umzurechnen, multiplizierst du den Wert in Litern mit **1000**.

---

### Schritt-für-Schritt:

Du hast **1,75 Liter** und willst das in Milliliter ausdrücken:

$$
1{,}75 \, \text{l} \times 1000 = 1750 \, \text{ml}
$$

---

### Antwort:
**1,75 Liter = 1750 Milliliter**

Wenn du möchtest, kann ich dir auch erklären, wie du mit anderen Einheiten (z.B. Deziliter, Hektoliter etc.) umrechnest! 😊"
"Sizes and measurement","Handling units of measurement","E","Ein Auto fährt 90 km in 1,5 Stunden. Wie hoch ist die Geschwindigkeit in km/h?","Um die **Geschwindigkeit** eines Autos zu berechnen, verwendest du die folgende Formel:

$$
\text{Geschwindigkeit} = \frac{\text{Strecke}}{\text{Zeit}}
$$

### Gegeben:
- Strecke: 90 km  
- Zeit: 1,5 Stunden  

### Einsetzen in die Formel:
$$
\text{Geschwindigkeit} = \frac{90\ \text{km}}{1{,}5\ \text{h}} = 60\ \text{km/h}
$$

### Antwort:
Die Geschwindigkeit beträgt **60 km/h**.

---

Wenn du magst, kann ich dir auch erklären, warum das so funktioniert oder dir weitere Beispiele zeigen! 😊"
"Sizes and measurement","Handling units of measurement","F","Wandle 60 Meilen pro Stunde in Kilometer pro Stunde um. (1 Meile = 1,609 km)","Klar! Um die Geschwindigkeit von **Meilen pro Stunde (mph)** in **Kilometer pro Stunde (km/h)** umzurechnen, musst du einfach den Umrechnungsfaktor verwenden:

> **1 Meile = 1,609 Kilometer**

Die Aufgabe lautet:  
**60 Meilen pro Stunde in Kilometer pro Stunde umwandeln.**

### Schritt-für-Schritt:

1. Du hast **60 Meilen pro Stunde**.
2. Jede Meile entspricht **1,609 Kilometern**.
3. Also multiplizierst du:

$$
60 \times 1{,}609 = ?
$$

$$
60 \times 1{,}609 = 96{,}54
$$

### Ergebnis:

$$
\bf{60\ Meilen\ pro\ Stunde = 96{,}54\ Kilometer\ pro\ Stunde}
$$

Wenn du magst, kann ich dir auch erklären, wie man das mit anderen Einheiten macht oder warum dieser Umrechnungsfaktor gilt. 😊"
"Sizes and measurement","Handling units of measurement","F","Wandle 0,007 km² in m² um.","Klar! Lass uns die Aufgabe **0,007 km² in m² umwandeln** Schritt für Schritt lösen.

---

### 🔍 1. Verstehe den Umrechnungsfaktor:

Merke dir:  
$$
1 \text{ km}^2 = 1\ 000\ 000 \text{ m}^2
$$

Warum? Weil:
- $1 \text{ km} = 1000 \text{ m}$  
- Also:  
  $$
  1 \text{ km}^2 = (1000 \text{ m}) \times (1000 \text{ m}) = 1\ 000\ 000 \text{ m}^2
  $$

---

### 🧮 2. Wandle um:

Jetzt multiplizierst du die gegebene Fläche in km² mit dem Faktor 1 000 000:

$$
0{,}007 \ \text{km}^2 \times 1\ 000\ 000 = 7\ 000 \ \text{m}^2
$$

---

### ✅ 3. Ergebnis:

$$
\boxed{7000 \ \text{m}^2}
$$

---

Wenn du magst, kann ich dir auch erklären, wie man das im Kopf rechnen kann:  
0,007 ist wie „7 Tausendstel“, also:
$$
0{,}007 \times 1\ 000\ 000 = 7\ 000
$$

Falls du weitere Einheiten umrechnen musst (z.B. in Ar oder Hektar), sag einfach Bescheid! 😊"
"Sizes and measurement","Handling units of measurement","F","Wandle eine Geschwindigkeit von 108 km/h in m/s um.","Klar! Um die Geschwindigkeit von **108 km/h** in **m/s (Meter pro Sekunde)** umzurechnen, musst du zwei Dinge beachten:

1. **Kilometer in Meter umrechnen**:  
   $ 1 \, \text{km} = 1000 \, \text{m} $

2. **Stunden in Sekunden umrechnen**:  
   $ 1 \, \text{h} = 60 \, \text{min} = 3600 \, \text{s} $

---

### Schritt-für-Schritt-Umwandlung:

Du hast:
$$
108 \, \frac{\text{km}}{\text{h}}
$$

Wandle km in m um:
$$
108 \, \frac{\text{km}}{\text{h}} = 108 \cdot \frac{1000 \, \text{m}}{3600 \, \text{s}}
$$

Jetzt rechnest du:
$$
\frac{108 \cdot 1000}{3600} = \frac{108000}{3600}
$$

Teile:
$$
\frac{108000}{3600} = 30
$$

---

### Ergebnis:
$$
108 \, \frac{\text{km}}{\text{h}} = \boxed{30 \, \frac{\text{m}}{\text{s}}}
$$

Wenn du das öfter machen musst:  
Merke dir den Umrechnungsfaktor:
- **Von km/h zu m/s:** Teile durch **3,6**
- **Von m/s zu km/h:** Multipliziere mit **3,6**

Also:
$$
108 \div 3{,}6 = 30 \, \text{m/s}
$$

Fertig! 😊"
"Sizes and measurement","Handling units of measurement","G","Ein Rezept benötigt 0,75 Tassen Öl. Wie viel Milliliter sind das, wenn 1 Tasse 237 mL entspricht?","Um die Menge an Öl in Millilitern (mL) zu berechnen, wenn das Rezept **0,75 Tassen** Öl benötigt und **1 Tasse = 237 mL** entspricht, kannst du einfach den Anteil von 0,75 mit der Gesamtmenge einer Tasse multiplizieren.

### Schritt-für-Schritt:

1. Gegeben:
   - 1 Tasse = 237 mL  
   - Benötigte Menge = 0,75 Tassen

2. Berechnung:
   $$
   0{,}75 \cdot 237\,\text{mL} = \frac{3}{4} \cdot 237\,\text{mL}
   $$

3. Rechnung:
   $$
   \frac{3}{4} \cdot 237 = 177{,}75\,\text{mL}
   $$

### Ergebnis:
**0,75 Tassen entsprechen 177,75 Millilitern.**

Wenn du willst, kannst du das auch runden – z. B. auf **178 mL**, je nachdem, wie genau du messen möchtest."
"Sizes and measurement","Handling units of measurement","G","Ein Wassertank fasst 1,2 m³; drücke dies in Litern aus.","Natürlich! Um die Aufgabe zu lösen, müssen wir **Kubikmeter (m³)** in **Liter (L)** umrechnen.

### Wichtige Umrechnung:
- **1 m³ = 1000 Liter**

Das bedeutet:  
Um von Kubikmetern in Liter umzurechnen, multiplizierst du den Wert mit **1000**.

---

### Gegeben:
- Der Wassertank fasst **1,2 m³**

---

### Lösung:
$$
1{,}2 \, \text{m}^3 \times 1000 = 1200 \, \text{Liter}
$$

---

### Antwort:
Der Wassertank fasst **1200 Liter**.

Wenn du willst, kann ich dir auch erklären, warum 1 m³ genau 1000 Liter sind. 😊"
"Sizes and measurement","Handling units of measurement","G","Berechne die Masse von 100 mL Quecksilber in Gramm, wenn die Dichte 13,6 g/cm³ beträgt.","Um die **Masse von 100 mL Quecksilber** zu berechnen, brauchst du die **Dichteformel**:

$$
\text{Dichte} = \frac{\text{Masse}}{\text{Volumen}} \quad \text{oder kurz: } \rho = \frac{m}{V}
$$

Du willst aber die **Masse $ m $** berechnen, also stellst du die Formel um:

$$
m = \rho \cdot V
$$

---

### Gegeben:
- Dichte von Quecksilber:  
  $\rho = 13{,}6\,\frac{\text{g}}{\text{cm}^3}$
- Volumen:  
  $V = 100\,\text{mL}$

---

### Wichtig: Einheiten anpassen

Merke:  
$$
1\,\text{mL} = 1\,\text{cm}^3
$$

Also ist:
$$
V = 100\,\text{mL} = 100\,\text{cm}^3
$$

---

### Berechnung:

$$
m = 13{,}6\,\frac{\text{g}}{\text{cm}^3} \cdot 100\,\text{cm}^3 = 1360\,\text{g}
$$

---

### ✅ Ergebnis:
Die Masse von 100 mL Quecksilber beträgt **1360 Gramm**."
"Sizes and measurement","Handling units of measurement","G","Drücke 7,5 × 10⁻⁶ Sekunden in Mikrosekunden aus.","Klar! Lass uns die Aufgabe gemeinsam lösen:

### Gegeben:
Du hast **7,5 × 10⁻⁶ Sekunden** und sollst das in **Mikrosekunden (µs)** umrechnen.

---

### Schritt 1: Verstehe die Einheit „Mikrosekunde“

Die Vorsilbe **„Mikro“ (µ)** bedeutet **1 Millionstel**, also:

$$
1 \, \mu s = 1 \times 10^{-6} \, \text{Sekunden}
$$

---

### Schritt 2: Umrechnung

Da **1 Mikrosekunde = 10⁻⁶ Sekunden**, kannst du einfach ablesen, wie viele Mikrosekunden in dem Wert stecken:

$$
7{,}5 \times 10^{-6} \, \text{s} = 7{,}5 \, \mu s
$$

---

### ✅ Antwort:
**7,5 × 10⁻⁶ Sekunden sind gleich 7,5 Mikrosekunden (7,5 µs).**

Wenn du das verstanden hast, kannst du solche Umrechnungen in Zukunft direkt ablesen – super praktisch! 😊  
Möchtest du noch ein paar Übungsaufgaben dazu?"
"Sizes and measurement","Handling units of measurement","H","Wandle 1,2 MJ (Megajoule) in kJ und J um.","Klar! Wir wandeln **1,2 MJ (Megajoule)** in **kJ (Kilojoule)** und **J (Joule)** um. Dazu solltest du wissen, was die Vorsilben **Mega-**, **Kilo-** und die Basiseinheit **Joule** bedeuten.

---

### 📏 Schritt 1: Verstehe die Einheitenvorsätze

- **Mega (M)** bedeutet **1 Million** → also **1.000.000**
- **Kilo (k)** bedeutet **tausend** → also **1.000**
- **Ohne Vorsatz** ist es einfach **1 Joule**

---

### 🔁 Schritt 2: Wandle 1,2 MJ in Joule (J) um

Da **1 MJ = 1.000.000 J**, gilt:

$$
1{,}2~\text{MJ} = 1{,}2 \times 1.000.000~\text{J} = 1.200.000~\text{J}
$$

✅ **1,2 MJ = 1.200.000 J**

---

### 🔁 Schritt 3: Wandle 1,2 MJ in Kilojoule (kJ) um

Da **1 kJ = 1.000 J**, können wir aus dem Ergebnis von oben weiterrechnen:

$$
1.200.000~\text{J} = \frac{1.200.000}{1.000}~\text{kJ} = 1.200~\text{kJ}
$$

✅ **1,2 MJ = 1.200 kJ**

---

### ✅ Endergebnisse:

| Einheit | Wert         |
|---------|--------------|
| J       | 1.200.000 J  |
| kJ      | 1.200 kJ     |
| MJ      | 1,2 MJ       |

Wenn du weitere Umrechnungen hast oder etwas nicht verstehst, helfe ich gerne weiter! 😊"
"Sizes and measurement","Handling units of measurement","H","Wandle 50°C in Fahrenheit um.","Um **50°C in Fahrenheit** umzurechnen, verwendest du die Formel zur Umrechnung von Celsius in Fahrenheit:

$$
°F = (°C \cdot \frac{9}{5}) + 32
$$

### Schritt-für-Schritt:

1. Setze 50°C in die Formel ein:
   $$
   °F = (50 \cdot \frac{9}{5}) + 32
   $$

2. Rechne zuerst die Multiplikation:
   $$
   50 \cdot \frac{9}{5} = \frac{450}{5} = 90
   $$

3. Addiere anschließend 32:
   $$
   90 + 32 = 122
   $$

### Ergebnis:
$$
50°C = 122°F
$$

✅ **Antwort:** 50 Grad Celsius entsprechen **122 Grad Fahrenheit**."
"Sizes and measurement","Handling units of measurement","H","Berechne die Länge von 5 Lichtjahren in Metern, indem du die Umrechnungszahl 1 Lichtjahr = 9,461 × 10¹⁵ m verwendest.","Klar! Lass uns die Aufgabe Schritt für Schritt durchgehen:

---

### **Aufgabe:**  
Berechne die Länge von **5 Lichtjahren** in **Metern**, indem du die Umrechnung verwendest:  
> **1 Lichtjahr = 9,461 × 10¹⁵ Meter**

---

### **Schritt 1: Gegebene Werte notieren**
- 1 Lichtjahr = **9,461 × 10¹⁵ m**
- Du willst wissen, wie viel **5 Lichtjahre** in Metern sind.

---

### **Schritt 2: Multiplikation durchführen**

Du musst einfach die Strecke für 1 Lichtjahr mit 5 multiplizieren:

$$
5 \times 9{,}461 \times 10^{15} \text{ m}
$$

Rechnen wir das aus:

$$
5 \times 9{,}461 = 47{,}305
$$

Also:

$$
5 \text{ Lichtjahre} = 47{,}305 \times 10^{15} \text{ m}
$$

Das kann man auch in **wissenschaftlicher Schreibweise** schreiben:

$$
= 4{,}7305 \times 10^{16} \text{ m}
$$

---

### ✅ **Antwort:**
Die Länge von **5 Lichtjahren** beträgt  
**4,7305 × 10¹⁶ Meter** oder anders geschrieben  
**47 305 000 000 000 000 Meter** (also rund **47,3 Billionen Meter**).

---

Wenn du noch Fragen hast, z. B. zur wissenschaftlichen Schreibweise oder warum ein Lichtjahr genau diese Länge hat – gerne! 😊"
"Sizes and measurement","Calculations of quantities","B","Ein Seil ist 85 cm lang. Du schneidest 30 cm ab. Wie viel bleibt übrig? ______","Klar! Lass uns die Aufgabe Schritt für Schritt lösen:

### Aufgabe:
Ein Seil ist **85 cm** lang. Du schneidest **30 cm** ab. Wie viel bleibt übrig?

---

### Lösung:

Du musst einfach die 30 cm von den 85 cm **abziehen**, weil du ja einen Teil des Seils wegschneidest.

$$
85 \, \text{cm} - 30 \, \text{cm} = 55 \, \text{cm}
$$

---

### Antwort:
Es bleiben **55 cm** übrig.

Fertig! 😊  
Wenn du noch mehr solcher Aufgaben hast, helfe ich dir gerne wieder."
"Sizes and measurement","Calculations of quantities","B","Ein Brett ist 6 Meter lang. Du schneidest es in 2 gleich lange Teile. Wie lang ist jedes Teil? ______","Klar! Lass uns die Aufgabe Schritt für Schritt lösen:

### Gegeben:
- Das Brett ist **6 Meter lang**.
- Du schneidest es in **2 gleich lange Teile**.

### Gesucht:
- Wie lang ist **jedes Teil**?

---

### Lösung:

Du musst die Gesamtlänge durch die Anzahl der Teile teilen:

$$
\text{Länge jedes Teils} = \frac{\text{Gesamtlänge}}{\text{Anzahl der Teile}} = \frac{6\ \text{Meter}}{2} = 3\ \text{Meter}
$$

---

### Antwort:
**Jedes Teil ist 3 Meter lang.**

✅ **Fertig!**"
"Sizes and measurement","Calculations of quantities","B","Gewichte kombinieren: 2 kg + 500 g = ______","Klar! Lass uns die Matheaufgabe gemeinsam lösen:

### Aufgabe:  
**2 kg + 500 g = ______**

### Schritt 1: Einheit anpassen
Um Gewichte zusammenzählen zu können, müssen sie in der **gleichen Einheit** vorliegen. Du hast hier zwei Einheiten:  
- **kg** (Kilogramm)  
- **g** (Gramm)

Wandle **2 kg** in **Gramm (g)** um:  
$$
1\, \text{kg} = 1000\, \text{g} \Rightarrow 2\, \text{kg} = 2 \times 1000\, \text{g} = 2000\, \text{g}
$$

### Schritt 2: Zusammenrechnen
Jetzt kannst du addieren:
$$
2000\, \text{g} + 500\, \text{g} = 2500\, \text{g}
$$

### Schritt 3: Optional – wieder in kg umrechnen
Wenn du das Ergebnis lieber in Kilogramm haben willst:
$$
2500\, \text{g} = 2{,}5\, \text{kg} \quad \text{(da } 1000\, \text{g} = 1\, \text{kg}\text{)}
$$

---

### ✅ Endergebnis:
- **In Gramm:** **2500 g**  
- **In Kilogramm:** **2,5 kg**

Je nachdem, was in der Aufgabe verlangt wird, kannst du eine der beiden Antworten nehmen. Wenn nicht spezifiziert ist, ist **2,5 kg** oft die üblichere Schreibweise.

Brauchst du noch mehr Übungsaufgaben zum Umrechnen? 😊"
"Sizes and measurement","Calculations of quantities","B","Du kaufst Gegenstände, die 5 €, 8 € und 3 € kosten. Wie viel kostet alles zusammen? ______","Um die Gesamtkosten der Gegenstände zu berechnen, musst du einfach alle Einzelpreise zusammenzählen.

Die Preise sind:
- 5 €
- 8 €
- 3 €

### Schritt-für-Schritt-Addition:

1. Addiere zuerst zwei Zahlen:  
   $ 5 + 8 = 13 $

2. Addiere dann die dritte Zahl:  
   $ 13 + 3 = 16 $

### Ergebnis:
Alle Gegenstände kosten zusammen **16 €**.

Du kannst das in die Lücke eintragen:

**Wie viel kostet alles zusammen? _16 €_**

Fertig! 😊"
"Sizes and measurement","Calculations of quantities","C","Du kippst 750 ml Wasser in eine 1-Liter-Flasche. Wie viel Platz bleibt noch frei?","Um die Aufgabe zu lösen, musst du einfach nur vergleichen, wie viel Wasser du in die Flasche kippst – und wie viel insgesamt in die Flasche passt.

### Gegeben:
- Die Flasche fasst **1 Liter** = **1000 ml**
- Du kippst **750 ml** Wasser hinein

### Gesucht:
- Wie viel Platz bleibt noch frei?

---

### Lösung:

Du rechnest einfach:

$$
\text{Freier Platz} = \text{Gesamtvolumen der Flasche} - \text{Volumen des eingefüllten Wassers}
$$

$$
\text{Freier Platz} = 1000\,\text{ml} - 750\,\text{ml} = 250\,\text{ml}
$$

---

### Antwort:
Es bleiben **250 ml** Platz in der Flasche frei.

Wenn du noch mehr solcher Aufgaben hast, helfe ich gerne weiter! 😊"
"Sizes and measurement","Calculations of quantities","C","Ein Brett ist 2,4 m lang. Du schneidest es in 3 gleich lange Teile. Wie lang ist jedes Teil?","Klar! Lass uns die Aufgabe Schritt für Schritt lösen:

### Gegeben:
- Das Brett ist **2,4 Meter** lang.
- Es wird in **3 gleich lange Teile** geschnitten.

### Gesucht:
- Die **Länge eines Teils**.

---

### Lösung:

Um die Länge eines Teils zu berechnen, teilst du die Gesamtlänge durch die Anzahl der Teile:

$$
\text{Länge eines Teils} = \frac{\text{Gesamtlänge}}{\text{Anzahl der Teile}} = \frac{2{,}4\,\text{m}}{3}
$$

$$
= 0{,}8\,\text{m}
$$

---

### Antwort:
Jeder Teil ist **0,8 Meter** (oder **80 Zentimeter**) lang.

Wenn du noch mehr solcher Aufgaben hast, helfe ich gerne weiter! 😊"
"Sizes and measurement","Calculations of quantities","D","Ein Quadrat hat eine Seitenlänge von 6,4 cm. Wie groß ist die Fläche des Quadrats?","Um die Fläche eines Quadrats zu berechnen, verwendest du die Formel:

$$
A = a \cdot a
$$

Dabei ist $ a $ die Länge einer Seite des Quadrats und $ A $ die Fläche.

### Gegeben:
Seitenlänge $ a = 6{,}4 \, \text{cm} $

### Berechnung:
$$
A = 6{,}4 \cdot 6{,}4 = 40{,}96 \, \text{cm}^2
$$

### Ergebnis:
Die Fläche des Quadrats beträgt **40,96 cm²**.

Wenn du magst, kann ich dir auch erklären, warum diese Formel funktioniert oder dir ähnliche Aufgaben zeigen!"
"Sizes and measurement","Calculations of quantities","D","Berechne die Fläche eines Dreiecks mit einer Basis von 12 cm und einer Höhe von 9 cm.","Klar! Um die **Fläche eines Dreiecks** zu berechnen, verwendest du folgende Formel:

$$
\text{Fläche} = \frac{1}{2} \cdot \text{Basis} \cdot \text{Höhe}
$$

### Gegeben:
- **Basis** = 12 cm  
- **Höhe** = 9 cm  

### Einsetzen in die Formel:

$$
\text{Fläche} = \frac{1}{2} \cdot 12 \, \text{cm} \cdot 9 \, \text{cm}
$$

$$
\text{Fläche} = \frac{1}{2} \cdot 108 \, \text{cm}^2
$$

$$
\text{Fläche} = 54 \, \text{cm}^2
$$

### ✅ Ergebnis:
Die Fläche des Dreiecks beträgt **54 cm²**.

Wenn du magst, kann ich dir auch erklären, warum diese Formel funktioniert!"
"Sizes and measurement","Calculations of quantities","D","Ein Grundriss hat 5 Räume mit den Maßen 5 m × 4 m und 3 Räume mit den Maßen 3 m × 2 m — wie groß ist die gesamte Fläche?","Um die gesamte Fläche des Grundrisses zu berechnen, musst du die Fläche jedes Raumes einzeln ausrechnen und dann alle zusammenzählen.

### Schritt 1: Fläche eines Rechtecks berechnen
Die Formel für die Fläche eines Rechtecks ist:

$$
\text{Fläche} = \text{Länge} \times \text{Breite}
$$

---

### Schritt 2: Fläche der 5 Räume mit 5 m × 4 m

Ein Raum hat die Fläche:
$$
5 \, \text{m} \times 4 \, \text{m} = 20 \, \text{m}^2
$$

Es gibt 5 solche Räume:
$$
5 \times 20 \, \text{m}^2 = 100 \, \text{m}^2
$$

---

### Schritt 3: Fläche der 3 Räume mit 3 m × 2 m

Ein Raum hat die Fläche:
$$
3 \, \text{m} \times 2 \, \text{m} = 6 \, \text{m}^2
$$

Es gibt 3 solche Räume:
$$
3 \times 6 \, \text{m}^2 = 18 \, \text{m}^2
$$

---

### Schritt 4: Gesamtfläche berechnen

Addiere beide Teilflächen:
$$
100 \, \text{m}^2 + 18 \, \text{m}^2 = \mathbf{118 \, \text{m}^2}
$$

---

### ✅ **Antwort: Die gesamte Fläche beträgt 118 Quadratmeter (118 m²).**"
"Sizes and measurement","Calculations of quantities","D","Ein rechteckiger Behälter hat eine Länge von 12 cm, eine Breite von 5 cm und eine Höhe von 10 cm. Berechne das Volumen des Behälters.","Um das **Volumen eines rechteckigen Behälters** zu berechnen, verwendest du die Formel für das Volumen eines Quaders (oder Rechtecksprismas):

$$
V = \text{Länge} \times \text{Breite} \times \text{Höhe}
$$

### Gegebene Werte:
- Länge = 12 cm  
- Breite = 5 cm  
- Höhe = 10 cm  

### Einsetzen in die Formel:
$$
V = 12 \, \text{cm} \times 5 \, \text{cm} \times 10 \, \text{cm}
$$

$$
V = 60 \, \text{cm}^2 \times 10 \, \text{cm}
$$

$$
V = 600 \, \text{cm}^3
$$

### Ergebnis:
Das Volumen des Behälters beträgt **600 Kubikzentimeter (cm³)**.

Wenn du willst, kann ich dir auch erklären, wie man das in Liter umrechnet – sag einfach Bescheid! 😊"
"Sizes and measurement","Calculations of quantities","D","Welches hat eine größere Fläche: ein Quadrat mit der Seitenlänge 6 cm oder ein Rechteck mit den Seitenlängen 5 cm und 8 cm?","Um herauszufinden, welches der beiden Figuren eine **größere Fläche** hat, musst du die **Flächeninhalte beider Figuren berechnen** und dann miteinander **vergleichen**.

---

### 🔷 1. Fläche des Quadrats

Ein Quadrat hat **vier gleich lange Seiten**. Die Formel für den Flächeninhalt eines Quadrats lautet:

$$
A = a \cdot a
$$

Dabei ist $ a $ die Seitenlänge.

- Gegeben: Seitenlänge $ a = 6 \, \text{cm} $

$$
A_{\text{Quadrat}} = 6 \, \text{cm} \cdot 6 \, \text{cm} = 36 \, \text{cm}^2
$$

---

### 🔸 2. Fläche des Rechtecks

Ein Rechteck hat **zwei Paare gleich langer Seiten**. Die Formel für den Flächeninhalt eines Rechtecks lautet:

$$
A = a \cdot b
$$

Dabei sind $ a $ und $ b $ die Längen der Seiten.

- Gegeben: Seitenlängen $ a = 5 \, \text{cm} $, $ b = 8 \, \text{cm} $

$$
A_{\text{Rechteck}} = 5 \, \text{cm} \cdot 8 \, \text{cm} = 40 \, \text{cm}^2
$$

---

### 📊 3. Vergleich der Flächen

- Fläche des Quadrats: **36 cm²**
- Fläche des Rechtecks: **40 cm²**

$$
40 \, \text{cm}^2 > 36 \, \text{cm}^2
$$

---

### ✅ Antwort:

Das **Rechteck mit den Seitenlängen 5 cm und 8 cm** hat eine **größere Fläche** als das Quadrat mit der Seitenlänge 6 cm."
"Sizes and measurement","Calculations of quantities","E","Ein Kegel hat einen Radius von 4 cm und eine Höhe von 9 cm. Berechne das Volumen mit der Formel V = ⅓πr²h.","Klar! Du sollst das Volumen eines Kegels berechnen. Dafür ist die Formel gegeben:

$$
V = \frac{1}{3} \pi r^2 h
$$

Du hast folgende Werte aus der Aufgabe:

- Radius $ r = 4 \, \text{cm} $
- Höhe $ h = 9 \, \text{cm} $

### Schritt-für-Schritt-Lösung:

1. **Setze die Werte in die Formel ein:**

$$
V = \frac{1}{3} \pi (4)^2 \cdot 9
$$

2. **Berechne zuerst $ 4^2 $:**

$$
4^2 = 16
$$

3. **Setze das Ergebnis ein:**

$$
V = \frac{1}{3} \pi \cdot 16 \cdot 9
$$

4. **Multipliziere 16 und 9:**

$$
16 \cdot 9 = 144
$$

5. **Jetzt lautet die Formel:**

$$
V = \frac{1}{3} \pi \cdot 144
$$

6. **Rechne $ \frac{1}{3} \cdot 144 $:**

$$
\frac{1}{3} \cdot 144 = 48
$$

7. **Also ist das Volumen:**

$$
V = 48 \pi \, \text{cm}^3
$$

Wenn du einen gerundeten Wert willst, verwendest du $ \pi \approx 3{,}1416 $:

$$
V \approx 48 \cdot 3{,}1416 = 150{,}7968 \, \text{cm}^3
$$

### ✅ Endergebnis:
- Exakt: $ V = 48\pi \, \text{cm}^3 $
- Gerundet: $ V \approx 150{,}80 \, \text{cm}^3 $

Falls du noch mehr Erklärungen brauchst oder eine andere Aufgabe rechnen willst, sag einfach Bescheid! 😊"
"Sizes and measurement","Calculations of quantities","E","Du möchtest eine Wand in deinem Zimmer streichen. Sie ist 4 m breit und 2,5 m hoch. Wie viele Quadratmeter Farbe benötigst du?","Um die Menge an Farbe herauszufinden, die du benötigst, musst du zuerst berechnen, **wie groß die Fläche der Wand ist**. Dazu verwendest du die Formel für die Fläche eines Rechtecks:

$$
\text{Fläche} = \text{Breite} \times \text{Höhe}
$$

### Gegeben:
- Breite der Wand: **4 Meter**
- Höhe der Wand: **2,5 Meter**

### Berechnung:
$$
\text{Fläche} = 4 \, \text{m} \times 2{,}5 \, \text{m} = 10 \, \text{m}^2
$$

---

### Ergebnis:
Du benötigst also **10 Quadratmeter Farbe**.

> 💡 **Zusätzlicher Tipp:** In der Praxis solltest du oft etwas mehr Farbe kaufen (z. B. für Verschnitt oder Nachbesserungen). Aber für diese Aufgabe reicht die Antwort **10 m²** vollkommen aus."
"Sizes and measurement","Calculations of quantities","E","Du baust eine Sandkiste, die 2 m × 2 m groß und 0,3 m tief ist. Wie viel Sand in Kubikmetern wird benötigt, um sie zu füllen?","Um die Menge an Sand zu berechnen, die benötigt wird, um die Sandkiste zu füllen, musst du das **Volumen** der Sandkiste berechnen.

Die Formel für das Volumen eines rechteckigen Körpers (wie einer Sandkiste) lautet:

$$
\text{Volumen} = \text{Länge} \times \text{Breite} \times \text{Höhe}
$$

In deinem Fall sind die Maße:

- Länge = 2 m  
- Breite = 2 m  
- Tiefe (Höhe) = 0,3 m  

Setze diese Werte in die Formel ein:

$$
\text{Volumen} = 2 \, \text{m} \times 2 \, \text{m} \times 0{,}3 \, \text{m}
$$

$$
\text{Volumen} = 4 \, \text{m}^2 \times 0{,}3 \, \text{m} = 1{,}2 \, \text{m}^3
$$

### Antwort:
Du benötigst **1,2 Kubikmeter Sand**, um die Sandkiste zu füllen. ✅

Falls du noch wissen willst, wie viel das in Kilogramm oder Tonnen wäre – lass es mich wissen! Dann können wir das mit der Dichte von Sand weiterrechnen."
"Sizes and measurement","Calculations of quantities","E","Ein zylindrischer Wassertank hat einen Durchmesser von 1,2 m und eine Höhe von 2 m. Schätze das Volumen des Wassers, das er in Litern halten kann.","Um das Volumen des zylindrischen Wassertanks zu berechnen und es in **Litern** anzugeben, folgen wir diesen Schritten:

---

### 🔹 1. **Formel für das Volumen eines Zylinders**
Die Formel für das Volumen $ V $ eines Zylinders lautet:

$$
V = \pi \cdot r^2 \cdot h
$$

Dabei ist:
- $ r $ der **Radius** des Zylinders (halber Durchmesser),
- $ h $ die **Höhe**,
- $ \pi \approx 3{,}1416 $

---

### 🔹 2. **Gegebene Werte**
- Durchmesser: $ d = 1{,}2\,\text{m} $
- Radius: $ r = \frac{d}{2} = \frac{1{,}2}{2} = 0{,}6\,\text{m} $
- Höhe: $ h = 2\,\text{m} $

---

### 🔹 3. **Einsetzen in die Formel**

$$
V = \pi \cdot (0{,}6)^2 \cdot 2
$$

$$
V = 3{,}1416 \cdot 0{,}36 \cdot 2
$$

$$
V \approx 3{,}1416 \cdot 0{,}72 \approx 2{,}26\,\text{m}^3
$$

---

### 🔹 4. **Umrechnung von Kubikmeter in Liter**
Merke:  
$$
1\,\text{m}^3 = 1000\,\text{Liter}
$$

Also:

$$
2{,}26\,\text{m}^3 = 2{,}26 \cdot 1000 = 2260\,\text{Liter}
$$

---

### ✅ **Ergebnis:**
Der Tank kann **ca. 2260 Liter Wasser** fassen.

Wenn du eine grobe Schätzung willst, kannst du auch einfach sagen:  
**„Etwa 2250 bis 2300 Liter.“**

Falls du noch mehr solcher Aufgaben lösen willst – ich helfe gerne! 😊"
"Sizes and measurement","Calculations of quantities","E","Ein Blumenbeet besteht aus einem Rechteck (2 m × 1 m) mit einem Halbkreis an einer der kürzeren Seiten. Berechne die gesamte Fläche.","Klar! Lass uns die Aufgabe Schritt für Schritt durchgehen.

### Gegeben:
- Ein Blumenbeet besteht aus:
  - **einem Rechteck** mit den Maßen:  
    Länge = 2 m, Breite = 1 m
  - **und einem Halbkreis**, der an einer der **kürzeren Seiten** angefügt ist.  
    Das bedeutet: Der Halbkreis sitzt an der Seite mit der Länge 1 m → also ist diese Seite der **Durchmesser des Halbkreises**.

---

## 🔹 Schritt 1: Fläche des Rechtecks berechnen

Die Formel für die Fläche eines Rechtecks ist:

$$
A_{\text{Rechteck}} = \text{Länge} \times \text{Breite}
$$

Einsetzen:

$$
A_{\text{Rechteck}} = 2\,\text{m} \times 1\,\text{m} = 2\,\text{m}^2
$$

---

## 🔹 Schritt 2: Fläche des Halbkreises berechnen

Der Durchmesser des Halbkreises ist 1 m.  
Damit ergibt sich der **Radius** $ r $ als:

$$
r = \frac{\text{Durchmesser}}{2} = \frac{1}{2} = 0{,}5\,\text{m}
$$

Die Fläche eines **vollen Kreises** ist:

$$
A_{\text{Kreis}} = \pi \cdot r^2
$$

Für einen **Halbkreis** teilen wir das durch 2:

$$
A_{\text{Halbkreis}} = \frac{1}{2} \cdot \pi \cdot r^2
$$

Einsetzen von $ r = 0{,}5\,\text{m} $:

$$
A_{\text{Halbkreis}} = \frac{1}{2} \cdot \pi \cdot (0{,}5)^2 = \frac{1}{2} \cdot \pi \cdot 0{,}25 = \frac{1}{8} \cdot \pi \approx 0{,}3927\,\text{m}^2
$$

---

## 🔹 Schritt 3: Gesamtfläche berechnen

Addiere die beiden Flächen:

$$
A_{\text{gesamt}} = A_{\text{Rechteck}} + A_{\text{Halbkreis}} = 2 + \frac{\pi}{8}
$$

Oder gerundet:

$$
A_{\text{gesamt}} \approx 2 + 0{,}3927 = 2{,}3927\,\text{m}^2
$$

---

### ✅ **Endergebnis:**
- **Exakt:** $ \displaystyle A = 2 + \frac{\pi}{8} \,\text{m}^2 $
- **Gerundet:** $ \displaystyle A \approx 2{,}39\,\text{m}^2 $

Wenn du willst, kann ich dir auch eine Skizze oder Erklärung zur Zeichnung geben – sag einfach Bescheid! 🌸"
"Sizes and measurement","Calculations of quantities","F","Ein Auto fährt 240 km in 3 Stunden. Wie hoch ist seine Geschwindigkeit in km/h?","Um die Geschwindigkeit eines Autos zu berechnen, verwendest du die einfache Formel:

$$
\text{Geschwindigkeit} = \frac{\text{Strecke}}{\text{Zeit}}
$$

### Gegeben:
- **Strecke** = 240 km  
- **Zeit** = 3 Stunden  

### Einsetzen in die Formel:
$$
\text{Geschwindigkeit} = \frac{240\ \text{km}}{3\ \text{h}} = 80\ \text{km/h}
$$

### Antwort:
Die Geschwindigkeit des Autos beträgt **80 km/h**.

Wenn du willst, kann ich dir auch erklären, wie man das auf andere Einheiten umrechnet (z. B. m/s) oder wie man ähnliche Aufgaben löst. 😊"
"Sizes and measurement","Calculations of quantities","F","Eine Einzahlung von 1.000 € erzielt jährlich 2,5 % Zinsen. Wie viel Zinsen erhält man nach 2 Jahren?","Um diese Matheaufgabe zu lösen, musst du berechnen, wie viel **Zinsen** bei einem **Zinssatz von 2,5 % pro Jahr** nach **2 Jahren** auf ein **Startkapital von 1.000 €** anfallen.

### Schritt 1: Verstehe die Aufgabenstellung
Du hast:
- Ein Anfangskapital von **1.000 €**
- Einen jährlichen Zinssatz von **2,5 %**
- Eine Laufzeit von **2 Jahren**

Die Frage ist: Wie viele **Zinsen** fallen in dieser Zeit an?

---

## 🔹 Lösung mit **einfacher Verzinsung** (ohne Zinseszins)

Wenn **keine Zinseszinsen** erwähnt werden (also wenn die Zinsen jedes Jahr ausgeschüttet und nicht wieder angelegt werden), rechnest du einfach:

$$
\text{Zinsen pro Jahr} = \text{Kapital} \times \frac{\text{Zinssatz}}{100}
$$

$$
= 1.000 \, € \times \frac{2{,}5}{100} = 25 \, €
$$

Das bedeutet:  
Nach **1 Jahr** erhältst du **25 € Zinsen**, und nach **2 Jahren** sind es doppelt so viel:

$$
25 \, € \times 2 = \boxed{50 \, €}
$$

✅ **Antwort (bei einfacher Verzinsung): Nach 2 Jahren erhält man 50 € Zinsen.**

---

## 🔹 Lösung mit **Zinseszins**

Falls die Zinsen **jährlich dem Kapital hinzugefügt** werden (also mit Zinseszins), dann rechnest du mit der Zinseszinsformel:

$$
K_n = K_0 \cdot \left(1 + \frac{p}{100}\right)^n
$$

Dabei:
- $ K_0 = 1.000 $
- $ p = 2{,}5 $
- $ n = 2 $

$$
K_2 = 1.000 \cdot \left(1 + \frac{2{,}5}{100}\right)^2 = 1.000 \cdot (1{,}025)^2
$$

$$
= 1.000 \cdot 1{,}050625 = 1.050{,}625
$$

Gesamtkapital nach 2 Jahren: **1.050,63 €**  
Zinsen insgesamt:  
$$
1.050{,}63 - 1.000 = \boxed{50{,}63 \, €}
$$

✅ **Antwort (mit Zinseszins): Nach 2 Jahren erhält man etwa 50,63 € Zinsen.**

---

## 📝 Fazit:
Je nachdem, ob mit oder ohne Zinseszins gerechnet wird:

| Methode | Zinsen nach 2 Jahren |
|--------|-----------------------|
| Einfache Verzinsung | 50,00 € |
| Mit Zinseszins | 50,63 € |

Falls nichts dazu gesagt wird, geht man meist von **einfacher Verzinsung** aus → also **50 €**.

Brauchst du eine Erklärung für eine bestimmte Methode?"
"Sizes and measurement","Calculations of quantities","F","Ein Spielzeug ist im Maßstab 1:20. Wenn das Modell 12 cm lang ist, wie lang ist das echte Objekt?","Klar! Lass uns die Aufgabe Schritt für Schritt lösen.

### Gegeben:
- Das Spielzeug ist im **Maßstab 1:20**.
- Das Modell (also das Spielzeug) ist **12 cm lang**.

### Was bedeutet der Maßstab 1:20?
Ein **Maßstab von 1:20** bedeutet:
- **1 Einheit auf dem Modell entspricht 20 Einheiten in der Wirklichkeit.**
- Also: Wenn etwas im Modell 1 cm lang ist, ist es in der Realität **20 cm** lang.

### Jetzt haben wir:
- Modelllänge = 12 cm
- Umrechnungsfaktor = 20

### Rechnung:
Um die **wirkliche Länge** zu berechnen, multiplizieren wir die Modellänge mit dem Faktor:

$$
\text{Wirkliche Länge} = 12 \, \text{cm} \times 20 = 240 \, \text{cm}
$$

### Ergebnis:
Das **echte Objekt ist 240 cm lang**, also **2,4 Meter**.

Wenn du willst, kann ich dir auch erklären, wie man mit anderen Maßstäben rechnet oder warum das so funktioniert 😊"
"Sizes and measurement","Calculations of quantities","F","Ein Auto verbraucht 8 Liter Kraftstoff auf 100 km. Wie viel Kraftstoff wird für eine Strecke von 350 km benötigt?","Um diese Matheaufgabe zu lösen, kannst du mit einem **Verhältnis (Dreisatz)** arbeiten. Es geht hier um einen proportionalen Zusammenhang: Je länger die Strecke, desto mehr Kraftstoff wird verbraucht.

### Gegeben:
- 8 Liter für 100 km  
- Gesucht: Verbrauch für 350 km

---

### Schritt 1: Verbrauch pro 1 km berechnen
Wenn das Auto auf 100 km 8 Liter braucht, dann braucht es auf **1 km**:

$$
\frac{8 \text{ Liter}}{100 \text{ km}} = 0{,}08 \text{ Liter/km}
$$

---

### Schritt 2: Verbrauch für 350 km berechnen
Jetzt multiplizierst du den Verbrauch pro Kilometer mit der gefahrenen Strecke:

$$
0{,}08 \text{ Liter/km} \cdot 350 \text{ km} = 28 \text{ Liter}
$$

---

### ✅ Antwort:
Für eine Strecke von **350 km** werden **28 Liter** Kraftstoff benötigt.

Wenn du magst, kann ich dir die Lösung auch mit dem Dreisatz-Schema nochmal genau aufschreiben!"
"Sizes and measurement","Calculations of quantities","G","Bestimme die Oberfläche eines Kegels mit einem Radius von 5 cm und einer Mantelhöhe von 13 cm.","Gerne! Um die **Oberfläche eines Kegels** zu berechnen, brauchst du zwei Dinge:

1. Die **Grundfläche** (Kreisfläche)
2. Die **Mantelfläche**
3. Und dann addierst du diese beiden Flächen zusammen.

---

### 🔢 Gegebene Werte:
- Radius $ r = 5 \, \text{cm} $
- **Mantelhöhe** (also die Schräghöhe von der Basis zur Spitze entlang des Mantels) $ s = 13 \, \text{cm} $

> Hinweis: Die Mantelhöhe wird oft mit $ s $ bezeichnet. Die Höhe $ h $ des Kegels (senkrecht von der Basis zur Spitze) brauchst du hier nicht direkt, weil du bereits $ s $ hast.

---

## ✅ Formeln:

1. **Grundfläche** (Kreis):
   $$
   A_{\text{Grund}} = \pi \cdot r^2
   $$

2. **Mantelfläche**:
   $$
   A_{\text{Mantel}} = \pi \cdot r \cdot s
   $$

3. **Oberfläche gesamt**:
   $$
   O = A_{\text{Grund}} + A_{\text{Mantel}} = \pi \cdot r^2 + \pi \cdot r \cdot s
   $$

---

## 📐 Jetzt rechnen wir:

### 1. Grundfläche:
$$
A_{\text{Grund}} = \pi \cdot 5^2 = \pi \cdot 25 \approx 78.54 \, \text{cm}^2
$$

### 2. Mantelfläche:
$$
A_{\text{Mantel}} = \pi \cdot 5 \cdot 13 = \pi \cdot 65 \approx 204.20 \, \text{cm}^2
$$

### 3. Oberfläche:
$$
O = 78.54 + 204.20 = 282.74 \, \text{cm}^2
$$

---

## 🧮 Ergebnis:

Die **Oberfläche des Kegels** beträgt ungefähr:

$$
\boxed{282.74 \, \text{cm}^2}
$$

Wenn du das exakte Ergebnis in Abhängigkeit von $ \pi $ willst:

$$
O = \pi \cdot 25 + \pi \cdot 65 = \pi \cdot (25 + 65) = \pi \cdot 90 \approx 90\pi \, \text{cm}^2
$$

Also auch schreibbar als:

$$
\boxed{90\pi \, \text{cm}^2}
$$

Falls du weitere Aufgaben hast oder etwas nicht verstanden hast, helfe ich dir gerne weiter! 😊"
"Sizes and measurement","Calculations of quantities","G","Ein Bauer möchte ein rundes Feld mit einem Radius von 45 m einzäunen. Wie viel Zaunmaterial benötigt er?","Um diese Matheaufgabe zu lösen, musst du die **Länge des Zauns** berechnen, den der Bauer braucht. Da das Feld **rund** ist, handelt es sich wahrscheinlich um ein **kreisförmiges Feld**, und die Zaunlänge entspricht dann dem **Umfang des Kreises**.

### Gegeben:
- Radius $ r = 45 \, \text{m} $

### Gesucht:
- Umfang $ U $ des Kreises (also die benötigte Länge an Zaunmaterial)

### Formel für den Umfang eines Kreises:
$$
U = 2 \cdot \pi \cdot r
$$

Dabei ist:
- $ \pi $ (Pi) eine mathematische Konstante, ungefähr $ 3{,}1416 $
- $ r $ der Radius des Kreises

### Einsetzen der Werte:
$$
U = 2 \cdot \pi \cdot 45 \, \text{m}
$$
$$
U = 90 \cdot \pi \, \text{m}
$$
$$
U \approx 90 \cdot 3{,}1416 \approx 282{,}74 \, \text{m}
$$

### Antwort:
Der Bauer benötigt **etwa 282,74 Meter Zaunmaterial**, um das runde Feld einzuzäunen.

Wenn du möchtest, kann ich dir auch erklären, warum genau diese Formel gilt oder wie man sie herleitet!"
"Sizes and measurement","Calculations of quantities","G","Eine Wasserrechnung basiert auf 1,75 € pro m³. Wie viel kostet der Verbrauch von 18,6 m³?","Um diese Matheaufgabe zu lösen, musst du einfach den **Preis pro Kubikmeter (m³)** mit der **Anzahl der verbrauchten Kubikmeter** multiplizieren.

### Gegeben:
- Preis pro m³: **1,75 €**
- Verbrauch: **18,6 m³**

### Rechnung:
$$
\text{Gesamtkosten} = \text{Preis pro m³} \times \text{Verbrauch}
$$

$$
\text{Gesamtkosten} = 1,75 \, € \times 18,6
$$

Jetzt rechnen wir das aus:

$$
1,75 \times 18,6 = 32,55
$$

### Ergebnis:
Der Verbrauch von **18,6 m³** kostet **32,55 €**.

Falls du es Schritt für Schritt rechnen willst:
1. Multipliziere 1,75 mit 10 → 17,5
2. Multipliziere 1,75 mit 8 → 14
3. Multipliziere 1,75 mit 0,6 → 1,05  
   Addiere alles zusammen:
   $$17,5 + 14 + 1,05 = 32,55$$

Fertig! 😊"
"Sizes and measurement","Calculations of quantities","H","Berechne die Wellenlänge einer 100 MHz Radiowelle in Luft (Lichtgeschwindigkeit ≈ 3×10⁸ m/s).","Klar! Um die **Wellenlänge einer Radiowelle** zu berechnen, brauchst du folgende Formel:

$$
\lambda = \frac{c}{f}
$$

Dabei bedeuten:
- $\lambda$ (sprich: Lambda): die Wellenlänge in Metern (m)
- $c$: die Lichtgeschwindigkeit in Metern pro Sekunde (m/s) – hier gegeben als ca. $3 \times 10^8~\text{m/s}$
- $f$: die Frequenz in Hertz (Hz)

---

### Gegeben:
- Frequenz $f = 100~\text{MHz} = 100 \times 10^6~\text{Hz} = 10^8~\text{Hz}$
- Lichtgeschwindigkeit $c = 3 \times 10^8~\text{m/s}$

---

### Einsetzen in die Formel:

$$
\lambda = \frac{3 \times 10^8~\text{m/s}}{10^8~\text{Hz}} = 3~\text{m}
$$

---

### ✅ Ergebnis:
Die Wellenlänge der 100 MHz Radiowelle beträgt **3 Meter**.

---

Falls du noch mehr solcher Aufgaben lösen musst oder Hintergründe verstehen willst (z. B. warum das so funktioniert), helfe ich dir gerne weiter!"
"Sizes and measurement","Calculations of quantities","H","Berechne die Wellenlänge einer Wasserwelle mit einer Periodendauer von 5 Sekunden und einer Geschwindigkeit von 3 m/s.","Um die **Wellenlänge** einer Wasserwelle zu berechnen, brauchst du zwei Größen:  
- Die **Periodendauer** $ T $ (das ist die Zeit, die eine Welle braucht, um sich einmal vollständig zu wiederholen – z. B. von einem Wellenberg zum nächsten)  
- Die **Ausbreitungsgeschwindigkeit** $ v $ der Welle  

Die Formel zur Berechnung der Wellenlänge $ \lambda $ lautet:

$$
\lambda = v \cdot T
$$

### Gegeben:
- Periodendauer $ T = 5 \, \text{s} $
- Geschwindigkeit $ v = 3 \, \frac{\text{m}}{\text{s}} $

### Einsetzen in die Formel:

$$
\lambda = 3 \, \frac{\text{m}}{\text{s}} \cdot 5 \, \text{s} = 15 \, \text{m}
$$

### Ergebnis:
Die **Wellenlänge** beträgt **15 Meter**.

---

Wenn du magst, kann ich dir auch erklären, warum diese Formel funktioniert oder wie das mit Schwingungen und Wellen zusammenhängt!"
"Sizes and measurement","Calculations of quantities","H","Ein Satellit umkreist die Erde in einer Höhe von 400 km. Schätze die Sichtfläche des Satelliten mit der Formel Fläche = 2πRh.","Um die **Sichtfläche eines Satelliten**, der die Erde in einer Höhe von 400 km umkreist, zu **schätzen**, verwendest du die gegebene Formel:

$$
\text{Fläche} = 2 \pi R h
$$

### Gegebene Werte:
- $ R $: Radius der Erde (ca. 6371 km)
- $ h $: Höhe des Satelliten über der Erdoberfläche (400 km)

---

## 🔍 Schritt-für-Schritt Erklärung:

### 1. Verstehe die Formel:
Die Formel $ \text{Fläche} = 2 \pi R h $ beschreibt eine **angenäherte Sichtfläche** auf der Erdoberfläche, die der Satellit aus seiner Umlaufbahn „sehen“ oder abdecken kann.

Es handelt sich hierbei um eine Näherung für einen Ausschnitt der Erdoberfläche, den der Satellit theoretisch mit seiner Position erfassen kann — ähnlich wie bei einer Kugelkappe.

---

### 2. Setze die Werte ein:

$$
\text{Fläche} = 2 \pi \cdot 6371 \, \text{km} \cdot 400 \, \text{km}
$$

$$
\text{Fläche} = 2 \cdot \pi \cdot 6371 \cdot 400
$$

$$
\text{Fläche} \approx 2 \cdot 3{,}1416 \cdot 6371 \cdot 400
$$

---

### 3. Rechne aus:

Zuerst multipliziere die Zahlen:

$$
2 \cdot 3{,}1416 = 6{,}2832
$$

$$
6{,}2832 \cdot 6371 = 40030{,}9
$$

$$
40030{,}9 \cdot 400 = 16{,}012 \cdot 10^6 \, \text{km}^2
$$

---

### ✅ Ergebnis:

$$
\text{Fläche} \approx 16{,}012 \cdot 10^6 \, \text{km}^2 = 16{,}012 \, \text{Millionen km}^2
$$

---

## 🧠 Interpretation:

Der Satellit kann also etwa **16 Millionen Quadratkilometer** der Erdoberfläche gleichzeitig „sehen“. Das ist eine grobe Schätzung unter Verwendung der Näherungsformel.

> Hinweis: Dies ist keine exakte geometrische Berechnung, sondern eine Vereinfachung, die gut funktioniert, wenn $ h \ll R $ gilt (was hier annähernd der Fall ist).

---

Wenn du möchtest, kann ich dir auch zeigen, wie man das mit exakterer Geometrie berechnet (z. B. über Kugelkappen)."
"Sizes and measurement","Calculations of quantities","H","Berechne die Gesamtmasse der Luft in einem Raum mit den Abmessungen 5 m × 4 m × 2,5 m, wobei die Dichte der Luft 1,225 kg/m³ beträgt.","Um die **Gesamtmasse der Luft** in einem Raum zu berechnen, brauchst du zwei Dinge:

1. **Das Volumen des Raumes**
2. **Die Dichte der Luft**

---

### 🔹 Gegebene Werte:
- Länge: 5 m  
- Breite: 4 m  
- Höhe: 2,5 m  
- Dichte der Luft: 1,225 kg/m³

---

### ✅ Schritt 1: Berechne das Volumen des Raumes

Das Volumen $ V $ eines rechteckigen Raumes berechnet sich durch:

$$
V = \text{Länge} \times \text{Breite} \times \text{Höhe}
$$

Einsetzen der Werte:

$$
V = 5 \, \text{m} \times 4 \, \text{m} \times 2{,}5 \, \text{m} = 50 \, \text{m}^3
$$

---

### ✅ Schritt 2: Berechne die Masse der Luft

Die Formel für die Masse lautet:

$$
\text{Masse} = \text{Dichte} \times \text{Volumen}
$$

$$
m = \rho \cdot V
$$

Einsetzen der Werte:

$$
m = 1{,}225 \, \frac{\text{kg}}{\text{m}^3} \times 50 \, \text{m}^3 = 61{,}25 \, \text{kg}
$$

---

### 🧮 Ergebnis:

Die **Gesamtmasse der Luft** im Raum beträgt **61,25 Kilogramm**.

Wenn du weitere Fragen hast oder etwas nicht verstanden hast, helfe ich dir gerne weiter! 😊"
"Sizes and measurement","Calculations of quantities","H","Bestimme das Gewicht von 0,5 m³ Beton, wenn seine Dichte 2400 kg/m³ beträgt.","Um diese Matheaufgabe zu lösen, brauchst du die **Formel für die Dichte**:

$$
\text{Dichte} = \frac{\text{Masse}}{\text{Volumen}}
$$

Oder umgestellt nach der Masse (was wir hier suchen):

$$
\text{Masse} = \text{Dichte} \times \text{Volumen}
$$

---

### Gegeben:
- **Dichte von Beton**: $ 2400 \, \text{kg/m}^3 $
- **Volumen**: $ 0{,}5 \, \text{m}^3 $

---

### Einsetzen in die Formel:
$$
\text{Masse} = 2400 \, \text{kg/m}^3 \times 0{,}5 \, \text{m}^3
$$

$$
\text{Masse} = 1200 \, \text{kg}
$$

---

### Ergebnis:
Das Gewicht (genauer: die Masse) von 0,5 m³ Beton beträgt **1200 kg**.

Wenn du wirklich das **Gewicht (Kraft)** suchst (also in Newton), könntest du es so berechnen:

$$
\text{Gewichtskraft} = \text{Masse} \times \text{Erdbeschleunigung}
$$  
mit $ g \approx 9{,}81 \, \text{m/s}^2 $:

$$
\text{Gewichtskraft} = 1200 \, \text{kg} \times 9{,}81 \, \text{m/s}^2 = 11\,772 \, \text{N}
$$

Aber in den meisten Fällen ist mit ""Gewicht"" einfach die **Masse** gemeint – also **1200 kg** ist deine Lösung. ✅"
"Sizes and measurement","Calculations of quantities","H","Schätze die gesamte Energieausbeute eines 1,5 kW Solarpanels, das 6 Stunden pro Tag über einen Zeitraum von 30 Tagen betrieben wird.","Um die **gesamte Energieausbeute** eines **1,5 kW Solarpanels**, das **6 Stunden pro Tag über 30 Tage** betrieben wird, zu schätzen, kannst du folgende Schritte durchführen:

---

### 🔢 **Schritt 1: Verstehe die Einheiten**

- **kW (Kilowatt)** ist eine Leistungseinheit.
- **kWh (Kilowattstunde)** ist eine Energieeinheit.  
  ➤ **1 kWh = 1 kW × 1 Stunde** (also Leistung × Zeit)

---

### 📌 **Gegebene Werte**

- **Leistung des Solarpanels:** 1,5 kW  
- **Betriebsdauer pro Tag:** 6 Stunden  
- **Zeitraum:** 30 Tage

---

### ✏️ **Berechnung**

#### 1. Tägliche Energieausbeute:
$$
\text{Energie pro Tag} = \text{Leistung} \times \text{Stunden pro Tag} = 1{,}5~\text{kW} \times 6~\text{h} = 9~\text{kWh}
$$

#### 2. Gesamtenergie über 30 Tage:
$$
\text{Gesamtenergie} = 9~\text{kWh/Tag} \times 30~\text{Tage} = 270~\text{kWh}
$$

---

### ✅ **Ergebnis**
Die **geschätzte gesamte Energieausbeute** des Solarpanels beträgt:

> **270 kWh** (Kilowattstunden)

---

### 📝 Hinweis:
Dies ist eine **vereinfachte Schätzung** unter der Annahme, dass das Panel **konstant mit seiner Maximalleistung (1,5 kW)** arbeitet. In der Realität hängt die tatsächliche Ausbeute von Faktoren wie:
- Sonneneinstrahlung
- Neigung und Ausrichtung des Panels
- Wetterbedingungen
- Temperatur
- Verschattung

Für eine präzisere Schätzung würden Fachleute oft einen **Reduktionsfaktor (z.B. 0,8 für 80 % Effizienz)** einbauen.

---

Wenn du möchtest, kann ich dir auch zeigen, wie man das mit einem solchen Reduktionsfaktor berechnet. 😊"
"Data frequencies and probabilities","Collect, display and read data","B","Zähle und notiere, wie viele Schüler in deiner Klasse blaue Augen haben.","Die Matheaufgabe **„Zähle und notiere, wie viele Schüler in deiner Klasse blaue Augen haben“** ist eine Beobachtungs- und Zählaufgabe. So kannst du sie lösen:

---

### 🔍 **Schritt-für-Schritt-Anleitung:**

1. **Beobachte deine Klassenkameraden:**  
   Schau dir nacheinander die Augenfarbe deiner Mitschüler an.

2. **Erkenne blaue Augen:**  
   Blaue Augen sind meist leicht zu erkennen – sie haben eine helle, blaue Färbung ohne braune oder grüne Töne.

3. **Zähle mit einem Merkzettel oder im Kopf:**  
   Du kannst:
   - Im Kopf mitzählen,
   - Striche auf ein Blatt machen (z. B. immer 5er-Gruppen: ||||),
   - Oder Namen notieren, um nichts doppelt zu zählen.

4. **Notiere das Ergebnis:**  
   Schreibe am Ende die Anzahl der Schüler mit blauen Augen auf, z. B.:
   > In meiner Klasse haben **6 Schüler** blaue Augen.

---

### 📝 Beispiel:
Du schaust dich in der Klasse um und stellst fest:

- Lena – blaue Augen ✅  
- Tim – nicht blau ❌  
- Mia – blaue Augen ✅  
- Jonas – nicht blau ❌  
- … und so weiter.

Am Ende zählst du alle „✅“ und findest heraus:  
> **In meiner Klasse haben 5 Schüler blaue Augen.**

---

### 💡 Wichtige Hinweise:
- Manche Augen können je nach Licht unterschiedlich aussehen – versuche, dich auf die offensichtlichen Fälle zu konzentrieren.
- Wenn du unsicher bist, frage denjenigen höflich: „Hast du blaue Augen?“

---

Wenn du möchtest, kann ich dir auch helfen, eine kleine Tabelle zum Notieren zu erstellen! 😊"
"Data frequencies and probabilities","Collect, display and read data","B","Zeichne Strichlisten, um zu zeigen, wie viele Haustiere deine Freunde haben.","Klar! Diese Matheaufgabe möchte, dass du eine **Strichliste** erstellst, um darzustellen, **wie viele Haustiere deine Freunde haben**.

Da du vermutlich keine echten Daten über deine Freunde und deren Haustiere hast, kannst du dir einfach ein paar Beispieldaten ausdenken. Ich zeige dir jetzt Schritt für Schritt, wie du das machen kannst.

---

### 🧠 Schritt 1: Stelle dir einige Freunde vor
Zum Beispiel:

- Anna  
- Ben  
- Clara  
- David  
- Emilia  

---

### 🧮 Schritt 2: Gib jedem Freund eine Anzahl an Haustieren (erfinde einfach Werte)

| Freund/Freundin | Anzahl der Haustiere |
|------------------|----------------------|
| Anna             | 1                    |
| Ben              | 2                    |
| Clara            | 0                    |
| David            | 3                    |
| Emilia           | 2                    |

---

### ✏️ Schritt 3: Erstelle daraus eine **Strichliste**

Bei einer Strichliste machst du für jede Einheit (hier: jedes Haustier) einen Strich. Bei fünf Haustieren werden die Striche so gruppiert: `||||` (vier senkrechte Striche) und dann ein diagonaler Strich durch die vier, also: `||||` → `||||\`

So sieht die Strichliste für unsere Beispieldaten aus:

| Anzahl der Haustiere | Strichliste        | Anzahl der Freunde |
|-----------------------|--------------------|---------------------|
| 0                     | |                  | 1                   |
| 1                     | |                  | 1                   |
| 2                     | ||                 | 2                   |
| 3                     | |                  | 1                   |

> Hinweis: Die letzte Spalte ""Anzahl der Freunde"" ist optional, je nachdem, was genau in der Aufgabe gefordert wird.

---

### 📊 Alternativ: Eine Liste deiner Freunde mit ihren Haustieren

Wenn du stattdessen zeigen willst, **welcher Freund wie viele Haustiere hat**, könnte deine Strichliste auch so aussehen:

- **Anna**: | (1 Haustier)  
- **Ben**: || (2 Haustiere)  
- **Clara**: (kein Strich) (0 Haustiere)  
- **David**: ||| (3 Haustiere)  
- **Emilia**: || (2 Haustiere)

---

### 🎨 Tipps zum Zeichnen:
- Du kannst auf Papier oder am Computer arbeiten.
- Für jeden Strich machst du einen senkrechten Strich „|“.
- Bei jedem fünften Strich machst du einen diagonalen Strich durch die vier vorhergehenden: `||||\`

---

Wenn du möchtest, kann ich dir auch eine Vorlage als Tabelle geben oder dir helfen, das aufzuzeichnen/zur Skizze zu bringen. Sag einfach Bescheid 😊"
"Data frequencies and probabilities","Collect, display and read data","B","Zähle die gesamte Anzahl der Tiere, die in der Tabelle dargestellt sind.","Natürlich! Allerdings kann ich die Tabelle nicht sehen, von der du sprichst. Um dir genau helfen zu können, bräuchte ich entweder:

1. **Eine Beschreibung der Tabelle** (z. B.: „In der Tabelle stehen 3 Hunde, 5 Katzen und 2 Vögel“), oder  
2. **Ein Foto oder Text-Auszug der Tabelle**, falls du sie nicht direkt zeigen kannst.

### Grundsätzliches Vorgehen (sobald du die Daten hast):
Um die **gesamte Anzahl der Tiere** in einer Tabelle zu ermitteln, musst du:

1. **Alle Tierarten auflisten**, die in der Tabelle vorkommen.
2. **Die Anzahl jedes Tieres notieren** (oft steht diese direkt daneben).
3. **Alle Zahlen zusammenrechnen**, um die Gesamtanzahl zu erhalten.

#### Beispiel:
Angenommen, deine Tabelle sieht so aus:

| Tierart | Anzahl |
|---------|--------|
| Hund    | 4      |
| Katze   | 6      |
| Vogel   | 3      |

Dann rechnest du:  
4 (Hunde) + 6 (Katzen) + 3 (Vögel) = **13 Tiere insgesamt**

---

Wenn du mir jetzt sagst, welche Tiere und Anzahlen in deiner Tabelle stehen, helfe ich dir gerne Schritt für Schritt beim Zusammenrechnen! 😊"
"Data frequencies and probabilities","Collect, display and read data","B","Sieh dir das Diagramm an. Sind mehr Menschen mit dem Auto oder mit dem Bus gereist?","Natürlich! Um dir bei der Matheaufgabe zu helfen:  
**„Sieh dir das Diagramm an. Sind mehr Menschen mit dem Auto oder mit dem Bus gereist?“**  

…brauche ich **Informationen aus dem Diagramm**, das du erwähnst. Da ich hier kein Bild sehen kann, kann ich die Aufgabe nicht direkt lösen. Aber ich erkläre dir gerne **Schritt für Schritt, wie du sie selbst lösen kannst**.

---

### 🔍 So liest du ein Diagramm und findest die Antwort:

1. **Bestimme die Art des Diagramms**:  
   Ist es ein Säulendiagramm, ein Balkendiagramm, ein Kreisdiagramm oder ein anderes?

2. **Suche nach den Beschriftungen**:  
   Schaue, welche Verkehrsmittel beschriftet sind – z. B. „Auto“, „Bus“.

3. **Vergleiche die Werte**:  
   Lies ab, wie viele Menschen mit jedem Verkehrsmittel gereist sind:
   - Wie hoch ist der Wert (die Anzahl) beim **Auto**?
   - Wie hoch ist der Wert (die Anzahl) beim **Bus**?

4. **Finde heraus, welcher Wert größer ist**:  
   Vergleiche beide Zahlen miteinander:
   - Wenn der Wert beim **Auto** höher ist → **Mehr Menschen sind mit dem Auto gereist**
   - Wenn der Wert beim **Bus** höher ist → **Mehr Menschen sind mit dem Bus gereist**

---

### 📌 Beispiel (wenn du z. B. so ein Diagramm hast):

| Verkehrsmittel | Anzahl der Reisenden |
|----------------|----------------------|
| Auto           | 150                  |
| Bus            | 200                  |

Dann wäre die Antwort:  
➡️ **Mehr Menschen sind mit dem Bus als mit dem Auto gereist.**

---

Wenn du mir beschreibst, was du in dem Diagramm siehst (z. B. die Werte oder Beschriftungen), helfe ich dir sehr gerne weiter und sage dir genau, was die richtige Antwort ist! 😊"
"Data frequencies and probabilities","Collect, display and read data","C","Zeichne ein Säulendiagramm, um darzustellen, wie viele Haustiere jeder Klassenkamerad hat.","Klar! Um die Aufgabe **„Zeichne ein Säulendiagramm, um darzustellen, wie viele Haustiere jeder Klassenkamerad hat“** zu lösen, brauchst du zunächst Daten – also Informationen darüber, **wie viele Haustiere jeder Schüler in der Klasse hat**. Wenn diese Daten noch fehlen, musst du sie zuerst sammeln oder bekommst sie von deinem Lehrer.

Hier ist eine Schritt-für-Schritt-Anleitung:

---

### 🔢 **Schritt 1: Datenerfassung**
Falls du die Daten selbst sammeln sollst, frage jeden Klassenkameraden:
> „Wie viele Haustiere hast du?“

Beispiel für eine Liste (fiktiv):

| Name      | Anzahl der Haustiere |
|-----------|----------------------|
| Anna      | 2                    |
| Ben       | 0                    |
| Carla     | 3                    |
| David     | 1                    |
| Emma      | 2                    |
| Felix     | 0                    |
| Gina      | 4                    |

---

### 📊 **Schritt 2: Vorbereitung des Diagramms**
Ein Säulendiagramm besteht aus:

- Eine **x-Achse** (waagrecht) – hier stehen die Namen der Klassenkameraden.
- Eine **y-Achse** (senkrecht) – hier steht die Anzahl der Haustiere.
- Für jede Person wird eine **Säule (Rechteck)** gezeichnet, deren Höhe der Anzahl der Haustiere entspricht.

---

### ✏️ **Schritt 3: Zeichnen des Diagramms**

1. **Zeichne die Achsen:**
   - Die x-Achse (unten) beschriftest du mit den **Namen** der Klassenkameraden.
   - Die y-Achse (links) beschriftest du mit der **Anzahl der Haustiere**, z. B. von 0 bis zur höchsten Anzahl (in unserem Beispiel bis 4).

2. **Trage die Säulen ein:**
   - Für jeden Namen zeichnest du eine Säule nach oben, die so hoch ist wie die Anzahl der Haustiere.

Beispiel:
```
Haustiere
^
|
4 |           █
3 |     █     █
2 | █   █     █
1 | █   █   █ █
0 +---+---+---+---+---+---+-----> Namen
    A   B   C   D   E   F   G
```

*(Dies ist eine Textdarstellung – auf Papier oder am Computer wären das richtige Rechtecke.)*

---

### 🧰 Tipps:

- Verwende kariertes Papier, damit es sauber aussieht.
- Du kannst auch Farben verwenden, um die Säulen bunter zu gestalten.
- Falls viele Namen vorhanden sind und wenig Platz, kannst du stattdessen auch nur eine Teilmenge (z. B. 5–10 Namen) darstellen.

---

### 📝 Hast du keine Daten?
Falls du **keine konkreten Daten** bekommen hast, kannst du dir einfach welche **ausdenken** – wie in dem Beispiel oben. Dann kannst du trotzdem ein richtiges Säulendiagramm zeichnen.

---

Wenn du mir deine Daten gibst (z. B. eine Liste von Namen und Haustieren), kann ich dir sogar helfen, das Diagramm genau zu zeichnen oder als Tabelle vorzubereiten! 😊"
"Data frequencies and probabilities","Collect, display and read data","C","Wie viele Schüler mögen Blau mehr als Grün, laut dem Piktogramm?","Natürlich! Um dir die Aufgabe genau zu erklären, brauche ich ein paar Informationen von dir. Da du von einem **Piktogramm** sprichst, ist es wahrscheinlich eine Art Diagramm, in dem Symbole oder Bilder verwendet werden, um Daten darzustellen – zum Beispiel wie viele Schüler welche Farben mögen.

Da das Piktogramm nicht direkt hier ist, können wir Schritt für Schritt vorgehen:

---

### 🔍 **Schritt 1: Verstehe das Piktogramm**
Ein Piktogramm besteht meist aus Symbolen (zum Beispiel Smilies, Kreise, Häkchen oder andere Bilder), die für eine bestimmte Anzahl von Personen stehen. Zum Beispiel:
- Ein Smiley steht für **2 Schüler**, oder
- Ein Smiley steht für **5 Schüler**, usw.

👉 Finde heraus, **wie viel jedes Symbol wert ist** (manchmal wird das unten im Diagramm angegeben).

---

### 📘 **Schritt 2: Zähle die Symbole für „Blau“ und „Grün“**
Zähle jetzt:
- Wie viele Symbole bei **Blau** sind.
- Wie viele Symbole bei **Grün** sind.

Rechne dann:
- **Anzahl der Symbole × Wert pro Symbol = Anzahl der Schüler**

Beispiel:
- Blau hat 4 Symbole → 4 × 2 = 8 Schüler
- Grün hat 3 Symbole → 3 × 2 = 6 Schüler

---

### 🧮 **Schritt 3: Vergleiche Blau und Grün**
Jetzt willst du wissen: **Wie viele Schüler Blau mehr als Grün mögen?**

Das heißt:
> **Schüler, die Blau mögen** − **Schüler, die Grün mögen** = ?  

In unserem Beispiel:
> 8 − 6 = **2 Schüler**

---

### ✅ **Antwort:**
> Es mögen **2 Schüler mehr Blau als Grün**.

---

### 📌 Tipp:
Wenn du mir sagst, **wie dein Piktogramm aussieht** (z. B. wie viele Symbole bei Blau/Grün sind und was ein Symbol wert ist), kann ich dir die genaue Lösung sagen!

Möchtest du das jetzt gemeinsam durchgehen? 😊"
"Data frequencies and probabilities","Collect, display and read data","C","Lese die Temperatur um 14 Uhr aus dem Liniendiagramm ab.","Natürlich! Um dir zu helfen, die Temperatur um 14 Uhr aus einem **Liniendiagramm** abzulesen, erkläre ich dir Schritt für Schritt, wie du so etwas allgemein machst – denn du hast das Diagramm selbst nicht hier eingefügt. Wenn du später ein Bild davon hast, könntest du es z. B. in einer neuen Frage zeigen, um eine genauere Hilfe zu bekommen.

---

### 📊 So liest du Werte aus einem Liniendiagramm ab:

Ein Liniendiagramm zeigt meistens **Daten über die Zeit**, z. B. die Temperatur im Tagesverlauf. Die Zeit (Uhrzeiten) steht auf der **waagrechten Achse (x-Achse)** und die Temperatur auf der **senkrechten Achse (y-Achse)**.

---

### 🔍 Schritt-für-Schritt-Anleitung: Temperatur um 14 Uhr ablesen

1. **Suche die x-Achse (waagrecht):**  
   Dort findest du normalerweise die Uhrzeiten oder Zeitpunkte. Suche den Eintrag **""14 Uhr""** oder **""14:00""**.

2. **Gehe von diesem Punkt senkrecht nach oben,** bis du die Linie des Diagramms triffst.  
   Es gibt meistens eine durchgezogene Linie, die die Temperaturen verbindet.

3. **Wenn du den Schnittpunkt mit der Linie gefunden hast,** gehst du waagrecht nach links zur y-Achse (Temperaturachse).

4. **Lese dort die Temperatur ab.**  
   Achte darauf, ob die Skala in ganzen Gradzahlen ist oder ob es Zwischenstriche gibt (z. B. alle 0,5 °C oder 1 °C).

5. **Schreibe deine Antwort auf,** z. B.:  
   *""Um 14 Uhr betrug die Temperatur ca. 22 °C.""*

---

### 🎯 Tipps:

- Falls es keine genaue Beschriftung bei 14 Uhr gibt, schaue, zwischen welchen zwei Uhrzeiten sie liegt, und finde den passenden Punkt dazwischen.
- Lies immer möglichst genau ab – wenn die Linie zwischen zwei Strichen liegt, darfst du ruhig eine ungefähre Zahl schätzen, z. B. „ca. 19,5 °C“.
- Manchmal gibt es Hilfslinien oder Gitternetzlinien – diese erleichtern das Ablesen!

---

Wenn du magst, kannst du mir gerne beschreiben, wie das Diagramm aussieht (z. B. welche Uhrzeiten vorhanden sind, wie die Linie verläuft), dann helfe ich dir sehr gerne beim genauen Ablesen! 😊"
"Data frequencies and probabilities","Collect, display and read data","C","Aus der Umfrage. Erstelle eine Tabelle, die zeigt, wie viele Bücher jeder Schüler in einer Woche gelesen hat.","Natürlich! Allerdings fehlt in deiner Anfrage ein wichtiger Teil: **die eigentliche Umfrage** oder die Daten, aus denen du eine Tabelle erstellen sollst. Ohne diese Informationen können wir nicht genau wissen, welche Zahlen du verwenden musst.

Aber ich kann dir gerne **Schritt für Schritt erklären**, wie du so eine Tabelle selbst erstellst – und dir am Ende auch ein Beispiel zeigen. 😊

---

### 🔍 **1. Verstehe die Aufgabenstellung**
Du hast eine Umfrage durchgeführt (oder bekommst die Ergebnisse einer Umfrage), bei der Schüler angegeben haben, **wie viele Bücher sie in einer Woche gelesen haben**.

Ziel ist es, daraus eine **Tabelle zu erstellen**, die übersichtlich zeigt:
- Wer (z. B. „Anna“, „Lars“, …)
- Wie viele Bücher gelesen hat

---

### 🛠️ **2. So gehst du vor**

#### ✅ **Schritt 1: Sammle die Daten**
Finde heraus, welche Daten dir zur Verfügung stehen.  
Beispiel (Annahme):

> Anna hat 3 Bücher gelesen, Lars 1 Buch, Mia 4 Bücher, Jonas 0 Bücher, Lena 2 Bücher.

#### ✅ **Schritt 2: Wähle eine passende Tabellenstruktur**
Die Tabelle könnte so aussehen:

| Name   | Anzahl der gelesenen Bücher |
|--------|-----------------------------|
| Anna   | 3                           |
| Lars   | 1                           |
| Mia    | 4                           |
| Jonas  | 0                           |
| Lena   | 2                           |

Alternativ kannst du auch Nummern vergeben, wenn die Namen nicht bekannt sind:

| Schüler-Nr. | Gelesene Bücher |
|-------------|-----------------|
| 1           | 3               |
| 2           | 1               |
| 3           | 4               |
| 4           | 0               |
| 5           | 2               |

#### ✅ **Schritt 3: Sortiere nach Wunsch**
Manchmal wird gefordert, die Tabelle nach Anzahl der gelesenen Bücher zu sortieren (absteigend oder aufsteigend).

**Sortiert nach Anzahl (absteigend):**

| Name   | Anzahl der gelesenen Bücher |
|--------|-----------------------------|
| Mia    | 4                           |
| Anna   | 3                           |
| Lena   | 2                           |
| Lars   | 1                           |
| Jonas  | 0                           |

---

### 💡 **Hinweis:** Wenn du mehrere Klassen oder weitere Angaben hast
Falls die Umfrage noch mehr Informationen enthält (z. B. Klasse, Alter, Geschlecht), dann erweitere die Tabelle entsprechend.

---

### 📝 **Beispiel-Aufgabe zum Üben**
Angenommen, deine Umfrage hat folgende Ergebnisse geliefert:

- Tom: 2 Bücher  
- Sarah: 5 Bücher  
- Paul: 1 Buch  
- Emre: 3 Bücher  
- Lisa: 2 Bücher  

Dann sieht deine Tabelle so aus:

| Name   | Gelesene Bücher |
|--------|------------------|
| Tom    | 2                |
| Sarah  | 5                |
| Paul   | 1                |
| Emre   | 3                |
| Lisa   | 2                |

Und sortiert nach Anzahl der gelesenen Bücher:

| Name   | Gelesene Bücher |
|--------|------------------|
| Sarah  | 5                |
| Emre   | 3                |
| Tom    | 2                |
| Lisa   | 2                |
| Paul   | 1                |

---

Wenn du mir jetzt noch die **tatsächlichen Umfrageergebnisse** gibst, kann ich dir direkt die passende Tabelle erstellen! 📄✍️"
"Data frequencies and probabilities","Collect, display and read data","C","Fülle die fehlenden Werte in der Häufigkeitstabelle aus: Äpfel – 7, Bananen – __, Orangen – 5, Trauben – __, Gesamt – 20","Du hast eine Häufigkeitstabelle mit verschiedenen Früchten und deren Anzahl. Ziel ist es, die fehlenden Werte zu ergänzen, sodass die **Gesamtsumme 20** ergibt.

Gegeben:

| Frucht  | Anzahl |
|--------|--------|
| Äpfel  | 7      |
| Bananen| __     |
| Orangen| 5      |
| Trauben| __     |
| **Gesamt** | **20**   |

---

### Schritt-für-Schritt:

1. **Addiere die bekannten Werte:**

   Äpfel: 7  
   Orangen: 5  
   → 7 + 5 = **12**

2. **Ziehe diese von der Gesamtsumme ab:**

   20 − 12 = **8**

   Das heißt: Die Summe aus **Bananen + Trauben = 8**

3. **Jetzt musst du entscheiden**, wie du die 8 auf **Bananen** und **Trauben** aufteilen willst.  
   Es gibt viele mögliche Lösungen, solange die Summe 8 ergibt.

   Einige Beispiele:
   - Bananen = 3, Trauben = 5
   - Bananen = 4, Trauben = 4
   - Bananen = 6, Trauben = 2

4. **Wenn keine weiteren Hinweise gegeben sind**, darfst du **beliebig aufteilen**.

---

### Beispiel-Lösung:

| Frucht  | Anzahl |
|--------|--------|
| Äpfel  | 7      |
| Bananen| **3**  |
| Orangen| 5      |
| Trauben| **5**  |
| **Gesamt** | **20**   |

Oder auch:

| Frucht  | Anzahl |
|--------|--------|
| Äpfel  | 7      |
| Bananen| **4**  |
| Orangen| 5      |
| Trauben| **4**  |
| **Gesamt** | **20**   |

---

### Fazit:
Es fehlen insgesamt **8**, die du beliebig auf **Bananen** und **Trauben** verteilen kannst – solange beide zusammen **8** ergeben.

Wenn du weitere Informationen hast (z. B. „Es gibt doppelt so viele Trauben wie Bananen“), melde dich gerne, dann können wir die eindeutige Lösung berechnen! 🍎🍌🍇🍊"
"Data frequencies and probabilities","Collect, display and read data","C","Erstelle ein Liniendiagramm mit den folgenden täglichen Schrittzahlen: Sonntag – 4.500, Montag – 6.200, Dienstag – 7.100, Mittwoch – 5.800, Donnerstag – 6.900, Freitag – 7.500, Samstag – 8.000.","Natürlich! Um die Schrittzahlen in einem **Liniendiagramm** darzustellen, folge diesen einfachen Schritten:

---

### 🔢 Gegebene Daten:
| Tag        | Schrittzahl |
|-----------|-------------|
| Sonntag   | 4.500       |
| Montag    | 6.200       |
| Dienstag  | 7.100       |
| Mittwoch  | 5.800       |
| Donnerstag| 6.900       |
| Freitag   | 7.500       |
| Samstag   | 8.000       |

---

## ✅ Schritt-für-Schritt-Anleitung zum Erstellen eines Liniendiagramms

### 1. **Vorbereitung: Papier oder Software?**
- Du kannst das Diagramm **von Hand auf Karopapier** zeichnen.
- Oder du nutzt ein **Tabellenkalkulationsprogramm** wie Excel, Google Sheets oder Numbers.

Ich erkläre dir hier beide Varianten kurz.

---

## 📐 Variante A: Liniendiagramm per Hand erstellen

### 2. **Koordinatensystem vorbereiten**
- Zeichne eine **x-Achse (waagrecht)** und eine **y-Achse (senkrecht)**.
- Auf der x-Achse trägst du die **Tage der Woche** ein: Sonntag bis Samstag.
- Auf der y-Achse trägst du die **Schrittzahlen** ein. Wähle eine passende Skalierung, z. B. alle 500 Schritte = 1 cm.

### 3. **Punkte eintragen**
- Für jeden Tag setzt du einen Punkt bei der entsprechenden Schrittzahl:
  - Sonntag → 4.500
  - Montag → 6.200
  - usw.

### 4. **Punkte verbinden**
- Verbinde die Punkte mit geraden Linien – am besten mit Lineal.
- So entsteht eine „Linie“, die den Verlauf der Schrittzahlen zeigt.

### 5. **Beschriftung nicht vergessen**
- Beschrifte beide Achsen: x-Achse = „Tag“, y-Achse = „Schrittzahl“.
- Gib dem Diagramm eine Überschrift, z. B.:  
  👉 **„Tägliche Schrittzahlen einer Woche“**

---

## 💻 Variante B: Mit Excel / Google Sheets

### 2. **Daten in eine Tabelle eingeben**
In Google Sheets oder Excel gibst du die Daten so ein:

| A           | B             |
|-------------|---------------|
| Tag         | Schrittzahl   |
| Sonntag     | 4500          |
| Montag      | 6200          |
| Dienstag    | 7100          |
| Mittwoch    | 5800          |
| Donnerstag  | 6900          |
| Freitag     | 7500          |
| Samstag     | 8000          |

### 3. **Diagramm auswählen**
- Markiere die Zellen mit den Daten (A1:B8).
- Gehe zu **Einfügen > Diagramm** (in Excel oder Sheets).
- Wähle den Diagrammtyp **Liniendiagramm** aus.

### 4. **Anpassungen vornehmen**
- Prüfe, ob die Tage auf der x-Achse und die Schrittzahlen auf der y-Achse richtig angezeigt werden.
- Füge ggf. eine Diagrammüberschrift hinzu.

---

## 🧠 Tipps:
- Ein Liniendiagramm ist ideal, um Entwicklungen über die Zeit darzustellen – also perfekt für deine Schrittzahlen!
- Wenn du willst, kannst du auch mehrere Wochen miteinander vergleichen (z. B. zwei Linien für zwei verschiedene Wochen).

---

Wenn du möchtest, kann ich dir auch helfen, das Diagramm in Excel/Sheets genauer einzurichten oder dir ein Beispiel-Bild zeigen (falls möglich). Sag einfach Bescheid! 😊"
"Data frequencies and probabilities","Collect, display and read data","D","Erstelle eine Häufigkeitstabelle für die folgenden Zahlen: 2, 3, 2, 4, 3, 2, 5.","Klar! 😊  
Wir erstellen gemeinsam eine **Häufigkeitstabelle** für die Zahlen:  
**2, 3, 2, 4, 3, 2, 5**

---

### 🔍 Was ist eine Häufigkeitstabelle?

Eine Häufigkeitstabelle zeigt dir, **wie oft jede Zahl in einer Liste vorkommt**. Du notierst also alle verschiedenen Werte und daneben, wie häufig jeder davon auftritt.

---

### 🧮 Schritt-für-Schritt-Anleitung:

#### 1. Liste alle unterschiedlichen Zahlen auf:
Aus deiner Liste:  
**2, 3, 2, 4, 3, 2, 5**  
kommen folgende verschiedene Zahlen vor:  
**2, 3, 4, 5**

#### 2. Zähle, wie oft jede Zahl vorkommt:

| Zahl | Wie oft kommt sie vor? |
|------|-------------------------|
| 2    | 3 mal                   |
| 3    | 2 mal                   |
| 4    | 1 mal                   |
| 5    | 1 mal                   |

#### 3. Erstelle daraus eine Tabelle:

| Zahl | Absolute Häufigkeit |
|------|---------------------|
| 2    | 3                   |
| 3    | 2                   |
| 4    | 1                   |
| 5    | 1                   |

---

✅ **Fertig!** Das ist deine Häufigkeitstabelle.  
Wenn du möchtest, kann ich dir auch erklären, wie man relative Häufigkeiten berechnet oder das ganze in einem Diagramm darstellt. Sag einfach Bescheid!"
"Data frequencies and probabilities","Collect, display and read data","D","Zeichne ein Kreisdiagramm für die folgenden Daten: Äpfel (4), Bananen (7), Orangen (3).","Um ein **Kreisdiagramm** (auch **Tortendiagramm** genannt) für die Daten **Äpfel (4), Bananen (7), Orangen (3)** zu zeichnen, folgst du diesen Schritten:

---

### 🔢 **Schritt 1: Berechne die Gesamtanzahl**
Addiere alle Werte zusammen:

$$
4\ (\text{Äpfel}) + 7\ (\text{Bananen}) + 3\ (\text{Orangen}) = 14
$$

Die Gesamtanzahl ist also **14**.

---

### 📐 **Schritt 2: Bestimme den Winkel pro Element**
Ein Kreis hat **360°**, also teilst du die 360° auf die 14 Teile auf:

$$
\frac{360^\circ}{14} \approx 25.71^\circ \quad \text{(pro Stück)}
$$

---

### 🧮 **Schritt 3: Berechne den Winkelanteil für jede Frucht**

- **Äpfel (4 Stück):**  
  $$
  4 \cdot 25.71^\circ \approx 102.86^\circ
  $$

- **Bananen (7 Stück):**  
  $$
  7 \cdot 25.71^\circ \approx 180^\circ
  $$

- **Orangen (3 Stück):**  
  $$
  3 \cdot 25.71^\circ \approx 77.14^\circ
  $$

---

### ✏️ **Schritt 4: Zeichne das Kreisdiagramm**

So gehst du vor:

1. Zeichne einen **Kreis** mit einem Zirkel oder einer Schablone.
2. Lege den Mittelpunkt des Kreises fest.
3. Benutze ein **Geodreieck** oder einen **Winkelmesser**, um die berechneten Winkel abzutragen:
   - Beginne z.B. bei 12 Uhr (oben) und trage den ersten Winkel (z.B. Äpfel) im Uhrzeigersinn ab.
   - Anschließend trägst du den nächsten Winkel (Bananen) direkt danach an.
   - Dann kommt der letzte Teil (Orangen).
4. Beschrifte jeden Abschnitt mit dem Namen der Frucht und ggf. dem Prozentanteil oder der absoluten Zahl.

---

### 📊 Optional: Prozente berechnen

Wenn du die Anteile in Prozent ausdrücken willst:

- Äpfel: $\frac{4}{14} \cdot 100 \approx 28.57\%$
- Bananen: $\frac{7}{14} \cdot 100 = 50\%$
- Orangen: $\frac{3}{14} \cdot 100 \approx 21.43\%$

---

### 🎨 Tipp:
Färbe die einzelnen Sektoren unterschiedlich ein, damit man sie gut unterscheiden kann.

---

### 📌 Zusammenfassung

| Frucht   | Anzahl | Winkel     | Prozentanteil |
|----------|--------|------------|----------------|
| Äpfel    | 4      | ~102.86°   | ~28.57%        |
| Bananen  | 7      | 180°       | 50%            |
| Orangen  | 3      | ~77.14°    | ~21.43%        |

---

Wenn du möchtest, kann ich dir auch helfen, eine Skizze am Computer zu erstellen oder dir erklären, wie man das in Excel oder GeoGebra macht!"
"Data frequencies and probabilities","Collect, display and read data","D","Messe und notiere die Handspannweiten von 5 Klassenkameraden und ordne die Daten.","Klar! Die Aufgabe lautet:

> **„Messe und notiere die Handspannweiten von 5 Klassenkameraden und ordne die Daten.“**

Das bedeutet, du sollst bei **fünf deiner Mitschüler** die sogenannte **Handspannweite messen**, diese dann in eine **Reihenfolge bringen** (z. B. von kleinster zu größter Spannweite) und wahrscheinlich auch übersichtlich darstellen.

---

### 🔍 Was ist eine Handspannweite?

Die **Handspannweite** ist der Abstand von der **Spitze des Daumens** bis zur **Spitze des kleinen Fingers**, wenn man die Hand **weit wie möglich spreizt**.

---

### 📏 Wie misst du das?

1. Frage einen Klassenkameraden, ob er mitmacht.
2. Lass ihn seine Hand flach auf ein Lineal oder einen Maßstab legen.
3. Er soll nun Daumen und kleinen Finger so weit wie möglich auseinanderbewegen.
4. Miss den Abstand zwischen den Fingerspitzen – am besten in **Zentimetern (cm)**.
5. Wiederhole das bei **insgesamt 5 Personen**.

---

### 📋 Beispiel für gemessene Werte

Angenommen, du hast folgende Werte gemessen:

- Lena: 19 cm  
- Tim: 21 cm  
- Mia: 18 cm  
- Jonas: 20 cm  
- Emma: 19 cm  

---

### 🔁 Nun ordnest du die Daten

Das bedeutet: Sortiere die Werte von **klein nach groß**.

Aus dem Beispiel wird dann:

- Mia: 18 cm  
- Lena: 19 cm  
- Emma: 19 cm  
- Jonas: 20 cm  
- Tim: 21 cm  

---

### 📊 Optional: Tabelle oder Diagramm erstellen

Manchmal wird auch verlangt, dass du deine Ergebnisse übersichtlich darstellst. Du könntest z. B. eine **Tabelle** erstellen:

| Name   | Handspannweite |
|--------|----------------|
| Mia    | 18 cm          |
| Lena   | 19 cm          |
| Emma   | 19 cm          |
| Jonas  | 20 cm          |
| Tim    | 21 cm          |

Oder du zeichnest ein **Säulendiagramm**, wo jede Spannweite als Säule dargestellt wird.

---

### ✅ Zusammenfassung

So löst du die Aufgabe Schritt für Schritt:

1. **Frage 5 Mitschüler**, ob du ihre Handspannweite messen darfst.
2. **Miss genau** die Weite von Daumen- bis Kleinfinger-Spitze.
3. **Notiere die Werte** in einer Liste.
4. **Sortiere sie** von klein nach groß.
5. Gib ggf. eine Tabelle oder Grafik abhängig von der Aufgabenstellung dazu.

Wenn du willst, kannst du mir deine gemessenen Werte schicken und ich helfe dir beim Ordnen oder Darstellen! 😊"
"Data frequencies and probabilities","Collect, display and read data","D","Ordne die Ergebnisse der Lieblingsfächer von 10 Schülern (Mathe, Englisch) nach Geschlecht in einer zweidimensionalen Tabelle.","Um die Matheaufgabe zu lösen, müssen wir eine **zweidimensionale Tabelle** erstellen, in der die **Ergebnisse der Lieblingsfächer (Mathe und Englisch)** von **10 Schülern** nach **Geschlecht** (z. B. männlich/weiblich) geordnet dargestellt werden.

Da du keine konkreten Daten geliefert hast, erkläre ich dir den Lösungsweg anhand eines **Beispiels**. Du kannst dann deine eigenen Daten analog eintragen.

---

### 🔢 Schritt 1: Sammle oder erfasse die Daten

Angenommen, du hast von 10 Schülern folgende Informationen:

| Schüler | Geschlecht | Lieblingsfach |
|--------|------------|----------------|
| 1      | männlich   | Mathe          |
| 2      | weiblich   | Englisch       |
| 3      | männlich   | Englisch       |
| 4      | weiblich   | Mathe          |
| 5      | männlich   | Mathe          |
| 6      | weiblich   | Englisch       |
| 7      | männlich   | Englisch       |
| 8      | weiblich   | Mathe          |
| 9      | männlich   | Mathe          |
| 10     | weiblich   | Englisch       |

---

### 📊 Schritt 2: Erstelle eine zweidimensionale Häufigkeitstabelle

Die Tabelle hat als Zeilen das **Geschlecht** und als Spalten die **Lieblingsfächer**.

#### ✅ Zweidimensionale Tabelle:

| Geschlecht \ Fach | Mathe | Englisch | **Summe** |
|-------------------|-------|----------|-----------|
| männlich          |   3   |    2     |     5     |
| weiblich          |   2   |    3     |     5     |
| **Summe**         |   5   |    5     |    10     |

---

### 🧮 Erklärung zur Tabelle:

- **3 Jungen** haben **Mathe** als Lieblingsfach.
- **2 Jungen** haben **Englisch** als Lieblingsfach.
- **2 Mädchen** haben **Mathe** als Lieblingsfach.
- **3 Mädchen** haben **Englisch** als Lieblingsfach.
- Die **Summenzeilen und -spalten** zeigen die Gesamtanzahlen pro Kategorie.

---

### 🎯 Tipps für deine Aufgabe:

Wenn du deine eigenen Daten hast:
1. Zähle, wie viele Jungen und Mädchen jeweils Mathe oder Englisch als Lieblingsfach angegeben haben.
2. Trage diese Zahlen in eine Tabelle wie oben ein.
3. Vergiss nicht, die Summenzeile/Spalte mit einzutragen – das gibt einen guten Überblick.

---

Wenn du mir deine Daten gibst (also wer welches Fach gewählt hat), kann ich dir gerne die fertige Tabelle erstellen!"
"Data frequencies and probabilities","Collect, display and read data","D","Sammle und ordne die Körpergrößen der Klasse in Intervallen (z. B. 120–130 cm) in einem Strichliste-Diagramm.","Klar! Diese Matheaufgabe ist eine **Daten-Erhebung und -Auswertung**. Du sollst also die Körpergrößen deiner Klassenkamerad:innen sammeln, in bestimmte Gruppen (Intervalle) einteilen und dann in einer **Strichliste** darstellen.

Hier ist eine Schritt-für-Schritt-Anleitung:

---

### 🔢 **Schritt 1: Körpergrößen sammeln**
- Frage alle Mitschüler:innen nach ihrer Körpergröße (z. B. in cm).
- Trage alle Werte auf einem Blatt oder in einer Tabelle zusammen.

Beispiel:
```
142, 135, 150, 142, 138, 145, 150, 130, 137, 140
```

---

### 📏 **Schritt 2: Intervalle festlegen**
Du kannst die Größen in **gleich große Bereiche (Intervalle)** einteilen.  
Zum Beispiel:
- 130–139 cm  
- 140–149 cm  
- 150–159 cm  

Wenn du weißt, wie groß die kleinste und größte Person ist, kannst du passende Abstände wählen.

> 💡 Tipps:
> - Verwende immer gleich große Abstände (z. B. immer 10 cm breit).
> - Achte darauf, dass keine Zahl doppelt gezählt wird.

---

### ✍️ **Schritt 3: Strichliste erstellen**
Jetzt ordnest du jede Körpergröße dem passenden Intervall zu und machst dafür einen Strich.

**Beispiel-Tabelle mit Strichliste:**

| Körpergröße (cm) | Strichliste       |
|------------------|-------------------|
| 130 – 139        | |||| |             |
| 140 – 149        | |||| ||           |
| 150 – 159        | ||                |

Erklärung:
- Im Bereich 130–139 cm sind die Größen: 135, 138, 130, 137 → 4 Personen → vier Striche
- Im Bereich 140–149 cm: 142, 142, 145, 140 → 4 Personen + 2 = 6 Striche
- Im Bereich 150–159 cm: 150, 150 → 2 Striche

> 🎨 Merke: Jeder fünfte Strich wird quer über die vier senkrechten Striche gezeichnet, damit man es besser ablesen kann (wie bei einem Fünferblock).

---

### 📊 **Schritt 4: Diagramm zeichnen (optional)**
Wenn du möchtest, kannst du deine Strichliste auch in ein Säulendiagramm umwandeln:
- Auf der x-Achse stehen die Größenintervalle.
- Auf der y-Achse die Anzahl der Personen.
- Dann zeichnest du für jedes Intervall eine Säule entsprechend der Anzahl.

---

### 🧠 Zusammenfassung

1. Körpergrößen sammeln  
2. Passende Größenintervalle festlegen  
3. Mit Strichen zählen, wie viele Personen in welchem Intervall liegen  
4. Ggf. Diagramm dazu erstellen  

---

Wenn du mir die Größen deiner Klasse gibst, kann ich dir gerne eine fertige Strichliste oder Grafik erstellen 😊"
"Data frequencies and probabilities","Collect, display and read data","E","Untersuche das folgendes Diagramm. Achte besonders auf die y-Achse, die nicht bei null beginnt. Identifiziere und erkläre, inwiefern dies die Darstellung der Daten irreführend macht.","Natürlich! Da du die Matheaufgabe beschrieben hast, aber das **Diagramm selbst nicht mitgeliefert** hast, kann ich dir dennoch Schritt für Schritt erklären, **wie du ein solches Diagramm analysieren kannst**, insbesondere wenn die **y-Achse nicht bei null beginnt**. Ich erkläre dir auch, warum das irreführend sein kann.

---

### 🔍 Aufgabe: Untersuche das folgende Diagramm

Du sollst also ein Diagramm untersuchen und dabei besonders auf die **y-Achse** achten – speziell darauf, dass sie **nicht bei 0 beginnt**. Danach musst du erklären, **inwiefern diese Darstellung irreführend ist**.

---

## 🧠 Schritt-für-Schritt-Anleitung zur Lösung:

### 1. **Schau dir das Diagramm genau an**
- Was wird dargestellt? (z. B. Umsätze, Temperaturen, Verkaufszahlen)
- Welche Daten werden verglichen? (z. B. zwischen zwei Jahren oder Produkten)
- Wie sind die **Achsen beschriftet**?

---

### 2. **Prüfe die y-Achse**
Die y-Achse zeigt meist die **Größe der Werte** (z. B. Anzahl, Geldbetrag, Prozent).
Wenn die y-Achse **nicht bei 0 beginnt**, z. B. bei 90 oder 100, dann wirkt die Differenz zwischen den Werten **größer als sie tatsächlich ist**.

#### Beispiel:
Stell dir vor, du hast zwei Werte:
- Januar: 105
- Februar: 110

Wenn die y-Achse von **100 bis 120** geht, sieht es im Diagramm so aus, als ob sich die Werte stark verändert hätten – **optisch** könnte es sogar wie eine Verdopplung aussehen.

Aber in Wirklichkeit ist der Unterschied nur **5 Einheiten**, was relativ klein ist.

---

### 3. **Erkläre, warum das irreführend ist**
Wenn die y-Achse **nicht bei 0 beginnt**, kann das zu einer **übertriebenen visuellen Darstellung** führen. Der Betrachter bekommt den Eindruck, dass die Veränderung viel größer ist, als sie tatsächlich ist.

#### Merke:
> Die **visuelle Höhe eines Balkens oder Abstand in einem Liniendiagramm** suggeriert dem Auge eine größere Differenz, wenn die Skala nicht bei Null beginnt.

---

### 4. **Gib ein konkretes Beispiel ab, wie du deine Antwort formulieren könntest**

#### ✅ Musterantwort:
> Das Diagramm zeigt eine Entwicklung, wobei die y-Achse nicht bei 0 beginnt, sondern beispielsweise bei 100. Dies macht die Darstellung irreführend, da kleine absolute Unterschiede zwischen den Werten optisch stark überbetont werden. So erscheint eine Steigerung von 105 auf 110 viel dramatischer, als sie in Wirklichkeit ist. Dadurch entsteht beim Betrachter leicht der Eindruck einer großen Veränderung, obwohl die tatsächliche Differenz sehr gering ist.

---

### 💡 Tipp:
Falls du später mal ein solches Diagramm zeichnest, frage dich immer:
> ""Wird hier versucht, eine kleine Veränderung optisch aufzublasen?""  
Das ist oft in Medien oder Marketing zu finden.

---

Wenn du möchtest, kannst du mir gerne das **Diagramm oder eine Beschreibung davon** schicken, und ich helfe dir, die genaue Irreführung daran zu erkennen.

Möchtest du das tun? 😊"
"Data frequencies and probabilities","Collect, display and read data","E","Erstelle ein Stamm-Blatt-Diagramm für: 32, 34, 36, 41, 43, 45, 48.","Klar! Ein **Stamm-Blatt-Diagramm** (auch Stängel-Blatt-Diagramm genannt) ist eine übersichtliche Methode, um Daten zu organisieren und gleichzeitig die Verteilung zu erkennen. Es zeigt die Häufigkeit der Werte in einer Datenreihe.

---

### Gegebene Daten:
32, 34, 36, 41, 43, 45, 48

---

## Schritt-für-Schritt-Anleitung:

### 1. **Verstehe die Aufteilung:**
Ein Stamm-Blatt-Diagramm besteht aus zwei Teilen:

- **Stamm**: Die erste Ziffer(n) der Zahl (hier die **Zehnerstelle**).
- **Blatt**: Die letzte Ziffer der Zahl (hier die **Einerstelle**).

---

### 2. **Trenne die Zahlen in Stamm und Blatt:**

| Zahl | Stamm (Zehner) | Blatt (Einer) |
|------|----------------|---------------|
| 32   | 3              | 2             |
| 34   | 3              | 4             |
| 36   | 3              | 6             |
| 41   | 4              | 1             |
| 43   | 4              | 3             |
| 45   | 4              | 5             |
| 48   | 4              | 8             |

---

### 3. **Erstelle das Diagramm:**

Schreibe alle vorkommenden **Stämme** auf, und ordne jedem Stamm die zugehörigen **Blätter** zu. Die Blätter werden in **aufsteigender Reihenfolge** geschrieben.

```
Stamm | Blatt
3     | 2 4 6
4     | 1 3 5 8
```

---

### 4. **Füge eine Legende hinzu (optional):**

Damit klar ist, wie man das Diagramm liest, kannst du eine kleine Erklärung hinzufügen, z. B.:

> **Legende:** 3 | 2 steht für 32

---

### Fertiges Stamm-Blatt-Diagramm:

```
Stamm | Blatt
3     | 2 4 6
4     | 1 3 5 8

Legende: 3 | 2 bedeutet 32
```

---

Wenn du weitere Fragen hast oder ein Beispiel mit mehr Zahlen brauchst, sag einfach Bescheid! 😊"
"Data frequencies and probabilities","Collect, display and read data","E","Erstelle ein Histogramm aus gruppierten Intervallen von Quiznoten: 0–10, 11–20, usw.","Klar! Um ein **Histogramm aus gruppierten Intervallen von Quiznoten** zu erstellen, musst du zunächst verstehen, was ein Histogramm ist und welche Informationen du dafür brauchst.

---

### 📌 Was ist ein Histogramm?

Ein **Histogramm** ist eine grafische Darstellung von Daten, bei der die Daten in **Intervalle (auch Klassen genannt)** eingeteilt werden. Die Höhe jedes Balkens zeigt, wie viele Werte in diesem Intervall liegen (**absolute Häufigkeit**).

---

### 🧩 Schritt-für-Schritt-Anleitung: Wie du das Histogramm erstellst

#### 1️⃣ **Daten sammeln**
Du brauchst eine Liste von **Quiznoten**, z. B. so etwas:

```
2, 5, 12, 15, 18, 23, 25, 27, 30, 33, 36, 39, 40, 42, 45
```

> 💡 Wenn du keine konkreten Daten hast, frage nach oder erfinde einige Beispieldaten.

---

#### 2️⃣ **Intervalle festlegen**

Die Aufgabe sagt:  
**„gruppierte Intervalle von Quiznoten: 0–10, 11–20, usw.“**

Das bedeutet:
- Klasse 1: 0–10
- Klasse 2: 11–20
- Klasse 3: 21–30
- Klasse 4: 31–40
- Klasse 5: 41–50  
(oder bis wohin deine Noten reichen)

---

#### 3️⃣ **Häufigkeiten zählen (absolute Häufigkeit)**

Zähle für jedes Intervall, wie viele Noten darin liegen.

Beispiel mit den obigen Daten:

| Intervall | Anzahl der Noten (Häufigkeit) |
|-----------|-------------------------------|
| 0–10      | 2                             |
| 11–20     | 3                             |
| 21–30     | 3                             |
| 31–40     | 4                             |
| 41–50     | 3                             |

---

#### 4️⃣ **Histogramm zeichnen**

Jetzt kannst du dein Histogramm erstellen – entweder per Hand oder am Computer.

##### ✏️ Per Hand:
- Zeichne eine **x-Achse** (für die Notenintervalle)
- Zeichne eine **y-Achse** (für die Häufigkeit)
- Für jedes Intervall zeichnest du einen **Balken**, dessen Höhe der Häufigkeit entspricht.
- Die Balken berühren sich im Histogramm!

##### 💻 Mit Excel / Google Sheets:
1. Gib die Intervalle und Häufigkeiten in eine Tabelle ein.
2. Wähle alle Daten aus.
3. Gehe zu „Diagramm einfügen“ → wähle **Balkendiagramm** oder speziell **Histogramm** (je nach Programm).
4. Passe ggf. die Achsenbeschriftung an.

---

### 🎯 Tipps

- Achte darauf, dass die Intervalle gleich breit sind (z. B. immer 10 Punkte breit), sonst musst du mit Flächen arbeiten.
- Falls du relative Häufigkeiten zeigen willst (also Prozentanteile), musst du die Häufigkeiten durch die Gesamtanzahl teilen.

---

### 📌 Beispiel zum Nachvollziehen

Gegebene Quiznoten:

```
2, 5, 12, 15, 18, 23, 25, 27, 30, 33, 36, 39, 40, 42, 45
```

Intervalle:

```
0–10: 2 Werte (2, 5)  
11–20: 3 Werte (12, 15, 18)  
21–30: 3 Werte (23, 25, 27)  
31–40: 4 Werte (30, 33, 36, 39)  
41–50: 3 Werte (40, 42, 45)
```

Zeichne jetzt diese Werte als Histogramm auf.

---

Wenn du mir deine konkreten Quiznoten gibst, kann ich dir auch gerne ein Histogramm **mit Zahlen und Grafikidee** erstellen!"
"Data frequencies and probabilities","Collect, display and read data","E","Ein Zeitreihendiagramm zeigt das Bevölkerungswachstum alle 10 Jahre von 1960 bis 2020. Wie hoch ist die durchschnittliche Wachstumsrate pro Jahrzehnt?","Um die **durchschnittliche Wachstumsrate pro Jahrzehnt** aus einem **Zeitreihendiagramm zum Bevölkerungswachstum** zu berechnen, musst du im Grunde zwei Dinge ablesen oder gegeben haben:

1. Die **Bevölkerungsgröße zu jedem Zeitpunkt (alle 10 Jahre)** – also z. B. für die Jahre 1960, 1970, 1980 usw.
2. Die **Differenz der Bevölkerungszahlen zwischen zwei aufeinanderfolgenden Jahrzehnten**.

---

### 🔢 Schritt-für-Schritt: So berechnest du die durchschnittliche Wachstumsrate pro Jahrzehnt

#### 📌 Beispielhafte Daten (Annahme):

| Jahr   | Bevölkerung (in Mio.) |
|--------|------------------------|
| 1960   | 40                     |
| 1970   | 45                     |
| 1980   | 51                     |
| 1990   | 58                     |
| 2000   | 66                     |
| 2010   | 75                     |
| 2020   | 85                     |

---

### 1. **Wachstumsrate pro Jahrzehnt berechnen**

Die **absolute Wachstumsrate pro Jahrzehnt** ist einfach die Differenz zwischen den Bevölkerungszahlen in zwei aufeinanderfolgenden Jahrzehnten.

Zum Beispiel von **1960 auf 1970**:
- Bevölkerung 1960 = 40 Mio.
- Bevölkerung 1970 = 45 Mio.
- **Wachstum** = 45 − 40 = **5 Mio. Menschen pro Jahrzehnt**

---

### 2. **Relative Wachstumsrate (optional)**

Wenn du eine **prozentuale Wachstumsrate** willst, dann verwendest du diese Formel:

$$
\text{Prozentuales Wachstum} = \left( \frac{\text{Endwert} - \text{Anfangswert}}{\text{Anfangswert}} \right) \cdot 100
$$

Für das Beispiel 1960–1970:

$$
\left( \frac{45 - 40}{40} \right) \cdot 100 = \left( \frac{5}{40} \right) \cdot 100 = 12{,}5\%
$$

Also: **12,5 % Wachstum pro Jahrzehnt**.

---

### 3. **Durchschnittliche Wachstumsrate über alle Jahrzehnte berechnen**

Du berechnest jetzt für jedes Jahrzehnt die absolute oder relative Wachstumsrate und bildest dann den **Durchschnitt**.

#### Absolute Durchschnittswachstumsrate:

$$
\text{Durchschnitt} = \frac{\text{Summe aller Wachstümer}}{\text{Anzahl der Jahrzehnte}}
$$

In unserem Beispiel:

- 1960–1970: +5
- 1970–1980: +6
- 1980–1990: +7
- 1990–2000: +8
- 2000–2010: +9
- 2010–2020: +10  
→ Summe = 5 + 6 + 7 + 8 + 9 + 10 = **45**

$$
\text{Durchschnittliche jahrzehntliche Zunahme} = \frac{45}{6} = \mathbf{7{,}5 \text{ Mio. pro Jahrzehnt}}
$$

---

### ✅ Fazit:

Um die **durchschnittliche Wachstumsrate pro Jahrzehnt** zu finden:

- Lies die Bevölkerungswerte aus dem Diagramm ab.
- Berechne die Differenz zwischen jedem Jahrzehnt.
- Bilde den Durchschnitt dieser Differenzen (absolute Rate) oder der Prozentwerte (relative Rate).

Wenn du mir deine konkreten Daten gibst, kann ich dir gerne die Rechnung dafür zeigen!"
"Data frequencies and probabilities","Collect, display and read data","E","Berechne das untere und obere Quartil der Datenmenge: {3, 5, 7, 8, 9, 10, 12, 15, 18}","Um das **untere Quartil (Q₁)** und das **obere Quartil (Q₃)** einer Datenmenge zu berechnen, folgst du diesen Schritten:

---

### Gegebene Datenmenge:
{3, 5, 7, 8, 9, 10, 12, 15, 18}

Die Daten sind bereits **sortiert**, also in aufsteigender Reihenfolge.

---

## 🧮 Schritt 1: Bestimme den Median (Q₂)

Die Datenmenge hat **9 Werte** → ungerade Anzahl

Der **Median** ist der mittlere Wert, also an Position (n+1)/2 = (9+1)/2 = **5. Wert**

➡️ Median (Q₂) = **9**

---

## 📉 Schritt 2: Unteres Quartil Q₁ bestimmen

Das untere Quartil (Q₁) ist der **Median der unteren Hälfte der Daten**, **ohne den Gesamtmedian**, da die Gesamtanzahl ungerade ist.

Untere Hälfte: {3, 5, 7, 8}  
(Also alle Werte vor dem Median)

Anzahl der Werte hier: 4 → gerade Zahl

Dann berechnest du den Median der beiden mittleren Werte:  
Q₁ = Durchschnitt von 2. und 3. Wert in dieser Teilmenge  
→ (5 + 7) / 2 = **6**

➡️ **Unteres Quartil Q₁ = 6**

---

## 📈 Schritt 3: Oberes Quartil Q₃ bestimmen

Das obere Quartil (Q₃) ist der **Median der oberen Hälfte der Daten**, **ohne den Gesamtmedian**.

Obere Hälfte: {10, 12, 15, 18}  
(Also alle Werte nach dem Median)

Auch hier 4 Werte → gerade Zahl

Q₃ = Durchschnitt von 2. und 3. Wert in dieser Teilmenge  
→ (12 + 15) / 2 = **13,5**

➡️ **Oberes Quartil Q₃ = 13,5**

---

## ✅ Endergebnis:

- **Unteres Quartil (Q₁): 6**
- **Oberes Quartil (Q₃): 13,5**

Wenn du magst, kann ich dir auch erklären, wie man mit diesen Werten einen Boxplot erstellt!"
"Data frequencies and probabilities","Collect, display and read data","F","Die Körpergrößen (in cm) von 10 Schülern sind: [150, 152, 155, 157, 160, 160, 162, 165, 167, 170]. Bestimme den Median und die Interquartilsdistanz.","Um die **Körpergrößen**-Daten zu analysieren, müssen wir den **Median** und die **Interquartilsdistanz (IQR)** berechnen. Hier ist eine Schritt-für-Schritt-Anleitung:

---

### Gegebene Daten:
Die Körpergrößen (in cm) von 10 Schülern sind:

$$
[150, 152, 155, 157, 160, 160, 162, 165, 167, 170]
$$

Die Liste ist bereits **aufsteigend sortiert**, das ist wichtig für die Berechnung!

---

## 🔹 1. Median bestimmen

Der **Median** ist der mittlere Wert einer geordneten Liste.

Da es **10 Werte** gibt (gerade Anzahl), bildet man den Mittelwert der beiden mittleren Werte – also des **5. und 6. Werts** in der Liste:

$$
\text{Median} = \frac{\text{5. Wert} + \text{6. Wert}}{2} = \frac{160 + 160}{2} = \frac{320}{2} = 160
$$

✅ **Median = 160 cm**

---

## 🔹 2. Interquartilsdistanz (IQR) bestimmen

Die **Interquartilsdistanz (IQR)** ist der Abstand zwischen dem **3. Quartil (Q3)** und dem **1. Quartil (Q1)**:

$$
\text{IQR} = Q3 - Q1
$$

---

### 📌 Bestimmung von Q1 (unteres Quartil):

Q1 ist der Median der **unteren Hälfte** der Daten (ohne den Gesamtmedian, wenn die Anzahl gerade ist):

Untere Hälfte:  
$$ [150, 152, 155, 157, 160] $$

Das sind 5 Werte → Q1 ist der **3. Wert** dieser Teilmenge:

$$
Q1 = 155
$$

---

### 📌 Bestimmung von Q3 (oberes Quartil):

Q3 ist der Median der **oberen Hälfte** der Daten:

Obere Hälfte:  
$$ [160, 162, 165, 167, 170] $$

Auch hier 5 Werte → Q3 ist der **3. Wert** dieser Teilmenge:

$$
Q3 = 165
$$

---

### 📌 Berechnung der IQR:

$$
\text{IQR} = Q3 - Q1 = 165 - 155 = 10
$$

✅ **Interquartilsdistanz (IQR) = 10 cm**

---

## ✅ Endergebnisse:

- **Median:** 160 cm  
- **Interquartilsdistanz (IQR):** 10 cm

Falls du noch mehr zu Boxplots oder Ausreißern wissen willst – gerne fragen!"
"Data frequencies and probabilities","Collect, display and read data","F","Interpretiere dieses Stängel- und Blätterdiagramm: 1 | 2 5 8, 2 | 1 3 6 9, 3 | 0 4 — Was ist der Modus?","Klar! Lass uns gemeinsam das **Stängel- und Blätterdiagramm** analysieren und herausfinden, **was der Modus ist**.

---

### 🌱 Was ist ein Stängel- und Blätterdiagramm?

Ein Stängel- und Blätterdiagramm ist eine Methode, um Datenwerte in aufsteigender Reihenfolge darzustellen.  
Es besteht aus zwei Teilen:

- **Stängel**: Steht für den **ersten Teil der Zahl**, z. B. die Zehnerstelle.
- **Blatt**: Steht für den **zweiten Teil der Zahl**, z. B. die Einerstelle.

---

### 📊 Dein Diagramm:

```
1 | 2   5   8
2 | 1   3   6   9
3 | 0   4
```

Das bedeutet:

- **1 | 2 5 8** → Die Zahlen sind: **12, 15, 18**
- **2 | 1 3 6 9** → Die Zahlen sind: **21, 23, 26, 29**
- **3 | 0 4** → Die Zahlen sind: **30, 34**

Also haben wir diese Liste von Werten:
**12, 15, 18, 21, 23, 26, 29, 30, 34**

---

### 🔍 Was ist der **Modus**?

Der **Modus** (auch **Modalwert** genannt) ist:

> Der Wert, der **am häufigsten** in der Datenliste vorkommt.

---

### ✅ Schauen wir uns die Häufigkeiten an:

Jeder Wert kommt **einmal** vor:

- 12 ×1  
- 15 ×1  
- 18 ×1  
- 21 ×1  
- 23 ×1  
- 26 ×1  
- 29 ×1  
- 30 ×1  
- 34 ×1

Da **kein Wert öfter als einmal** vorkommt, gibt es **keinen Modus**.

---

### 🧠 Fazit:

🔹 **Ergebnis:** Es gibt **keinen Modus**, weil alle Werte gleich oft (einmal) vorkommen.

Falls du noch Fragen hast oder auch Median oder Mittelwert berechnen willst – gerne! 😊"
"Data frequencies and probabilities","Collect, display and read data","F","Gegeben ist ein Datensatz: [15, 17, 18, 20, 21, 22, 23, 30]. Stelle ein Boxplot dar.","Um aus dem Datensatz **[15, 17, 18, 20, 21, 22, 23, 30]** ein **Boxplot** zu erstellen, musst du zunächst einige statistische Kennzahlen bestimmen. Ein Boxplot zeigt die Verteilung eines Datensatzes durch den **Median**, die **Quartile (Q1 und Q3)** sowie mögliche **Ausreißer**.

---

### 📌 Gegebener Datensatz:
$$
[15,\ 17,\ 18,\ 20,\ 21,\ 22,\ 23,\ 30]
$$

Es sind **8 Werte**, also eine gerade Anzahl von Datenpunkten.

---

## ✅ Schritt-für-Schritt: Boxplot erstellen

### 🔹 1. **Sortiere die Daten**
Der Datensatz ist bereits sortiert:
$$
[15,\ 17,\ 18,\ 20,\ 21,\ 22,\ 23,\ 30]
$$

---

### 🔹 2. **Bestimme das Minimum und Maximum**
- **Minimum**: 15  
- **Maximum**: 30  

---

### 🔹 3. **Berechne den Median (Q2)**
Bei einer geraden Anzahl von Werten ist der Median der Mittelwert der beiden mittleren Werte:

$$
\text{Median} = \frac{x_4 + x_5}{2} = \frac{20 + 21}{2} = 20.5
$$

---

### 🔹 4. **Bestimme das untere Quartil (Q1)**
Das untere Quartil ist der **Median der ersten Hälfte** des Datensatzes:

Erste Hälfte: [15, 17, 18, 20]  
$$
Q1 = \frac{17 + 18}{2} = 17.5
$$

---

### 🔹 5. **Bestimme das obere Quartil (Q3)**
Das obere Quartil ist der **Median der zweiten Hälfte**:

Zweite Hälfte: [21, 22, 23, 30]  
$$
Q3 = \frac{22 + 23}{2} = 22.5
$$

---

### 🔹 6. **Berechne den Interquartilsabstand (IQR)**
$$
\text{IQR} = Q3 - Q1 = 22.5 - 17.5 = 5
$$

---

### 🔹 7. **Prüfe auf Ausreißer**
Die Grenzen für Ausreißer berechnest du so:

- **Untere Ausreißergrenze**:  
$$
Q1 - 1.5 \cdot IQR = 17.5 - 1.5 \cdot 5 = 17.5 - 7.5 = 10
$$

- **Obere Ausreißergrenze**:  
$$
Q3 + 1.5 \cdot IQR = 22.5 + 1.5 \cdot 5 = 22.5 + 7.5 = 30
$$

Werte **unter 10 oder über 30** gelten als Ausreißer.

In unserem Fall ist **30 genau am oberen Rand**, also **kein Ausreißer**.

---

### 🔹 8. **Bestimme die Whiskers (Antennen des Boxplots)**
Whiskers zeigen die kleinsten und größten Werte, die **keine Ausreißer** sind.

- **Unterer Whisker**: 15  
- **Oberer Whisker**: 30

---

### 🔹 9. **Zeichnen des Boxplots**

Wenn du den Boxplot zeichnest, brauchst du folgende Elemente:

| Bezeichnung         | Wert     |
|---------------------|----------|
| Minimum             | 15       |
| Unterer Whisker     | 15       |
| Q1                  | 17.5     |
| Median (Q2)         | 20.5     |
| Q3                  | 22.5     |
| Oberer Whisker      | 30       |
| Maximum             | 30       |

So sieht der Boxplot grob aus (Textdarstellung):

```
   +---+
   |   |
---+   +---
   +---+
 15  17.5   20.5   22.5    30
```

(Die Box geht von 17.5 bis 22.5, der Strich in der Mitte ist bei 20.5. Die Antennen gehen bis 15 und 30.)

---

### 🧠 Zusammenfassung der Werte:

| Begriff        | Wert   |
|----------------|--------|
| Minimum        | 15     |
| Q1 (25%)       | 17.5   |
| Median (50%)   | 20.5   |
| Q3 (75%)       | 22.5   |
| Maximum        | 30     |
| IQR            | 5      |
| Ausreißer?     | Nein   |

---

Wenn du willst, kann ich dir auch einen Graphen skizzieren oder dir erklären, wie du das mit Papier und Stift oder z. B. in Excel darstellst!"
"Data frequencies and probabilities","Collect, display and read data","F","Aus einem Kreisdiagramm, das die auf Hausaufgaben verwendete Zeit zeigt (Mathematik 25 %, Naturwissenschaften 35 %, Englisch 40 %), schätze die Zeit, die für Mathematik aufgewendet wurde, wenn die Gesamtzeit 4 Stunden beträgt.","Um die Zeit herauszufinden, die für **Mathematik** aufgewendet wurde, wenn die **Gesamtzeit 4 Stunden** beträgt und **Mathematik 25 %** dieser Zeit ausmacht, kannst du folgendermaßen vorgehen:

---

### 🔢 Schritt-für-Schritt-Lösung:

1. **Prozentwert in eine Dezimalzahl umrechnen:**

   25 % = 0,25

2. **Die Gesamtzeit mit dem Prozentsatz multiplizieren:**

   $$
   4~\text{Stunden} \cdot 0{,}25 = 1~\text{Stunde}
   $$

---

### ✅ Antwort:

Die für **Mathematik** aufgewendete Zeit beträgt **1 Stunde**.

---

Wenn du möchtest, kannst du auch die Zeiten für die anderen Fächer berechnen:

- **Naturwissenschaften:**  
  $ 4~\text{h} \cdot 0{,}35 = 1{,}4~\text{h} = 1~\text{h}~24~\text{min} $

- **Englisch:**  
  $ 4~\text{h} \cdot 0{,}40 = 1{,}6~\text{h} = 1~\text{h}~36~\text{min} $

---

Falls du noch Fragen hast oder etwas genauer erklärt haben willst – gerne! 😊"
"Data frequencies and probabilities","Collect, display and read data","G","Eine Häufigkeitstabelle zeigt die Testergebnisse mit den Intervallen 40-49 (3), 50-59 (5), 60-69 (8), 70-79 (4); zeichne ein Histogramm.","Um die Matheaufgabe zu lösen und ein **Histogramm** basierend auf der gegebenen Häufigkeitstabelle zu zeichnen, folge diesen Schritten:

---

### 🔢 Gegebene Daten:
Die Häufigkeitstabelle enthält Testergebnisse in Intervallen mit den zugehörigen Häufigkeiten:

| Testergebnis-Intervall | Anzahl der Schüler (Häufigkeit) |
|------------------------|-------------------------------|
| 40 – 49                | 3                             |
| 50 – 59                | 5                             |
| 60 – 69                | 8                             |
| 70 – 79                | 4                             |

---

## 📊 So erstellst du ein Histogramm:

Ein **Histogramm** ist eine grafische Darstellung von Häufigkeitsverteilungen. Es besteht aus Rechtecken, wobei:

- Die **Breite** der Rechtecke die **Klassenbreite (Intervall)** darstellt.
- Die **Höhe** der Rechtecke die **Häufigkeit** des jeweiligen Intervalls angibt.

---

## ✏️ Schritt-für-Schritt-Anleitung zum Zeichnen:

### 1. **Zeichne das Koordinatensystem**
- Zeichne eine horizontale Achse (**x-Achse**) und eine vertikale Achse (**y-Achse**).
- Beschrifte die **x-Achse** mit ""Testergebnisse"" und trage die **Intervalle** darauf ein: 40–49, 50–59, usw.
- Beschrifte die **y-Achse** mit ""Anzahl der Schüler"" oder ""Häufigkeit"".
- Wähle eine geeignete Skalierung auf der y-Achse (z. B. 1 Kästchen = 1 Person).

---

### 2. **Zeichne die Balken (Rechtecke)**
Für jedes Intervall zeichnest du ein Rechteck:

- Die **Breite** des Rechtecks entspricht der Differenz zwischen Ober- und Untergrenze des Intervalls (hier immer 10 Punkte → also gleiche Breite für alle Balken).
- Die **Höhe** des Rechtecks entspricht der Häufigkeit:
  - 40–49 → Höhe = 3
  - 50–59 → Höhe = 5
  - 60–69 → Höhe = 8
  - 70–79 → Höhe = 4

💡 **Wichtig:** Im Gegensatz zu einem Säulendiagramm gibt es beim Histogramm **keine Abstände zwischen den Rechtecken**, weil die Daten kontinuierlich sind (zusammenhängende Bereiche).

---

### 3. **Beschriftung & Überschrift**
- Gib deinem Diagramm eine Überschrift, z. B.:  
  **„Verteilung der Testergebnisse“**
- Stelle sicher, dass beide Achsen beschriftet sind.
- Optional: Füge eine Legende hinzu, falls Farben verwendet werden.

---

## 🖊️ Beispiel für die Darstellung (Textform):

```
Anzahl
   9 |
   8 |        █
   7 |        █
   6 |        █
   5 |     █  █
   4 |     █  █
   3 |  █  █  █
   2 |  █  █  █
   1 |  █  █  █  █
      +--+--+--+--+
        40-49 50-59 60-69 70-79
```

(Das ist nur ein grobes Textbeispiel. In der Praxis zeichnest du saubere Rechtecke.)

---

## 📌 Tipps:
- Wenn du auf Papier arbeitest, verwende kariertes Papier – so kannst du die Höhen genauer eintragen.
- Achte darauf, dass alle Balken gleich breit sind.
- Du kannst auch farbige Stifte verwenden, um das Histogramm übersichtlicher zu gestalten.

---

Wenn du möchtest, kann ich dir auch helfen, ein solches Histogramm digital zu erstellen (z. B. mit Excel oder GeoGebra). Sag einfach Bescheid!"
"Data frequencies and probabilities","Collect, display and read data","G","Zeichne die kumulative Häufigkeitskurve aus: 0–10 (2), 10–20 (6), 20–30 (9), 30–40 (3).","Um die **kumulative Häufigkeitskurve** (auch: **Ogive**) zu zeichnen, musst du folgende Schritte durchführen:

---

### 📌 Gegebene Daten:
Die Daten liegen in Form von **Klassenintervallen mit absoluten Häufigkeiten** vor:

| Klasse       | Absolute Häufigkeit |
|-------------|----------------------|
| 0–10        | 2                    |
| 10–20       | 6                    |
| 20–30       | 9                    |
| 30–40       | 3                    |

---

## ✏️ Schritt-für-Schritt-Anleitung zur kumulativen Häufigkeitskurve

### 🔹 Schritt 1: Bestimme die **kumulativen Häufigkeiten**
Das bedeutet: Du zählst die Häufigkeiten bis zu einem bestimmten Punkt zusammen.

| Klasse       | Absolute Häufigkeit | Kumulative Häufigkeit |
|-------------|----------------------|------------------------|
| 0–10        | 2                    | 2                      |
| 10–20       | 6                    | 2 + 6 = 8              |
| 20–30       | 9                    | 8 + 9 = 17             |
| 30–40       | 3                    | 17 + 3 = 20            |

Die letzte kumulative Häufigkeit entspricht der Gesamtanzahl der Beobachtungen (2+6+9+3 = 20).

---

### 🔹 Schritt 2: Wähle die **oberen Klassengrenzen**
Für die kumulative Kurve verwendest du immer die **oberen Grenzen der Klassen**, weil du darstellen willst, **wie viele Werte bis zu dieser Grenze vorkommen**.

- Oberen Grenzen: 10, 20, 30, 40
- Zu diesen x-Werten gehören die kumulativen Häufigkeiten als y-Werte: 2, 8, 17, 20

---

### 🔹 Schritt 3: Erstelle ein Koordinatensystem

Zeichne ein Diagramm mit:

- Auf der **x-Achse**: Die oberen Klassengrenzen (10, 20, 30, 40)
- Auf der **y-Achse**: Die kumulative Häufigkeit (bis zu 20)

---

### 🔹 Schritt 4: Trage die Punkte ein

Setze die folgenden Punkte ins Koordinatensystem ein:

- (10 | 2)
- (20 | 8)
- (30 | 17)
- (40 | 20)

---

### 🔹 Schritt 5: Verbinde die Punkte

Verbinde die Punkte durch eine **gebrochene Linie** (also nicht runden oder glätten, sondern gerade Strecken zwischen den Punkten ziehen). Das ergibt deine **kumulative Häufigkeitskurve** (Ogive).

---

## 📈 Deutung der Kurve

Die Kurve zeigt dir, wie viele Werte unterhalb eines bestimmten Wertes liegen.  
Zum Beispiel kannst du ablesen:

- Unter 20 liegt: 8 Werte
- Unter 30 liegt: 17 Werte usw.

---

## 🧮 Optional: Relative kumulative Häufigkeit

Wenn du stattdessen die **relative kumulative Häufigkeit** zeigen willst, rechnest du:

| Klasse       | Kumulative Häufigkeit | Relativ (%)     |
|-------------|------------------------|------------------|
| 0–10        | 2                      | 2/20 = 10%       |
| 10–20       | 8                      | 8/20 = 40%       |
| 20–30       | 17                     | 85%              |
| 30–40       | 20                     | 100%             |

Dann trägst du statt der absoluten Werte die Prozentanteile auf der y-Achse ein (bis 100%).

---

## 📝 Fazit

So gehst du bei einer kumulativen Häufigkeitskurve vor:

1. Klassen und Häufigkeiten notieren.
2. Kumulative Häufigkeiten berechnen.
3. Obere Klassengrenzen bestimmen.
4. Punkte im Koordinatensystem eintragen.
5. Geradlinig verbinden → fertig!

Wenn du möchtest, kann ich dir auch eine Vorlage oder ein Diagramm beschreiben, wie es am Ende aussehen könnte!"
"Data frequencies and probabilities","Collect, display and read data","G","Eine Umfrage in der Klasse zeigt, dass 12 Schüler Mathe mögen, 8 Schüler Naturwissenschaften mögen und 5 Schüler mögen beides. Stelle die Ergebnisse in einem Venn-Diagramm dar.","Um die Ergebnisse der Umfrage in einem **Venn-Diagramm** darzustellen, musst du die Anzahl der Schüler*innen, die **Mathe**, **Naturwissenschaften** oder **beides** mögen, übersichtlich miteinander verknüpfen.

---

### 📌 Gegebene Daten:

- 12 Schüler mögen **Mathe**
- 8 Schüler mögen **Naturwissenschaften**
- 5 Schüler mögen **sowohl Mathe als auch Naturwissenschaften**

---

### 🔍 Schritt-für-Schritt-Erklärung:

#### 1. **Überlege dir, was das Venn-Diagramm zeigt:**
Du brauchst zwei sich **überlappende Kreise**:
- Ein Kreis für **Mathe-Liebhaber**
- Ein Kreis für **Naturwissenschaften-Liebhaber**
- Der **Schnittbereich (Überlappung)** steht für die Schüler*innen, die **beides mögen**

#### 2. **Setze die Zahlen richtig ein:**

- In den **Schnittbereich** (also wo beide Kreise sich überlappen) kommt die Zahl **5** (weil diese Schüler beides mögen).
- Von den insgesamt 12 Mathe-Fans sind **5** schon im Schnittbereich gezählt. Also kommen **12 - 5 = 7** nur in den Mathe-Kreis außerhalb des Schnitts.
- Ebenso von den 8 Naturwissenschaften-Fans sind **5** bereits im Schnittbereich. Also kommen **8 - 5 = 3** nur in den Naturwissenschaften-Kreis außerhalb des Schnitts.

---

### ✏️ Aufteilung im Venn-Diagramm:

| Bereich | Beschreibung | Anzahl |
|--------|--------------|--------|
| Nur Mathe | Müssen nicht Naturwissenschaften | 7 |
| Beides (Schnitt) | Müssen sowohl Mathe als auch NW | 5 |
| Nur Naturwissenschaften | Müssen nicht Mathe | 3 |

---

### 🧮 Gesamtzahl der Schüler*innen:

Addiere alle drei Bereiche zusammen:

> 7 (nur Mathe) + 5 (beides) + 3 (nur NW) = **15 Schüler**

---

### 🎨 Zeichnen des Venn-Diagramms:

1. Zeichne zwei sich **überlappende Kreise**.
2. Beschrifte den linken Kreis mit **""Mathe""**, den rechten mit **""Naturwissenschaften""**.
3. Trage in den **linken Teil (nur Mathe)** die Zahl **7** ein.
4. Trage in den **Schnittbereich (beides)** die Zahl **5** ein.
5. Trage in den **rechten Teil (nur Naturwissenschaften)** die Zahl **3** ein.

---

Wenn du magst, kann ich dir auch eine Textversion des Diagramms erstellen oder dir helfen, es digital zu zeichnen!

Möchtest du z. B. wissen, wie viele Schüler *nur* Mathe mögen? Das wären wie oben gezeigt **7**.

Falls du noch mehr dazu wissen willst – gerne! 😊"
"Data frequencies and probabilities","Collect, display and read data","G","Gegeben sind die gruppierten Daten: 0–5 (3), 5–10 (7), 10–15 (12). Schätze die Modalklasse.","Um die **Modalklasse** aus gruppierten Daten zu schätzen, musst du zunächst verstehen, was die Modalklasse ist:

> **Die Modalklasse ist die Klasse (also das Intervall), die die höchste Häufigkeit aufweist.**

---

### Gegebene Daten:
- 0–5: **3**
- 5–10: **7**
- 10–15: **12**

Dabei bedeutet z. B. ""0–5 (3)"", dass im Intervall von 0 bis 5 insgesamt 3 Beobachtungen liegen.

---

### Schritt-für-Schritt:

1. **Bestimme die Häufigkeiten jeder Klasse:**
   - 0–5: 3
   - 5–10: 7
   - 10–15: 12

2. **Finde die Klasse mit der **höchsten Häufigkeit**:**
   - Die höchste Häufigkeit ist **12**, und sie gehört zur Klasse **10–15**.

---

### ✅ Antwort:
Die **Modalklasse** ist also: **10–15**

Das bedeutet, in diesem Intervall kommt der häufigste Wert (bzw. die meisten Werte) vor.

---

Falls du später noch genauer den **Modus** (den häufigsten konkreten Wert) innerhalb der Modalklasse schätzen willst, kann man das mit einer Formel machen – sag einfach Bescheid, wenn du das auch brauchst!"
"Data frequencies and probabilities","Collect, display and read data","H","Zähle die Anzahl der vorbeifahrenden Autos in 5-Minuten-Intervallen über einen Zeitraum von 1 Stunde und stelle die Ergebnisse in einem Zeitdiagramm dar.","Diese Matheaufgabe verlangt von dir, dass du die Anzahl der vorbeifahrenden Autos in regelmäßigen 5-Minuten-Abständen über einen Zeitraum von **1 Stunde** beobachtest und deine Ergebnisse anschließend **in einem Zeitdiagramm darstellst**.

---

### 🔢 Schritt-für-Schritt-Anleitung zur Lösung:

#### 📌 **Schritt 1: Beobachtung durchführen**

Du musst dich an eine Straße stellen (oder dir eine Situation vorstellen), an der Autos vorbeifahren. Du zählst dann alle **5 Minuten**, wie viele Autos in diesem Zeitraum vorbeikommen.

Da 1 Stunde = 60 Minuten ist und du alle **5 Minuten** zählst, erhältst du insgesamt:

$$
\frac{60}{5} = 12 \text{ Intervalle}
$$

Das bedeutet, du wirst **12 Messungen** machen.

Beispiel:
| Zeitintervall | Uhrzeit        | Anzahl der Autos |
|---------------|----------------|------------------|
| 1             | 14:00–14:05 Uhr | 8                |
| 2             | 14:05–14:10 Uhr | 10               |
| 3             | 14:10–14:15 Uhr | 7                |
| ...           | ...            | ...              |
| 12            | 14:55–15:00 Uhr | 9                |

> Hinweis: Wenn du das wirklich machst, solltest du dir am besten ein Blatt mit vorgefertigten Tabellenzeilen für die 12 Zeiten ausdrucken, damit es schneller geht.

---

#### 📊 **Schritt 2: Daten in einem Zeitdiagramm darstellen**

Ein **Zeitdiagramm** (auch **Zeitreihendiagramm**) zeigt, wie sich etwas im Laufe der Zeit verändert – in diesem Fall die Anzahl der Autos pro 5 Minuten.

So baust du dein Diagramm auf:

- **X-Achse (waagrecht):** Zeitpunkte oder Intervalle (z. B. ""14:00–14:05"", ""14:05–14:10"", usw.)
- **Y-Achse (senkrecht):** Anzahl der Autos (z. B. von 0 bis zur höchsten gezählten Zahl)

Dann kannst du entweder:
- Punkte eintragen und verbinden (Linienzug)
- ODER Säulen/Balken für jedes Intervall zeichnen (Säulendiagramm)

✅ **Tipp:** Wenn du das Diagramm am Computer erstellen willst, kannst du Excel, GeoGebra oder auch Canva nutzen.

---

### 🎯 Beispiel für ein fertiges Diagramm (beschrieben):

Stell dir vor, du hast folgende Werte gemessen:

| Zeitintervall | Autos |
|---------------|-------|
| 1             | 8     |
| 2             | 10    |
| 3             | 7     |
| 4             | 12    |
| 5             | 9     |
| 6             | 11    |
| 7             | 6     |
| 8             | 13    |
| 9             | 10    |
| 10            | 9     |
| 11            | 8     |
| 12            | 12    |

In deinem Diagramm würdest du jetzt sehen, ob die Verkehrsdichte gleichmäßig war oder ob sie z. B. gegen Ende gestiegen ist.

---

### 🧠 Warum macht man so etwas?

Solche Aufgaben trainieren:
- Beobachtungsgenauigkeit
- Umgang mit Datenerhebung
- Visualisierung von Daten
- Grundlagen der Statistik

---

Wenn du möchtest, kann ich dir gerne ein Beispiel zum Ausfüllen oder ein Diagrammvorlage als Text beschreiben!"
"Data frequencies and probabilities","Collect, display and read data","H","Verwende ein Punktdiagramm, um die Verteilung der täglichen Temperaturen über einen Zeitraum von 14 Tagen darzustellen: 15–22°C.","Um die Aufgabe zu lösen und ein **Punktdiagramm** (auch: Punktwolke oder Dot Plot) für die **Verteilung der täglichen Temperaturen über 14 Tage im Bereich 15–22°C** zu erstellen, folge diesen Schritten:

---

### 🔍 **Ziel der Aufgabe:**
Du sollst die Verteilung von Temperaturen übersichtlich in einem Punktdiagramm darstellen. Das bedeutet, du zeigst, **wie oft welche Temperatur in den 14 Tagen vorkommt**.

---

## 🧩 Schritt-für-Schritt-Anleitung:

### 1. **Daten sammeln (oder erfinden):**
Da keine konkreten Temperaturen gegeben sind, musst du dir selbst **14 Temperaturen zwischen 15°C und 22°C ausdenken**. Du könntest z. B. so eine Liste erstellen:

> Beispiel-Datensatz:  
> `16, 17, 18, 15, 17, 19, 18, 18, 20, 21, 19, 17, 16, 18`

Das sind 14 Werte – also eine mögliche Temperaturverteilung über 14 Tage.

---

### 2. **Übersicht erstellen (Häufigkeitstabelle):**

| Temperatur (°C) | Häufigkeit |
|------------------|------------|
| 15               | ●          |
| 16               | ●●         |
| 17               | ●●●        |
| 18               | ●●●●       |
| 19               | ●●         |
| 20               | ●          |
| 21               | ●          |
| 22               |            |

(Oder statt Strichen kannst du auch Punkte oder X verwenden.)

---

### 3. **Punktdiagramm zeichnen:**

Ein Punktdiagramm besteht aus:
- einer **horizontalen Achse (x-Achse)** mit den verschiedenen Temperaturen (15 bis 22 °C),
- und **Punkten**, die darüber zeigen, wie oft jede Temperatur vorkommt.

#### So sieht das aus:

```
Temperatur (°C)
↑
|
|                     ●
|              ●     ●
|       ●     ● ●   ● ●
|    ●  ●  ●  ● ● ● ● ●
+---------------------------->
  15 16 17 18 19 20 21 22
```

Jeder Punkt steht für einen Tag mit dieser Temperatur.

---

### 4. **Interpretation (optional):**
Du kannst nun erkennen:
- Die meiste Zeit lag die Temperatur bei **18°C** (4 Tage).
- Die niedrigste gemessene Temperatur war **15°C** (1 Tag).
- Die höchste Temperatur betrug **21°C** (1 Tag).

---

## ✅ Zusammenfassung:

So gehst du vor:
1. Erfinde 14 Temperaturen zwischen 15 und 22 °C.
2. Zähle, wie oft jede Temperatur vorkommt.
3. Zeichne eine horizontale Skala mit den Temperaturen.
4. Setze über jede Temperatur so viele Punkte, wie sie vorkommt.

Wenn du möchtest, kann ich dir auch gerne ein Beispiel-Punktdiagramm als Bild skizzieren oder dir helfen, es digital mit Excel oder GeoGebra darzustellen.

Möchtest du das? 😊"
"Data frequencies and probabilities","Collect, display and read data","H","Erstelle eine Übersicht über den monatlichen Energieverbrauch für ein ganzes Jahr. Trage die Daten in ein Liniendiagramm ein und analysiere die saisonalen Unterschiede im Verbrauch.","Klar! Diese Matheaufgabe ist eine gute Möglichkeit, mit Daten zu arbeiten und Zusammenhänge zu erkennen. Ich zeige dir Schritt für Schritt, wie du vorgehen kannst:

---

### **Ziel der Aufgabe:**
Du sollst den **monatlichen Energieverbrauch eines Haushalts über ein ganzes Jahr** darstellen, in einem **Liniendiagramm visualisieren** und die **saisonalen Unterschiede analysieren**.

---

## 🔹 Schritt 1: Datensammlung / Vorlage

Wenn keine konkreten Zahlen gegeben sind, kannst du dir realistische Werte ausdenken oder beispielhaft verwenden. Der monatliche Strom- oder Gasverbrauch wird meist in **kWh (Kilowattstunden)** angegeben.

### Beispielwerte (Gesamtenergieverbrauch pro Monat):

| Monat      | Verbrauch in kWh |
|------------|------------------|
| Januar     | 400              |
| Februar    | 380              |
| März       | 350              |
| April      | 280              |
| Mai        | 220              |
| Juni       | 180              |
| Juli       | 170              |
| August     | 160              |
| September  | 200              |
| Oktober    | 260              |
| November   | 340              |
| Dezember   | 390              |

Diese Werte spiegeln typische saisonale Schwankungen wider: Im Winter ist der Verbrauch höher (Heizung, Beleuchtung), im Sommer niedriger.

---

## 🔹 Schritt 2: Erstellung des Liniendiagramms

### 📊 So erstellst du das Diagramm:

1. **Zeichne ein Koordinatensystem**:
   - **X-Achse (waagerecht):** Die 12 Monate (Januar bis Dezember)
   - **Y-Achse (senkrecht):** Der Energieverbrauch in kWh (z.B. von 0 bis 500 in 50er-Schritten)

2. **Trage die Punkte ein:**
   - Jeder Monat bekommt einen Punkt an der Stelle seines Verbrauchs.

3. **Verbinde die Punkte mit Linien:**
   - Du erhältst so eine Kurve, die zeigt, wie sich der Verbrauch über das Jahr verändert.

💡 Tipp: Du kannst das Diagramm auch digital erstellen – z.B. mit Excel, Google Sheets oder einem Online-Diagrammgenerator.

---

## 🔹 Schritt 3: Analyse der saisonalen Unterschiede

Jetzt schaust du dir an, warum der Verbrauch in bestimmten Monaten hoch oder niedrig ist.

### 🧠 Was du in deiner Analyse erwähnen kannst:

- **Winter (Dezember–Februar):**
  - Hoher Verbrauch durch Heizung und mehr künstliches Licht.
  - Kältere Temperaturen bedeuten mehr Energiebedarf.

- **Frühling (März–Mai):**
  - Verbrauch sinkt, da es wärmer wird und weniger geheizt wird.
  - Mehr Tageslicht → weniger Strom für Lampen.

- **Sommer (Juni–August):**
  - Niedrigster Verbrauch, da kaum geheizt wird und viele Geräte nicht genutzt werden.
  - Eventuell steigt der Verbrauch leicht durch Klimaanlagen oder Kühlgeräte.

- **Herbst (September–November):**
  - Steigender Verbrauch, weil es dunkler und kälter wird.
  - Vorbereitung auf die kalte Jahreszeit (z.B. mehr Warmwasser).

---

## 🔹 Schritt 4: Fazit ziehen

Schreibe am Ende ein kurzes Resümee, z.B.:

> „Der Energieverbrauch schwankt stark über das Jahr. In den Wintermonaten ist er am höchsten, da mehr geheizt und beleuchtet wird. Im Sommer hingegen sinkt der Verbrauch auf ein Minimum. Dies zeigt, dass der Energiebedarf stark von der Jahreszeit abhängt.“

---

## 📌 Bonus-Tipp: Präsentation

Wenn du die Aufgabe als Projekt oder Referat präsentierst:
- Zeige dein Diagramm visuell.
- Erkläre die Gründe für die Schwankungen.
- Gib Tipps zur Energieeinsparung in Hochphasen (z.B. Energiesparlampen, Thermostat regeln usw.).

---

Wenn du möchtest, kann ich dir auch helfen:
- Ein Diagramm in Textform zu beschreiben
- Oder dir eine Tabellenvorlage für Excel geben
- Oder dir bei der Formulierung der Analyse helfen

Möchtest du das? 😊"
"Data frequencies and probabilities","Collect, display and read data","H","Ein Kreisdiagramm zeigt die Kategorien A, B und C mit zentralen Winkeln von 90°, 120° und 150°. Bestimme den Prozentsatz für jede Kategorie.","Um die **Prozentsätze** für die Kategorien A, B und C in einem **Kreisdiagramm** zu bestimmen, musst du die jeweiligen **zentralen Winkel** ins Verhältnis zum gesamten Kreis setzen.

### 📐 Grundwissen:
Ein voller Kreis hat **360 Grad**.  
Der Prozentsatz einer Kategorie entspricht dem Anteil ihres Winkels am Gesamtkreis:

$$
\text{Prozentsatz} = \frac{\text{Winkel der Kategorie}}{360^\circ} \cdot 100\%
$$

---

### Gegebene Winkel:
- Kategorie A: 90°  
- Kategorie B: 120°  
- Kategorie C: 150°  

Zuerst überprüfen wir, ob alle Winkel zusammen einen vollen Kreis ergeben:

$$
90^\circ + 120^\circ + 150^\circ = 360^\circ \quad ✅
$$

Alles passt – jetzt berechnen wir die Prozentsätze:

---

### 🔢 Berechnung:

#### Kategorie A (90°):

$$
\frac{90}{360} \cdot 100\% = 0{,}25 \cdot 100\% = \mathbf{25\%}
$$

#### Kategorie B (120°):

$$
\frac{120}{360} \cdot 100\% = \frac{1}{3} \cdot 100\% \approx 33{,}33\% 
$$

#### Kategorie C (150°):

$$
\frac{150}{360} \cdot 100\% = \frac{5}{12} \cdot 100\% \approx 41{,}67\%
$$

---

### ✅ Endergebnisse:
| Kategorie | Winkel | Prozentsatz |
|----------|--------|-------------|
| A        | 90°    | 25%         |
| B        | 120°   | ca. 33,33%  |
| C        | 150°   | ca. 41,67%  |

Wenn du möchtest, kannst du die Prozentangaben auch als Brüche darstellen:

- A: $ \frac{1}{4} = 25\% $
- B: $ \frac{1}{3} \approx 33{,}33\% $
- C: $ \frac{5}{12} \approx 41{,}67\% $

Fertig! 😊"
"Data frequencies and probabilities","Compare and evaluate data","B","Betrachte das folgende Balkendiagramm: An welchen zwei Tagen trugen die meisten Schüler Hüte? [Mo (5), Di (5), Mi (4), Do (1), Fr (3)]","Um die Frage zu beantworten — **""An welchen zwei Tagen trugen die meisten Schüler Hüte?""** — musst du dir anschauen, wie viele Schüler an jedem Wochentag Hüte trugen, und dann die **zwei Tage mit den höchsten Zahlen** finden.

Gegeben sind diese Daten:

- Montag (Mo): 5 Schüler
- Dienstag (Di): 5 Schüler
- Mittwoch (Mi): 4 Schüler
- Donnerstag (Do): 1 Schüler
- Freitag (Fr): 3 Schüler

### Schritt-für-Schritt:
1. Sortiere die Tage nach der Anzahl der Hut-Träger von **höchstens zu niedrigsten**:
   - Mo: 5
   - Di: 5
   - Mi: 4
   - Fr: 3
   - Do: 1

2. Die **ersten beiden Tage** in dieser Reihenfolge sind die Tage, an denen **die meisten Schüler Hüte trugen**.

### Antwort:
👉 **Montag und Dienstag** trugen die meisten Schüler Hüte (jeweils 5 Schüler).

---

Wenn du möchtest, kann ich dir auch helfen, das in einem Diagramm darzustellen oder weitere Fragen dazu zu beantworten! 😊"
"Data frequencies and probabilities","Compare and evaluate data","B","An welchem Tag fiel der meiste Regen: Montag (20 mm), Dienstag (12 mm), Mittwoch (25 mm)?","Um herauszufinden, an welchem Tag der meiste Regen fiel, vergleichst du einfach die angegebenen Regenmengen für jeden Tag:

- **Montag**: 20 mm  
- **Dienstag**: 12 mm  
- **Mittwoch**: 25 mm  

### Schritt für Schritt:
1. Schau dir die Zahlen an.
2. Vergleiche sie miteinander: Welche ist am größten?
3. Die größte Zahl zeigt den Tag mit dem meisten Regen.

### Vergleich:
- 12 mm (Dienstag) ist kleiner als 20 mm (Montag).
- 20 mm (Montag) ist kleiner als 25 mm (Mittwoch).

👉 **Ergebnis**: Der **meiste Regen fiel am Mittwoch mit 25 mm**.

Wenn du das verstanden hast, kannst du solche Aufgaben in Zukunft schnell lösen! 😊"
"Data frequencies and probabilities","Compare and evaluate data","B","Bestimme den Unterschied zwischen dem höchsten und dem tiefsten Wert in der folgenden Zahlensammlung: 3, 6, 8, 5, 3, 2.","Um den **Unterschied zwischen dem höchsten und dem tiefsten Wert** in der Zahlensammlung zu bestimmen, folge diesen einfachen Schritten:

### Gegebene Zahlen:
3, 6, 8, 5, 3, 2

---

### Schritt 1: Finde den **höchsten Wert**
Schau dir alle Zahlen an und such die größte:

➡️ **Höchster Wert = 8**

---

### Schritt 2: Finde den **tiefsten Wert**
Such nun die kleinste Zahl:

➡️ **Tiefster Wert = 2**

---

### Schritt 3: Berechne den **Unterschied**
Ziehe den tiefsten Wert vom höchsten Wert ab:

$$
\text{Unterschied} = \text{Höchster Wert} - \text{Tiefster Wert} = 8 - 2 = 6
$$

---

### ✅ **Ergebnis:**
Der Unterschied zwischen dem höchsten und dem tiefsten Wert ist **6**.

Wenn du noch mehr solcher Aufgaben lösen musst, kann ich dir gerne weitere Beispiele zeigen! 😊"
"Data frequencies and probabilities","Compare and evaluate data","B","Welche Farbe hatte die mittlere Anzahl an Stimmen: Rot (4), Blau (7), Grün (3)?","Um diese Matheaufgabe zu lösen, müssen wir klären, was mit **„mittlere Anzahl an Stimmen“** gemeint ist. Das kann auf zwei Arten interpretiert werden:

1. **Der Median (mittlerer Wert bei sortierten Daten)**  
2. **Die Farbe mit der durchschnittlichen (mittleren) Stimmanzahl (also nahe am Mittelwert)** – das wäre eher unüblich und wahrscheinlich nicht gemeint.

Da es hier um eine kleine Anzahl von Stimmen geht, gehen wir Schritt für Schritt den **Median** an:

---

### Gegebene Daten:
- Rot: 4 Stimmen  
- Blau: 7 Stimmen  
- Grün: 3 Stimmen

---

### Schritt 1: Sortiere die Stimmanzahlen
Wir ordnen die Zahlen der Größe nach:

**3, 4, 7**

---

### Schritt 2: Finde den **mittleren Wert (Median)**
Da es **drei Werte** gibt, ist der mittlere Wert der **zweite Wert** in der sortierten Liste.

Also:  
**3 (Grün), 4 (Rot), 7 (Blau)**  
→ Der mittlere Wert ist **4**, das gehört zu **Rot**

---

### ✅ Antwort:
**Rot** hatte die mittlere Anzahl an Stimmen (der Median).

---

Wenn du noch weitere Fragen hast oder etwas unklar ist, helfe ich dir gerne weiter! 😊"
"Data frequencies and probabilities","Compare and evaluate data","C","Bestimme den Unterschied zwischen dem höchsten und dem niedrigsten Wert in dem Säulendiagramm.","Klar! Um den **Unterschied zwischen dem höchsten und dem niedrigsten Wert** in einem **Säulendiagramm** zu bestimmen, folgst du einfach diesen Schritten:

---

### 📌 **Schritt-für-Schritt-Anleitung:**

1. **Werte aus dem Säulendiagramm ablesen:**
   - Schaue dir alle Säulen an.
   - Lies die Werte ab, die jede Säule darstellt (meistens findest du eine Skala auf der linken Seite des Diagramms).

2. **Liste alle Werte auf:**
   - Schreibe alle abgelesenen Werte auf, z. B.: 5, 10, 3, 8.

3. **Finde den höchsten Wert:**
   - Such dir aus deiner Liste den größten Zahl heraus.

4. **Finde den niedrigsten Wert:**
   - Such dir aus derselben Liste die kleinste Zahl heraus.

5. **Berechne den Unterschied:**
   - Ziehe den niedrigsten Wert vom höchsten Wert ab:
     $$
     \text{Unterschied} = \text{Höchster Wert} - \text{Niedrigster Wert}
     $$

---

### 🧮 Beispielrechnung:

Angenommen, du hast folgende Werte aus dem Diagramm abgelesen:  
**7, 12, 4, 9, 3**

- Höchster Wert: **12**  
- Niedrigster Wert: **3**  
- Unterschied:  
  $$
  12 - 3 = 9
  $$

✅ **Ergebnis:** Der Unterschied beträgt **9**.

---

Wenn du mir die Werte oder das Diagramm selbst gibst (z. B. welche Säulen es gibt), kann ich dir gerne helfen, es direkt damit zu berechnen! 😊"
"Data frequencies and probabilities","Compare and evaluate data","C","Berechne den Durchschnitt dieser Testnoten: 80, 85, 90, 95, 100.","Um den **Durchschnitt** von Testnoten (oder anderen Zahlen) zu berechnen, folgst du diesen Schritten:

### 🔢 Gegebene Werte:
Die Testnoten sind:  
**80, 85, 90, 95, 100**

---

### ✅ Schritt 1: Addiere alle Werte zusammen

$$
80 + 85 + 90 + 95 + 100 = 450
$$

---

### ✅ Schritt 2: Teile die Gesamtsumme durch die Anzahl der Werte

Es gibt **5** Noten, also:

$$
\frac{450}{5} = 90
$$

---

### 🎯 Ergebnis:
Der **Durchschnitt** der Testnoten ist **90**.

Wenn du noch mehr Übungen dazu willst oder dir etwas unklar ist, helfe ich dir gerne weiter! 😊"
"Data frequencies and probabilities","Compare and evaluate data","C","Berechne die Spannweite: 45, 39, 50, 48","Gerne! Um die **Spannweite** einer Datenreihe zu berechnen, brauchst du nur zwei Schritte:

### 1. Finde den **höchsten Wert** und den **niedrigsten Wert** in der Reihe.
Deine Zahlen sind:  
**45, 39, 50, 48**

- Höchster Wert = **50**
- Niedrigster Wert = **39**

---

### 2. Ziehe den niedrigsten Wert vom höchsten Wert ab:
$$
\text{Spannweite} = \text{Höchster Wert} - \text{Niedrigster Wert}
$$
$$
\text{Spannweite} = 50 - 39 = 11
$$

---

✅ **Ergebnis:** Die Spannweite beträgt **11**.

Wenn du noch mehr über andere statistische Kennwerte (wie Mittelwert, Median, etc.) erfahren willst, sag Bescheid!"
"Data frequencies and probabilities","Compare and evaluate data","C","Welche Zahl fehlt, wenn der Durchschnitt von 3 Zahlen 10 beträgt und zwei von ihnen 8 und 12 sind?","Klar! Lass uns die Aufgabe Schritt für Schritt lösen.

### Gegeben:
- Der **Durchschnitt** von **3 Zahlen** ist **10**.
- Zwei der drei Zahlen sind bekannt: **8** und **12**.
- Gesucht ist die **dritte Zahl**, die fehlt.

---

### Schritt 1: Was bedeutet ""Durchschnitt""?

Der Durchschnitt (oder Mittelwert) von Zahlen berechnet sich so:

$$
\text{Durchschnitt} = \frac{\text{Summe aller Zahlen}}{\text{Anzahl der Zahlen}}
$$

In diesem Fall:

$$
10 = \frac{8 + 12 + x}{3}
$$

Dabei ist **x** die unbekannte dritte Zahl.

---

### Schritt 2: Gleichung lösen

Setze die Werte ein:

$$
10 = \frac{8 + 12 + x}{3}
$$

Addiere die bekannten Zahlen:

$$
10 = \frac{20 + x}{3}
$$

Jetzt multipliziere beide Seiten mit 3, um den Bruch loszuwerden:

$$
10 \cdot 3 = 20 + x
\Rightarrow 30 = 20 + x
$$

Ziehe 20 von beiden Seiten ab:

$$
x = 30 - 20 = 10
$$

---

### ✅ Antwort:
Die fehlende Zahl ist **10**.

Wenn du also die drei Zahlen **8**, **12** und **10** hast, beträgt ihr Durchschnitt genau **10**."
"Data frequencies and probabilities","Compare and evaluate data","C","An welchem Tag gab es den größten Anstieg der Werte im Liniendiagramm?","Um die Frage **„An welchem Tag gab es den größten Anstieg der Werte im Liniendiagramm?“** zu beantworten, musst du dir das **Liniendiagramm genau anschauen** und den **größten Unterschied zwischen zwei aufeinanderfolgenden Tagen** finden. Hier ist eine Schritt-für-Schritt-Anleitung:

---

### 🔍 **Schritt 1: Lies die Werte aus dem Diagramm ab**
Schau dir jeden Tag an und lies den dazugehörigen Wert möglichst genau ab (falls keine Zahlen angegeben sind).  
Zum Beispiel:

| Tag       | Wert |
|-----------|------|
| Montag    | 10   |
| Dienstag  | 15   |
| Mittwoch  | 18   |
| Donnerstag| 24   |
| Freitag   | 25   |

Wenn keine Tabelle vorliegt, kannst du die Werte am Diagramm anhand der Skalierung abschätzen.

---

### 📈 **Schritt 2: Berechne die Differenz zwischen zwei aufeinanderfolgenden Tagen**
Du berechnest also immer „Wert vom nächsten Tag minus Wert vom Vortag“, um den **Anstieg** zu ermitteln.

Beispiel mit obiger Tabelle:

- Dienstag - Montag = 15 - 10 = **+5**
- Mittwoch - Dienstag = 18 - 15 = **+3**
- Donnerstag - Mittwoch = 24 - 18 = **+6**
- Freitag - Donnerstag = 25 - 24 = **+1**

---

### 🏆 **Schritt 3: Finde den größten Anstieg**
Suche nun nach der **höchsten positiven Differenz**:

- Dienstag: +5
- Mittwoch: +3
- Donnerstag: **+6** ← Größter Anstieg
- Freitag: +1

➡️ Also war der **größte Anstieg am Donnerstag**, da der Wert von 18 auf 24 gestiegen ist.

---

### ✅ **Antwort**
> Der größte Anstieg der Werte im Liniendiagramm war am **Donnerstag**.

---

### 💡 Tipps:
- Achte darauf, dass nur **positive Verläufe** (also echte Anstiege) gezählt werden.
- Wenn zwei Tage den gleichen Anstieg haben, kannst du sagen, dass es einen **gleich großen Anstieg** gab.
- Bei einem Liniendiagramm siehst du den Anstieg auch oft optisch: Je steiler die Linie nach oben verläuft, desto größer ist der Anstieg.

---

Wenn du möchtest, kannst du mir die Daten oder ein Bild des Diagramms schicken, und ich helfe dir gerne konkret weiter! 😊"
"Data frequencies and probabilities","Compare and evaluate data","D","Vergleiche den Durchschnitt von zwei Datensätzen: A = [3, 4, 5], B = [5, 6, 7].","Klar! Du sollst den **Durchschnitt (auch: Mittelwert)** von zwei Datensätzen vergleichen. Hier ist die Schritt-für-Schritt-Anleitung, wie du das machst:

---

### Gegebene Datensätze:
- **A = [3, 4, 5]**
- **B = [5, 6, 7]**

---

### Schritt 1: Berechne den Durchschnitt (Mittelwert) von Datensatz A

Der Durchschnitt wird berechnet, indem du alle Zahlen addierst und dann durch die Anzahl der Zahlen teilst.

$$
\text{Durchschnitt von A} = \frac{3 + 4 + 5}{3} = \frac{12}{3} = 4
$$

---

### Schritt 2: Berechne den Durchschnitt von Datensatz B

$$
\text{Durchschnitt von B} = \frac{5 + 6 + 7}{3} = \frac{18}{3} = 6
$$

---

### Schritt 3: Vergleiche die beiden Durchschnitte

- Durchschnitt von A: **4**
- Durchschnitt von B: **6**

➡️ Der Durchschnitt von B ist **größer** als der von A – und zwar um **2 Einheiten**.

---

### Fazit:

- Der Durchschnitt von **A** ist **4**.
- Der Durchschnitt von **B** ist **6**.
- Also ist der Durchschnitt von **B um 2 größer** als der von A.

Wenn du möchtest, kann ich dir auch zeigen, wie man das in Python oder Excel macht 😊"
"Data frequencies and probabilities","Compare and evaluate data","D","Welches Datenset hat eine größere Streuung: [5, 10, 15] oder [8, 9, 10]?","Um herauszufinden, welches Datenset eine **größere Streuung** hat, vergleicht man am besten die **Varianzen** oder **Standardabweichungen** der beiden Datensätze. Je größer diese Werte sind, desto stärker streuen die Daten um den Mittelwert.

### Gegebene Datensätze:
- Datensatz 1: [5, 10, 15]  
- Datensatz 2: [8, 9, 10]

---

## Schritt-für-Schritt: Varianz berechnen

Die **Varianz** wird wie folgt berechnet:

$$
\text{Varianz} = \frac{1}{n} \sum_{i=1}^{n} (x_i - \bar{x})^2
$$

Dabei ist:
- $ x_i $ ein Wert aus dem Datensatz,
- $ \bar{x} $ der Mittelwert des Datensatzes,
- $ n $ die Anzahl der Werte im Datensatz.

---

### 🔹 Datensatz 1: [5, 10, 15]

1. **Mittelwert berechnen:**

$$
\bar{x}_1 = \frac{5 + 10 + 15}{3} = \frac{30}{3} = 10
$$

2. **Abweichungen vom Mittelwert quadrieren und summieren:**

$$
(5 - 10)^2 = (-5)^2 = 25 \\
(10 - 10)^2 = 0^2 = 0 \\
(15 - 10)^2 = 5^2 = 25 \\
\Rightarrow \text{Summe} = 25 + 0 + 25 = 50
$$

3. **Varianz berechnen:**

$$
\text{Varianz}_1 = \frac{50}{3} \approx 16{,}67
$$

---

### 🔹 Datensatz 2: [8, 9, 10]

1. **Mittelwert berechnen:**

$$
\bar{x}_2 = \frac{8 + 9 + 10}{3} = \frac{27}{3} = 9
$$

2. **Abweichungen vom Mittelwert quadrieren:**

$$
(8 - 9)^2 = (-1)^2 = 1 \\
(9 - 9)^2 = 0^2 = 0 \\
(10 - 9)^2 = 1^2 = 1 \\
\Rightarrow \text{Summe} = 1 + 0 + 1 = 2
$$

3. **Varianz berechnen:**

$$
\text{Varianz}_2 = \frac{2}{3} \approx 0{,}67
$$

---

## ✅ Vergleich:

- Varianz von [5, 10, 15]: ca. **16,67**
- Varianz von [8, 9, 10]: ca. **0,67**

➡️ Der **erste Datensatz [5, 10, 15]** hat also eine deutlich **größere Streuung**.

---

## 📌 Antwort:
> Das Datenset **[5, 10, 15]** hat eine größere Streuung als das Datenset **[8, 9, 10]**, da seine Varianz deutlich höher ist.

Wenn du willst, kann ich dir auch zeigen, wie man die **Standardabweichung** berechnet – das ist einfach die Wurzel aus der Varianz."
"Data frequencies and probabilities","Compare and evaluate data","D","Bestimme den Median der folgenden Daten: 7, 9, 12, 10, 11.","Um den **Median** einer Datenreihe zu bestimmen, musst du die Zahlen in **aufsteigender Reihenfolge sortieren** und dann die **mittlere Zahl** finden. So gehst du vor:

---

### 🔢 Gegebene Daten:
```
7, 9, 12, 10, 11
```

---

### ✅ Schritt 1: Sortiere die Zahlen aufsteigend
```
7, 9, 10, 11, 12
```

---

### ✅ Schritt 2: Bestimme, ob es eine gerade oder ungerade Anzahl von Werten gibt

Hier haben wir **5 Zahlen**, also eine **ungerade Anzahl**.

Bei einer **ungeraden Anzahl** ist der Median einfach die **mittlere Zahl**.

---

### ✅ Schritt 3: Finde die mittlere Zahl

Die sortierte Liste:
```
1. 7  
2. 9  
3. 10   ← Median  
4. 11  
5. 12
```

Der **dritte Wert** ist die Mitte → **10**

---

### 🟩 Lösung:
> Der **Median** ist **10**.

Wenn du magst, kann ich dir auch erklären, wie man den Median bei einer geraden Anzahl berechnet! 😊"
"Data frequencies and probabilities","Compare and evaluate data","E","Interpretiere, was ein kleiner Interquartilsabstand über einen Datensatz aussagt.","Klar! Lass uns die Aufgabe Schritt für Schritt durchgehen:

### **Aufgabe:**
> *Interpretiere, was ein kleiner Interquartilsabstand über einen Datensatz aussagt.*

---

## 📌 Was ist der Interquartilsabstand (IQR)?

Der **Interquartilsabstand** (engl. *Interquartile Range*, kurz **IQR**) ist ein Maß für die **Streuung** der Daten in der deskriptiven Statistik.

Er wird berechnet als:
$$
\text{IQR} = Q_3 - Q_1
$$

Dabei sind:
- **Q₁ (erstes Quartil)**: Der Wert, unterhalb dessen 25 % der Daten liegen.
- **Q₃ (drittes Quartil)**: Der Wert, unterhalb dessen 75 % der Daten liegen.

👉 Der IQR umfasst also den mittleren Bereich der Daten – **die mittleren 50 % aller Werte**.

---

## 🔍 Was sagt ein **kleiner IQR** aus?

Wenn der Interquartilsabstand **klein** ist, bedeutet das:

✅ Die **mittleren 50 % der Datenwerte liegen eng beieinander**.  
➡️ Es gibt also **wenig Streuung oder Variabilität im zentralen Bereich** des Datensatzes.

Das kann bedeuten:
- Die meisten Daten sind **ähnlich** in ihrem Wert.
- Die Verteilung ist **konzentriert**, oft auch **symmetrisch und glockenförmig**, wenn keine Ausreißer vorliegen.
- Extremwerte (Ausreißer) haben weniger Einfluss auf den IQR als z. B. auf die Spannweite.

---

## ✅ Beispiel zur Veranschaulichung:

Angenommen, du hast folgende Testergebnisse von zwei Klassen:

- **Klasse A:** Noten: 3, 3, 3, 4, 4, 4, 4, 4, 4, 5  
  ➡️ Hier ist der IQR klein → viele ähnliche Noten im Mittelbereich.

- **Klasse B:** Noten: 1, 2, 2, 3, 4, 5, 5, 6, 6, 6  
  ➡️ Hier ist der IQR größer → stärkere Verteilung der Noten.

---

## 🧠 Fazit: Wie interpretierst du einen kleinen IQR?

> Ein **kleiner Interquartilsabstand (IQR)** zeigt an, dass die **mittleren 50 % der Werte eng beieinander liegen**. Das deutet auf eine **geringe Streuung** und eine **hohe Konzentration der Daten um den Median** hin.

---

Wenn du möchtest, kann ich dir gerne auch ein Diagramm oder Boxplot dazu erklären, wie man das visuell erkennt! 😊"
"Data frequencies and probabilities","Compare and evaluate data","E","Analysiere ein Boxplot und erkläre die Streuung sowie die Schiefheit der Daten.","Klar! Um eine Boxplot-Aufgabe zu lösen, musst du die verschiedenen Bestandteile des Boxplots verstehen und interpretieren können. Hier zeige ich dir Schritt für Schritt, wie du ein Boxplot analysierst, um **die Streuung** und **die Schiefheit der Daten** zu erklären.

---

## 📊 Was ist ein Boxplot?

Ein Boxplot (oder Box-Whisker-Diagramm) ist eine grafische Darstellung der Verteilung von Daten. Er zeigt die Lage und Verteilung von Datenpunkten durch fünf wichtige Kennzahlen:

1. **Minimum** – der kleinste Wert (ohne Ausreißer)
2. **Unteres Quartil (Q1)** – 25 % der Daten liegen darunter
3. **Median (Q2)** – mittlerer Wert; 50 % der Daten liegen darunter/darüber
4. **Oberes Quartil (Q3)** – 75 % der Daten liegen darunter
5. **Maximum** – der größte Wert (ohne Ausreißer)

Zusätzlich können **Ausreißer** (Outliers) im Boxplot dargestellt werden.

---

## 🔍 Wie liest man den Boxplot?

Stelle dir vor, du hast einen Boxplot mit diesen Werten:
- Minimum: 10  
- Q1: 20  
- Median: 30  
- Q3: 45  
- Maximum: 80  

Die Box selbst reicht von Q1 bis Q3, also von 20 bis 45. Der Strich in der Box markiert den Median (hier 30). Die ""Whiskers"" (Antennen) zeigen vom Minimum bis zum Maximum (hier 10 bis 80).

---

## 📈 Streuung der Daten

Die **Streuung** beschreibt, wie weit die Daten auseinanderliegen. Im Boxplot kannst du das anhand folgender Größen erkennen:

### 1. **Interquartilsabstand (IQR):**
Das ist die Breite der Box, also **Q3 − Q1**.
> Beispiel: IQR = 45 − 20 = 25  
Je größer dieser Abstand, desto stärker streuen die mittleren 50 % der Daten.

### 2. **Spannweite (Range):**
Das ist der Abstand zwischen **Minimum und Maximum**.
> Beispiel: Range = 80 − 10 = 70  
Gibt einen groben Überblick über die Gesamtstreuung aller Daten.

👉 **Interpretation:**  
Wenn die Box eng ist, aber die Whiskers lang sind, dann sind die meisten Daten eng beieinander, aber es gibt einige Extremwerte (Ausreißer). Wenn die Box breit ist, dann sind auch die zentralen Werte stark gestreut.

---

## 🔄 Schiefe der Daten

Die **Schiefe** beschreibt, ob die Daten symmetrisch verteilt sind oder ob sie sich mehr zu einer Seite neigen.

### Lies dazu die Lage des Medians innerhalb der Box:

| Lage des Medians | Interpretation |
|------------------|----------------|
| **Genau in der Mitte der Box** | Symmetrische Verteilung |
| **Nahe am unteren Quartil (Q1)** | Rechtssteile (linksschiefe) Verteilung → viele große Werte |
| **Nahe am oberen Quartil (Q3)** | Linkssteile (rechtsschiefe) Verteilung → viele kleine Werte |

### Zusätzlich schaue auf die Länge der Whiskers:

- **Linksschief**: Der linke Whisker (bis Minimum) ist länger als der rechte (bis Maximum).
- **Rechtsschief**: Der rechte Whisker ist länger als der linke.
- **Symmetrisch**: Beide Whisker sind ungefähr gleich lang.

---

## ✍️ Beispielinterpretation

Angenommen, dein Boxplot hat diese Eigenschaften:

- Q1 = 20, Q3 = 45 → IQR = 25  
- Median = 30  
- Minimum = 10, Maximum = 80  
- Der Median liegt etwas näher bei Q1  
- Der rechte Whisker ist länger als der linke  

👉 Dann könntest du sagen:

> „Der Boxplot zeigt eine **rechtsschiefe Verteilung**, da der Median näher am unteren Quartil liegt und der rechte Whisker länger ist. Das bedeutet, dass die meisten Werte im unteren Bereich liegen, es aber einige sehr hohe Ausreißer oder Extremwerte gibt. Die Streuung der mittleren 50 % der Daten beträgt 25 (IQR), was darauf hindeutet, dass die Daten nicht extrem eng beieinanderliegen.“

---

## 💡 Tipps zur Aufgabenlösung

Wenn du eine konkrete Boxplot-Aufgabe bekommst:

1. **Lies die Werte ab** (Minimum, Q1, Median, Q3, Maximum).
2. **Berechne den IQR** (Q3 − Q1) für die Streuung.
3. **Beobachte die Lage des Medians** in der Box für die Schiefe.
4. **Vergleiche die Länge der Whisker**.
5. **Formuliere eine klare Aussage** über Streuung und Schiefe.

---

Wenn du mir den Boxplot oder die Werte gibst, kann ich dir gerne helfen, ihn genau zu analysieren. 😊"
"Data frequencies and probabilities","Compare and evaluate data","E","Welche Maßzahl (Mittelwert, Median, Modalwert) repräsentiert die folgenden Daten am besten: 3, 3, 3, 4, 100?","Um zu entscheiden, **welche Maßzahl** – **Mittelwert**, **Median** oder **Modalwert** – die Daten am besten repräsentiert, schauen wir uns die Zahlenreihe an:

**Daten:**  
3, 3, 3, 4, 100

---

### 🔹 1. **Mittelwert (arithmetisches Mittel)** berechnen:
Der Mittelwert ist die Summe aller Werte geteilt durch die Anzahl der Werte.

$$
\text{Mittelwert} = \frac{3 + 3 + 3 + 4 + 100}{5} = \frac{113}{5} = 22{,}6
$$

👉 Der Mittelwert ist **22,6**, obwohl vier der fünf Werte unter 5 liegen.  
Das **Ausreißerproblem**: Die Zahl **100** zieht den Mittelwert stark nach oben.

---

### 🔹 2. **Median** bestimmen:
Der Median ist der mittlere Wert, wenn die Zahlen geordnet sind.

Geordnet: 3, 3, **3**, 4, 100  
→ Es gibt 5 Werte → der dritte Wert ist der Median:

$$
\text{Median} = 3
$$

👉 Der Median ist **3**, was gut zur Mehrheit der Daten passt.

---

### 🔹 3. **Modalwert (Modus)** bestimmen:
Der Modalwert ist der **häufigste Wert** in der Liste.

$$
\text{Modalwert} = 3 \quad (\text{kommt dreimal vor})
$$

---

### ✅ Vergleich und Beurteilung:

| Maßzahl     | Wert   | Bewertung |
|-------------|--------|-----------|
| Mittelwert  | 22,6   | Sehr stark von Ausreißer (100) beeinflusst |
| Median      | 3      | Gut geeignet, liegt im „Zentrum“ der Daten |
| Modalwert   | 3      | Passt auch, da häufigster Wert |

---

### 🧠 Fazit:

> **Am besten geeignet sind hier der Median und der Modalwert (jeweils 3), da sie nicht von dem extremen Ausreißer (100) beeinflusst werden.**  
> Der **Mittelwert (22,6)** ist hier **wenig aussagekräftig**, weil er durch den Ausreißer stark verzerrt wird.

Wenn du eine typische oder zentrale Tendenz der Daten beschreiben willst, verwende **Median oder Modalwert**."
"Data frequencies and probabilities","Compare and evaluate data","E","Ein Datensatz hat die Werte: 5, 6, 7, 8, 9, 50. Bestimme den Mittelwert und den Median. Welche Maßzahl wird stärker durch den Ausreißer beeinflusst?","Natürlich! Lass uns die Aufgabe Schritt für Schritt durchgehen:

### Gegebener Datensatz:
**5, 6, 7, 8, 9, 50**

---

## 🔹 1. **Mittelwert berechnen (arithmetisches Mittel)**

Der **Mittelwert** wird berechnet, indem du alle Werte zusammenzählst und dann durch die Anzahl der Werte teilst.

### Formel:
$$
\text{Mittelwert} = \frac{\text{Summe aller Werte}}{\text{Anzahl der Werte}}
$$

### Berechnung:
$$
\text{Summe} = 5 + 6 + 7 + 8 + 9 + 50 = 85
$$
$$
\text{Anzahl der Werte} = 6
$$
$$
\text{Mittelwert} = \frac{85}{6} \approx 14{,}17
$$

✅ **Mittelwert ≈ 14,17**

---

## 🔸 2. **Median bestimmen**

Der **Median** ist der mittlere Wert eines nach Größe geordneten Datensatzes. Wenn es eine gerade Anzahl von Werten gibt, nimmt man den Durchschnitt der beiden mittleren Zahlen.

Unser Datensatz ist bereits sortiert:  
**5, 6, 7, 8, 9, 50**

Da es 6 Werte sind (gerade Anzahl), sind die beiden mittleren Werte:
- **7** und **8**

### Berechnung:
$$
\text{Median} = \frac{7 + 8}{2} = \frac{15}{2} = 7{,}5
$$

✅ **Median = 7,5**

---

## 🔷 3. **Welche Maßzahl wird stärker durch den Ausreißer beeinflusst?**

In diesem Datensatz ist **50 ein Ausreißer**, da er deutlich größer ist als die anderen Werte.

### Vergleich:

| Kennzahl     | Mit Ausreißer | Ohne Ausreißer (Beispiel) |
|--------------|----------------|----------------------------|
| Mittelwert   | ca. 14,17      | (5+6+7+8+9)/5 = 7         |
| Median       | 7,5            | 7                         |

➡️ Du siehst: Der **Mittelwert** ändert sich stark – von **7 auf ~14,17**, also fast eine Verdopplung!

Der **Median** verschiebt sich nur leicht – von **7 auf 7,5**.

---

## ✅ **Fazit:**
- **Mittelwert ≈ 14,17**
- **Median = 7,5**
- Der **Mittelwert wird stärker durch den Ausreißer beeinflusst**.

Das liegt daran, dass der Mittelwert **alle Werte** berücksichtigt, während der Median nur die **mittleren Werte** betrachtet und daher robust gegenüber Extremwerten (Ausreißern) ist.

Wenn du möchtest, kann ich dir das gerne mit einem Diagramm oder weiteren Beispielen erklären!"
"Data frequencies and probabilities","Compare and evaluate data","E","Interpretiere ein Boxplot, bei dem der Median viel näher an Q1 als an Q3 liegt. Was deutet dies über die Daten an?","Wenn du ein **Boxplot** interpretierst, in dem der **Median (Zentralwert)** viel näher an **Q1 (unteres Quartil)** als an **Q3 (oberes Quartil)** liegt, dann deutet dies auf eine **schiefe Verteilung der Daten** hin.

### 🔍 Erklärung des Boxplots:

Ein Boxplot zeigt dir folgende Werte:
- **Minimum**: kleinster Wert (ohne Ausreißer)
- **Q1 (25%-Quartil)**: 25% der Daten liegen darunter
- **Median (50%-Quartil)**: 50% der Daten liegen darunter/oben
- **Q3 (75%-Quartil)**: 75% der Daten liegen darunter
- **Maximum**: größter Wert (ohne Ausreißer)

Die **Box** selbst reicht von Q1 bis Q3 und repräsentiert den **Interquartilsabstand (IQR)** – also die mittleren 50% der Daten.

---

## 🧠 Interpretation: Median nahe Q1

Wenn der **Median sehr nahe bei Q1** liegt, bedeutet das:

- Die unteren **50% der Daten** sind eng um den Median und Q1 gruppiert.
- Die oberen **50% der Daten** streuen über einen **größeren Bereich**, da der Abstand zwischen Median und Q3 größer ist.

👉 Das deutet auf eine **rechtsschiefe (positiv schiefe)** Verteilung hin.

---

## 📊 Was heißt ""rechtsschief""?

- In einer **rechtsschiefen Verteilung** liegen viele Datenwerte im **niedrigen bis mittleren Bereich**, aber einige wenige haben **sehr hohe Werte**.
- Der „Schwanz“ der Verteilung zieht sich nach **rechts** (zu höheren Werten).
- Beispiele:
  - Einkommensverteilung
  - Immobilienpreise
  - Prüfungsnoten mit wenigen schlechten Ergebnissen

---

## 📋 Visualisierung im Boxplot:

```
|----|         |-----|
Q1   Med       Q3
|--------------o----|
```

Der Median ist nahe Q1, während der Teil rechts vom Median länger ist → lang gezogener rechter Whisker oder Boxanteil.

---

## ✅ Zusammenfassung:

> Wenn der Median in einem Boxplot viel näher an Q1 als an Q3 liegt, deutet dies darauf hin, dass die Daten **rechtsschief verteilt** sind. Die meisten Werte konzentrieren sich im unteren bis mittleren Bereich, während einige wenige Werte stark nach oben abweichen.

Wenn du möchtest, kann ich dir auch ein konkretes Beispiel oder Diagramm dazu erstellen!"
"Data frequencies and probabilities","Compare and evaluate data","F","Die Durchschnittswerte von zwei Klassen sind 78 und 83. Die Spannweiten der Tests betragen 20 und 5. Welche Klasse hat konsistentere Ergebnisse?","Um herauszufinden, welche Klasse **konsistentere Ergebnisse** hat, müssen wir verstehen, was unter „konsistent“ zu verstehen ist.

### Was bedeutet konsistente Ergebnisse?
Wenn von **konsistenten Ergebnissen** die Rede ist, meint man in der Statistik oft, wie stark sich die Werte um den Mittelwert gruppieren – also wie klein die Streuung ist. Je kleiner die Streuung, desto gleichmäßiger (konsistenter) sind die Leistungen der Schüler.

In deiner Aufgabe wird nicht direkt die **Standardabweichung** genannt, sondern die **Spannweite**.

---

### Gegebene Daten:

- **Klasse A**:  
  - Durchschnitt = 78  
  - Spannweite = 20  

- **Klasse B**:  
  - Durchschnitt = 83  
  - Spannweite = 5

---

### Was ist die Spannweite?

Die **Spannweite** ist einfach die Differenz zwischen dem **höchsten und dem niedrigsten Wert** in einer Verteilung:

$$
\text{Spannweite} = \text{Maximum} - \text{Minimum}
$$

---

### Schlussfolgerung:

Da die Spannweite ein Maß für die **Streuung** ist, können wir sagen:

- Klasse A: Die Testergebnisse streuen stärker (Spannweite = 20)
- Klasse B: Die Testergebnisse streuen weniger (Spannweite = 5)

Je kleiner die Spannweite, desto ähnlicher liegen die Ergebnisse beieinander → also **konsistenter**.

---

### ✅ Antwort:

**Die Klasse mit dem Durchschnitt 83 hat konsistentere Ergebnisse**, weil ihre Spannweite nur 5 beträgt – deutlich geringer als die Spannweite von 20 bei der anderen Klasse.

--- 

Falls du noch tiefer in die Statistik eintauchen willst, gibt es auch andere Streumaße wie die **Varianz** oder **Standardabweichung**, die eine genauere Aussage über Konsistenz liefern. Aber bei nur zwei Angaben (Durchschnitt und Spannweite) ist die Spannweite hier das entscheidende Kriterium."
"Data frequencies and probabilities","Compare and evaluate data","F","Datensatz A: [10, 10, 10, 10, 10]; Datensatz B: [6, 8, 10, 12, 14]. Welcher Datensatz hat eine höhere Standardabweichung?","Um herauszufinden, welcher Datensatz eine **höhere Standardabweichung** hat, müssen wir die Standardabweichung beider Datensätze berechnen und vergleichen.

---

### 🔍 Was ist die Standardabweichung?
Die **Standardabweichung** gibt an, wie weit die Werte eines Datensatzes im Durchschnitt vom **Mittelwert** abweichen. Je mehr die Werte schwanken, desto größer ist die Standardabweichung.

---

## 📌 Schritt-für-Schritt-Berechnung der Standardabweichung

Die Formel für die **empirische Standardabweichung** (für eine endliche Stichprobe) lautet:

$$
\sigma = \sqrt{\frac{1}{n} \sum_{i=1}^{n} (x_i - \bar{x})^2}
$$

Dabei:
- $ x_i $: Einzelne Werte des Datensatzes
- $ \bar{x} $: Mittelwert aller Werte
- $ n $: Anzahl der Werte

---

## ✏️ Datensatz A: [10, 10, 10, 10, 10]

### 1. Mittelwert berechnen:
$$
\bar{x}_A = \frac{10 + 10 + 10 + 10 + 10}{5} = \frac{50}{5} = 10
$$

### 2. Abweichungen quadrieren:
Jeder Wert ist gleich dem Mittelwert → Differenz ist immer 0:

$$
(10 - 10)^2 = 0
$$

Summe aller Quadrate:
$$
0 + 0 + 0 + 0 + 0 = 0
$$

### 3. Standardabweichung:
$$
\sigma_A = \sqrt{\frac{0}{5}} = \sqrt{0} = 0
$$

✅ **Standardabweichung von Datensatz A: 0**

---

## ✏️ Datensatz B: [6, 8, 10, 12, 14]

### 1. Mittelwert berechnen:
$$
\bar{x}_B = \frac{6 + 8 + 10 + 12 + 14}{5} = \frac{50}{5} = 10
$$

### 2. Abweichungen quadrieren:

$$
(6 - 10)^2 = (-4)^2 = 16 \\
(8 - 10)^2 = (-2)^2 = 4 \\
(10 - 10)^2 = 0^2 = 0 \\
(12 - 10)^2 = 2^2 = 4 \\
(14 - 10)^2 = 4^2 = 16
$$

Summe der Quadrate:
$$
16 + 4 + 0 + 4 + 16 = 40
$$

### 3. Standardabweichung:
$$
\sigma_B = \sqrt{\frac{40}{5}} = \sqrt{8} \approx 2{,}83
$$

✅ **Standardabweichung von Datensatz B: ca. 2,83**

---

## 🧾 Ergebnis:

| Datensatz | Standardabweichung |
|----------|---------------------|
| A        | 0                   |
| B        | ~2,83               |

➡️ **Datensatz B hat eine höhere Standardabweichung.**

Das liegt daran, dass die Werte in Datensatz B stärker um den Mittelwert streuen als in Datensatz A, bei dem alle Werte identisch sind.

---

Wenn du magst, kann ich dir das auch mit einem Diagramm oder einer Tabelle nochmal anschaulich zeigen! 😊"
"Data frequencies and probabilities","Compare and evaluate data","F","Verkaufsdaten: Januar – 40, Februar – 38, März – 39, April – 85. Ist der Wert im April ein Ausreißer? Begründe deine Antwort.","Um zu entscheiden, ob der Wert im **April (85)** ein **Ausreißer** ist, können wir mathematisch vorgehen und dafür die sogenannten **Quartile** sowie den **Interquartilsabstand (IQR)** verwenden. Das ist eine gängige Methode in der Statistik.

---

### 📌 Schritt-für-Schritt-Anleitung:

#### Gegebene Daten:
Die Verkaufszahlen sind:  
**Januar – 40**, **Februar – 38**, **März – 39**, **April – 85**

Sortiere die Daten der Größe nach:  
**38, 39, 40, 85**

---

### 🔹 Schritt 1: Bestimme die Quartile

Da es nur **4 Werte** gibt, teilen wir die Liste in zwei Hälften:

- Unteres Quartil $ Q_1 $: Median der ersten Hälfte → zwischen 38 und 39  
  $$
  Q_1 = \frac{38 + 39}{2} = 38.5
  $$

- Oberes Quartil $ Q_3 $: Median der zweiten Hälfte → zwischen 40 und 85  
  $$
  Q_3 = \frac{40 + 85}{2} = 62.5
  $$

---

### 🔹 Schritt 2: Berechne den Interquartilsabstand (IQR)

$$
\text{IQR} = Q_3 - Q_1 = 62.5 - 38.5 = 24
$$

---

### 🔹 Schritt 3: Bestimme die Grenzen für Ausreißer

Ein Wert gilt als **Ausreißer**, wenn er:

- **unterhalb von** $ Q_1 - 1{,}5 \cdot \text{IQR} $
- **oberhalb von** $ Q_3 + 1{,}5 \cdot \text{IQR} $

Berechnung der Grenzen:

- Untere Grenze:  
  $$
  38.5 - 1{,}5 \cdot 24 = 38.5 - 36 = 2{,}5
  $$

- Obere Grenze:  
  $$
  62.5 + 1{,}5 \cdot 24 = 62.5 + 36 = 98{,}5
  $$

---

### 🔹 Schritt 4: Prüfung des April-Werts

Der Wert im April ist **85**.

- 85 liegt **unterhalb der oberen Grenze von 98,5**.
- Damit ist **85 kein Ausreißer**.

---

### ✅ Fazit:

> Der Wert **85 im April** ist **kein statistischer Ausreißer**, weil er innerhalb des Bereichs liegt, der durch die Regel mit dem Interquartilsabstand festgelegt wurde (unter 98,5).

Wenn du willst, kann ich dir auch zeigen, wie man das mit einem Boxplot veranschaulichen könnte."
"Data frequencies and probabilities","Compare and evaluate data","F","Ein durchschnittliches Einkommen von 50.000 Euro wird angegeben. Die meisten Personen in den Daten verdienen jedoch weniger als 30.000 Euro. Was deutet dies über die Verteilung der Daten an?","Diese Matheaufgabe bezieht sich auf die **Interpretation von Datenverteilungen**, insbesondere auf den Unterschied zwischen **Durchschnitt (arithmetisches Mittel)** und der **Verteilung der einzelnen Werte**.

### Gegebene Information:
- Das **durchschnittliche Einkommen** beträgt **50.000 Euro**.
- Die **meisten Personen** verdienen **weniger als 30.000 Euro**.

---

### Was bedeutet das?

Wenn **die meisten Personen weniger als 30.000 Euro** verdienen, aber das **Durchschnittseinkommen bei 50.000 Euro** liegt, dann heißt das:

➡️ **Einige wenige Personen verdienen deutlich mehr als der Durchschnitt.**

Das deutet auf eine **schief verteilte (asymmetrische) Verteilung** hin – konkret: eine **rechtsschiefe Verteilung**.

---

### Erklärung:

- Der **Durchschnitt** wird berechnet, indem man alle Einkommen zusammenzählt und durch die Anzahl der Personen teilt.
- Wenn die **meisten Personen unter 30.000 Euro** verdienen, aber der Durchschnitt trotzdem bei 50.000 Euro liegt, müssen einige wenige **sehr viel mehr** verdienen, um diesen Durchschnitt nach oben zu ziehen.
- Solche **extrem hohen Werte** nennt man auch **Ausreißer nach oben**.

---

### Typisches Beispiel dafür: Rechtsverschiebung / Rechtsschiefe

In einer rechtsschiefen Verteilung:

- Liegt der **Durchschnitt (Mittelwert)** **über dem Median** (der Wert, bei dem die Hälfte darunter und die Hälfte darüber liegt).
- Die **Meisten** haben also ein **relativ niedriges Einkommen**.
- Aber ein paar **Personen mit sehr hohem Einkommen** verzerren den Durchschnitt nach oben.

---

### Fazit:

Die Tatsache, dass das durchschnittliche Einkommen 50.000 Euro beträgt, während die meisten Personen weniger als 30.000 Euro verdienen, deutet darauf hin, dass die Einkommensverteilung **rechtsschief** ist. Es gibt also **einige wenige Personen mit sehr hohem Einkommen**, die den Durchschnitt stark erhöhen.

---

Falls du es bildlich vorstellen willst:
```
Einkommen:
10.000 €
12.000 €
15.000 €
18.000 €
20.000 €
25.000 €
28.000 €
90.000 €
150.000 €
500.000 €   ← Ausreißer nach oben
```

Selbst wenn die meisten unter 30.000 € liegen, ziehen die ganz rechten Werte den Durchschnitt stark nach oben.

---

Wenn du möchtest, kann ich dir auch zeigen, wie man das mathematisch nachweisen könnte (z. B. mithilfe des Medians oder Quartilen)."
"Data frequencies and probabilities","Compare and evaluate data","F","In einer Gruppe von 10 Schülern haben die Schüler im Durchschnitt 6 Bücher gelesen. Wenn 2 Schüler 0 Bücher gelesen haben, wie wirkt sich das auf den Durchschnitt aus?","Diese Aufgabe bezieht sich auf den **Durchschnitt** (auch: arithmetisches Mittel) und wie er sich verändert, wenn bestimmte Werte in die Berechnung einfließen.

---

### 📌 Gegeben:

- Es gibt **10 Schüler**.
- Der Durchschnitt liegt bei **6 gelesenen Büchern pro Schüler**.
- **2 dieser Schüler haben 0 Bücher** gelesen.

Du möchtest wissen:  
➡️ Wie wirkt sich das auf den Durchschnitt aus?

---

## 🔍 Schritt-für-Schritt-Lösung:

### 1. **Berechne die Gesamtzahl der gelesenen Bücher für alle 10 Schüler:**

Der Durchschnitt ist definiert als:

$$
\text{Durchschnitt} = \frac{\text{Gesamtzahl der Bücher}}{\text{Anzahl der Schüler}}
$$

Also:

$$
6 = \frac{\text{Gesamtzahl der Bücher}}{10}
\Rightarrow \text{Gesamtzahl der Bücher} = 6 \cdot 10 = 60
$$

✅ Also wurden insgesamt **60 Bücher** von allen 10 Schülern gelesen.

---

### 2. **Berücksichtige die 2 Schüler mit 0 Büchern:**

Zwei Schüler haben **0 Bücher** gelesen → diese tragen **nichts** zur Gesamtsumme bei.

➡️ Das bedeutet: Die restlichen **8 Schüler** müssen zusammen die **ganzen 60 Bücher** gelesen haben.

$$
\frac{60}{8} = 7{,}5
$$

✅ Die **restlichen 8 Schüler** haben also im Durchschnitt **7,5 Bücher** gelesen.

---

### ✅ Fazit:

- Der Durchschnitt aller 10 Schüler liegt bei **6 gelesenen Büchern**.
- Zwei Schüler haben nichts dazu beigetragen (0 Bücher).
- Damit der Gesamtdurchschnitt trotzdem bei 6 bleibt, müssen die übrigen 8 Schüler durchschnittlich **7,5 Bücher** gelesen haben.
- Ohne diese zwei Schüler wäre der Durchschnitt also **höher** (7,5 statt 6).

---

### 🧠 Zusammenfassung:

Die beiden Schüler mit 0 gelesenen Büchern **senken den Durchschnitt**, obwohl sie selbst nicht zum Lesen beigetragen haben. Sie ziehen den Durchschnitt nach unten – ohne ihren Anteil an der Arbeit zu leisten.

Wenn man sie ignoriert, erhöht sich der Durchschnitt auf **7,5 Bücher**.

---

Falls du willst, kann ich dir auch zeigen, wie sich der Durchschnitt ändert, wenn man diese zwei Schüler weglässt oder hinzufügt 😊"
"Data frequencies and probabilities","Compare and evaluate data","G","Vergleiche die Interquartilabstände der Datensätze A (Q1=12, Q3=28) und B (Q1=14, Q3=22).","Um die Interquartilabstände (IQR = *Interquartile Range*) der beiden Datensätze A und B zu vergleichen, musst du einfach nur die **Differenz zwischen dem dritten Quartil (Q3) und dem ersten Quartil (Q1)** berechnen.

Die Formel für den Interquartilabstand ist:

$$
\text{IQR} = Q3 - Q1
$$

### Datensatz A:
- Q1 = 12  
- Q3 = 28  

$$
\text{IQR}_A = 28 - 12 = 16
$$

### Datensatz B:
- Q1 = 14  
- Q3 = 22  

$$
\text{IQR}_B = 22 - 14 = 8
$$

### Vergleich:
- IQR von Datensatz A: **16**
- IQR von Datensatz B: **8**

Das bedeutet:  
👉 Der Interquartilabstand von Datensatz A ist **größer** als der von Datensatz B.  
Das zeigt, dass die mittleren 50 % der Daten in Datensatz A **stärker gestreut** sind als bei Datensatz B.

---

Falls du noch Fragen hast, z. B. was der IQR bedeutet oder wie man ihn interpretiert — gerne!"
"Data frequencies and probabilities","Compare and evaluate data","G","Verwende z-Transformationen, um Student A (Punktzahl 85, μ=80, σ=5) und Student B (Punktzahl 92, μ=88, σ=3) zu vergleichen.","Um die Leistungen von **Student A** und **Student B** miteinander zu vergleichen, obwohl sie in unterschiedlichen Tests mit verschiedenen Mittelwerten (μ) und Standardabweichungen (σ) geprüft wurden, verwendest du die sogenannte **z-Transformation** (auch z-Score genannt).

---

### 📌 **Was ist ein z-Score?**

Der **z-Score** gibt an, wie viele Standardabweichungen ein Wert vom Mittelwert entfernt ist. Er berechnet sich nach folgender Formel:

$$
z = \frac{x - \mu}{\sigma}
$$

Dabei ist:
- $ x $: der individuelle Testwert (Punktzahl des Studenten)
- $ \mu $: der Durchschnitt der Verteilung (des Tests)
- $ \sigma $: die Standardabweichung der Verteilung

---

### 🔢 **Schritt-für-Schritt-Berechnung**

#### ✏️ Für **Student A**:
- Punktzahl $ x = 85 $
- Durchschnitt $ \mu = 80 $
- Standardabweichung $ \sigma = 5 $

$$
z_A = \frac{85 - 80}{5} = \frac{5}{5} = 1{,}0
$$

#### ✏️ Für **Student B**:
- Punktzahl $ x = 92 $
- Durchschnitt $ \mu = 88 $
- Standardabweichung $ \sigma = 3 $

$$
z_B = \frac{92 - 88}{3} = \frac{4}{3} \approx 1{,}33
$$

---

### 🧠 **Interpretation der Ergebnisse**

| Student | Punktzahl | μ   | σ   | z-Score |
|--------|-----------|-----|-----|---------|
| A      | 85        | 80  | 5   | 1,0     |
| B      | 92        | 88  | 3   | 1,33    |

Die z-Scores zeigen dir, **wie gut die Studenten im Vergleich zur jeweiligen Gruppe abgeschnitten haben**:

- Student A liegt **1 Standardabweichung über dem Durchschnitt** seines Tests.
- Student B liegt **1,33 Standardabweichungen über dem Durchschnitt** seines Tests.

➡️ Das bedeutet: **Student B hat sich relativ besser geschlagen als Student A**, wenn man die Schwierigkeit und Verteilung der jeweiligen Tests berücksichtigt.

---

### 🎯 Fazit:

Mit Hilfe der **z-Transformation** kannst du Leistungen aus verschiedenen Tests oder Skalen vergleichbar machen. In diesem Fall hat **Student B** im Vergleich zur eigenen Testgruppe besser abgeschnitten als Student A.

Wenn du möchtest, kann ich dir auch erklären, wie du dazu eine Tabelle mit Perzentilen oder Wahrscheinlichkeiten nutzen kannst!"
"Data frequencies and probabilities","Compare and evaluate data","G","Vier Schüler rannten eine Meile in folgenden Zeiten (in Minuten): – Alex: 8,3  – Brianna: 9,6  – Carlos: 8,7  – Diana: 9,2. Die durchschnittliche Zeit beträgt 9,0 Minuten mit einer Standardabweichung von 0,4 Minuten. Berechne den z-Wert für jeden Schüler und ordne dann die Schüler von der schnellsten zur langsamsten Zeit relativ zum Durchschnitt (nicht nur zur tatsächlichen Zeit).","Okay, du hast hier eine Aufgabe, in der vier Schüler eine Meile gelaufen sind und ihre Zeiten gegeben sind. Du sollst nun den **z-Wert** für jeden Läufer berechnen und die Schüler dann nach ihrer relativen Geschwindigkeit (im Vergleich zum Durchschnitt) ordnen – also nicht nur nach der tatsächlichen Zeit, sondern nach dem z-Wert.

---

### Gegebene Daten:

- **Durchschnittliche Zeit (μ)**: 9,0 Minuten  
- **Standardabweichung (σ)**: 0,4 Minuten  

Laufzeiten:
- Alex: 8,3 Minuten  
- Brianna: 9,6 Minuten  
- Carlos: 8,7 Minuten  
- Diana: 9,2 Minuten  

---

## 📌 Schritt 1: z-Werte berechnen

Der **z-Wert** sagt dir, wie viele Standardabweichungen ein Wert vom Mittelwert entfernt ist. Die Formel lautet:

$$
z = \frac{\text{Wert} - \text{Mittelwert}}{\text{Standardabweichung}}
$$

Setzen wir die Werte ein:

---

### 🔹 Alex: 8,3 Minuten

$$
z = \frac{8{,}3 - 9{,}0}{0{,}4} = \frac{-0{,}7}{0{,}4} = -1{,}75
$$

---

### 🔹 Brianna: 9,6 Minuten

$$
z = \frac{9{,}6 - 9{,}0}{0{,}4} = \frac{0{,}6}{0{,}4} = 1{,}5
$$

---

### 🔹 Carlos: 8,7 Minuten

$$
z = \frac{8{,}7 - 9{,}0}{0{,}4} = \frac{-0{,}3}{0{,}4} = -0{,}75
$$

---

### 🔹 Diana: 9,2 Minuten

$$
z = \frac{9{,}2 - 9{,}0}{0{,}4} = \frac{0{,}2}{0{,}4} = 0{,}5
$$

---

## 📌 Schritt 2: Schüler nach relativer Geschwindigkeit ordnen

Da es um eine **Laufzeit geht**, gilt: Je **kleiner die Zeit**, desto **schneller** ist der Läufer.  
Im z-Wert bedeutet das:  
- Ein **negativer z-Wert** = besser als Durchschnitt (schneller)  
- Ein **positiver z-Wert** = schlechter als Durchschnitt (langsamer)

Also ordnen wir von **kleinstem zu größtem z-Wert** (also von ""beste Leistung relativ zum Durchschnitt"" bis ""schlechteste""):

| Rang | Name     | Zeit   | z-Wert  |
|------|----------|--------|---------|
| 1    | Alex     | 8,3    | -1,75 ✅ |
| 2    | Carlos   | 8,7    | -0,75 ✅ |
| 3    | Diana    | 9,2    | +0,5 ❌ |
| 4    | Brianna  | 9,6    | +1,5 ❌ |

---

## ✅ Ergebnis:

Die Schüler **relativ zum Durchschnitt** von **schnellster zu langsamster Leistung**:

1. **Alex**  
2. **Carlos**  
3. **Diana**  
4. **Brianna**

---

Wenn du noch Fragen zur Interpretation des z-Werts oder weiteren Rechenbeispielen hast, helfe ich gerne weiter! 😊"
"Data frequencies and probabilities","Compare and evaluate data","G","Zwei Streudiagramme werden analysiert: – Diagramm A (Lernzeit vs. Note): r = 0,88 – Diagramm B (Fernsehstunden vs. Note): r = -0,12. Gib an, ob die Beziehung in jedem Diagramm positiv, negativ oder nicht vorhanden ist.","Um die Beziehungen in den beiden Streudiagrammen zu beurteilen, musst du dir die **Korrelationskoeffizienten** (r-Werte) anschauen. Der Korrelationskoeffizient gibt an, **wie stark und in welcher Richtung** zwei Variablen miteinander zusammenhängen.

### Mögliche Werte des Korrelationskoeffizienten (r):
- **+1**: Perfekte positive Korrelation  
- **0**: Keine Korrelation  
- **-1**: Perfekte negative Korrelation  

Die Stärke der Korrelation kann wie folgt eingeteilt werden:
- **0 bis 0,2 / 0 bis -0,2**: Schwache Korrelation  
- **0,2 bis 0,5 / -0,2 bis -0,5**: Mittlere Korrelation  
- **0,5 bis 1 / -0,5 bis -1**: Starke Korrelation  

---

### Gegebene Daten:

- **Diagramm A: Lernzeit vs. Note → r = 0,88**
- **Diagramm B: Fernsehstunden vs. Note → r = -0,12**

---

### Bewertung:

#### **Diagramm A (r = 0,88):**
- **Positiv**, weil r > 0 ist.
- **Starke Beziehung**, da 0,88 nahe bei +1 liegt.
- **Interpretation:** Je mehr gelernt wird, desto besser ist die Note.

#### **Diagramm B (r = -0,12):**
- **Negativ**, weil r < 0 ist.
- **Schwache Beziehung**, da |-0,12| klein ist.
- **Interpretation:** Es gibt fast keinen Zusammenhang zwischen Fernsehstunden und der Note.

---

### Antwort:
- **Diagramm A:** Positive **starke** Beziehung  
- **Diagramm B:** **Schwach negative** Beziehung (fast kein Zusammenhang)

Wenn du nur angeben sollst, ob die Beziehung **positiv, negativ oder nicht vorhanden** ist (ohne Stärke), dann:

- **Diagramm A:** Positiv  
- **Diagramm B:** Negativ (der Zusammenhang ist zwar schwach, aber immerhin leicht negativ)

Falls in der Aufgabe nach ""nicht vorhanden"" gefragt ist, könntest du sagen:

- **Diagramm A:** Positiver Zusammenhang  
- **Diagramm B:** Kein nennenswerter Zusammenhang (da r sehr klein ist)"
"Data frequencies and probabilities","Compare and evaluate data","H","Überprüfe, ob ein Würfel fair ist, basierend auf den beobachteten Frequenzen: {1: 18, 2: 16, 3: 20, 4: 14, 5: 17, 6: 15}.","Um zu überprüfen, ob ein Würfel fair ist, basierend auf den beobachteten Frequenzen {1: 18, 2: 16, 3: 20, 4: 14, 5: 17, 6: 15}, kannst du einen **Chi-Quadrat-Anpassungstest** (χ²-Test) durchführen. Dieser Test vergleicht die beobachteten Häufigkeiten mit den erwarteten Häufigkeiten unter der Annahme, dass der Würfel fair ist.

---

### 🔍 Schritt-für-Schritt-Erklärung:

#### **Schritt 1: Gesamtzahl der Würfe berechnen**
Addiere alle beobachteten Häufigkeiten:

$$
n = 18 + 16 + 20 + 14 + 17 + 15 = 100
$$

---

#### **Schritt 2: Erwartete Häufigkeiten berechnen**
Bei einem **fairen Würfel** erwarten wir, dass jede Zahl mit gleicher Wahrscheinlichkeit geworfen wird. Also:

$$
\text{Erwartete Häufigkeit pro Augenzahl} = \frac{n}{6} = \frac{100}{6} \approx 16,67
$$

---

#### **Schritt 3: Chi-Quadrat-Teststatistik berechnen**
Die Formel für die χ²-Statistik lautet:

$$
\chi^2 = \sum_{i=1}^{6} \frac{(O_i - E_i)^2}{E_i}
$$

Dabei:
- $ O_i $: Beobachtete Häufigkeit für Augenzahl $ i $
- $ E_i $: Erwartete Häufigkeit für Augenzahl $ i $

Jetzt setzen wir die Werte ein:

| Augenzahl | $ O_i $ | $ E_i $ | $ O_i - E_i $ | $ (O_i - E_i)^2 $ | $ \frac{(O_i - E_i)^2}{E_i} $ |
|----------|-----------|------------|------------------|------------------------|-----------------------------------|
| 1        | 18        | 16,67      | 1,33             | 1,77                   | 0,106                             |
| 2        | 16        | 16,67      | -0,67            | 0,45                   | 0,027                             |
| 3        | 20        | 16,67      | 3,33             | 11,09                  | 0,665                             |
| 4        | 14        | 16,67      | -2,67            | 7,13                   | 0,428                             |
| 5        | 17        | 16,67      | 0,33             | 0,11                   | 0,007                             |
| 6        | 15        | 16,67      | -1,67            | 2,79                   | 0,167                             |

Summiere die letzte Spalte:

$$
\chi^2 = 0,106 + 0,027 + 0,665 + 0,428 + 0,007 + 0,167 = 1,400
$$

---

#### **Schritt 4: Freiheitsgrade bestimmen**
Für einen χ²-Test mit 6 Kategorien (Augenzahlen):

$$
\text{Freiheitsgrade} = 6 - 1 = 5
$$

---

#### **Schritt 5: Vergleich mit dem kritischen Wert oder p-Wert**
Du kannst entweder:
- Den kritischen Wert aus einer χ²-Tabelle bei einem Signifikanzniveau von z.B. α = 0,05 ablesen.
- Oder den p-Wert berechnen.

##### Beispiel:
Der kritische Wert für χ²(5) bei α = 0,05 ist etwa **11,07**.

Da deine berechnete Teststatistik $ \chi^2 = 1,4 $ deutlich kleiner ist als 11,07, **kannst du die Nullhypothese nicht ablehnen**.

---

### ✅ **Interpretation / Ergebnis:**

> Die beobachteten Häufigkeiten weichen nicht signifikant von den erwarteten Häufigkeiten ab.  
> **Es gibt keinen Hinweis darauf, dass der Würfel unfair ist.**

Also: Der Würfel kann als **fair angesehen werden**.

---

### 📌 Bonus: Wenn du es in Python machen willst:

```python
from scipy.stats import chisquare

# Beobachtete Häufigkeiten
beobachtet = [18, 16, 20, 14, 17, 15]

# Führe Chi-Quadrat-Test durch
chi2, p = chisquare(beobachtet)

print(f""Chi-Quadrat: {chi2:.3f}, p-Wert: {p:.3f}"")
```

Das liefert dir dann auch direkt Chi² und den p-Wert.

---

Falls du weitere Fragen hast, z.B. wie man das ohne Taschenrechner rechnet oder warum genau dieser Test funktioniert – gerne! 😊"
"Data frequencies and probabilities","Compare and evaluate data","H","Bestimme, welcher Schüler im Vergleich zu seiner Klasse besser abgeschnitten hat: 88 Punkte in einem Test mit μ = 80, σ = 5 gegenüber 91 Punkten in einem Test mit μ = 85, σ = 4.","Um zu entscheiden, **welcher Schüler in Bezug auf seine Klasse besser abgeschnitten hat**, müssen wir die **Leistungen relativ zur jeweiligen Klassenleistung** bewerten. Dazu verwenden wir den sogenannten **z-Score (Standardwert)**.

---

### 🔢 Was ist der z-Score?

Der **z-Score** gibt an, **wie viele Standardabweichungen (σ)** ein Wert vom Mittelwert (μ) entfernt ist:

$$
z = \frac{\text{Beobachtung} - \text{Mittelwert}}{\text{Standardabweichung}} = \frac{x - \mu}{\sigma}
$$

Je **höher der z-Score**, desto **besser ist die Leistung im Vergleich zur Gruppe**.

---

### 📌 Gegebene Daten:

- **Schüler A**: 88 Punkte | μ = 80 | σ = 5  
- **Schüler B**: 91 Punkte | μ = 85 | σ = 4  

---

### ✏️ Berechnung der z-Scores:

#### Für Schüler A:
$$
z_A = \frac{88 - 80}{5} = \frac{8}{5} = 1{,}6
$$

#### Für Schüler B:
$$
z_B = \frac{91 - 85}{4} = \frac{6}{4} = 1{,}5
$$

---

### 📊 Vergleich:

- z-Score von Schüler A: **1,6**
- z-Score von Schüler B: **1,5**

👉 Schüler A hat also **relativ zur eigenen Klasse** einen **höheren z-Score** und somit **vergleichsweise besser abgeschnitten**.

---

### ✅ **Antwort:**

**Der Schüler mit 88 Punkten (z-Score = 1,6) hat im Vergleich zu seiner Klasse besser abgeschnitten als der Schüler mit 91 Punkten (z-Score = 1,5).**

Wenn du möchtest, kann ich dir auch erklären, wie man das grafisch darstellen oder weiter interpretieren kann!"
"Data frequencies and probabilities","Compare and evaluate data","H","Berechne mit der z-Score-Formel, wie viele Standardabweichungen der Wert 92 vom Durchschnittswert 85 entfernt ist, wenn die Standardabweichung σ = 3 beträgt.","Klar! Du sollst berechnen, **wie viele Standardabweichungen** ein Wert vom Durchschnitt entfernt ist. Dazu verwendest du den sogenannten **z-Score** (oder z-Wert). Die **z-Score-Formel** lautet:

$$
z = \frac{\text{Beobachtung} - \text{Mittelwert}}{\text{Standardabweichung}}
$$

### Gegebene Werte:
- Beobachtung (der Wert, den du untersuchst): **92**
- Mittelwert (Durchschnittswert): **85**
- Standardabweichung σ: **3**

### Schritt-für-Schritt-Berechnung:
Setze die Werte in die Formel ein:

$$
z = \frac{92 - 85}{3}
$$

$$
z = \frac{7}{3}
$$

$$
z \approx 2{,}33
$$

### Bedeutung:
Der Wert **92 liegt etwa 2,33 Standardabweichungen über dem Durchschnittswert** von 85.

---

Wenn du noch weitere Fragen hast, z. B. wie man das interpretiert oder ob der Wert ""außergewöhnlich"" ist – frag gern weiter! 😊"
"Data frequencies and probabilities","Compare and evaluate data","H","Berechne den Korrelationskoeffizienten für die folgenden Paardaten: x = {2, 4, 6}, y = {3, 7, 11}","Um den **Korrelationskoeffizienten** (auch bekannt als **Pearson-Korrelationskoeffizient**) zu berechnen, vergleichen wir die lineare Beziehung zwischen zwei Datensätzen $ x $ und $ y $. Der Korrelationskoeffizient $ r $ liegt immer zwischen -1 und 1:

- $ r = 1 $: vollständige positive Korrelation
- $ r = 0 $: keine Korrelation
- $ r = -1 $: vollständige negative Korrelation

---

### Gegebene Daten:
$$
x = \{2, 4, 6\}, \quad y = \{3, 7, 11\}
$$

---

## 🔢 Schritt-für-Schritt-Berechnung

### 📌 Schritt 1: Berechne die Mittelwerte von $ x $ und $ y $

$$
\bar{x} = \frac{2 + 4 + 6}{3} = \frac{12}{3} = 4
$$
$$
\bar{y} = \frac{3 + 7 + 11}{3} = \frac{21}{3} = 7
$$

---

### 📌 Schritt 2: Berechne die Abweichungen vom Mittelwert und deren Produkte/Quadrate

| i | $ x_i $ | $ y_i $ | $ x_i - \bar{x} $ | $ y_i - \bar{y} $ | $ (x_i - \bar{x})(y_i - \bar{y}) $ | $ (x_i - \bar{x})^2 $ | $ (y_i - \bar{y})^2 $ |
|---|----------|----------|--------------------|--------------------|-------------------------------------|------------------------|------------------------|
| 1 |    2     |    3     |        -2          |        -4          |                8                   |           4            |          16            |
| 2 |    4     |    7     |         0          |         0          |                0                   |           0            |           0            |
| 3 |    6     |   11     |         2          |         4          |                8                   |           4            |          16            |

---

### 📌 Schritt 3: Summiere die relevanten Spalten

$$
\sum (x_i - \bar{x})(y_i - \bar{y}) = 8 + 0 + 8 = 16
$$
$$
\sum (x_i - \bar{x})^2 = 4 + 0 + 4 = 8
$$
$$
\sum (y_i - \bar{y})^2 = 16 + 0 + 16 = 32
$$

---

### 📌 Schritt 4: Setze in die Formel ein

Die Formel für den Pearson-Korrelationskoeffizienten ist:

$$
r = \frac{\sum (x_i - \bar{x})(y_i - \bar{y})}{\sqrt{\sum (x_i - \bar{x})^2 \cdot \sum (y_i - \bar{y})^2}}
$$

Einsetzen:

$$
r = \frac{16}{\sqrt{8 \cdot 32}} = \frac{16}{\sqrt{256}} = \frac{16}{16} = 1
$$

---

## ✅ Ergebnis:

$$
\boxed{r = 1}
$$

Das bedeutet: Die beiden Datensätze sind **perfekt positiv korreliert**, was hier offensichtlich ist, weil $ y $ eine lineare Funktion von $ x $ ist:  
$$
y = 2x - 1
$$"
"Data frequencies and probabilities","Compare and evaluate data","H","Bewerte die Zuverlässigkeit eines Datensatzes von 500 COVID-19-Testresultaten, bei dem 8 falsch-positive und 4 falsch-negative Ergebnisse vorliegen.","Um die **Zuverlässigkeit eines Datensatzes von 500 COVID-19-Testresultaten** zu bewerten, bei dem **8 falsch-positive** und **4 falsch-negative** Ergebnisse vorliegen, kannst du dich auf verschiedene statistische Kennzahlen stützen. Ziel ist es herauszufinden, wie genau und vertrauenswürdig diese Tests sind.

---

### 🧮 Gegebene Daten:
- **Gesamtzahl der Tests:** 500
- **Falsch-positive Ergebnisse (FP):** 8
- **Falsch-negative Ergebnisse (FN):** 4

Für eine genaue Bewertung bräuchten wir noch die Anzahl der **wirklich Positiven (TP)** und **wirklich Negativen (TN)**, um die Kennzahlen exakt zu berechnen.  
Da diese aber nicht gegeben sind, können wir entweder:
1. Eine grobe Schätzung machen,
2. oder allgemeine Schlussfolgerungen ziehen basierend auf den Fehlerraten.

---

## ✅ 1. Fehlerquoten berechnen

Wir können direkt aus den Angaben die **falsch-positiven** und **falsch-negativen Raten** bestimmen:

### a) Falsch-positive Rate (FPR):
Anteil der gesunden Personen, bei denen der Test fälschlicherweise positiv war.
$$
\text{FPR} = \frac{\text{FP}}{\text{Gesamttests}} = \frac{8}{500} = 0{,}016 = 1{,}6\%
$$

### b) Falsch-negative Rate (FNR):
Anteil der infizierten Personen, bei denen der Test fälschlicherweise negativ war.
$$
\text{FNR} = \frac{\text{FN}}{\text{Gesamttests}} = \frac{4}{500} = 0{,}008 = 0{,}8\%
$$

> 💡 Je niedriger diese Werte, desto besser ist die Zuverlässigkeit des Tests/datensatzes.

---

## ✅ 2. Genaugkeit (Accuracy)

Die **Genauigkeit** beschreibt den Anteil aller korrekten Ergebnisse (richtig positiv + richtig negativ):

Ohne Kenntnis der wahren Positiven (TP) und Negativen (TN) lässt sich das nur schätzen. Wir können jedoch sagen:

$$
\text{Anzahl der fehlerhaften Tests} = FP + FN = 8 + 4 = 12 \\
\text{Anzahl der korrekten Tests} = 500 - 12 = 488 \\
\Rightarrow \text{Accuracy} = \frac{488}{500} = 0{,}976 = 97{,}6\%
$$

👉 **Das bedeutet: Der Datensatz hat eine Genauigkeit von ca. 97,6 % – sehr hoch!**

---

## ✅ 3. Sensitivität & Spezifität (mit Schätzung)

Diese beiden Kennzahlen sind besonders wichtig in der Medizin:

| Begriff        | Beschreibung                                  |
|----------------|-----------------------------------------------|
| **Sensitivität**   | Erkennt die Krankheit, wenn sie vorliegt       |
| **Spezifität**     | Erkennt Gesunde, wenn sie gesund sind          |

Aber hier brauchen wir:
- **True Positives (TP)** → Wie viele waren wirklich positiv und wurden erkannt?
- **True Negatives (TN)** → Wie viele waren wirklich negativ und wurden erkannt?

Wenn wir annehmen, dass z.B. **100 Personen tatsächlich positiv** waren, dann gilt:
- TP = 100 − FN = 100 − 4 = 96
- TN = 400 − FP = 400 − 8 = 392 (da 500 − 100 = 400 negativ sein müssten)

### a) Sensitivität (Erkennung von Infizierten):
$$
\text{Sensitivität} = \frac{\text{TP}}{\text{TP} + \text{FN}} = \frac{96}{96+4} = \frac{96}{100} = 0{,}96 = 96\%
$$

### b) Spezifität (Erkennung von Nicht-Infizierten):
$$
\text{Spezifität} = \frac{\text{TN}}{\text{TN} + \text{FP}} = \frac{392}{392+8} = \frac{392}{400} = 0{,}98 = 98\%
$$

➡️ Beide Werte sind **sehr hoch**, was für einen **zuverlässigen Test/Datensatz** spricht.

---

## 📌 Zusammenfassung der Zuverlässigkeit:

| Metrik            | Wert         | Interpretation                          |
|-------------------|--------------|------------------------------------------|
| Falsch-positiv    | 1,6%         | Sehr gering                              |
| Falsch-negativ    | 0,8%         | Sehr gering                              |
| Genauigkeit       | ~97,6%       | Sehr hoch                                |
| Sensitivität      | ~96%         | Gut (erkennt Infizierte gut)              |
| Spezifität        | ~98%         | Sehr gut (erkennt Gesunde fast immer)     |

---

## 🧠 Fazit:

Der Datensatz mit 500 Testergebnissen, von denen nur 8 falsch-positiv und 4 falsch-negativ sind, weist **eine sehr hohe Zuverlässigkeit** auf. Die Fehlerquote liegt unter 2 %, und sowohl Sensitivität als auch Spezifität sind sehr hoch. Du kannst diesen Datensatz also **bedenkenlos nutzen**, z.B. für Analysen, Berichte oder Modelle im medizinischen Bereich.

---

Wenn du willst, kann ich dir auch gerne helfen, eine **Tabelle (Konfusionsmatrix)** zu erstellen oder die **Kennzahlen grafisch darzustellen**. Sag einfach Bescheid!"
"Data frequencies and probabilities","Understanding probabilities","B","Ein Spinner hat 3 rote Segmente und 1 blaues. Welche Farbe hat die höhere Wahrscheinlichkeit?","Klar, das mache ich gerne! 🎉

Du hast einen **Spinner** (also so etwas wie ein Glücksrad), der insgesamt aus mehreren Segmenten besteht. Davon sind:

- **3 rote Segmente**
- **1 blaues Segment**

### Schritt 1: Wie viele Segmente gibt es insgesamt?

Du zählst einfach alle Segmente zusammen:
$$
3 \text{ (rot)} + 1 \text{ (blau)} = 4 \text{ Segmente}
$$

### Schritt 2: Wahrscheinlichkeit berechnen

Die Wahrscheinlichkeit, dass eine bestimmte Farbe gedreht wird, hängt davon ab, **wie viele Segmente diese Farbe haben**, im Vergleich zur **Gesamtzahl der Segmente**.

#### Wahrscheinlichkeit für Rot:
Da es 3 rote Segmente von insgesamt 4 gibt:
$$
\frac{3}{4} = 0,75 = 75\%
$$

#### Wahrscheinlichkeit für Blau:
Nur 1 blaues Segment von 4:
$$
\frac{1}{4} = 0,25 = 25\%
$$

### Schritt 3: Vergleich

- Rot: **75% Wahrscheinlichkeit**
- Blau: **25% Wahrscheinlichkeit**

✅ **Antwort:** Die Farbe **Rot** hat die höhere Wahrscheinlichkeit, weil sie mehr Segmente auf dem Spinner beansprucht.

Wenn du noch Fragen hast oder weitere Beispiele brauchst, sag Bescheid! 😊"
"Data frequencies and probabilities","Understanding probabilities","B","Wie hoch ist die Wahrscheinlichkeit, eine 6 zu würfeln? A) Immer B) Manchmal C) Nie","Die Frage lautet:  
**„Wie hoch ist die Wahrscheinlichkeit, eine 6 zu würfeln?“**  
Mit den Antwortmöglichkeiten:  
**A) Immer B) Manchmal C) Nie**

---

### Schritt für Schritt erklärt:

1. **Was bedeutet „eine 6 würfeln“?**  
   Du wirfst einen normalen **sechsseitigen Würfel**, wie er z. B. bei Brettspielen verwendet wird. Die Seiten sind meist mit den Zahlen **1 bis 6** beschriftet.

2. **Was ist die Wahrscheinlichkeit, eine 6 zu würfeln?**  
   Bei einem **fairen Würfel** (also kein gezinkter Würfel) hat jede Seite dieselbe Chance, geworfen zu werden.  
   Es gibt also **6 mögliche Ergebnisse**: 1, 2, 3, 4, 5 und 6.

   ➤ Die Wahrscheinlichkeit, eine bestimmte Zahl (z. B. die 6) zu würfeln, beträgt dann:  
   $$
   \frac{1}{6}
   $$

3. **Welche der gegebenen Antworten passt dazu?**
   - **A) Immer** → Das würde bedeuten, du triffst **jedes Mal** eine 6. Das stimmt nicht.
   - **B) Manchmal** → Das klingt schon besser. Es sagt aus, dass du **hin und wieder** eine 6 triffst – was wahr ist.
   - **C) Nie** → Das würde bedeuten, du triffst **niemals** eine 6. Auch das ist falsch.

---

### ✅ Richtige Antwort: **B) Manchmal**

Das bedeutet:  
Es kommt **gelegentlich vor**, dass man eine 6 würfelt – aber nicht immer und auch nicht nie. Genau wie es die Wahrscheinlichkeit von $ \frac{1}{6} $ beschreibt.

---

### Zusatzinfo:
Wenn du später mehr über Wahrscheinlichkeiten lernen willst, kannst du dich mit Themen wie „Laplace-Wahrscheinlichkeit“ oder „Zufallsexperimente“ beschäftigen. Aber als Grundidee gilt:  
👉 Wenn etwas **nicht sicher** eintritt und **auch nicht unmöglich** ist, dann tritt es **manchmal** ein.

--- 

Möchtest du wissen, wie man solche Aufgaben allgemein löst oder weitere Beispiele sehen? 😊"
"Data frequencies and probabilities","Understanding probabilities","B","Ist es sicher, möglich oder unmöglich, die Sonne nachts zu sehen?","Die Aufgabe lautet:

**„Ist es sicher, möglich oder unmöglich, die Sonne nachts zu sehen?“**

Das ist keine klassische Rechenaufgabe, sondern eine **Logik- oder Sachaufgabe**, bei der du dein Wissen über die Natur und den Tagesablauf überprüfst.

---

### Schritt für Schritt zur Lösung:

#### 1. **Was bedeutet „nachts“?**
- Die Nacht ist die Zeit, in der ein Teil der Erde von der **gegenüberliegenden Seite zur Sonne** abgewandt ist.
- In dieser Zeit scheint die Sonne nicht – wir haben Dunkelheit (außer an Polen im Sommer – dazu später mehr).

#### 2. **Kann man die Sonne in der Nacht sehen?**
- Unter „normalen“ Bedingungen: **Nein**, weil die Sonne dann untergegangen ist.
- Allerdings gibt es Ausnahmen:
  - **In Polargebieten** (z. B. nördlich des Polarkreises) kann es im Sommer **Mitternachtssonne** geben – also die Sonne am Himmel um Mitternacht.
  - Es kommt auch darauf an, **wie man „Nacht“ definiert**: Wenn die Sonne noch etwas über dem Horizont ist, aber schon dunkel wird (Morgen- oder Abenddämmerung), könnte man sie noch sehen.

#### 3. **Zusammenfassung der Begriffe:**
- **Sicher:** Jedes Mal ohne Ausnahme.
- **Möglich:** Es kann passieren, aber nicht immer.
- **Unmöglich:** Es kann niemals passieren.

---

### ✅ Antwort:

> **Möglich.**

Es ist **möglich**, die Sonne nachts zu sehen – **wenn man sich z. B. in einem Gebiet nördlich des Polarkreises im Sommer befindet**, wo die Sonne nie untergeht (sog. **Mitternachtssonne**).  
Unter normalen Bedingungen (also in gemäßigten Breiten wie Deutschland außerhalb der Polarexpeditionen) sieht man die Sonne **nicht nachts**.

---

Wenn du möchtest, können wir diese Frage auch in einer mathematischen Logikform darstellen (z. B. mit Wahrscheinlichkeiten oder Mengenlehre). Sag einfach Bescheid! 😊"
"Data frequencies and probabilities","Understanding probabilities","C","Wie hoch ist die Wahrscheinlichkeit, eine Münze zu werfen und Kopf zu erhalten?","Die Aufgabe lautet:

**„Wie hoch ist die Wahrscheinlichkeit, eine Münze zu werfen und Kopf zu erhalten?“**

---

### 🔍 Schritt 1: Verstehe das Zufallsexperiment

Du wirfst eine **Münze**, und es gibt zwei mögliche Ergebnisse:

- **Kopf**
- **Zahl**

Wir gehen hier von einer **fairen Münze** aus. Das bedeutet, dass beide Seiten **gleich wahrscheinlich** sind.

---

### 📐 Schritt 2: Definiere die Wahrscheinlichkeit

Die allgemeine Formel für die Wahrscheinlichkeit eines Ereignisses im Laplace-Experiment (also bei gleichwahrscheinlichen Ergebnissen) ist:

$$
P(\text{Ereignis}) = \frac{\text{Anzahl der günstigen Ergebnisse}}{\text{Anzahl aller möglichen Ergebnisse}}
$$

---

### ✅ Schritt 3: Setze die Werte ein

- Anzahl der günstigen Ergebnisse (Kopf): **1**
- Anzahl aller möglichen Ergebnisse (Kopf oder Zahl): **2**

$$
P(\text{Kopf}) = \frac{1}{2} = 0{,}5
$$

---

### 🧮 Ergebnis:

Die Wahrscheinlichkeit, bei einem Münzwurf **Kopf** zu erhalten, beträgt:

- **1/2** als Bruch,
- **0,5** als Dezimalzahl,
- oder **50%** in Prozent.

---

### 📌 Zusammenfassung:

> Beim Werfen einer fairen Münze liegt die Wahrscheinlichkeit für „Kopf“ bei **50 %** bzw. **1/2**.

Wenn du willst, kann ich dir auch erklären, was passiert, wenn du die Münze mehrmals wirfst oder wenn die Münze gezinkt ist! 😊"
"Data frequencies and probabilities","Understanding probabilities","C","Was ist die Wahrscheinlichkeit, einen Wochentag aus einer Liste von allen 7 Tagen auszuwählen?","Klar! Lass uns die Aufgabe Schritt für Schritt durchgehen:

---

### **Aufgabe:**
> Was ist die Wahrscheinlichkeit, einen **Wochentag** aus einer Liste von **allen 7 Tagen** auszuwählen?

---

### **Schritt 1: Verstehe die Grundlagen**

Es gibt insgesamt **7 Tage in einer Woche**:

- Montag
- Dienstag
- Mittwoch
- Donnerstag
- Freitag
- Samstag
- Sonntag

Diese 7 Tage sind deine **Gesamtmenge an möglichen Ergebnissen**.

---

### **Schritt 2: Bestimme, was ein ""Wochentag"" ist**

In der Regel zählen zu den **Wochentagen** die ersten **fünf Tage** der Woche:

- Montag
- Dienstag
- Mittwoch
- Donnerstag
- Freitag

Samstag und Sonntag gelten als **Wochenendtage**, also **keine** Wochentage (zumindest im Sinne dieser Aufgabe).

Also gibt es **5 Wochentage**.

---

### **Schritt 3: Berechne die Wahrscheinlichkeit**

Die **Wahrscheinlichkeit** eines Ereignisses berechnest du so:

$$
\text{Wahrscheinlichkeit} = \frac{\text{Anzahl der günstigen Ergebnisse}}{\text{Anzahl aller möglichen Ergebnisse}}
$$

In diesem Fall:

- Günstige Ergebnisse (Wochentage): **5**
- Mögliche Ergebnisse (alle Tage): **7**

Also:

$$
\text{Wahrscheinlichkeit} = \frac{5}{7}
$$

---

### ✅ **Antwort:**
Die Wahrscheinlichkeit, einen Wochentag aus einer Liste aller 7 Tage auszuwählen, beträgt  
**$\frac{5}{7}$** oder ungefähr **71,4 %**.

---

Wenn du willst, kann ich dir auch erklären, wie man das als Dezimalzahl oder Prozentzahl schreibt. 😊"
"Data frequencies and probabilities","Understanding probabilities","C","Ein Würfel zeigt die Zahlen 1 bis 6. Wie hoch ist die Wahrscheinlichkeit, eine gerade Zahl zu würfeln?","Klar! Lass uns die Aufgabe gemeinsam lösen:

### **Aufgabe:**  
Ein Würfel zeigt die Zahlen **1 bis 6**. Wie hoch ist die Wahrscheinlichkeit, eine **gerade Zahl** zu würfeln?

---

### **Schritt 1: Alle möglichen Ergebnisse bestimmen**  
Ein normaler Würfel hat **6 Seiten**, und zwar mit den Zahlen:  
**1, 2, 3, 4, 5, 6**

Das bedeutet, es gibt **6 mögliche Ergebnisse**, wenn du würfelst.

---

### **Schritt 2: Die günstigen Ergebnisse zählen (also das, was wir wollen)**  
Wir interessieren uns für **gerade Zahlen**.  
Gerade Zahlen zwischen 1 und 6 sind:  
**2, 4, 6**

→ Das sind **3 gerade Zahlen**.

---

### **Schritt 3: Wahrscheinlichkeit berechnen**  
Die Formel für die Wahrscheinlichkeit eines Ereignisses lautet:

$$
\text{Wahrscheinlichkeit} = \frac{\text{Anzahl der günstigen Ergebnisse}}{\text{Anzahl aller möglichen Ergebnisse}}
$$

Setzen wir die Werte ein:

$$
\text{Wahrscheinlichkeit} = \frac{3}{6} = \frac{1}{2}
$$

---

### ✅ **Ergebnis:**  
Die Wahrscheinlichkeit, eine gerade Zahl zu würfeln, beträgt **½** oder **50%**.

Wenn du magst, kann ich dir auch erklären, wie das bei anderen Arten von Würfeln oder Ereignissen funktioniert!"
"Data frequencies and probabilities","Understanding probabilities","C","Was bedeutet es, wenn ein Ereignis eine Wahrscheinlichkeit von 0 hat?","Die Frage „Was bedeutet es, wenn ein Ereignis eine Wahrscheinlichkeit von 0 hat?“ ist aus dem Bereich der **Wahrscheinlichkeitsrechnung** und kann je nach Kontext (diskret oder stetig) unterschiedlich interpretiert werden. Hier eine klare Erklärung:

---

### 📌 Grundlegende Definition:
Ein Ereignis mit einer **Wahrscheinlichkeit von 0** tritt **fast sicher nicht** ein.

Aber: Das bedeutet **nicht immer**, dass das Ereignis **unmöglich** ist – besonders bei sogenannten *stetigen Wahrscheinlichkeitsverteilungen*!

---

## 🔍 Beispiel 1: Diskreter Fall (endliche oder abzählbare Ergebnismenge)
Wenn du z. B. einen fairen Würfel wirfst, dann gibt es nur sechs mögliche Ergebnisse: {1, 2, 3, 4, 5, 6}.

- Die Wahrscheinlichkeit, dass du eine 7 würfelst, ist **0**.
- In diesem Fall ist das Ereignis „eine 7 würfeln“ **tatsächlich unmöglich**.

✅ **Fazit im diskreten Fall:**  
Eine Wahrscheinlichkeit von 0 bedeutet meistens auch **Unmöglichkeit**.

---

## 🧪 Beispiel 2: Stetiger Fall (überabzählbare Ergebnismenge)
Stell dir vor, du wählst rein zufällig eine Zahl zwischen 0 und 1 – also aus dem Intervall [0, 1].

- Es gibt **unendlich viele** reelle Zahlen in diesem Intervall.
- Die Wahrscheinlichkeit, dass du **genau** die Zahl 0,5 triffst, ist:
  $$
  P(X = 0{,}5) = 0
  $$
  weil es unendlich viele Möglichkeiten gibt.

🚫 Trotzdem: Es ist **nicht unmöglich**, dass du genau 0,5 ziehst – es ist einfach extrem unwahrscheinlich.

✅ **Fazit im stetigen Fall:**  
Ein Ereignis mit Wahrscheinlichkeit 0 kann **theoretisch eintreten**, aber es ist **beliebig unwahrscheinlich** – man sagt: es tritt **fast sicher nicht** ein.

---

## 📝 Zusammenfassung:
| Art des Falls | Ereignis mit P = 0 | Bedeutung |
|---------------|---------------------|-----------|
| Diskret        | Ja                  | Unmöglich |
| Stetig         | Ja                  | Fast unmöglich (aber theoretisch möglich) |

---

### 🧠 Merke:
> In der Wahrscheinlichkeitsrechnung bedeutet eine Wahrscheinlichkeit von 0 nicht immer **absolute Unmöglichkeit**, sondern eher **""tritt fast sicher nicht ein""**, besonders bei stetigen Verteilungen.

---

Wenn du magst, kann ich dir auch ein konkretes Rechenbeispiel dazu zeigen! 😊"
"Data frequencies and probabilities","Understanding probabilities","C","Kann die Wahrscheinlichkeit eines Ereignisses größer als 1 sein? (Ja oder Nein)","**Nein**, die Wahrscheinlichkeit eines Ereignisses kann **nicht größer als 1 sein**.

### Erklärung:

Die **Wahrscheinlichkeit eines Ereignisses** liegt immer zwischen **0 und 1** (einschließlich):

- **0** bedeutet: Das Ereignis ist **unmöglich**.
- **1** bedeutet: Das Ereignis ist **sicher**.
- Jede Zahl **zwischen 0 und 1** gibt die **Chance**, dass das Ereignis eintritt – je näher an 1, desto wahrscheinlicher.

#### Beispiel:
- Beim Münzwurf ist die Wahrscheinlichkeit für „Kopf“ = 0,5.
- Die Wahrscheinlichkeit, dass die Sonne morgen aufgeht, ist sehr nahe bei 1.
- Die Wahrscheinlichkeit, eine 7 mit einem normalen Würfel zu werfen, ist 0.

### Warum kann sie nicht größer als 1 sein?
Weil die Wahrscheinlichkeit berechnet wird als:

$$
P(\text{Ereignis}) = \frac{\text{Anzahl der günstigen Ergebnisse}}{\text{Anzahl aller möglichen Ergebnisse}}
$$

Da du nie mehr günstige Ergebnisse hast als insgesamt möglich sind, kann dieser Bruch **nie größer als 1** werden.

---

✅ **Antwort: Nein.**  
Die Wahrscheinlichkeit eines Ereignisses ist immer ≤ 1."
"Data frequencies and probabilities","Understanding probabilities","C","Was ist sicherer: eine Zahl unter 10 mit einem Standardwürfel zu würfeln oder Kopf zu werfen?","Sehr gerne! Lass uns die Aufgabe Schritt für Schritt durchgehen:

---

### **Frage:**
> Was ist sicherer: eine Zahl **unter 10** mit einem Standardwürfel zu würfeln oder **Kopf** zu werfen?

Das bedeutet: Du sollst entscheiden, welches Ereignis **wahrscheinlicher (also ""sicherer"")** eintritt — entweder:
- eine Zahl **unter 10** mit einem **Standardwürfel** zu würfeln  
**oder**
- bei einem **Münzwurf** **Kopf** zu werfen.

---

## 🔍 Schritt 1: Verstehe die Möglichkeiten

### 🎲 Der Standardwürfel
Ein Standardwürfel hat **6 Seiten**, nummeriert von **1 bis 6**.  
Also sind die möglichen Ergebnisse:  
**{1, 2, 3, 4, 5, 6}**

Die Frage lautet: Wie hoch ist die Wahrscheinlichkeit, eine Zahl **unter 10** zu würfeln?

- Da alle Zahlen auf dem Würfel (**1 bis 6**) **kleiner als 10** sind, tritt dieses Ereignis **immer** ein.
- Also:  
  $$
  P(\text{Zahl unter 10}) = \frac{\text{Anzahl der günstigen Ereignisse}}{\text{Anzahl aller möglichen Ereignisse}} = \frac{6}{6} = 1
  $$

👉 Das bedeutet: Es ist **sicher**, dass du eine Zahl unter 10 würfelst.

---

### 🪙 Der Münzwurf
Bei einer fairen Münze gibt es zwei mögliche Ergebnisse:
- **Kopf**
- **Zahl**

Die Wahrscheinlichkeit für **Kopf** ist also:
$$
P(\text{Kopf}) = \frac{1}{2}
$$

👉 Das bedeutet: Es ist nur **zu 50 % wahrscheinlich**, dass Kopf kommt.

---

## ✅ Schritt 2: Vergleiche die Sicherheit

| Ereignis                        | Wahrscheinlichkeit |
|-------------------------------|--------------------|
| Zahl unter 10 würfeln         | 1 (also 100 %)     |
| Kopf werfen                   | ½ (also 50 %)      |

---

## 🧠 Fazit:

➡️ Die Wahrscheinlichkeit, eine Zahl **unter 10** mit einem Standardwürfel zu würfeln, ist **100 %**.  
➡️ Die Wahrscheinlichkeit, **Kopf** zu werfen, beträgt nur **50 %**.

🔹 **Deshalb ist es sicherer, eine Zahl unter 10 mit einem Standardwürfel zu würfeln.**

---

Wenn du magst, kann ich dir auch erklären, wie man solche Wahrscheinlichkeiten allgemein berechnet 😊"
"Data frequencies and probabilities","Understanding probabilities","D","Was ist die Wahrscheinlichkeit, eine gerade Zahl beim Würfeln mit einem Standardwürfel zu erzielen?","Klar! Lass uns die Aufgabe Schritt für Schritt durchgehen:

### **Frage:**
Was ist die Wahrscheinlichkeit, eine **gerade Zahl** beim Würfeln mit einem **Standardwürfel** zu erzielen?

---

### **Schritt 1: Was ist ein Standardwürfel?**

Ein Standardwürfel (auch 6-seitiger Würfel genannt) hat die Zahlen **1 bis 6** auf seinen Seiten:

```
Seiten: 1, 2, 3, 4, 5, 6
```

Jede Seite hat die **gleiche Wahrscheinlichkeit**, gewürfelt zu werden.

---

### **Schritt 2: Welche Zahlen sind gerade?**

Gerade Zahlen sind Zahlen, die ohne Rest durch 2 teilbar sind.  
In den Zahlen von 1 bis 6 sind das:

```
2, 4, 6
```

Also gibt es **3 gerade Zahlen**.

---

### **Schritt 3: Wie viele mögliche Ergebnisse gibt es insgesamt?**

Da der Würfel 6 Seiten hat, gibt es **6 mögliche Ergebnisse**:

```
Gesamtzahl der Ergebnisse = 6
```

---

### **Schritt 4: Wie viele günstige Ergebnisse gibt es?**

Wie wir oben gesehen haben, sind **2, 4 und 6** gerade → also **3 günstige Ergebnisse**.

---

### **Schritt 5: Berechnung der Wahrscheinlichkeit**

Die **Wahrscheinlichkeit P** eines Ereignisses berechnet sich so:

$$
P(\text{Ereignis}) = \frac{\text{Anzahl der günstigen Ergebnisse}}{\text{Gesamtzahl der möglichen Ergebnisse}}
$$

Setzen wir die Werte ein:

$$
P(\text{gerade Zahl}) = \frac{3}{6} = \frac{1}{2}
$$

---

### **Antwort:**
Die Wahrscheinlichkeit, eine gerade Zahl zu würfeln, beträgt **½** oder **50%**.

Wenn du magst, kann ich dir auch zeigen, wie man solche Wahrscheinlichkeiten allgemein berechnet oder dir ähnliche Beispiele erklären 😊"
"Data frequencies and probabilities","Understanding probabilities","D","Ein Glücksrad hat 5 gleich große Abschnitte. Wie hoch ist die Wahrscheinlichkeit, dass der Zeiger auf einem bestimmten Abschnitt landet? Drücke die Wahrscheinlichkeit als Bruch aus.","Bei dieser Matheaufgabe geht es um **Wahrscheinlichkeit** beim Drehen eines Glücksrades mit **5 gleich großen Abschnitten**.

### Schritt für Schritt Erklärung:

1. **Anzahl der möglichen Ergebnisse:**  
   Da das Glücksrad 5 gleich große Abschnitte hat, gibt es insgesamt **5 mögliche Ergebnisse** – denn der Zeiger kann nach dem Drehen auf **einem der 5 Abschnitte** landen.

2. **Anzahl der günstigen Ergebnisse:**  
   Du willst die Wahrscheinlichkeit dafür, dass der Zeiger auf **einem bestimmten Abschnitt** landet – also **genau 1 von den 5 Abschnitten** ist „günstig“.

3. **Wahrscheinlichkeit berechnen:**  
   Die Wahrscheinlichkeit $ P $ eines Ereignisses berechnet sich so:

   $$
   P = \frac{\text{Anzahl der günstigen Ergebnisse}}{\text{Anzahl aller möglichen Ergebnisse}}
   $$

   In diesem Fall:

   $$
   P = \frac{1}{5}
   $$

---

### ✅ Antwort:
Die Wahrscheinlichkeit, dass der Zeiger auf einem bestimmten Abschnitt landet, beträgt:

$$
\boxed{\frac{1}{5}}
$$"
"Data frequencies and probabilities","Understanding probabilities","D","Was ist die Wahrscheinlichkeit, eine rote Kugel aus einem Beutel mit 2 roten, 3 blauen und 5 grünen Kugeln zu ziehen? Berechne den Prozentsatz.","Um die Wahrscheinlichkeit zu berechnen, eine **rote Kugel** aus dem Beutel zu ziehen, gehen wir Schritt für Schritt vor:

---

### 🔹 **Schritt 1: Bestimme die Anzahl der roten Kugeln**
Du hast:
- **2 rote Kugeln**

---

### 🔹 **Schritt 2: Berechne die Gesamtanzahl der Kugeln**
Addiere alle Kugeln:

$$
2 \text{ (rot)} + 3 \text{ (blau)} + 5 \text{ (grün)} = 10 \text{ Kugeln insgesamt}
$$

---

### 🔹 **Schritt 3: Berechne die Wahrscheinlichkeit als Bruch**
Die Wahrscheinlichkeit $ P $ ist der Anteil der günstigen Ereignisse (hier: rote Kugeln) an allen möglichen Ereignissen (alle Kugeln):

$$
P(\text{rot}) = \frac{\text{Anzahl der roten Kugeln}}{\text{Gesamtanzahl der Kugeln}} = \frac{2}{10} = \frac{1}{5}
$$

---

### 🔹 **Schritt 4: Wandle den Bruch in einen Prozentsatz um**
Um einen Bruch in Prozent umzuwandeln, multipliziere mit 100:

$$
\frac{1}{5} \cdot 100 = 20\%
$$

---

### ✅ **Ergebnis:**
Die Wahrscheinlichkeit, eine **rote Kugel** zu ziehen, beträgt:

- **Bruch:** $ \frac{1}{5} $
- **Dezimal:** $ 0{,}2 $
- **Prozent:** **20%**

---

Wenn du magst, kann ich dir auch erklären, wie man das Ganze mit einem Baumdiagramm oder weiteren Wahrscheinlichkeitsaufgaben veranschaulicht! 🎯"
"Data frequencies and probabilities","Understanding probabilities","D","Eine Zahl wird aus den Zahlen 1 bis 10 ausgewählt. Wie hoch ist die dezimale Wahrscheinlichkeit, eine Zahl kleiner als 6 zu ziehen?","Natürlich! Lass uns die Aufgabe Schritt für Schritt durchgehen:

---

### **Aufgabe:**
Eine Zahl wird zufällig aus den Zahlen **1 bis 10** ausgewählt.  
Wie hoch ist die **dezimale Wahrscheinlichkeit**, eine Zahl **kleiner als 6** zu ziehen?

---

### **Schritt 1: Bestimme alle möglichen Ergebnisse**

Du wählst eine Zahl aus den Zahlen **1 bis 10** – also gibt es insgesamt:

- **10 mögliche Ergebnisse**: {1, 2, 3, 4, 5, 6, 7, 8, 9, 10}

---

### **Schritt 2: Bestimme die günstigen Ergebnisse**

Du willst eine Zahl **kleiner als 6**, das bedeutet:

- Die Zahlen **1, 2, 3, 4 und 5** sind günstig.
- Das sind **5 günstige Ergebnisse**.

---

### **Schritt 3: Berechne die Wahrscheinlichkeit**

Die **Wahrscheinlichkeit** berechnest du so:

$$
\text{Wahrscheinlichkeit} = \frac{\text{Anzahl der günstigen Ergebnisse}}{\text{Anzahl aller möglichen Ergebnisse}}
$$

Einsetzen:

$$
\text{Wahrscheinlichkeit} = \frac{5}{10} = 0{,}5
$$

---

### ✅ **Antwort:**
Die Wahrscheinlichkeit, eine Zahl kleiner als 6 zu ziehen, beträgt **0,5** oder **50 %**.

Wenn du mehr solcher Aufgaben hast, helfe ich gerne weiter! 😊"
"Data frequencies and probabilities","Understanding probabilities","E","Ein Spinner ist in 8 gleich große Teile unterteilt: 3 rote, 2 blaue und 3 gelbe Teile. Wie groß ist die Wahrscheinlichkeit P(Blaue)?","Natürlich! 😊  
Wir haben hier einen **Spinner** (auch Glücksrad genannt), der in **8 gleich große Teile** aufgeteilt ist. Das ist wichtig, denn weil die Teile **gleich groß** sind, können wir sagen:

> Die Wahrscheinlichkeit, dass der Spinner auf einem bestimmten Feld landet, ist proportional zur Anzahl dieser Felder.

---

### Gegeben:
- **3 rote** Teile  
- **2 blaue** Teile  
- **3 gelbe** Teile  

Insgesamt:  
$$
3 + 2 + 3 = 8 \text{ Teile}
$$

---

### Gesucht:  
Die Wahrscheinlichkeit $ P(\text{Blau}) $, also die Wahrscheinlichkeit, dass der Spinner auf einem **blauen** Feld landet.

---

### Lösung:

Da es **2 blaue Teile** von insgesamt **8 gleich großen Teilen** gibt, berechnet sich die Wahrscheinlichkeit wie folgt:

$$
P(\text{Blau}) = \frac{\text{Anzahl der blauen Teile}}{\text{Gesamtzahl der Teile}} = \frac{2}{8}
$$

Das können wir noch kürzen:

$$
\frac{2}{8} = \frac{1}{4}
$$

---

### ✅ Antwort:
Die Wahrscheinlichkeit, dass der Spinner auf einem blauen Feld landet, ist  
$$
\boxed{\frac{1}{4}}
$$

Wenn du willst, kann ich dir auch zeigen, wie man das als Prozentzahl oder Dezimalzahl ausdrückt. 😊"
"Data frequencies and probabilities","Understanding probabilities","E","Zwei Würfel werden geworfen. Wie hoch ist die Wahrscheinlichkeit, dass die Augensumme 7 beträgt?","Klar! Lass uns die Aufgabe Schritt für Schritt durchgehen:

---

### **Aufgabe:**  
Zwei (normale) Würfel werden geworfen. Wie hoch ist die Wahrscheinlichkeit, dass **die Augensumme 7** beträgt?

---

## 🔍 **Schritt 1: Verstehe den Ergebnisraum**
Ein normaler Würfel hat die Zahlen 1 bis 6.

Wenn zwei Würfel geworfen werden, gibt es viele mögliche Kombinationen der Augenzahlen.  
Jeder Würfel hat 6 Seiten ⇒ Es gibt insgesamt:

$$
6 \cdot 6 = 36 \quad \text{mögliche Ergebnisse}
$$

Wir können diese als Paare schreiben, z. B.:  
(1,1), (1,2), (1,3), ..., (6,6)

---

## 🎯 **Schritt 2: Finde alle günstigen Ereignisse (also wo die Summe 7 ist)**

Jetzt suchen wir alle Würfelkombinationen, bei denen die **Summe beider Augenzahlen genau 7** ergibt.

Welche Paare ergeben zusammen 7?

- (1,6) → 1 + 6 = 7  
- (2,5) → 2 + 5 = 7  
- (3,4) → 3 + 4 = 7  
- (4,3) → 4 + 3 = 7  
- (5,2) → 5 + 2 = 7  
- (6,1) → 6 + 1 = 7  

Das sind **6 verschiedene Kombinationen**, bei denen die Augensumme 7 ist.

---

## 📊 **Schritt 3: Berechne die Wahrscheinlichkeit**

Die Wahrscheinlichkeit eines Ereignisses berechnet sich so:

$$
P(\text{Ereignis}) = \frac{\text{Anzahl der günstigen Ereignisse}}{\text{Anzahl aller möglichen Ereignisse}}
$$

In unserem Fall:

$$
P(\text{Augensumme } 7) = \frac{6}{36} = \frac{1}{6}
$$

---

## ✅ **Antwort:**
Die Wahrscheinlichkeit, dass die Augensumme 7 beträgt, ist  
$$
\boxed{\frac{1}{6}} \quad \text{(ca. } 16{,}67\,\%\text{)}
$$

---

Falls du willst, kann ich dir auch zeigen, wie man das mit einem Baumdiagramm oder einer Tabelle veranschaulicht 😊"
"Data frequencies and probabilities","Understanding probabilities","E","Wenn die Wahrscheinlichkeit zu gewinnen 0,4 beträgt, wie oft erwartest du, in 50 Versuchen zu gewinnen?","Diese Aufgabe geht um den **Erwartungswert** bei einer binomialverteilten Zufallsgröße. Du hast eine Wahrscheinlichkeit zu gewinnen und willst wissen, wie oft du im Durchschnitt (also erwartungsgemäß) gewinnst, wenn du 50 Versuche machst.

### Gegeben:
- Wahrscheinlichkeit zu gewinnen: $ p = 0{,}4 $
- Anzahl der Versuche: $ n = 50 $

### Gesucht:
- Erwartete Anzahl an Gewinnen → das ist der **Erwartungswert**

### Formel für den Erwartungswert bei einer Binomialverteilung:
$$
E(X) = n \cdot p
$$

### Einsetzen der Werte:
$$
E(X) = 50 \cdot 0{,}4 = 20
$$

### Antwort:
Du erwartenst **20 Gewinne** in 50 Versuchen.

Das bedeutet: Wenn du sehr oft solche Serien mit je 50 Versuchen spielst, wirst du im Durchschnitt etwa 20 mal pro Serie gewinnen."
"Data frequencies and probabilities","Understanding probabilities","E","In einer Sockenschublade befinden sich 5 schwarze, 4 weiße und 3 graue Socken. Wie hoch ist die Wahrscheinlichkeit, dass du keinen schwarzen Socke ziehst?","Um die Wahrscheinlichkeit zu berechnen, **keine schwarze Socke** zu ziehen, gehen wir Schritt für Schritt vor:

---

### 🧦 Gegebene Informationen:

- Schwarze Socken: 5  
- Weiße Socken: 4  
- Graue Socken: 3  

**Gesamtzahl der Socken:**  
$$
5 + 4 + 3 = 12 \text{ Socken}
$$

---

### 🎯 Gesucht:
Die Wahrscheinlichkeit, dass bei **einem Zug** **keine schwarze Socke** gezogen wird.

Das bedeutet: Du willst entweder eine **weiße** oder **graue** Socke ziehen.

---

### ✅ Anzahl der günstigen Ergebnisse:
Weiße + graue Socken =  
$$
4 + 3 = 7 \text{ Socken}
$$

---

### 📏 Wahrscheinlichkeit berechnen:
$$
P(\text{keine schwarze Socke}) = \frac{\text{Anzahl günstiger Socken}}{\text{Gesamtzahl der Socken}} = \frac{7}{12}
$$

---

### 🟩 **Antwort:**
Die Wahrscheinlichkeit, keine schwarze Socke zu ziehen, beträgt  
$$
\boxed{\frac{7}{12}}
$$

Wenn du möchtest, kann ich dir auch zeigen, wie man so etwas mit Baumdiagrammen oder mehrfach Ziehen löst. Sag einfach Bescheid! 😊"
"Data frequencies and probabilities","Understanding probabilities","E","EinSpinner hat 4 gleich große Felder. Die theoretische Wahrscheinlichkeit, dass rot kommt, beträgt 0,25. Bei 40 Drehungen kommt rot 18 Mal vor. Vergleiche die experimentelle und die theoretische Wahrscheinlichkeit.","Sehr gerne! Lass uns die Matheaufgabe Schritt für Schritt durchgehen.

---

### **Aufgabe im Überblick:**

Du hast einen **Spinner (Glücksrad)** mit **4 gleich großen Feldern**.  
Die **theoretische Wahrscheinlichkeit**, dass das Rad auf **Rot** landet, ist gegeben als:

$$
P_{\text{theoretisch}}(\text{Rot}) = 0{,}25
$$

Das bedeutet: Wenn alle Felder gleich groß sind und zufällig gestoppt wird, gibt es eine **1 von 4-Chance**, dass Rot kommt (also 1 rotes Feld von insgesamt 4 Feldern).

Dann wurde das Rad **40 Mal gedreht**, und dabei kam **Rot insgesamt 18 Mal** vor.

Jetzt sollst du die **experimentelle Wahrscheinlichkeit** berechnen und sie mit der theoretischen vergleichen.

---

## ✅ Schritt 1: Berechne die experimentelle Wahrscheinlichkeit

Die **experimentelle Wahrscheinlichkeit** basiert auf dem, was tatsächlich passiert ist – also auf den Versuchsergebnissen.

Die Formel dafür ist:

$$
P_{\text{experimentell}}(\text{Rot}) = \frac{\text{Anzahl der Male, bei denen Rot kam}}{\text{Gesamtzahl der Drehungen}}
$$

Eingesetzt:

$$
P_{\text{experimentell}}(\text{Rot}) = \frac{18}{40} = 0{,}45
$$

---

## ✅ Schritt 2: Vergleiche beide Wahrscheinlichkeiten

- **Theoretische Wahrscheinlichkeit:** 0,25 (oder 25%)
- **Experimentelle Wahrscheinlichkeit:** 0,45 (oder 45%)

---

## ✅ Schritt 3: Interpretation des Ergebnisses

Die **experimentelle Wahrscheinlichkeit** liegt deutlich über der **theoretischen**.

Das heißt:
- Obwohl man erwarten würde, dass Rot in etwa **25% der Fälle** vorkommt (also ca. 10 von 40 Drehungen),
- ist Rot **18 von 40 Malen** gekommen – also viel häufiger als erwartet.

Das kann zufällig passieren, besonders bei kleineren Anzahlen an Versuchen. Mit mehr Drehungen würde sich die experimentelle Wahrscheinlichkeit normalerweise immer näher an die theoretische annähern (Gesetz der großen Zahlen).

---

### 📌 Zusammenfassung:

| Art der Wahrscheinlichkeit | Wert       |
|----------------------------|------------|
| Theoretisch                | 0,25 (25%) |
| Experimentell              | 0,45 (45%) |

➡️ Rot trat **häufiger auf**, als es die Theorie vorhersagt.

---

Wenn du möchtest, kann ich dir auch erklären, wie man hier die Abweichung genauer untersuchen könnte (z.B. mit Prozentabweichung oder statistischen Tests). Sag einfach Bescheid! 😊"
"Data frequencies and probabilities","Understanding probabilities","E","Du würfelst 60 Mal und erzielst dabei in 7 Fällen eine 3. Wie hoch ist die experimentelle Wahrscheinlichkeit, eine 3 zu würfeln?","Die **experimentelle Wahrscheinlichkeit** (auch *empirische* oder *relative Wahrscheinlichkeit* genannt) berechnet sich aus dem Verhältnis zwischen der Anzahl der günstigen Ereignisse und der Gesamtanzahl der Versuche.

### Gegeben:
- Du hast **60 Mal gewürfelt**
- Du hast **7 Mal eine 3** gewürfelt

### Formel für die experimentelle Wahrscheinlichkeit:
$$
\text{Experimentelle Wahrscheinlichkeit} = \frac{\text{Anzahl der günstigen Ereignisse}}{\text{Anzahl aller Versuche}}
$$

### Einsetzen der Werte:
$$
\text{Experimentelle Wahrscheinlichkeit} = \frac{7}{60}
$$

Das Ergebnis kannst du als Bruch lassen oder in eine Dezimalzahl oder ein Prozent umrechnen:

- Als **Bruch**: $ \frac{7}{60} $
- Als **Dezimalzahl**: $ \frac{7}{60} \approx 0,1167 $
- Als **Prozent**: $ 0,1167 \cdot 100 \approx 11,67\% $

---

### Antwort:
Die **experimentelle Wahrscheinlichkeit**, eine 3 zu würfeln, beträgt  
**$ \frac{7}{60} $** oder ungefähr **11,67%**.

Falls du noch Fragen hast, z. B. wie das mit anderen Wahrscheinlichkeiten zusammenhängt (theoretisch vs. experimentell), sag einfach Bescheid! 😊"
"Data frequencies and probabilities","Understanding probabilities","F","Eine Münze wird zweimal geworfen. Wie hoch ist die Wahrscheinlichkeit, genau einmal Kopf zu erhalten?","Um die Aufgabe **„Eine Münze wird zweimal geworfen. Wie hoch ist die Wahrscheinlichkeit, genau einmal Kopf zu erhalten?“** zu lösen, gehen wir Schritt für Schritt vor:

---

### 🔍 1. **Verstehe den Ergebnisraum (alle möglichen Ausgänge)**

Bei einem Münzwurf gibt es zwei mögliche Ergebnisse:
- **Kopf (K)**
- **Zahl (Z)**

Da die Münze **zweimal geworfen** wird, sind alle möglichen Kombinationen:

| Wurf 1 | Wurf 2 | Ereignis |
|--------|--------|----------|
| K      | K      | KK       |
| K      | Z      | KZ       |
| Z      | K      | ZK       |
| Z      | Z      | ZZ       |

➡️ Es gibt also **4 mögliche Ergebnisse**:  
**{KK, KZ, ZK, ZZ}**

---

### 🎯 2. **Finde die günstigen Ereignisse**

Gesucht ist die Wahrscheinlichkeit für **genau einmal Kopf**, also:
- Insgesamt **einmal K** und **einmal Z**, Reihenfolge egal.

Schau dir die Liste an:
- **KZ** → ein Kopf ✅
- **ZK** → ein Kopf ✅
- **KK** → zwei Köpfe ❌
- **ZZ** → kein Kopf ❌

Also sind **2 Ereignisse günstig**: **KZ, ZK**

---

### 🧮 3. **Berechne die Wahrscheinlichkeit**

Die Formel für die Wahrscheinlichkeit lautet:

$$
P(\text{Ereignis}) = \frac{\text{Anzahl der günstigen Ereignisse}}{\text{Anzahl aller möglichen Ereignisse}}
$$

Einsetzen:

$$
P(\text{genau einmal Kopf}) = \frac{2}{4} = \frac{1}{2}
$$

---

### ✅ **Antwort: Die Wahrscheinlichkeit beträgt ½ oder 50%.**

---

Wenn du willst, kann ich dir auch zeigen, wie man das mit der **Binomialverteilung** berechnet – das ist eine andere Methode, die besonders bei mehr Würfen hilfreich ist. Sag einfach Bescheid! 😊"
"Data frequencies and probabilities","Understanding probabilities","F","Zwei Würfel werden geworfen. Wie hoch ist die Wahrscheinlichkeit, dass die Augenzahl der beiden Würfel zusammen 9 ergibt?","Um die Wahrscheinlichkeit zu berechnen, dass die **Summe der Augenzahlen zweier Würfel 9 ergibt**, gehen wir Schritt für Schritt vor:

---

### 🔢 **1. Anzahl aller möglichen Ergebnisse**
Beim Werfen von zwei Würfeln gibt es für jeden Würfel **6 Seiten** (Augenzahlen 1 bis 6).  
Also ergeben sich insgesamt:

$$
6 \times 6 = 36 \quad \text{mögliche Ergebnisse}
$$

---

### 🎯 **2. Günstige Ereignisse (Paare mit Summe 9)**
Jetzt schaust du dir alle Kombinationen an, bei denen die **Summe der beiden Würfel 9 ist**:

- (3, 6) → 3 + 6 = 9  
- (4, 5) → 4 + 5 = 9  
- (5, 4) → 5 + 4 = 9  
- (6, 3) → 6 + 3 = 9  

Das sind also **4 günstige Paare**.

> Hinweis: Die Reihenfolge spielt eine Rolle, weil die Würfe unterscheidbar sind (z.B. ""erster Würfel"" und ""zweiter Würfel"").

---

### 📊 **3. Berechnung der Wahrscheinlichkeit**

Die Wahrscheinlichkeit $ P $ eines Ereignisses ist definiert als:

$$
P = \frac{\text{Anzahl der günstigen Ereignisse}}{\text{Anzahl aller möglichen Ereignisse}}
$$

Einsetzen:

$$
P = \frac{4}{36} = \frac{1}{9}
$$

---

### ✅ **Ergebnis**
Die Wahrscheinlichkeit, dass die Summe der Augenzahlen **9** ergibt, ist:

$$
\boxed{\frac{1}{9}} \quad \text{(oder etwa } \approx 11,\!1\%)
$$

Wenn du willst, kann ich dir auch zeigen, wie man das für andere Summen berechnet oder wie man es grafisch darstellt (z.B. in einer Tabelle)."
"Data frequencies and probabilities","Understanding probabilities","F","Gegeben seien die Wahrscheinlichkeiten P(A) = 0,6 und P(B) = 0,3. Wenn A und B unabhängig sind, berechne die Wahrscheinlichkeit P(A und B).","Um die Wahrscheinlichkeit **P(A und B)** zu berechnen, wenn die Ereignisse **A** und **B** **unabhängig** voneinander sind, verwendest du die **Multiplikationsregel für unabhängige Ereignisse**.

### Regel:
Wenn zwei Ereignisse **A** und **B** unabhängig sind, dann gilt:

$$
P(A \text{ und } B) = P(A) \cdot P(B)
$$

### Gegeben:
- $ P(A) = 0{,}6 $
- $ P(B) = 0{,}3 $

### Berechnung:
$$
P(A \text{ und } B) = 0{,}6 \cdot 0{,}3 = 0{,}18
$$

### Antwort:
Die Wahrscheinlichkeit von **A und B** ist **0,18** (oder 18%).

Falls du noch weitere Aufgaben dazu hast oder dir der Unterschied zwischen abhängigen und unabhängigen Ereignissen unklar ist, helfe ich dir gerne weiter! 😊"
"Data frequencies and probabilities","Understanding probabilities","F","Ein Spiel wirbt mit einer Gewinnchance von 1 zu 500. Wie lautet diese Wahrscheinlichkeit als Dezimalzahl?","Um die Gewinnchance von **1 zu 500** in eine **Dezimalzahl** umzurechnen, musst du sie einfach als Bruch schreiben und diesen ausrechnen.

### Schritt für Schritt:

Die Aussage „1 zu 500“ bedeutet:  
Du hast **1 Gewinnchance von insgesamt 500 möglichen Ergebnissen**.

Das entspricht dem Bruch:

$$
\frac{1}{500}
$$

Jetzt teilst du 1 durch 500:

$$
\frac{1}{500} = 0{,}002
$$

### ✅ Antwort:
Die Wahrscheinlichkeit beträgt als Dezimalzahl: **0,002**

Wenn du willst, kannst du das auch in Prozent angeben:  
$$
0{,}002 \cdot 100 = 0{,}2\,\%
$$

Aber da die Frage explizit nach der Dezimalzahl fragt, ist **0,002** die gesuchte Lösung. 😊"
"Data frequencies and probabilities","Understanding probabilities","F","Eine Karte wird aus einem Standarddeck gezogen. Wie hoch ist die Wahrscheinlichkeit, dass es sich um eine Bildkarte oder ein Herz handelt?","Um die Wahrscheinlichkeit zu berechnen, dass eine zufällig gezogene Karte aus einem Standarddeck **eine Bildkarte oder ein Herz** ist, verwenden wir die **Wahrscheinlichkeitsrechnung**, insbesondere das **Prinzip der Addition von Wahrscheinlichkeiten**.

---

### 🔢 Grundlagen:
Ein **Standard-Spielkartendeck** hat:

- **52 Karten**
- **4 Farben**: Pik, Kreuz, Karo, Herz (jeweils 13 Karten)
- **Bildkarten**: Bube (Jack), Dame (Queen), König – also **3 pro Farbe**, insgesamt **12 Bildkarten**

---

## ✅ Schritt-für-Schritt-Lösung:

Wir wollen die Wahrscheinlichkeit für:

> Es wird eine **Bildkarte ODER ein Herz** gezogen.

Das bedeutet: Wir brauchen die Wahrscheinlichkeit der **Vereinigung zweier Ereignisse**:

$$
P(\text{Bildkarte} \cup \text{Herz}) = P(\text{Bildkarte}) + P(\text{Herz}) - P(\text{Bildkarte und Herz})
$$

---

### 1. Wahrscheinlichkeit für eine Bildkarte:
Es gibt **12 Bildkarten** in einem Deck mit 52 Karten:

$$
P(\text{Bildkarte}) = \frac{12}{52}
$$

---

### 2. Wahrscheinlichkeit für eine Herzkarte:
Es gibt **13 Herzkarten**:

$$
P(\text{Herz}) = \frac{13}{52}
$$

---

### 3. Wahrscheinlichkeit für eine Karte, die **gleichzeitig Bildkarte und Herz** ist:
In den Herzkarten gibt es auch 3 Bildkarten: Herzbube, Herzdame, Herz König:

$$
P(\text{Bildkarte und Herz}) = \frac{3}{52}
$$

---

### 4. Jetzt alles zusammenrechnen:

$$
P(\text{Bildkarte} \cup \text{Herz}) = \frac{12}{52} + \frac{13}{52} - \frac{3}{52} = \frac{22}{52}
$$

Kürzen:

$$
\frac{22}{52} = \frac{11}{26}
$$

---

## 🎯 Endergebnis:
Die Wahrscheinlichkeit, dass die gezogene Karte **eine Bildkarte oder ein Herz** ist, beträgt:

$$
\boxed{\frac{11}{26}} \quad \text{oder etwa } \boxed{42{,}3\%}
$$

---

Wenn du möchtest, kann ich dir das auch anhand eines Baumdiagramms oder mit weiteren Beispielen erklären 😊"
"Data frequencies and probabilities","Understanding probabilities","F","In einem Sack befinden sich 10 blaue, 5 rote und 5 grüne Bälle. Wie hoch ist die Wahrscheinlichkeit, keinen blauen Ball zu ziehen?","Um die Wahrscheinlichkeit zu berechnen, **keinen blauen Ball** aus dem Sack zu ziehen, gehen wir Schritt für Schritt vor:

---

### 🔢 Gegebene Daten:
- **10 blaue Bälle**
- **5 rote Bälle**
- **5 grüne Bälle**

Das bedeutet insgesamt:

$$
10 + 5 + 5 = 20 \text{ Bälle}
$$

---

### 🎯 Ziel:
Wahrscheinlichkeit **eines nicht-blauen Balles** ziehen.

Nicht-blaue Bälle sind:  
- 5 rote  
- 5 grüne  

→ Also insgesamt:  
$$
5 + 5 = 10 \text{ nicht-blaue Bälle}
$$

---

### ✅ Wahrscheinlichkeit berechnen:

Die Wahrscheinlichkeit $ P $ ist definiert als:

$$
P(\text{kein blauer Ball}) = \frac{\text{Anzahl der günstigen Ereignisse}}{\text{Gesamtzahl der möglichen Ereignisse}}
$$

Also:

$$
P = \frac{10}{20} = \frac{1}{2}
$$

---

### 🧾 Ergebnis:
Die Wahrscheinlichkeit, **keinen blauen Ball** zu ziehen, beträgt:

$$
\boxed{\frac{1}{2}} \quad \text{oder} \quad \boxed{50\%}
$$

---

Wenn du möchtest, kann ich dir auch erklären, wie es weitergeht, wenn z. B. mehrere Bälle gezogen werden oder mit/ohne Zurücklegen – sag einfach Bescheid! 😊"
"Data frequencies and probabilities","Understanding probabilities","G","In einer Gruppe von 20 Schülern nehmen 12 am Matheunterricht teil, 7 am Naturwissenschaftsunterricht und 5 nehmen an beiden Fächern teil. Bestimme P(Mathematik ∪ Naturwissenschaften).","Um die Wahrscheinlichkeit $ P(\text{Mathematik} \cup \text{Naturwissenschaften}) $ zu berechnen, also die Wahrscheinlichkeit, dass ein zufällig ausgewählter Schüler **entweder am Mathematikunterricht oder am Naturwissenschaftsunterricht oder an beiden** teilnimmt, gehen wir wie folgt vor:

---

### Gegebene Informationen:

- Gesamtzahl der Schüler: $ 20 $
- Anzahl der Schüler, die am **Mathematikunterricht** teilnehmen: $ |M| = 12 $
- Anzahl der Schüler, die am **Naturwissenschaftsunterricht** teilnehmen: $ |N| = 7 $
- Anzahl der Schüler, die an **beiden** Fächern teilnehmen: $ |M \cap N| = 5 $

---

### Ziel:
Berechne die Wahrscheinlichkeit, dass ein Schüler in der Menge $ M \cup N $ ist, also entweder nur Mathe, nur Naturwissenschaften oder beides besucht.

Dazu verwenden wir die **Additionsregel der Mengenlehre**:

$$
|M \cup N| = |M| + |N| - |M \cap N|
$$

Setze die Werte ein:

$$
|M \cup N| = 12 + 7 - 5 = 14
$$

Das bedeutet, **14 von 20 Schülern** nehmen an mindestens einem der beiden Fächer teil.

---

### Jetzt berechnen wir die Wahrscheinlichkeit:

$$
P(M \cup N) = \frac{|M \cup N|}{\text{Gesamtzahl}} = \frac{14}{20} = \frac{7}{10}
$$

---

### ✅ Endgültige Antwort:

$$
\boxed{\frac{7}{10}}
$$

Das ist die Wahrscheinlichkeit, dass ein zufällig ausgewählter Schüler entweder am Mathematikunterricht, am Naturwissenschaftsunterricht oder an beiden teilnimmt."
"Data frequencies and probabilities","Understanding probabilities","G","Nutze die Additionsregel: P(A) = 0,4, P(B) = 0,3, P(A ∩ B) = 0,1; bestimme P(A ∪ B).","Klar! Um die Wahrscheinlichkeit von $ P(A \cup B) $ zu berechnen, also die Wahrscheinlichkeit, dass **entweder Ereignis A oder Ereignis B** eintritt (oder beide zusammen), verwendest du die **Additionsregel der Wahrscheinlichkeitsrechnung**:

$$
P(A \cup B) = P(A) + P(B) - P(A \cap B)
$$

Das ist notwendig, weil $ P(A) + P(B) $ den Schnitt $ P(A \cap B) $ doppelt zählt – deshalb ziehen wir ihn einmal wieder ab.

---

### Gegeben:
- $ P(A) = 0{,}4 $
- $ P(B) = 0{,}3 $
- $ P(A \cap B) = 0{,}1 $

---

### Einsetzen in die Formel:

$$
P(A \cup B) = 0{,}4 + 0{,}3 - 0{,}1
$$

$$
P(A \cup B) = 0{,}6
$$

---

### ✅ Ergebnis:
$$
\boxed{0{,}6}
$$

Das bedeutet: Die Wahrscheinlichkeit, dass **A oder B** eintritt, beträgt **60 %**."
"Data frequencies and probabilities","Understanding probabilities","G","Eine Box enthält 4 grüne, 3 rote und 2 gelbe Murmeln; zwei werden ohne Zurücklegen gezogen. Berechne die Wahrscheinlichkeit, dass zuerst eine grüne und dann eine rote Murmel gezogen wird.","Um diese Wahrscheinlichkeitsaufgabe zu lösen, betrachten wir Schritt für Schritt die Situation:

---

### **Gegeben:**
- 4 grüne Murmeln  
- 3 rote Murmeln  
- 2 gelbe Murmeln  
- **Gesamt:** $ 4 + 3 + 2 = 9 $ Murmeln  
- Es werden **zwei Murmeln nacheinander ohne Zurücklegen** gezogen.  
- Gesucht ist die Wahrscheinlichkeit, dass **zuerst eine grüne und dann eine rote Murmel** gezogen wird.

---

### **Schritt 1: Wahrscheinlichkeit, dass die erste Murmel grün ist**

Beim ersten Zug gibt es insgesamt 9 Murmeln, davon sind 4 grün:

$$
P(\text{erste Murmel ist grün}) = \frac{4}{9}
$$

---

### **Schritt 2: Wahrscheinlichkeit, dass die zweite Murmel rot ist (wenn die erste grün war)**

Da wir die erste Murmel nicht zurücklegen, bleiben jetzt nur noch **8 Murmeln** übrig. Die Anzahl der roten Murmeln bleibt unverändert bei 3.

$$
P(\text{zweite Murmel ist rot} \mid \text{erste war grün}) = \frac{3}{8}
$$

---

### **Schritt 3: Gesamtwahrscheinlichkeit berechnen**

Die Gesamtwahrscheinlichkeit dafür, dass **erst eine grüne und dann eine rote Murmel** gezogen wird, ergibt sich durch Multiplikation der beiden Einzelwahrscheinlichkeiten:

$$
P(\text{grün dann rot}) = \frac{4}{9} \cdot \frac{3}{8} = \frac{12}{72} = \frac{1}{6}
$$

---

### ✅ **Antwort:**
Die Wahrscheinlichkeit, dass zuerst eine grüne und dann eine rote Murmel gezogen wird, ist:

$$
\boxed{\frac{1}{6}}
$$"
"Data frequencies and probabilities","Understanding probabilities","G","In einer Umfrage geben 35% an, Kaffee zu mögen, 45% Tee und 20% beide Getränke. Berechne die Wahrscheinlichkeit, dass jemand weder Kaffee noch Tee mag.","Um die Wahrscheinlichkeit zu berechnen, dass jemand **weder Kaffee noch Tee mag**, müssen wir zunächst verstehen, wie viele Personen **insgesamt** Kaffee oder Tee mögen – also die Vereinigung der beiden Mengen (Kaffee- und Teetrinker).

### Gegeben:
- Prozentzahl der Kaffeetrinker: **35%**  
- Prozentzahl der Teetrinker: **45%**  
- Prozentzahl der Personen, die **beides** mögen: **20%**

Wir verwenden die **Additionsregel der Wahrscheinlichkeit** für die Vereinigung zweier Ereignisse:

$$
P(K \cup T) = P(K) + P(T) - P(K \cap T)
$$

Dabei:
- $ P(K) = 0{,}35 $
- $ P(T) = 0{,}45 $
- $ P(K \cap T) = 0{,}20 $

Einsetzen:

$$
P(K \cup T) = 0{,}35 + 0{,}45 - 0{,}20 = 0{,}60
$$

Das bedeutet: **60%** der Befragten mögen entweder Kaffee, Tee oder beides.

---

### Gesucht: Wahrscheinlichkeit, dass jemand **weder Kaffee noch Tee** mag.

Das ist das **Gegenereignis** von $ P(K \cup T) $:

$$
P(\text{weder Kaffee noch Tee}) = 1 - P(K \cup T) = 1 - 0{,}60 = 0{,}40
$$

---

### ✅ Antwort:
Die Wahrscheinlichkeit, dass jemand weder Kaffee noch Tee mag, beträgt **40%**."
"Data frequencies and probabilities","Understanding probabilities","H","Eine Fabrik hat 3 Maschinen, die Produkte mit Fehlerquoten von 2%, 4% und 5% herstellen. Berechne die Gesamtrate an fehlerhaften Produkten, wenn die Maschinen jeweils 40%, 35% und 25% der Gesamtproduktion ausmachen.","Um die **Gesamtrate an fehlerhaften Produkten** zu berechnen, musst du sowohl die **Fehlerquoten der einzelnen Maschinen** als auch den **Anteil**, den jede Maschine an der Gesamtproduktion hat, berücksichtigen.

### Gegeben:

| Maschine | Fehlerquote | Anteil an Gesamtproduktion |
|----------|-------------|-----------------------------|
| M1       | 2% = 0.02   | 40% = 0.4                   |
| M2       | 4% = 0.04   | 35% = 0.35                  |
| M3       | 5% = 0.05   | 25% = 0.25                  |

---

### Schritt-für-Schritt-Verfahren:

Du berechnest für **jede Maschine** den **anteiligen Beitrag zur Gesamtfehlerquote** durch Multiplikation von Fehlerquote und Produktionsanteil:

#### 1. Fehlerbeitrag von Maschine 1:
$$
0.02 \cdot 0.4 = 0.008
$$

#### 2. Fehlerbeitrag von Maschine 2:
$$
0.04 \cdot 0.35 = 0.014
$$

#### 3. Fehlerbeitrag von Maschine 3:
$$
0.05 \cdot 0.25 = 0.0125
$$

---

### 4. Summe aller Beiträge = Gesamtfehlerquote:

$$
0.008 + 0.014 + 0.0125 = 0.0345
$$

---

### 5. Umrechnung in Prozent:

$$
0.0345 = 3.45\%
$$

---

### ✅ **Antwort:**
Die **Gesamtrate an fehlerhaften Produkten beträgt 3.45%**.

Das bedeutet: Insgesamt sind 3,45% aller produzierten Produkte fehlerhaft, wenn man alle drei Maschinen mit ihren jeweiligen Fehlerraten und Produktionsanteilen berücksichtigt."
"Data frequencies and probabilities","Understanding probabilities","H","Eine Charge hat eine Fehlerrate von 5 %. Bestimmen Sie die Wahrscheinlichkeit, dass in einer zufällig ausgewählten Stichprobe von 4 Stück keines defekt ist.","Um diese Matheaufgabe zu lösen, verwenden wir die **Binomialverteilung**, da du hier mehrere unabhängige Versuche (in diesem Fall: 4 Stück aus einer Charge ziehen) mit zwei möglichen Ergebnissen (defekt oder nicht defekt) hast.

---

### 📌 Gegeben:
- Fehlerrate = 5 % → also ist die Wahrscheinlichkeit, dass ein Teil **defekt** ist:  
  $ p = 0{,}05 $
- Damit ist die Wahrscheinlichkeit, dass ein Teil **nicht defekt** ist:  
  $ q = 1 - p = 1 - 0{,}05 = 0{,}95 $
- Stichprobengröße: $ n = 4 $
- Gesucht: Wahrscheinlichkeit, dass **keines** der 4 Teile defekt ist, also $ P(X = 0) $

---

### ✅ Binomiale Formel:

$$
P(X = k) = \binom{n}{k} \cdot p^k \cdot (1 - p)^{n - k}
$$

Für $ X = 0 $ (also kein Defekt):

$$
P(X = 0) = \binom{4}{0} \cdot (0{,}05)^0 \cdot (0{,}95)^4
$$

$$
= 1 \cdot 1 \cdot (0{,}95)^4 = (0{,}95)^4
$$

---

### 🔢 Berechnung:

$$
(0{,}95)^4 = 0{,}81450625
$$

---

### 🧾 Ergebnis:

Die Wahrscheinlichkeit, dass in einer zufällig ausgewählten Stichprobe von **4 Stück keines defekt ist**, beträgt etwa:

$$
\boxed{0{,}8145} \quad \text{(bzw. } \boxed{81{,}45\,\%})
$$

---

Wenn du magst, kann ich dir auch erklären, wie man das mit einem Taschenrechner oder in Excel berechnet."
"Data frequencies and probabilities","Understanding probabilities","H","Schätze den erwarteten Wert eines Lotterietickets, das 2 € kostet und eine Chance von 1⁄1000 hat, 500 € zu gewinnen.","Um den **Erwartungswert** eines Lotterietickets zu berechnen, musst du alle möglichen Ergebnisse mit ihren jeweiligen **Wahrscheinlichkeiten** multiplizieren und dann zusammenzählen.

---

### 📌 Gegeben:

- Preis des Tickets: 2 € (das ist deine **Kosten**, egal ob du gewinnst oder nicht)
- Gewinn: 500 €
- Wahrscheinlichkeit zu gewinnen: $ \frac{1}{1000} $
- Wahrscheinlichkeit zu verlieren: $ 1 - \frac{1}{1000} = \frac{999}{1000} $

---

### ✅ Schritt 1: Berechne den Erwartungswert des Gewinns

Du betrachtest zunächst nur den **Gewinn**, also ohne Abzug der Kosten:

$$
E(\text{Gewinn}) = (\text{Wahrscheinlichkeit zu gewinnen} \times \text{Gewinnbetrag}) + (\text{Wahrscheinlichkeit zu verlieren} \times 0)
$$

$$
E(\text{Gewinn}) = \left( \frac{1}{1000} \cdot 500 \right) + \left( \frac{999}{1000} \cdot 0 \right) = \frac{500}{1000} = 0.50 \, \text{€}
$$

---

### ✅ Schritt 2: Ziehe die Kosten ab

Das Ticket kostet dich immer 2 € – unabhängig davon, ob du gewinnst oder nicht. Daher ziehst du diese vom erwarteten Gewinn ab:

$$
E(\text{Ticket}) = E(\text{Gewinn}) - \text{Kosten} = 0.50\,€ - 2.00\,€ = -1.50\,€
$$

---

### 🎯 Ergebnis:

Der **Erwartungswert des Lotterietickets beträgt -1,50 €**.

Das bedeutet:
- Im Durchschnitt **verlierst du 1,50 € pro gekauftem Ticket**.
- Du zahlst also im Mittel mehr, als du erwarten kannst zurückzugewinnen.

---

Wenn du willst, kann ich dir auch erklären, was das für Glücksspiele allgemein bedeutet 😊"
"Data frequencies and probabilities","Understanding probabilities","H","Wenn die Wahrscheinlichkeit, dass eine Maschine an einem Tag ausfällt, 0,01 beträgt, wie hoch ist die Wahrscheinlichkeit, dass sie 100 Tage ohne Ausfall funktioniert?","Diese Aufgabe bezieht sich auf **Wahrscheinlichkeiten bei unabhängigen Ereignissen**. Du willst wissen, wie hoch die Wahrscheinlichkeit ist, dass eine Maschine **100 Tage lang nicht ausfällt**, wenn die tägliche Ausfallwahrscheinlichkeit **0,01** beträgt.

---

### 🔍 Gegeben:
- Tägliche **Ausfallwahrscheinlichkeit**: $ P(\text{Ausfall}) = 0{,}01 $
- Tägliche **Wahrscheinlichkeit, dass keine Ausfall eintritt (also funktioniert)**:  
  $$
  P(\text{funktioniert}) = 1 - 0{,}01 = 0{,}99
  $$

---

### 🧠 Idee:
Die Maschine soll **100 Tage hintereinander funktionieren**, also **kein Ausfall an jedem der 100 Tage**. Wenn die Tage **unabhängig voneinander** sind (was in der Aufgabenstellung stillschweigend angenommen wird), dann multiplizierst du einfach die Einzelwahrscheinlichkeiten:

$$
P(\text{100 Tage ohne Ausfall}) = 0{,}99^{100}
$$

---

### 📐 Berechnung:
Du kannst das mit einem Taschenrechner oder z. B. in Excel/Google Sheets berechnen:

$$
0{,}99^{100} \approx 0{,}366
$$

---

### ✅ Ergebnis:
Die Wahrscheinlichkeit, dass die Maschine **100 Tage lang ohne Ausfall funktioniert**, beträgt ungefähr **36,6 %**.

---

### 💬 Zusammenfassung:
- Tägliche Funktionierwahrscheinlichkeit: 0,99
- Für 100 Tage: $ 0{,}99^{100} \approx 0{,}366 $
- Also: **ca. 36,6 % Wahrscheinlichkeit**

Wenn du magst, kann ich dir auch zeigen, wie man das näherungsweise mit der **Exponentialfunktion** berechnen kann – das ist besonders nützlich bei großen Exponenten!"
"Data frequencies and probabilities","Combinatorics","B","Färbe alle unterschiedlichen Möglichkeiten ein, um rote, blaue und gelbe Blöcke anzuordnen.","Klar! Die Aufgabe lautet: **„Färbe alle unterschiedlichen Möglichkeiten ein, um rote, blaue und gelbe Blöcke anzuordnen.“**

Das bedeutet, du sollst **alle möglichen Reihenfolgen (Permutationen)** von drei verschiedenen Farben darstellen. Es geht also darum, alle Anordnungen der drei Farben **rot (R), blau (B) und gelb (G)** zu finden.

---

### 🧠 Schritt 1: Verstehe die Aufgabe

Du hast **drei verschiedene Blöcke** in den Farben:

- Rot (z. B. R)
- Blau (z. B. B)
- Gelb (z. B. G)

Du willst sie **in einer Reihe anordnen**, z. B. so:
```
R - B - G
```

Jede andere Reihenfolge ist eine **andere Möglichkeit**. Deine Aufgabe ist es, **alle diese Reihenfolgen zu finden und einzufärben oder aufzumalen**.

---

### 🔢 Schritt 2: Wie viele Möglichkeiten gibt es?

Wenn du drei verschiedene Dinge hast, dann gibt es insgesamt  
**3! = 3 × 2 × 1 = 6 verschiedene Anordnungen.**

---

### ✏️ Schritt 3: Liste alle Möglichkeiten auf

Hier sind alle Permutationen (Anordnungen) der drei Farben:

1. R - B - G  
2. R - G - B  
3. B - R - G  
4. B - G - R  
5. G - R - B  
6. G - B - R  

---

### 🎨 Schritt 4: Färbe sie ein

Wenn du das auf einem Arbeitsblatt machst, wirst du wahrscheinlich **sechs kleine Reihen mit jeweils drei Kästchen oder Blöcken** haben. In jedem Tripel (Dreier-Reihe) färbst du die Blöcke dann in einer anderen Reihenfolge ein – entsprechend den oben genannten Möglichkeiten.

Beispiel für eine Zeile:
- Erster Block: Rot
- Zweiter Block: Blau
- Dritter Block: Gelb

Und dann machst du das für alle 6 Kombinationen.

---

### 📌 Tipps:

- Nutze Abkürzungen wie R, B, G, um dir die Reihenfolgen vorzuschreiben, bevor du färbst.
- Stelle sicher, dass keine Reihenfolge doppelt vorkommt.
- Du kannst auch Farbstifte verwenden, um die Blöcke farbig darzustellen.

---

Wenn du magst, kann ich dir auch ein Musterbild oder eine Tabelle zeigen, wie das am Ende aussehen könnte – sag einfach Bescheid! 😊"
"Data frequencies and probabilities","Combinatorics","B","Zeichne alle Möglichkeiten, eine Flagge mit 2 Streifen in rot und blau zu färben.","Klar! Die Aufgabe lautet: **„Zeichne alle Möglichkeiten, eine Flagge mit 2 Streifen in rot und blau zu färben.“**

### Schritt 1: Verstehe die Aufgabe
Du sollst dir vorstellen, wie man eine Flagge gestalten kann, die aus **zwei horizontalen oder vertikalen Streifen** besteht. Jeder Streifen darf entweder **rot** oder **blau** sein.

Es gibt also **zwei Farben (rot und blau)** und **zwei Bereiche (Streifen), die du einfärben darfst**.

---

### Schritt 2: Wie viele verschiedene Flaggen sind möglich?

Für jeden der beiden Streifen hast du **2 Farboptionen**: rot oder blau.

Also insgesamt:
- Streifen 1: rot oder blau
- Streifen 2: rot oder blau

Das ergibt:
$$
2 \times 2 = 4 \text{ mögliche Kombinationen}
$$

---

### Schritt 3: Liste alle Kombinationen auf

1. **Oben rot, unten blau**  
   (oder links rot, rechts blau – je nachdem, ob die Streifen **horizontal** oder **vertikal** sind)

2. **Oben blau, unten rot**  
   (oder links blau, rechts rot)

3. **Oben rot, unten rot**  
   (beide Streifen rot)

4. **Oben blau, unten blau**  
   (beide Streifen blau)

---

### Schritt 4: Zeichnen der Flaggen (Beschreibung)

Da du hier nicht direkt zeichnen kannst, kannst du dir das so vorstellen:

#### Möglichkeit 1:
```
|----------|
|    Rot   |
|----------|
|   Blau   |
|----------|
```

#### Möglichkeit 2:
```
|----------|
|   Blau   |
|----------|
|   Rot    |
|----------|
```

#### Möglichkeit 3:
```
|----------|
|   Rot    |
|----------|
|   Rot    |
|----------|
```

#### Möglichkeit 4:
```
|----------|
|   Blau   |
|----------|
|   Blau   |
|----------|
```

Wenn du die Flagge mit **vertikalen** Streifen meinst (also nebeneinander statt übereinander), dann siehst du zwei nebeneinander liegende Felder, z.B.:

```
|----|----|
|Rot |Blau|
|----|----|
```

Aber egal ob horizontal oder vertikal – die Anzahl der Kombinationen bleibt gleich (4 Stück).

---

### Fazit:
Du musst **vier verschiedene Flaggen** zeichnen, wobei jeder Streifen entweder rot oder blau ist. Es gibt insgesamt **4 verschiedene Kombinationen**, da es zwei Farben und zwei Streifen gibt.

Wenn du willst, kann ich dir auch eine Skizze als Textgrafik für horizontale oder vertikale Streifen zeigen. Sag einfach Bescheid! 🎨"
"Data frequencies and probabilities","Combinatorics","B","Auf wie viele Arten kannst du 3 Würfel: A, B, C anordnen?","Klar! Lass uns die Aufgabe Schritt für Schritt durchgehen:

---

### **Aufgabe:**  
**„Auf wie viele Arten kannst du 3 Würfel: A, B, C anordnen?“**

Das bedeutet im Grunde:  
**Wie viele verschiedene Reihenfolgen (Anordnungen) gibt es, wenn du drei unterschiedliche Würfel (A, B und C) in einer Reihe hinlegst?**

---

### **Beispiel-Anordnungen:**
- A B C  
- A C B  
- B A C  
- B C A  
- C A B  
- C B A  

Jede dieser Anordnungen ist eine **Permutation** der drei Würfel.

---

### **Lösungsschritte:**

Da die Reihenfolge hier wichtig ist und alle Würfel **unterschiedlich** sind, handelt es sich um das Berechnen von **Permutationen ohne Wiederholung**.

#### **Formel für die Anzahl der Permutationen von n verschiedenen Objekten:**
$$
\text{Anzahl} = n!
$$

Dabei ist „n!“ die **Fakultät** von n, also:
$$
n! = n \cdot (n-1) \cdot (n-2) \cdot \ldots \cdot 2 \cdot 1
$$

In deinem Fall hast du 3 Würfel → n = 3  
Also:
$$
3! = 3 \cdot 2 \cdot 1 = 6
$$

---

### ✅ **Antwort:**
Es gibt **6 verschiedene Arten**, die Würfel A, B und C anzuordnen.

---

Wenn du willst, kann ich dir auch zeigen, wie man alle möglichen Anordnungen systematisch aufschreibt. Sag einfach Bescheid! 🎲"
"Data frequencies and probabilities","Combinatorics","C","Wie viele Outfits kannst du mit 2 Hemden und 3 Hosen zusammenstellen?","Klar! Diese Aufgabe ist ein klassisches Beispiel für **Kombinatorik**, genauer gesagt für das **Multiplizieren von Möglichkeiten**.

---

### Gegeben:
- 2 Hemden
- 3 Hosen

Jedes Outfit besteht aus **1 Hemd und 1 Hose**.

---

### Schritt-für-Schritt-Erklärung:

1. Du hast **2 verschiedene Hemden** – sagen wir einmal ein weißes und ein blaues.
2. Dazu hast du **3 verschiedene Hosen** – z. B. eine schwarze, eine graue und eine beige.

Für **jedes Hemd** kannst du dir **jede der 3 Hosen** aussuchen.

Also:

- Mit dem ersten Hemd (z. B. weiß) kannst du 3 verschiedene Outfits machen:  
  weiß + schwarz, weiß + grau, weiß + beige → 3 Kombinationen

- Mit dem zweiten Hemd (z. B. blau) kannst du auch wieder 3 Outfits machen:  
  blau + schwarz, blau + grau, blau + beige → 3 Kombinationen

---

### Rechnung:

Anzahl der Hemden × Anzahl der Hosen  
= 2 × 3  
= **6 mögliche Outfits**

---

### Fazit:
Du kannst mit 2 Hemden und 3 Hosen insgesamt **6 verschiedene Outfits** zusammenstellen.

Wenn du willst, kann ich dir die Kombinationen auch aufschreiben 😊"
"Data frequencies and probabilities","Combinatorics","C","Auf wie viele verschiedene Arten kannst du 2 Schüler aus einer Gruppe von 4 aufstellen?","Diese Aufgabe ist ein klassisches Beispiel aus der **Kombinatorik** – genauer gesagt geht es darum, **wie viele verschiedene Möglichkeiten es gibt, 2 Schüler aus einer Gruppe von 4 auszuwählen**.

---

### 🔍 Schritt 1: Verstehe die Fragestellung

Du sollst **2 Schüler aus 4 auswählen**, aber **die Reihenfolge spielt hier keine Rolle**.  
Das bedeutet: Wenn du z. B. Anna und Bernd auswählst, dann ist das dieselbe Auswahl wie Bernd und Anna.

Wenn die Reihenfolge **keine Rolle** spielt, spricht man in der Mathematik von einer **Kombination** (im Gegensatz zu einer Variation oder Permutation).

---

### 🧮 Schritt 2: Benutze die Kombinationsformel

Um die Anzahl an möglichen Kombinationen ohne Berücksichtigung der Reihenfolge zu berechnen, verwendest du folgende Formel:

$$
\binom{n}{k} = \frac{n!}{k!(n-k)!}
$$

- $ n $ ist die Gesamtanzahl (hier 4 Schüler)
- $ k $ ist die Anzahl der ausgewählten Elemente (hier 2 Schüler)

---

### 📐 Schritt 3: Setze die Werte ein

$$
\binom{4}{2} = \frac{4!}{2!(4-2)!} = \frac{4!}{2! \cdot 2!}
$$

Jetzt rechnen wir das aus:

$$
4! = 4 \cdot 3 \cdot 2 \cdot 1 = 24 \\
2! = 2 \cdot 1 = 2
$$

Einsetzen:

$$
\frac{24}{2 \cdot 2} = \frac{24}{4} = 6
$$

---

### ✅ Antwort:

Es gibt **6 verschiedene Möglichkeiten**, 2 Schüler aus einer Gruppe von 4 auszuwählen.

---

### 🧾 Zusatz: Liste der Möglichkeiten (zur Veranschaulichung)

Nehmen wir an, die Schüler heißen: **A, B, C, D**

Die möglichen Paare wären:
1. A und B  
2. A und C  
3. A und D  
4. B und C  
5. B und D  
6. C und D  

→ Das sind tatsächlich **6 verschiedene Paare**.

---

Falls du noch mehr solcher Aufgaben hast, helfe ich dir gerne weiter! 😊"
"Data frequencies and probabilities","Combinatorics","C","Verwende das Zählprinzip: 5 T-Shirts, 2 Hosen und 3 Paar Schuhe – wie viele verschiedene Outfits kannst du damit zusammenstellen?","Klar! Diese Aufgabe löst du mit dem **Zählprinzip**, auch **Multiplikationsregel der Kombinatorik** genannt.

### 📌 Die Idee:
Wenn du mehrere **unabhängige Auswahlmöglichkeiten** hast, kannst du die **Gesamtzahl der möglichen Kombinationen** berechnen, indem du einfach die Anzahlen der einzelnen Möglichkeiten miteinander **multiplizierst**.

---

### 🔢 Gegeben:
- 5 verschiedene T-Shirts
- 2 verschiedene Hosen
- 3 verschiedene Paar Schuhe

Für **jedes Outfit** wählst du:
- 1 T-Shirt **aus 5** aus,
- 1 Hose **aus 2** aus,
- 1 Paar Schuhe **aus 3** aus.

---

### ✅ Lösung:
Du multiplizierst alle Möglichkeiten:

$$
5 \text{ (T-Shirts)} \times 2 \text{ (Hosen)} \times 3 \text{ (Schuhe)} = 30 \text{ verschiedene Outfits}
$$

---

### 🧠 Verständnisfrage (optional):
Stell dir vor: Für **jedes** der 5 T-Shirts kannst du **jede** der 2 Hosen tragen. Das ergibt schon $5 \times 2 = 10$ Kombinationen. Und zu **jeder dieser 10 Kombinationen** kannst du noch **3 verschiedene Schuhe** wählen → also $10 \times 3 = 30$.

---

### 🎉 Antwort:
Man kann **30 verschiedene Outfits** zusammenstellen.

Brauchst du eine Erklärung für Kinder oder einen Erwachsenen ohne Mathe-Vorkenntnisse? Sag gern Bescheid!"
"Data frequencies and probabilities","Combinatorics","C","Zeichne ein Baumdiagramm, um alle möglichen Ergebnisse beim Werfen einer Münze und Würfeln eines Zahlencubes darzustellen.","Klar! Diese Matheaufgabe verlangt von dir, dass du **alle möglichen Ergebnisse darstellst**, wenn gleichzeitig eine **Münze geworfen** und ein **Zahlencube (also ein Würfel mit den Zahlen 1 bis 6)** geworfen wird. Dazu sollst du ein **Baumdiagramm** zeichnen.

---

### 🎯 Ziel:
Ein Baumdiagramm erstellen, das alle möglichen Kombinationen von Münzwurf und Würfeln zeigt.

---

## ✏️ Schritt-für-Schritt-Anleitung:

### 1. **Verstehe die beiden Ereignisse:**

- **Münzwurf:** Es gibt zwei mögliche Ergebnisse:
  - Kopf (K)
  - Zahl (Z)

- **Zahlencube (Würfel):** Es gibt sechs mögliche Ergebnisse:
  - 1, 2, 3, 4, 5 oder 6

---

### 2. **Entscheide, in welcher Reihenfolge du die Ereignisse darstellst:**

Du kannst z. B. zuerst den **Münzwurf** darstellen und dann den **Würfelwurf** – oder umgekehrt.

Wir machen hier:  
**Erster Ast: Münzwurf → Zweiter Ast: Würfeln**

---

### 3. **Zeichne das Baumdiagramm:**

Da es schwer ist, hier ein Bild zu malen, beschreibe ich dir das Diagramm so, dass du es leicht aufzeichnen kannst.

#### 🔹 Startpunkt:
Ein Punkt links auf dem Papier – das ist der Ausgangspunkt.

#### Erste Verzweigung: Münzwurf
Von diesem Punkt gehen **zwei Äste** nach rechts:
- Ein Ast für **Kopf (K)**
- Ein Ast für **Zahl (Z)**

#### Zweite Verzweigung: Würfelwurf
Von jedem dieser beiden Äste gehen nun jeweils **sechs weitere Äste** ab, für die Würfelergebnisse **1 bis 6**.

Also insgesamt:
- 2 Hauptzweige (K und Z)
- Je 6 Unterzweige (1–6) an jedem Hauptzweig  
→ Insgesamt also **2 × 6 = 12 Endpunkte**

---

### 4. **Beschrifte die Äste:**

- Die ersten Äste: „K“ und „Z“
- Die zweiten Äste: jeweils „1“, „2“, „3“, „4“, „5“, „6“

Jeder Pfad vom Start bis zum Ende steht dann für ein **Ergebnispaar**, z. B.:
- K und 3 → (K, 3)
- Z und 5 → (Z, 5)

---

### 5. **Liste am Ende alle möglichen Ergebnisse auf (optional):**

Wenn gefragt wird, kannst du unter dem Diagramm alle 12 möglichen Ergebnisse auflisten:

```
(K,1), (K,2), (K,3), (K,4), (K,5), (K,6),
(Z,1), (Z,2), (Z,3), (Z,4), (Z,5), (Z,6)
```

---

### 💡 Tipp:
Das Baumdiagramm hilft dir später auch bei Wahrscheinlichkeiten! Wenn du z. B. wissen willst, wie hoch die Chance ist, dass du ""Kopf und eine 4"" wirfst, kannst du einfach den entsprechenden Pfad finden.

---

Wenn du magst, kann ich dir gerne ein Beispielbild skizzieren (in Textform), wie das Baumdiagramm aussehen könnte – sag einfach Bescheid! 😊"
"Data frequencies and probabilities","Combinatorics","D","Du wirfst eine Münze zweimal. Liste alle möglichen Ergebnisse auf.","Klar! Lass uns die Aufgabe Schritt für Schritt lösen:

### **Aufgabe:**  
Du wirfst eine Münze **zweimal**. Liste **alle möglichen Ergebnisse** auf.

---

### **Schritt 1: Verstehe das Zufallsexperiment**

Beim Münzwurf gibt es immer **zwei mögliche Ergebnisse**:  
- **Kopf (K)**  
- **Zahl (Z)**  

Da du die Münze **zweimal** wirfst, suchst du alle **Kombinationen** von zwei Würfen.

---

### **Schritt 2: Erste und zweite Würfe unterscheiden**

Es ist wichtig, dass du den **ersten Wurf** und den **zweiten Wurf** unterscheidest, denn z. B. ist „Kopf beim ersten, Zahl beim zweiten“ etwas anderes als „Zahl beim ersten, Kopf beim zweiten“.

---

### **Schritt 3: Alle Kombinationen auflisten**

Mache dir eine Liste aller möglichen Paare aus Kopf (K) und Zahl (Z):

1. Erster Wurf: **K**, zweiter Wurf: **K** → **(K, K)**  
2. Erster Wurf: **K**, zweiter Wurf: **Z** → **(K, Z)**  
3. Erster Wurf: **Z**, zweiter Wurf: **K** → **(Z, K)**  
4. Erster Wurf: **Z**, zweiter Wurf: **Z** → **(Z, Z)**

---

### ✅ **Lösung: Alle möglichen Ergebnisse sind:**
```
(K, K)
(K, Z)
(Z, K)
(Z, Z)
```

Das sind also **insgesamt 4 verschiedene Ergebnisse**.

Wenn du magst, kann ich dir auch zeigen, wie man das mit einem Baumdiagramm darstellen kann – sag einfach Bescheid! 🌟"
"Data frequencies and probabilities","Combinatorics","D","Ein Passwort besteht aus 2 Buchstaben, gefolgt von 1 Ziffer. Wie viele unterschiedliche Passwörter sind möglich, wenn die Buchstaben A, B, C und die Ziffern 1, 2 verwendet werden?","Wir sollen berechnen, wie viele unterschiedliche Passwörter möglich sind, die folgende Struktur haben:

- **2 Buchstaben**, gefolgt von  
- **1 Ziffer**

Verwendbare Zeichen:  
- **Buchstaben**: A, B, C (also 3 Möglichkeiten)  
- **Ziffern**: 1, 2 (also 2 Möglichkeiten)

---

### Schritt-für-Schritt:

1. **Erster Buchstabe**: Wähle einen aus {A, B, C} → **3 Möglichkeiten**  
2. **Zweiter Buchstabe**: Ebenfalls einer aus {A, B, C} → **3 Möglichkeiten**  
3. **Ziffer**: Wähle eine aus {1, 2} → **2 Möglichkeiten**

---

### Gesamtzahl der möglichen Passwörter:

Du multiplizierst alle Möglichkeiten:

$$
\text{Anzahl Passwörter} = 3 \cdot 3 \cdot 2 = 18
$$

---

### Antwort:
✅ Es sind insgesamt **18 unterschiedliche Passwörter** möglich."
"Data frequencies and probabilities","Combinatorics","D","Wie viele verschiedene Menüs kannst du mit 2 Vorspeisen, 3 Hauptgerichten und 2 Nachspeisen zusammenstellen?","Diese Matheaufgabe geht um **Kombinatorik**, genauer gesagt um das **Prinzip der Multiplikation bei Kombinationen**.

Du hast:

- 2 Vorspeisen zur Auswahl,
- 3 Hauptgerichte zur Auswahl,
- 2 Nachspeisen zur Auswahl.

Du sollst jetzt herausfinden, **wie viele verschiedene Menüs** du insgesamt zusammenstellen kannst. Ein Menü besteht dabei aus **einer Vorspeise, einem Hauptgericht und einer Nachspeise**.

---

### So löst du die Aufgabe:

Für **jede** der 2 Vorspeisen kannst du dir **alle** 3 Hauptgerichte aussuchen, und für **jedes** dieser Vorspeise-Hauptgericht-Paare gibt es wiederum **2 Möglichkeiten** für die Nachspeise.

Also multiplizierst du einfach alle Anzahlen miteinander:

$$
\text{Anzahl der Menüs} = \text{Vorspeisen} \times \text{Hauptgerichte} \times \text{Nachspeisen}
$$

$$
= 2 \times 3 \times 2 = 12
$$

---

### Ergebnis:

✅ Du kannst **12 verschiedene Menüs** zusammenstellen.

Wenn du möchtest, kann ich dir auch alle 12 Kombinationen aufschreiben, um es dir noch klarer zu machen!"
"Data frequencies and probabilities","Combinatorics","D","Wie viele Möglichkeiten gibt es, dass 4 Schüler auf 4 Stühlen in einer Reihe sitzen?","Um herauszufinden, **wie viele Möglichkeiten es gibt, dass 4 Schüler auf 4 Stühlen in einer Reihe sitzen**, müssen wir berechnen, wie viele verschiedene **Reihenfolgen (Permutationen)** es gibt, um 4 Personen anzuordnen.

---

### 🧠 Überlegung:

Du hast 4 Schüler und 4 Stühle.  
- Für den **ersten Stuhl** gibt es **4 mögliche Schüler**, die sich darauf setzen können.
- Sobald einer sitzt, bleiben noch **3 Schüler übrig** für den **zweiten Stuhl**.
- Dann bleiben **2 Schüler** für den **dritten Stuhl**.
- Und schließlich bleibt nur noch **1 Schüler** für den **letzten Stuhl**.

---

### ✏️ Rechnung:

Das ergibt insgesamt:
$$
4 \cdot 3 \cdot 2 \cdot 1 = 24
$$

Das ist auch bekannt als **4 Fakultät**, geschrieben als **4!**

---

### 📝 Antwort:

Es gibt **24 verschiedene Möglichkeiten**, wie 4 Schüler auf 4 Stühlen sitzen können.

Wenn du willst, kann ich dir das gerne mit einem Baumdiagramm oder anhand eines Beispiels mit Namen (z.B. Anna, Bernd, Clara, David) veranschaulichen. Sag einfach Bescheid! 😊"
"Data frequencies and probabilities","Combinatorics","E","Auf wie viele Arten kannst du 2 Schüler aus einer Gruppe von 6 auswählen? Verwende die Kombinationsnotation.","Um die Anzahl der Möglichkeiten zu berechnen, **2 Schüler aus einer Gruppe von 6 auszuwählen**, verwendest du die sogenannte **Kombinationsnotation**. Das ist besonders wichtig, weil es hier **nicht auf die Reihenfolge ankommt**: Es geht nur darum, *welche* zwei Schüler ausgewählt werden, nicht *in welcher Reihenfolge*.

### Schritt 1: Kombinationsnotation verstehen

Die Anzahl der Möglichkeiten, $ k $ Elemente aus einer Menge mit $ n $ Elementen ohne Berücksichtigung der Reihenfolge auszuwählen, wird mit dem **Binomialkoeffizienten** berechnet:

$$
\binom{n}{k} = \frac{n!}{k!(n-k)!}
$$

Dabei ist $ n! $ („n Fakultät“) das Produkt aller Zahlen von 1 bis $ n $.

---

### Schritt 2: Werte einsetzen

In deinem Fall:
- $ n = 6 $ (Gesamtzahl der Schüler)
- $ k = 2 $ (Anzahl der auszuwählenden Schüler)

Also:

$$
\binom{6}{2} = \frac{6!}{2!(6-2)!} = \frac{6!}{2! \cdot 4!}
$$

---

### Schritt 3: Kürzen vereinfacht die Rechnung

Statt alle Fakultäten komplett auszurechnen, kannst du kürzen:

$$
\frac{6!}{2! \cdot 4!} = \frac{6 \cdot 5 \cdot \cancel{4!}}{\cancel{4!} \cdot 2 \cdot 1} = \frac{6 \cdot 5}{2 \cdot 1} = \frac{30}{2} = 15
$$

---

### ✅ Antwort:

Es gibt **15 verschiedene Arten**, 2 Schüler aus einer Gruppe von 6 auszuwählen.

$$
\boxed{15}
$$"
"Data frequencies and probabilities","Combinatorics","E","In wie vielen verschiedenen Weisen können 4 Freunde in einer Reihe von 4 Stühlen platziert werden? Verwende die Notation für Permutationen.","Um herauszufinden, **in wie vielen verschiedenen Weisen 4 Freunde in einer Reihe von 4 Stühlen platziert werden können**, verwenden wir die **Permutationsrechnung**.

---

### 📌 Erklärung:

Wenn du **n verschiedene Objekte (hier: Personen)** hast und alle davon auf **n Plätze (hier: Stühle)** verteilt werden sollen, dann spricht man von einer **Permutation ohne Wiederholung**.

Die Anzahl der möglichen Anordnungen (Permutationen) berechnet sich durch die **Fakultät** von n, geschrieben als:

$$
P(n) = n!
$$

---

### 🔢 In deinem Fall:
Du hast 4 Freunde und 4 Stühle → also ist $ n = 4 $

$$
4! = 4 \cdot 3 \cdot 2 \cdot 1 = 24
$$

---

### ✅ Antwort:

Es gibt **24 verschiedene Weisen**, die 4 Freunde auf 4 Stühle zu platzieren.

---

### 🧮 Permutations-Notation:

Manchmal wird eine Permutation auch so notiert:

$$
P(4) = 4! = 24
$$

oder manchmal mit dem Symbol:

$$
{}_4P_4 = \frac{4!}{(4-4)!} = \frac{4!}{0!} = 4! = 24
$$

Das ist die allgemeine Permutationsformel für ""alle Elemente auswählen"":

$$
{}_nP_r = \frac{n!}{(n - r)!}
$$

In diesem Fall ist $ n = r = 4 $, also:

$$
{}_4P_4 = \frac{4!}{0!} = 24
$$

---

### 🧠 Zusammenfassung:

- Du suchst die Anzahl der Reihenfolgen, in denen 4 Personen sitzen können.
- Da alle Personen unterschiedlich sind und alle Stühle besetzt werden, handelt es sich um eine **Permutation**.
- Die Lösung ist: **4! = 24**

Hast du Lust, das mal mit mehr Leuten oder weniger Stühlen auszuprobieren? 😊"
"Data frequencies and probabilities","Combinatorics","E","Ein Blatt mit 5 Karten wird aus einem Kartendeck gezogen. Wie viele unterschiedliche Blätter sind möglich? Verwende die Kombinationsnotation.","Um diese Matheaufgabe zu lösen, müssen wir verstehen, **wie viele verschiedene Kombinationen von 5 Karten** aus einem gesamten Kartendeck gezogen werden können.

---

### 📌 Gegebene Informationen:
- Ein Standard-Kartendeck hat **52 Karten**.
- Es werden **5 Karten** auf einmal (also ein Blatt) gezogen.
- Die **Reihenfolge**, in der die Karten gezogen werden, spielt **keine Rolle** – es geht nur um das **Blatt an sich**.

---

### 🔢 Lösung mit Kombinationsrechnung:

Da die Reihenfolge keine Rolle spielt und keine Karte doppelt vorkommt, verwenden wir die **Kombinationsformel**:

$$
\binom{n}{k} = \frac{n!}{k!(n - k)!}
$$

Dabei:
- $ n = 52 $ → Gesamtzahl der Karten im Deck
- $ k = 5 $ → Anzahl der Karten, die gezogen werden

Setzen wir die Werte ein:

$$
\binom{52}{5} = \frac{52!}{5!(52 - 5)!} = \frac{52!}{5! \cdot 47!}
$$

Du musst nicht die ganze Fakultät berechnen. Stattdessen kannst du kürzen:

$$
\binom{52}{5} = \frac{52 \cdot 51 \cdot 50 \cdot 49 \cdot 48}{5 \cdot 4 \cdot 3 \cdot 2 \cdot 1}
$$

Zähler:  
$ 52 \cdot 51 \cdot 50 \cdot 49 \cdot 48 = 311\,875\,200 $

Nenner:  
$ 5! = 120 $

Jetzt teilen:

$$
\frac{311\,875\,200}{120} = 2\,598\,960
$$

---

### ✅ Antwort:

Es gibt **2 598 960 unterschiedliche mögliche Blätter** mit jeweils 5 Karten.

In Kombinationsnotation schreibst du das so:

$$
\boxed{\binom{52}{5} = 2\,598\,960}
$$

Wenn du noch weitere Varianten wissen willst (z. B. wie viele davon sind z. B. Paare oder Flushes), helfe ich gerne weiter!"
"Data frequencies and probabilities","Combinatorics","E","Verwende das Grundprinzip der Zählung, um die Anzahl der Möglichkeiten zu bestimmen, ein Outfit mit 2 Hemden, 3 Hosen und 2 Hüten zusammenzustellen.","Klar! 😊  
Wir verwenden **das Grundprinzip der Zählung** (auch **Multiplikationsprinzip** genannt), um die Anzahl der möglichen Kombinationen zu berechnen.

---

### 🧠 **Grundprinzip der Zählung:**
Wenn du mehrere unabhängige Entscheidungen triffst und  
- für die erste Entscheidung gibt es **m** Möglichkeiten,  
- für die zweite Entscheidung gibt es **n** Möglichkeiten,  
- für die dritte Entscheidung gibt es **k** Möglichkeiten usw.,  

dann ist die **Gesamtzahl aller möglichen Kombinationen**:

$$
\text{Gesamtanzahl} = m \cdot n \cdot k \cdot \ldots
$$

---

### 👕👖🧢 **Deine Aufgabe:**

Du sollst ein Outfit zusammenstellen mit:
- **2 Hemden**
- **3 Hosen**
- **2 Hüten**

Für jedes Kleidungsstück wählst du eine Variante aus — das sind drei **unabhängige** Entscheidungen.

---

### ✏️ **Schritt-für-Schritt:**

1. Wähle 1 Hemd aus 2 → **2 Möglichkeiten**
2. Wähle 1 Hose aus 3 → **3 Möglichkeiten**
3. Wähle 1 Hut aus 2 → **2 Möglichkeiten**

Jetzt multiplizierst du alle Möglichkeiten:

$$
2 \cdot 3 \cdot 2 = 12
$$

---

### ✅ **Ergebnis:**
Es gibt insgesamt **12 verschiedene Möglichkeiten**, ein Outfit aus 2 Hemden, 3 Hosen und 2 Hüten zusammenzustellen.

Falls du willst, kann ich dir auch alle 12 Kombinationen aufschreiben – sag einfach Bescheid! 😄"
"Data frequencies and probabilities","Combinatorics","F","Auf wie viele Arten können der 1., 2. und 3. Preis unter 10 Teilnehmern vergeben werden?","Diese Aufgabe ist ein klassisches Beispiel aus der **Kombinatorik**, genauer gesagt aus dem Bereich der **Variationen** (da die Reihenfolge eine Rolle spielt).

---

### 📌 Aufgabe:
**Auf wie viele Arten können der 1., 2. und 3. Preis unter 10 Teilnehmern vergeben werden?**

---

### ✅ Schritt-für-Schritt-Erklärung:

Du hast **10 Teilnehmer** und möchtest **drei verschiedene Preise** vergeben:  
- Platz 1  
- Platz 2  
- Platz 3  

Die **Reihenfolge ist wichtig**, denn es macht einen Unterschied, ob Anna 1., Bernd 2. und Clara 3. wird oder umgekehrt.

Außerdem gilt in der Regel:  
➡️ **Ein Teilnehmer kann nur einen Preis gewinnen** (keine Wiederholungen).

---

### 🔢 Wie viele Möglichkeiten gibt es?

Das ist eine **Variation ohne Wiederholung** von 10 Personen, wobei wir 3 Plätze auswählen (und die Reihenfolge wichtig ist):

#### Formel:
$$
\text{Anzahl} = \frac{n!}{(n - k)!}
$$
Dabei:
- $ n = 10 $ (Gesamtzahl der Teilnehmer)
- $ k = 3 $ (Anzahl der Preise)

#### Einsetzen:
$$
\frac{10!}{(10 - 3)!} = \frac{10!}{7!}
= 10 \cdot 9 \cdot 8 = 720
$$

---

### ✅ Antwort:
**Es gibt 720 verschiedene Möglichkeiten**, wie der 1., 2. und 3. Preis unter 10 Teilnehmern vergeben werden können.

---

Wenn du willst, kann ich dir auch erklären, wie das mit Baumdiagramm oder Permutationen funktioniert 😊"
"Data frequencies and probabilities","Combinatorics","F","Nutze den Pascalschen Dreieck, um die Anzahl der Möglichkeiten zu bestimmen, 3 Gegenstände aus 6 auszuwählen.","Um die **Anzahl der Möglichkeiten, 3 Gegenstände aus 6 auszuwählen**, mithilfe des **Pascalschen Dreiecks** zu bestimmen, musst du verstehen, wie das Pascalsche Dreieck mit **Binomialkoeffizienten** zusammenhängt.

---

### 📌 Schritt 1: Verstehe den Zusammenhang

Das **Pascalsche Dreieck** ist eine Anordnung von Zahlen, bei der jede Zahl die Summe der beiden Zahlen darüber ist. Es sieht so aus:

```
       1
      1 1
     1 2 1
    1 3 3 1
   1 4 6 4 1
 1 5 10 10 5 1
1 6 15 20 15 6 1
```

Die Zeilen werden ab **Zeile 0** gezählt!

Jede Zahl in diesem Dreieck entspricht einem **Binomialkoeffizienten**  
$$
\binom{n}{k}
$$  
mit **n = Zeilennummer**, **k = Position innerhalb der Zeile (auch ab 0)**.

---

### 📌 Schritt 2: Finde die richtige Zeile

Du willst **3 Gegenstände aus 6 auswählen**, also suchst du:
$$
\binom{6}{3}
$$

Dazu gehst du zur **Zeile 6** im Pascalschen Dreieck:
```
1  6  15  20  15  6  1
```

Die Positionen sind:
- $\binom{6}{0} = 1$
- $\binom{6}{1} = 6$
- $\binom{6}{2} = 15$
- $\binom{6}{3} = 20$
- ...

---

### ✅ Antwort:

Die **Anzahl der Möglichkeiten, 3 Gegenstände aus 6 auszuwählen**, ist also:
$$
\boxed{20}
$$

---

### 🧠 Bonus-Tipp:

Falls du kein Pascalsches Dreieck vor dir hast, kannst du den Binomialkoeffizienten auch direkt berechnen:

$$
\binom{6}{3} = \frac{6!}{3!(6-3)!} = \frac{720}{6 \cdot 6} = \frac{720}{36} = 20
$$

Beide Wege führen zum selben Ergebnis! 😊"
"Data frequencies and probabilities","Combinatorics","F","Ein Verein hat 10 Mitglieder. Auf wie viele Arten kannst du einen Präsidenten, einen Vizepräsidenten und einen Sekretär auswählen, wenn der Präsident älter sein muss als der Vizepräsident?","Wir haben eine Aufgabe aus der **Kombinatorik**, bei der du 3 Ämter (Präsident, Vizepräsident, Sekretär) mit einer **zusätzlichen Bedingung** besetzen sollst:  
> Der Präsident muss älter sein als der Vizepräsident.

---

### Gegeben:
- Ein Verein hat **10 Mitglieder**.
- Es sollen gewählt werden:
  - 1 Präsident
  - 1 Vizepräsident
  - 1 Sekretär
- Jede Person kann nur ein Amt bekleiden (keine Wiederholungen).
- Die **Altersreihenfolge ist bekannt**: Du weißt also für jedes Paar von Personen, wer älter ist.
- Zusatzbedingung: **Präsident > Vizepräsident (in Alter)**

---

## Lösungsschritte:

### Schritt 1: Ohne Berücksichtigung der Altersbedingung

Zunächst berechnen wir die Anzahl der Möglichkeiten, **Präsident**, **Vizepräsident** und **Sekretär** zu wählen, **ohne Einschränkung**.

- Wähle 3 verschiedene Personen aus 10 → $ \binom{10}{3} $
- Ordne diese 3 Personen auf die 3 Ämter → das sind $ 3! = 6 $ Permutationen

Also insgesamt:
$$
\binom{10}{3} \cdot 3! = 120 \cdot 6 = 720
$$

Es gibt also **720 mögliche Zuordnungen**, wenn man alle Kombinationen zulässt.

---

### Schritt 2: Berücksichtige die Altersbedingung

Jetzt kommt die **Einschränkung**:  
> Der Präsident muss **älter** sein als der Vizepräsident.

Für **jede Auswahl von 3 Personen** gibt es **6 mögliche Zuordnungen** der Ämter (Permutationen).  
Aber nicht alle davon erfüllen die Altersbedingung.

#### Idee:

Wenn du drei verschiedene Personen hast, sagen wir A, B und C, und du kennst ihre Reihenfolge nach Alter, dann kannst du untersuchen, wie viele der 6 möglichen Zuordnungen die Bedingung ""Präsident > Vizepräsident"" erfüllen.

Beispiel: Angenommen A > B > C (A ist älter als B, B älter als C)

Dann schaust du dir alle 6 Zuordnungen an:

| Präsident | Vizepräsident | Sekretär |
|----------|----------------|----------|
| A        | B              | C        ✅
| A        | C              | B        ✅
| B        | A              | C        ❌ (B < A)
| B        | C              | A        ✅
| C        | A              | B        ❌ (C < A)
| C        | B              | A        ❌ (C < B)

✅ Erfüllte Fälle: 3  
❌ Nicht erfüllte Fälle: 3

➡️ Also: Von den 6 möglichen Zuordnungen erfüllen genau **die Hälfte** die Altersbedingung.

Das gilt immer, egal welche drei Personen du wählst – weil du immer zwei von ihnen vergleichst (Präsident vs. Vizepräsident), und genau in der Hälfte der Fälle ist der Präsident älter.

---

### Schritt 3: Finale Berechnung

Gesamtzahl der möglichen Zuordnungen ohne Einschränkung: **720**

Anteil, der die Altersbedingung erfüllt: **Hälfte**

$$
\frac{1}{2} \cdot 720 = 360
$$

---

### ✅ **Antwort:**
**Es gibt 360 Möglichkeiten**, einen Präsidenten, Vizepräsidenten und Sekretär so auszuwählen, dass der Präsident älter ist als der Vizepräsident.

--- 

Falls du magst, kann ich dir auch zeigen, wie man das mit Permutationsargumenten herleiten kann – oder wie man es programmatisch lösen könnte."
"Data frequencies and probabilities","Combinatorics","F","Verwende den Pascalschen Dreieck, um die Koeffizienten von (a + b)⁴ aufzulisten.","Klar! Das **Pascalsche Dreieck** ist ein tolles Werkzeug, um die **Binomialkoeffizienten** von Ausdrücken wie $(a + b)^n$ schnell zu finden – auch für $(a + b)^4$. Hier zeige ich dir Schritt für Schritt, wie du das machst:

---

### 🔺 Was ist das Pascallsche Dreieck?

Es ist eine Anordnung von Zahlen in einer Dreiecksform, wobei jede Zahl die Summe der beiden Zahlen direkt darüber ist. Die Zeilen werden normalerweise ab Zeile 0 gezählt.

So sehen die ersten Zeilen aus:

```
Zeile 0:        1
Zeile 1:      1   1
Zeile 2:    1   2   1
Zeile 3:  1   3   3   1
Zeile 4:1   4   6   4   1
```

---

### 🧠 Zusammenhang mit $(a + b)^n$

Die **n-te Zeile des Pascalschen Dreiecks** enthält genau die **Koeffizienten der Entwicklung von $(a + b)^n$**.

Also gilt:
- Zeile 0 → $(a + b)^0 = 1$
- Zeile 1 → $(a + b)^1 = a + b$, Koeffizienten: 1, 1
- Zeile 2 → $(a + b)^2 = a^2 + 2ab + b^2$, Koeffizienten: 1, 2, 1
- ...
- Zeile 4 → $(a + b)^4$, also suchst du die **Koeffizienten der 4. Zeile**

---

### 📝 Lösung für $(a + b)^4$

Die **4. Zeile des Pascalschen Dreiecks** ist:

```
1   4   6   4   1
```

Das bedeutet:

$$
(a + b)^4 = a^4 + 4a^3b + 6a^2b^2 + 4ab^3 + b^4
$$

Die **Koeffizienten** sind also:  
**1, 4, 6, 4, 1**

---

### ✅ Fazit

Um die Koeffizienten von $(a + b)^4$ mit dem Pascalschen Dreieck zu finden:

1. Suche die **4. Zeile** (beginnend bei Zeile 0).
2. Lies die Zahlen dieser Zeile ab: **1, 4, 6, 4, 1**
3. Diese sind die gesuchten **Binomialkoeffizienten**.

Wenn du möchtest, kann ich dir auch zeigen, wie man diese Zeile selbst berechnet, ohne das ganze Dreieck aufzumalen 😊"
"Data frequencies and probabilities","Combinatorics","G","Ein Binärcode verwendet 6 Ziffern. Wie viele Codes enthalten genau zwei Einsen?","Wir haben einen **Binärcode mit 6 Ziffern**, das heißt, jede Stelle kann entweder eine **0** oder eine **1** sein.

Du sollst jetzt herausfinden:  
**Wie viele verschiedene 6-stellige Binärcodes gibt es, die genau zwei Einsen enthalten?**

---

### Schritt für Schritt:

#### 1. **Was bedeutet ""genau zwei Einsen""?**
Es bedeutet:
- Von den 6 Stellen sind **genau 2 Stellen eine 1**
- Und die anderen **4 Stellen sind 0**

Zum Beispiel:
- `110000`
- `101000`
- `010010`
- usw.

---

#### 2. **Wie viele solcher Kombinationen gibt es?**

Das ist ein klassisches **Kombinatorik**-Problem. Du musst aus den **6 Positionen genau 2 auswählen**, an denen die Einsen stehen sollen.

Die Anzahl der Möglichkeiten, 2 Positionen aus 6 auszuwählen, berechnest du mit dem **Binomialkoeffizienten**:

$$
\binom{6}{2} = \frac{6!}{2!(6-2)!} = \frac{6 \cdot 5}{2 \cdot 1} = 15
$$

---

### ✅ Antwort:

**Es gibt 15 verschiedene Binärcodes mit 6 Ziffern, die genau zwei Einsen enthalten.**

Wenn du möchtest, kann ich dir auch alle 15 Kombinationen aufschreiben 😊"
"Data frequencies and probabilities","Combinatorics","G","Verwende das Prinzip der Inklusion und Exklusion: In einer Klasse von 30 Schülern spielen 18 Fußball, 15 Basketball und 10 spielen beide Sportarten. Wie viele Schüler spielen keinen der beiden Sportarten?","Um diese Matheaufgabe mit dem **Prinzip der Inklusion und Exklusion** zu lösen, wollen wir herausfinden, wie viele Schüler **mindestens eine** der beiden Sportarten spielen, und dann von der Gesamtzahl der Schüler abziehen, um die Anzahl der Schüler zu ermitteln, die **keine** der beiden Sportarten spielen.

---

### Gegeben:

- Gesamtzahl der Schüler:  
  $ |G| = 30 $

- Schüler, die **Fußball** spielen:  
  $ |F| = 18 $

- Schüler, die **Basketball** spielen:  
  $ |B| = 15 $

- Schüler, die **beide** Sportarten spielen:  
  $ |F \cap B| = 10 $

---

### Schritt 1: Berechne die Anzahl der Schüler, die **Fußball oder Basketball** spielen

Das bedeutet: Wie viele Schüler spielen mindestens einen der beiden Sportarten.  
Dafür wenden wir das **Prinzip der Inklusion und Exklusion** an:

$$
|F \cup B| = |F| + |B| - |F \cap B|
$$

Einsetzen der Werte:

$$
|F \cup B| = 18 + 15 - 10 = 23
$$

Also spielen **23 Schüler** entweder Fußball, Basketball oder beides.

---

### Schritt 2: Berechne die Anzahl der Schüler, die **keinen** der beiden Sportarten spielen

Ziehe die 23 aktiven Spieler von den insgesamt 30 Schülern ab:

$$
30 - 23 = 7
$$

---

### ✅ **Antwort:**
**7 Schüler spielen keinen der beiden Sportarten.**

Wenn du magst, kann ich dir auch ein Venn-Diagramm dazu skizzieren (textbasiert), um es noch anschaulicher zu machen!"
"Data frequencies and probabilities","Combinatorics","G","Ein Graph hat 6 Knoten. Wie viele Kanten sind notwendig, um jedes Knotenpaar zu verbinden (vollständiger Graph)?","Um die Anzahl der **Kanten** in einem **vollständigen Graphen** mit 6 Knoten zu berechnen, musst du verstehen, was ein vollständiger Graph ist:

> Ein **vollständiger Graph** ist ein Graph, bei dem **jeder Knoten mit jedem anderen Knoten durch eine Kante verbunden** ist.

---

### Schritt-für-Schritt-Erklärung:

1. Du hast **6 Knoten**, nennen wir sie z. B. A, B, C, D, E, F.
2. Jeder Knoten muss mit **allen anderen Knoten** verbunden sein.
3. Das bedeutet: Du suchst die Anzahl **aller möglichen Paare von Knoten** – denn jede solche Paarverbindung entspricht einer Kante.
4. Die Reihenfolge spielt bei Kanten keine Rolle (also ist die Kante von A nach B dieselbe wie von B nach A).
5. Daher suchst du die Anzahl der **ungeordneten Paare** von 2 Knoten aus 6.

Das ist ein klassisches **Kombinationsproblem**:  
Du willst wissen, wie viele Möglichkeiten es gibt, **2 Knoten aus 6 auszuwählen**, ohne Reihenfolge.

Die Formel dafür ist der **Binomialkoeffizient**:
$$
\binom{n}{2} = \frac{n \cdot (n - 1)}{2}
$$

Setze $ n = 6 $ ein:
$$
\binom{6}{2} = \frac{6 \cdot 5}{2} = \frac{30}{2} = 15
$$

---

### ✅ Antwort:
Ein vollständiger Graph mit 6 Knoten hat **15 Kanten**.

Wenn du magst, kannst du dir das auch so vorstellen:
- Der erste Knoten verbindet sich mit den 5 anderen → 5 Kanten
- Der zweite verbindet sich mit den restlichen 4 → +4
- Der dritte mit den restlichen 3 → +3
- … usw.

Summe:  
$ 5 + 4 + 3 + 2 + 1 = 15 $

---

Falls du später mal einen vollständigen Graphen mit $ n $ Knoten berechnen willst, verwendest du immer:
$$
\text{Anzahl der Kanten} = \frac{n \cdot (n - 1)}{2}
$$

Bei $ n = 6 $ ergibt das also **15 Kanten**."
"Data frequencies and probabilities","Combinatorics","H","Verwenden Sie Erzeugende Funktionen, um die Anzahl der ganzzahligen Lösungen für die Gleichung x₁ + x₂ + x₃ = 10 zu bestimmen, wobei xᵢ ≥ 0 ist.","Um die Anzahl der **ganzzahligen nicht-negativen Lösungen** der Gleichung

$$
x_1 + x_2 + x_3 = 10 \quad \text{mit } x_i \geq 0
$$

mit **erzeugenden Funktionen** zu bestimmen, gehen wir wie folgt vor:

---

### 📌 **Grundidee:**
Jede Variable $ x_i $ kann beliebige Werte aus $ \mathbb{N}_0 $ (also $ 0, 1, 2, \dots $) annehmen.  
Wir modellieren das durch eine **Potenzreihe**, in der die Exponenten die möglichen Werte von $ x_i $ sind.

---

## 🔁 Schritt 1: Erzeugende Funktion für eine Variable

Da jede Variable $ x_i \geq 0 $ ist, wird sie durch die erzeugende Funktion beschrieben:

$$
f(x) = 1 + x + x^2 + x^3 + \cdots = \sum_{k=0}^\infty x^k = \frac{1}{1 - x}
\quad \text{(für } |x| < 1\text{)}
$$

Das bedeutet: Jeder Exponent $ k $ repräsentiert einen möglichen Wert von $ x_i $.

---

## 🧮 Schritt 2: Erzeugende Funktion für alle drei Variablen

Da wir drei unabhängige Variablen $ x_1, x_2, x_3 $ haben, multiplizieren wir die erzeugenden Funktionen:

$$
F(x) = \left( \frac{1}{1 - x} \right)^3 = \frac{1}{(1 - x)^3}
$$

Diese Funktion enthält **alle möglichen Summen** von drei Zahlen $ x_1 + x_2 + x_3 $ in den Exponenten.

---

## 🔍 Schritt 3: Koeffizient von $ x^{10} $ finden

Die Anzahl der ganzzahligen nicht-negativen Lösungen von

$$
x_1 + x_2 + x_3 = 10
$$

entspricht genau dem **Koeffizienten von $ x^{10} $** in der Entwicklung von $ F(x) = \frac{1}{(1 - x)^3} $.

Dazu verwenden wir die **allgemeine Formel** für die Entwicklung einer Potenzreihe:

$$
\frac{1}{(1 - x)^n} = \sum_{k=0}^\infty \binom{n + k - 1}{k} x^k
$$

In unserem Fall ist $ n = 3 $, also:

$$
\frac{1}{(1 - x)^3} = \sum_{k=0}^\infty \binom{k + 2}{2} x^k
$$

Der Koeffizient von $ x^{10} $ ist somit:

$$
\binom{10 + 2}{2} = \binom{12}{2} = \frac{12 \cdot 11}{2} = 66
$$

---

## ✅ Ergebnis:

Die Anzahl der ganzzahligen nicht-negativen Lösungen der Gleichung

$$
x_1 + x_2 + x_3 = 10
$$

ist:

$$
\boxed{66}
$$

---

### 🔄 Alternativ: Kombinatorisch (Zur Überprüfung)

Dies ist auch ein klassisches **""Sterne und Balken""-Problem**:

- Du willst 10 identische Objekte (Sterne) auf 3 Behälter (Variablen) verteilen.
- Die Anzahl solcher Verteilungen ist:

$$
\binom{10 + 3 - 1}{3 - 1} = \binom{12}{2} = 66
$$

Also kommt dasselbe Ergebnis raus – das bestätigt deine Lösung!

---

Wenn du magst, kann ich dir auch zeigen, wie man mit erzeugenden Funktionen auch komplexere Einschränkungen wie $ x_i \leq 5 $ oder $ x_i \geq 2 $ berücksichtigen kann."
"Data frequencies and probabilities","Combinatorics","H","Von 6 roten und 5 blauen Stiften, wie viele Möglichkeiten gibt es, 3 Stifte auszuwählen, wobei mindestens einer rot sein muss?","Wir sollen berechnen, **wie viele Möglichkeiten es gibt, 3 Stifte aus 6 roten und 5 blauen Stiften auszuwählen, wobei mindestens einer davon rot sein muss**.

---

### Gegebene Daten:
- **6 rote Stifte**
- **5 blaue Stifte**
- Insgesamt also: **11 Stifte**
- Es sollen **3 Stifte ausgewählt** werden
- **Bedingung:** Mindestens **ein roter Stift** dabei

---

## 🔢 Lösungsschritte:

### Schritt 1: Gesamtzahl aller möglichen Auswahl von 3 Stiften (ohne Bedingung)

Zuerst berechnen wir die **Gesamtzahl der Möglichkeiten**, 3 Stifte aus 11 auszuwählen – egal welche Farbe sie haben:

$$
\binom{11}{3} = \frac{11 \cdot 10 \cdot 9}{3 \cdot 2 \cdot 1} = 165
$$

---

### Schritt 2: Anzahl der ""nicht erlaubten"" Fälle (also alle blau)

Da **mindestens ein roter Stift** dabei sein muss, **dürfen nicht alle drei Stifte blau sein**. Wie viele solche ""nicht erlaubte"" Kombinationen gibt es?

Auswahl von **3 blauen Stiften aus 5**:

$$
\binom{5}{3} = \frac{5 \cdot 4 \cdot 3}{3 \cdot 2 \cdot 1} = 10
$$

---

### Schritt 3: Gültige Möglichkeiten berechnen

Nun ziehen wir die ""nicht erlaubten"" Kombinationen von der Gesamtzahl ab:

$$
\text{Gültige Möglichkeiten} = \binom{11}{3} - \binom{5}{3} = 165 - 10 = 155
$$

---

### ✅ Endgültige Antwort:

> Es gibt **155 Möglichkeiten**, 3 Stifte auszuwählen, wobei **mindestens einer rot** sein muss.

---

Wenn du willst, kann ich dir auch den Lösungsweg über die direkte Zählung (Fallunterscheidung nach der Anzahl der roten Stifte) zeigen!"
"Functional relationships (patterns and structures)","Recognising patterns and structures","B","Was kommt als Nächstes? 2, 4, 6, 8, ___","Diese Matheaufgabe ist eine sogenannte **Zahlenfolge** oder **Zahlenreihe**, bei der du das nächste Element anhand eines bestimmten Musters oder einer Regel herausfinden musst.

### Gegebene Zahlenfolge:
**2, 4, 6, 8, ___**

---

### Schritt 1: Muster erkennen

Schau dir die Abstände zwischen den Zahlen an:

- 4 − 2 = **2**
- 6 − 4 = **2**
- 8 − 6 = **2**

➡️ Es wird immer **2 dazuaddiert**.

---

### Schritt 2: Nächste Zahl berechnen

Füge zur letzten Zahl (8) wieder **2** hinzu:

- 8 + 2 = **10**

---

### ✅ Lösung:
Die nächste Zahl in der Folge ist: **10**

Also:
**2, 4, 6, 8, 10**

---

Wenn du mehr solcher Aufgaben lösen willst, kannst du nach ""arithmetischen Folgen"" suchen – das sind Folgen mit festem Abstand zwischen den Zahlen."
"Functional relationships (patterns and structures)","Recognising patterns and structures","B","Vervollständige die fehlende Zahl: 5, 10, ___, 20","Diese Art von Aufgabe nennt man oft eine **Zahlenreihe** oder **Zahlenfolge**, bei der du das fehlende Element finden musst, indem du das Muster erkennst.

Schauen wir uns die Zahlen an:

**5, 10, ___, 20**

### Schritt 1: Muster erkennen
- Vom ersten zum zweiten Wert:  
  **5 → 10**: Es wird **+5** gerechnet.

Wenn wir annehmen, dass das Muster gleich bleibt:
- **10 + 5 = 15**
- **15 + 5 = 20**

Dann wäre die vollständige Folge:  
**5, 10, 15, 20**

### ✅ Lösung:
Die fehlende Zahl ist also **15**.

---

### Alternativ: Mit Multiplikation denken
Du könntest auch schauen, ob eine Multiplikationsregel vorliegt:

- 5 × 1 = 5  
- 5 × 2 = 10  
- 5 × 3 = **15** ← Fehlende Zahl  
- 5 × 4 = 20

Auch hier kommst du auf **15**.

---

### Zusammenfassung:
Das Muster ist „immer +5“ oder „5er-Reihe“.  
Die fehlende Zahl ist daher **15**.

Falls du mehr solcher Aufgaben hast oder ein anderes Muster vermutest, helfe ich dir gerne weiter! 😊"
"Functional relationships (patterns and structures)","Recognising patterns and structures","B","Welcher Zahl bricht die Muster? 2, 4, 6, 9, 10","Klar! Schauen wir uns die Zahlenfolge an:

**2, 4, 6, 9, 10**

Die Aufgabe lautet: **„Welche Zahl bricht das Muster?“**, also suchen wir nach der Zahl in der Folge, die nicht zur **Regelmäßigkeit (zum Muster)** passt.

---

### Schritt 1: Muster erkennen

Schauen wir uns an, wie die Zahlen fortschreiten:

- 2 → 4 → 6 → 9 → 10

Wenn du dir die Abstände zwischen den Zahlen ansiehst:

- 4 − 2 = **2**
- 6 − 4 = **2**
- 9 − 6 = **3** ← hier ändert sich der Abstand
- 10 − 9 = **1**

Normalerweise scheint das Muster zu sein: **immer +2**

Also:
- 2  
- 2 + 2 = **4**  
- 4 + 2 = **6**  
- 6 + 2 = **8** (aber da steht eine **9**)  
- 9 + 2 = **11** (aber da steht eine **10**)

---

### Schritt 2: Welche Zahl passt nicht?

Wenn das Muster **+2** ist, dann müsste die Folge so aussehen:

**2, 4, 6, 8, 10**

Aber stattdessen steht da:

**2, 4, 6, 9, 10**

→ Die **9** ist also die Zahl, die das Muster bricht. Stattdessen müsste dort eine **8** stehen.

---

### ✅ Antwort:
**Die Zahl 9 bricht das Muster.**

Weil das Muster eigentlich „immer 2 dazuzählen“ ist, aber bei der 9 wird plötzlich 3 dazugezählt. Danach geht es wieder unregelmäßig weiter.

---

Falls du möchtest, können wir auch andere mögliche Muster durchspielen – aber in diesem Fall ist „immer +2“ das offensichtlichste Muster."
"Functional relationships (patterns and structures)","Recognising patterns and structures","B","Ist dieses Muster steigend oder fallend? 50, 45, 40, 35","Um herauszufinden, ob das Muster **steigend** oder **fallend** ist, musst du dir anschauen, wie sich die Zahlen von einander unterscheiden — also, ob sie größer oder kleiner werden.

### Gegebenes Muster:
**50, 45, 40, 35**

### Schritt für Schritt:

1. Vergleiche die erste Zahl mit der zweiten:  
   **50 → 45** → Die Zahl wird **kleiner** um **5**

2. Vergleiche die zweite mit der dritten:  
   **45 → 40** → Wieder wird die Zahl um **5 kleiner**

3. Vergleiche die dritte mit der vierten:  
   **40 → 35** → Auch hier wird die Zahl um **5 reduziert**

### Fazit:
- Die Zahlen werden **immer kleiner**, und zwar **regelmäßig um 5**.
- Das bedeutet: Das Muster ist **fallend**.

---

✅ **Antwort:** Das Muster ist **fallend**."
"Functional relationships (patterns and structures)","Recognising patterns and structures","B","Schreibe die nächsten zwei Zahlen: 3, 6, 9, ___, ___","Klar! Schauen wir uns die Zahlenfolge an:

**3, 6, 9, ___, ___**

### Schritt 1: Muster erkennen
Wir sehen, dass jede Zahl um **3 größer** ist als die vorherige:

- 6 − 3 = 3  
- 9 − 6 = 3  

Das heißt, es wird immer **3 addiert**, um zur nächsten Zahl zu kommen.

### Schritt 2: Das Muster fortsetzen
Jetzt machen wir einfach weiter mit demselben Muster:

- 9 + 3 = **12**
- 12 + 3 = **15**

### ✅ Lösung:
Die nächsten zwei Zahlen sind: **12, 15**

Also lautet die vollständige Folge:  
**3, 6, 9, 12, 15**

Wenn du magst, kann ich dir auch zeigen, wie man so etwas allgemein berechnen kann. Sag einfach Bescheid! 😊"
"Functional relationships (patterns and structures)","Recognising patterns and structures","B","Was ist die Regel? 1, 3, 5, 7 → Regel: Addiere ___","Die Zahlenfolge, die du gegeben hast, ist:

**1, 3, 5, 7**

Du sollst nun herausfinden, **wie man von einer Zahl zur nächsten kommt**, also welche **Regel** hinter dieser Folge steckt.

### Schritt für Schritt:
Schau dir an, wie sich die Zahlen verändern:

- 1 → 3: Du addierst **2**
- 3 → 5: Wieder addierst du **2**
- 5 → 7: Auch hier addierst du **2**

### Erkenntnis:
Jedes Mal wird **2 dazuaddiert**.  
Das macht die Regel sehr einfach:

> **Regel: Addiere 2**

Also lautet die vollständige Antwort:

> **1, 3, 5, 7 → Regel: Addiere 2**

Wenn du möchtest, kann ich dir auch zeigen, wie es mit anderen Folgen funktioniert. 😊"
"Functional relationships (patterns and structures)","Recognising patterns and structures","C","Finde die Regel: 3 → 6, 4 → 8, 5 → 10, ___ → ___","Diese Aufgabe besteht darin, eine **Regel** zwischen den Zahlen auf der linken und rechten Seite zu erkennen.

Gegeben sind die Paare:

- 3 → 6  
- 4 → 8  
- 5 → 10  
- ___ → ___  

### Schritt 1: Muster erkennen
Schauen wir uns an, was mit den Zahlen auf der linken Seite passiert, um die auf der rechten Seite zu erhalten:

- 3 → 6: 3 mal 2 ergibt 6  
- 4 → 8: 4 mal 2 ergibt 8  
- 5 → 10: 5 mal 2 ergibt 10  

➡️ **Erkannte Regel:** *Die Zahl wird mit 2 multipliziert.*

### Schritt 2: Leere Lücke füllen
Da das letzte Feld leer ist, kannst du jetzt auch ein weiteres Zahlenpaar ergänzen – am besten die nächstlogische Zahl nach 5, also **6**:

- 6 → 12 (weil 6 × 2 = 12)

Also lautet die vollständige Folge:

- 3 → 6  
- 4 → 8  
- 5 → 10  
- **6 → 12**

---

### Fazit:
Die Regel ist: **""Die Zahl wird mit 2 multipliziert.""**  
Und eine mögliche Ergänzung für die leere Zeile wäre: **6 → 12**

Falls du noch mehr solcher Aufgaben hast, helfe ich dir gerne weiter! 😊"
"Functional relationships (patterns and structures)","Recognising patterns and structures","C","Wenn das Muster „zu 4 subtrahieren“ lautet, was sind die nächsten beiden Zahlen: 40, 36, ___, ___?","Klar! Lass uns die Aufgabe Schritt für Schritt durchgehen.

Du hast die Zahlenfolge:

**40, 36, ___, ___**

Und es ist gegeben, dass das Muster **„zu 4 subtrahieren“** lautet. Das bedeutet: Von jeder Zahl wird **4 abgezogen**, um die nächste Zahl zu erhalten.

### Schritt 1: Verstehe das Muster
- **40 − 4 = 36** → Das ist bereits gegeben.
- Jetzt machst du das gleiche mit der **36**:
  - **36 − 4 = 32**
- Und dann mit der **32**:
  - **32 − 4 = 28**

### Schritt 2: Fülle die Lücken
Damit ergänzen wir die Folge:

**40, 36, 32, 28**

---

✅ **Antwort:** Die nächsten beiden Zahlen sind **32** und **28**.

Wenn du so etwas in Zukunft selbst lösen willst:
- Schau dir immer an, wie man von einer Zahl zur nächsten kommt.
- Teste einfache Rechnungen wie **Addition**, **Subtraktion**, **Multiplikation** oder **Division**.
- Bei einem klaren Muster wie „4 subtrahieren“ ziehst du einfach immer 4 ab.

Falls du mehr solcher Aufgaben hast, helfe ich dir gerne weiter! 😊"
"Functional relationships (patterns and structures)","Recognising patterns and structures","C","Was ist die Musterregel? 1, 4, 9, 16, 25...","Die Zahlenfolge, die du gegeben hast, ist:

**1, 4, 9, 16, 25, ...**

Um die **Musterregel** (auch Bildungsvorschrift genannt) zu finden, schauen wir uns an, wie sich die Zahlen zueinander verhalten.

### Schritt 1: Differenzen zwischen den Gliedern betrachten

- 4 − 1 = 3  
- 9 − 4 = 5  
- 16 − 9 = 7  
- 25 − 16 = 9  

Die Differenzen sind: **3, 5, 7, 9**, also ungerade Zahlen, die immer um 2 zunehmen. Das deutet auf eine quadratische Folge hin.

---

### Schritt 2: Jedes Folgenglied als Quadrat darstellen

Schauen wir uns die Zahlen nochmal an:

- 1 = 1²  
- 4 = 2²  
- 9 = 3²  
- 16 = 4²  
- 25 = 5²  

Ah! Jetzt erkennst du das Muster: **Jede Zahl ist das Quadrat ihrer Position in der Folge.**

---

### ✅ Die Musterregel lautet also:

> **Das n-te Folgenglied ist gleich n zum Quadrat.**  
> Oder mathematisch:  
> **aₙ = n²**

---

### Beispiel:
- Für n = 1: 1² = 1  
- Für n = 2: 2² = 4  
- Für n = 3: 3² = 9  
- Für n = 4: 4² = 16  
- Für n = 5: 5² = 25  
- Für n = 6: 6² = 36 → nächstes Glied wäre also **36**

---

Wenn du magst, kann ich dir auch zeigen, wie man so etwas systematisch herausfindet (z. B. durch Differenzen analysieren). Sag einfach Bescheid! 😊"
"Functional relationships (patterns and structures)","Recognising patterns and structures","C","Was ist die fehlende Zahl: 5, 10, ___, 20, 25?","Diese Zahlenfolge ist eine einfache **arithmetische Folge**, bei der sich die Zahlen in gleichmäßigen Abständen erhöhen.

Schauen wir uns die gegebene Folge an:

**5, 10, ___, 20, 25**

### Schritt 1: Muster erkennen
Betrachte den Abstand zwischen den Zahlen:

- Von **5 auf 10**: +5  
- Von **10 auf ___**: ???  
- Von **___ auf 20**: ???  
- Von **20 auf 25**: +5

Da am Anfang und am Ende jeweils eine Erhöhung um **5** stattfindet, liegt es nahe, dass **jedes Mal 5 dazugezählt** wird.

Also müsste die Folge so aussehen:

**5, 10, 15, 20, 25**

### ✅ Die fehlende Zahl ist also: **15**

Wenn du solche Aufgaben lösen willst, frage dich immer:
- Wie verändert sich die Zahl von einem Glied zum nächsten?
- Ist es eine feste Addition oder Multiplikation?

In diesem Fall: **Addition von 5** – eine einfache Zahlenreihe der 5er-Reihe."
"Functional relationships (patterns and structures)","Recognising patterns and structures","D","Bestimme die gemeinsame Differenz und finde den 10. Term der Folge: 4, 7, 10, 13, …","Gerne! Lass uns die Matheaufgabe Schritt für Schritt lösen.

### Gegebene Folge:
$$
4,\ 7,\ 10,\ 13,\ \ldots
$$

### 1. **Bestimme die gemeinsame Differenz (d):**

Bei einer **arithmetischen Folge** ist die Differenz zwischen aufeinanderfolgenden Gliedern immer gleich groß. Wir berechnen also:

$$
7 - 4 = 3 \\
10 - 7 = 3 \\
13 - 10 = 3
$$

✅ Die **gemeinsame Differenz $ d $** ist **3**.

---

### 2. **Finde den 10. Term der Folge:**

Die allgemeine Formel für das $ n $-te Glied einer arithmetischen Folge lautet:

$$
a_n = a_1 + (n - 1) \cdot d
$$

Dabei:
- $ a_1 = 4 $ (erstes Glied)
- $ d = 3 $ (gemeinsame Differenz)
- $ n = 10 $

Setze alles in die Formel ein:

$$
a_{10} = 4 + (10 - 1) \cdot 3 \\
a_{10} = 4 + 9 \cdot 3 \\
a_{10} = 4 + 27 \\
a_{10} = 31
$$

✅ Der **10. Term der Folge ist 31**.

---

### ✅ **Zusammenfassung:**
- **Gemeinsame Differenz:** 3  
- **10. Term:** 31

Falls du weitere Fragen hast, helfe ich dir gerne weiter! 😊"
"Functional relationships (patterns and structures)","Recognising patterns and structures","D","Welches Glied in der Folge 7, 14, 21, 28, … entspricht 105?","Die gegebene Folge ist:

**7, 14, 21, 28, …**

Du sollst herausfinden, **welches Glied der Folge die Zahl 105 ist**, also an welcher Position in der Folge die Zahl 105 steht.

---

### Schritt 1: Erkenne das Muster der Folge

Schau dir die Abstände zwischen den Zahlen an:

- 14 − 7 = 7  
- 21 − 14 = 7  
- 28 − 21 = 7  

➡️ Die Folge ist eine **arithmetische Folge**, bei der jedes Glied um **7 größer** wird als das vorherige.

Außerdem erkennst du, dass es sich um die **Siebenerreihe** handelt, also Vielfache von 7:

- 1. Glied: 7 × 1 = 7  
- 2. Glied: 7 × 2 = 14  
- 3. Glied: 7 × 3 = 21  
- 4. Glied: 7 × 4 = 28  
- …  
- n. Glied: 7 × n

---

### Schritt 2: Finde n, sodass $ 7 \cdot n = 105 $

Um herauszufinden, welches Glied der Folge 105 ist, löse diese Gleichung:

$$
7 \cdot n = 105
$$

Teile beide Seiten durch 7:

$$
n = \frac{105}{7} = 15
$$

---

### ✅ Antwort:

**Das 15. Glied der Folge ist 105.**

Also:  
**105 ist das 15. Glied** in der Folge."
"Functional relationships (patterns and structures)","Recognising patterns and structures","D","Finde die allgemeine Formel für die arithmetische Folge: −2, 0, 2, 4, 6, …","Sehr gerne! Wir schauen uns die Folge an:

$$
-2,\ 0,\ 2,\ 4,\ 6,\ \ldots
$$

Das ist eine **arithmetische Folge**, das bedeutet: Der **Unterschied zwischen aufeinanderfolgenden Gliedern ist immer gleich** (konstante Differenz).

---

### 🔍 Schritt 1: Erkenne die Differenz $ d $

Berechne die Differenz zwischen zwei aufeinanderfolgenden Gliedern:

$$
0 - (-2) = 2 \\
2 - 0 = 2 \\
4 - 2 = 2 \\
\text{...}
$$

Die Differenz $ d $ ist also:

$$
d = 2
$$

---

### 🧠 Schritt 2: Verwende die allgemeine Formel für arithmetische Folgen

Die allgemeine Formel für das $ n $-te Glied einer arithmetischen Folge lautet:

$$
a_n = a_1 + (n - 1) \cdot d
$$

Dabei ist:
- $ a_n $: das $ n $-te Glied
- $ a_1 $: das erste Glied der Folge
- $ d $: die Differenz
- $ n $: die Position des Glieds (beginnt normalerweise bei 1)

---

### ✏️ Schritt 3: Setze deine Werte ein

In deiner Folge ist:
- $ a_1 = -2 $
- $ d = 2 $

Einsetzen in die Formel:

$$
a_n = -2 + (n - 1) \cdot 2
$$

---

### 🧮 Schritt 4: Vereinfache die Formel

$$
a_n = -2 + 2(n - 1)
$$

Klammere aus:

$$
a_n = -2 + 2n - 2
$$

$$
a_n = 2n - 4
$$

---

### ✅ Endergebnis:

Die allgemeine Formel für das $ n $-te Glied der Folge lautet:

$$
\boxed{a_n = 2n - 4}
$$

Du kannst jetzt z. B. das 5. Glied berechnen:

$$
a_5 = 2 \cdot 5 - 4 = 10 - 4 = 6
$$

Stimmt mit der Folge überein ✔️

Falls du noch mehr Beispiele willst oder nicht alles verstanden hast, helfe ich dir gerne weiter! 😊"
"Functional relationships (patterns and structures)","Recognising patterns and structures","D","Eine Folge folgt der Regel: T(n) = 3n + 9. Was sind die 4. und 5. Terme?","Klar! Du hast die Regel für eine Folge gegeben:

$$
T(n) = 3n + 9
$$

Das bedeutet: Wenn du eine Zahl $ n $ einsetzt, bekommst du den zugehörigen Term (Glied) der Folge.

### Schritt-für-Schritt: Berechne den **4. Term**:
Setze $ n = 4 $ in die Formel ein:

$$
T(4) = 3 \cdot 4 + 9 = 12 + 9 = 21
$$

### Jetzt den **5. Term**:
Setze $ n = 5 $ in die Formel ein:

$$
T(5) = 3 \cdot 5 + 9 = 15 + 9 = 24
$$

---

### Ergebnis:
- Der **4. Term** ist: **21**
- Der **5. Term** ist: **24**

Wenn du weitere Terme brauchst, setze einfach höhere Zahlen für $ n $ ein. 😊"
"Functional relationships (patterns and structures)","Recognising patterns and structures","E","Finde das 10. Glied der Folge: n² + 2.","Klar! 😊

Du hast die Folge gegeben durch die Formel:

$$
a_n = n^2 + 2
$$

Das bedeutet: Das **n-te Glied** der Folge berechnest du, indem du **n in die Formel einsetzt**.

---

### Du willst das **10. Glied**, also $ a_{10} $.

Setze einfach $ n = 10 $ in die Formel ein:

$$
a_{10} = 10^2 + 2
$$

$$
a_{10} = 100 + 2 = 102
$$

---

✅ **Antwort:** Das 10. Glied der Folge ist **102**.

Wenn du magst, kann ich dir auch zeigen, wie die ersten paar Glieder aussehen würden. Sag einfach Bescheid!"
"Functional relationships (patterns and structures)","Recognising patterns and structures","E","Ordne die Musterregel der Folge zu: A) n+2, B) 2n, C) n² — Welche passt zu 1, 4, 9, 16...?","Super Frage! Du hast eine Zahlenfolge gegeben:  
**1, 4, 9, 16, ...**  
Und du sollst entscheiden, welche Musterregel (A, B oder C) dazu passt.

Die drei Regeln sind:

- **A) n + 2**  
- **B) 2n**  
- **C) n²**

---

### Schritt 1: Verstehe die Folge
Schau dir die Zahlen an:
- 1, 4, 9, 16 – das sind **Quadratzahlen**!

Genauer:
- 1 = 1 × 1 = **1²**
- 4 = 2 × 2 = **2²**
- 9 = 3 × 3 = **3²**
- 16 = 4 × 4 = **4²**

Also scheint die Regel zu sein: **Das Quadrat der Position in der Folge.**

---

### Schritt 2: Teste die Regeln

Wir testen jetzt für **n = 1, 2, 3, 4** was jede Regel liefert:

#### A) n + 2  
- n = 1 → 1 + 2 = 3 ❌  
- n = 2 → 2 + 2 = 4  
- n = 3 → 3 + 2 = 5 ❌  
- n = 4 → 4 + 2 = 6 ❌  
➡️ Passt nicht zur Folge 1, 4, 9, 16...

#### B) 2n  
- n = 1 → 2 × 1 = 2 ❌  
- n = 2 → 2 × 2 = 4  
- n = 3 → 2 × 3 = 6 ❌  
- n = 4 → 2 × 4 = 8 ❌  
➡️ Passt auch nicht zur Folge.

#### C) n²  
- n = 1 → 1² = 1 ✅  
- n = 2 → 2² = 4 ✅  
- n = 3 → 3² = 9 ✅  
- n = 4 → 4² = 16 ✅  
➡️ **Passt perfekt zur Folge!**

---

### ✅ Lösung:
Die passende Musterregel zu der Folge **1, 4, 9, 16, ...** ist:  
**C) n²**

Hast du noch mehr solcher Aufgaben? Ich helfe gerne weiter! 😊"
"Functional relationships (patterns and structures)","Recognising patterns and structures","E","Eine Treppe hat 1 Block auf der ersten Stufe, 2 Blöcke auf der zweiten Stufe, 4 Blöcke auf der dritten Stufe, dann 7, dann 11... Schreibe eine Regel für die Anzahl der Blöcke auf der n-ten Stufe.","Diese Aufgabe geht darum, eine **Regel** für die Anzahl der Blöcke auf der $ n $-ten Stufe einer Treppe zu finden.

Gegeben ist:

- 1. Stufe: 1 Block  
- 2. Stufe: 2 Blöcke  
- 3. Stufe: 4 Blöcke  
- 4. Stufe: 7 Blöcke  
- 5. Stufe: 11 Blöcke  
- ...

### Schritt 1: Muster erkennen

Schauen wir uns die Differenzen zwischen den Stufen an:

- Von 1 → 2: +1  
- Von 2 → 4: +2  
- Von 4 → 7: +3  
- Von 7 → 11: +4  
- (Dann käme vermutlich +5 → 16, +6 → 22 usw.)

Das heißt, die Zunahme der Blöcke pro Stufe wächst jeweils um 1 mehr als davor. Das ist ein typisches Zeichen dafür, dass es sich um eine **quadratische Folge** handelt – also eine Folge, bei der die Differenz zweiter Ordnung konstant ist.

### Schritt 2: Allgemeiner Ansatz

Da die Differenz zweiter Ordnung konstant ist (also die Differenz der Differenzen), können wir einen **quadratischen Funktionsterm** ansetzen:

$$
a(n) = an^2 + bn + c
$$

Wir kennen:
- $ a(1) = 1 $
- $ a(2) = 2 $
- $ a(3) = 4 $

Setze diese Werte in die Gleichung ein und stelle ein Gleichungssystem auf:

1. $ a(1)^2 + b(1) + c = 1 \Rightarrow a + b + c = 1 $  
2. $ a(2)^2 + b(2) + c = 2 \Rightarrow 4a + 2b + c = 2 $  
3. $ a(3)^2 + b(3) + c = 4 \Rightarrow 9a + 3b + c = 4 $

### Schritt 3: Gleichungssystem lösen

Subtrahiere Gleichung 1 von Gleichung 2:

$$
(4a + 2b + c) - (a + b + c) = 2 - 1 \Rightarrow 3a + b = 1 \quad \text{(I)}
$$

Subtrahiere Gleichung 2 von Gleichung 3:

$$
(9a + 3b + c) - (4a + 2b + c) = 4 - 2 \Rightarrow 5a + b = 2 \quad \text{(II)}
$$

Jetzt subtrahiere (I) von (II):

$$
(5a + b) - (3a + b) = 2 - 1 \Rightarrow 2a = 1 \Rightarrow a = \frac{1}{2}
$$

Setze $ a = \frac{1}{2} $ in (I) ein:

$$
3 \cdot \frac{1}{2} + b = 1 \Rightarrow \frac{3}{2} + b = 1 \Rightarrow b = -\frac{1}{2}
$$

Setze $ a = \frac{1}{2}, b = -\frac{1}{2} $ in Gleichung 1 ein:

$$
\frac{1}{2} - \frac{1}{2} + c = 1 \Rightarrow c = 1
$$

### Schritt 4: Die Regel

Damit lautet die Formel:

$$
a(n) = \frac{1}{2}n^2 - \frac{1}{2}n + 1
$$

Du kannst das auch umformen:

$$
a(n) = \frac{n^2 - n + 2}{2}
$$

---

### ✅ Endgültige Antwort:

Die Anzahl der Blöcke auf der $ n $-ten Stufe ist:

$$
\boxed{a(n) = \frac{n^2 - n + 2}{2}}
$$

Oder etwas umgeformt:

$$
\boxed{a(n) = \frac{1}{2}n^2 - \frac{1}{2}n + 1}
$$

### Probe:

- Für $ n = 1 $: $ \frac{1 - 1 + 2}{2} = \frac{2}{2} = 1 $ ✔️  
- Für $ n = 2 $: $ \frac{4 - 2 + 2}{2} = \frac{4}{2} = 2 $ ✔️  
- Für $ n = 3 $: $ \frac{9 - 3 + 2}{2} = \frac{8}{2} = 4 $ ✔️  
- Für $ n = 4 $: $ \frac{16 - 4 + 2}{2} = \frac{14}{2} = 7 $ ✔️  
- Für $ n = 5 $: $ \frac{25 - 5 + 2}{2} = \frac{22}{2} = 11 $ ✔️  

Alles passt! ✅"
"Functional relationships (patterns and structures)","Recognising patterns and structures","F","Bestimme die nächsten beiden Zeilen des Pascal-Dreiecks nach der Zeile 1, 4, 6, 4, 1.","Sehr gerne! 😊

Das **Pascal’sche Dreieck** ist eine Anordnung der Binomialkoeffizienten in einem Dreieck. Jede Zahl ergibt sich dabei aus der **Summe der beiden Zahlen direkt darüber**.

Die Zeile, die du gegeben hast, ist:

```
1   4   6   4   1
```

Das ist die **5. Zeile** des Pascal-Dreiecks (manchmal zählt man ab Zeile 0, also wäre das Zeile 4).  
Jetzt bestimmen wir Schritt für Schritt die **nächste Zeile (also die 6. Zeile)**:

---

### 🔹 Nächste Zeile (Zeile 5):
- Beginne und ende immer mit **1**
- Die Zahlen dazwischen sind jeweils die Summe der zwei Zahlen darüber:

```
      1   4   6   4   1
       ↘ ↙ ↘ ↙ ↘ ↙ ↘ ↙
        ?   ?   ?   ?   ?
```

Berechnung:
- 1 + 4 = **5**
- 4 + 6 = **10**
- 6 + 4 = **10**
- 4 + 1 = **5**

Also lautet die nächste Zeile:

```
1   5   10   10   5   1
```

---

### 🔹 Übernächste Zeile (Zeile 6):

Jetzt machen wir dasselbe noch einmal mit der neuen Zeile:

```
     1   5   10   10   5   1
       ↘ ↙ ↘  ↙ ↘  ↙ ↘  ↙ ↘ ↙
         ?   ?    ?    ?   ?   ?
```

Berechnung:
- 1 + 5 = **6**
- 5 + 10 = **15**
- 10 + 10 = **20**
- 10 + 5 = **15**
- 5 + 1 = **6**

Also lautet diese Zeile:

```
1   6   15   20   15   6   1
```

---

### ✅ Ergebnis:

Die nächsten **beiden Zeilen** nach `1 4 6 4 1` sind:

```
1   5   10   10   5   1  
1   6   15   20   15   6   1
```

Wenn du magst, kann ich dir auch zeigen, wie man das mit Binomialkoeffizienten verknüpft – sag einfach Bescheid! 📚"
"Functional relationships (patterns and structures)","Recognising patterns and structures","F","Eine Folge ist definiert durch a₁ = 2, aₙ = aₙ₋₁ + 3n. Bestimme a₄.","Wir haben eine Folge $ a_n $ definiert durch:

- Anfangswert: $ a_1 = 2 $
- Rekursive Formel: $ a_n = a_{n-1} + 3n $ für $ n \geq 2 $

Du sollst $ a_4 $ bestimmen.  
Da die Folge rekursiv definiert ist, musst du Schritt für Schritt die vorhergehenden Glieder berechnen.

---

### Schritt 1: Bekannt
$$
a_1 = 2
$$

---

### Schritt 2: Berechne $ a_2 $
Verwende die Formel:
$$
a_2 = a_1 + 3 \cdot 2 = 2 + 6 = 8
$$

---

### Schritt 3: Berechne $ a_3 $
$$
a_3 = a_2 + 3 \cdot 3 = 8 + 9 = 17
$$

---

### Schritt 4: Berechne $ a_4 $
$$
a_4 = a_3 + 3 \cdot 4 = 17 + 12 = 29
$$

---

### ✅ Ergebnis:
$$
\boxed{29}
$$"
"Functional relationships (patterns and structures)","Recognising patterns and structures","F","Erkenne das Muster: 1, 4, 9, 16, 25... Welche Art von Folge handelt es sich hier?","Die Folge lautet:

**1, 4, 9, 16, 25, ...**

Um das Muster zu erkennen, schaue dir die Zahlen genauer an. Du kannst versuchen, sie in eine bekannte mathematische Form zu bringen.

### Schritt 1: Erkennen der Musterregel

Betrachte jeden Term und prüfe, ob er sich als **Quadrat einer natürlichen Zahl** darstellen lässt:

- 1 = 1²  
- 4 = 2²  
- 9 = 3²  
- 16 = 4²  
- 25 = 5²  

Du erkennst also das Muster:

> Jedes Glied der Folge ist das Quadrat seiner Position in der Folge.

### Schritt 2: Allgemeine Formel

Wenn du das n-te Glied suchst, dann lautet die Formel:

$$
a_n = n^2
$$

Also:
- $ a_1 = 1^2 = 1 $
- $ a_2 = 2^2 = 4 $
- $ a_3 = 3^2 = 9 $
- usw.

### Schritt 3: Welche Art von Folge ist das?

Diese Folge ist **keine** arithmetische Folge (weil die Differenz zwischen aufeinanderfolgenden Gliedern nicht konstant ist), und sie ist auch **keine** geometrische Folge (weil der Quotient nicht konstant ist).

Es handelt sich um eine **quadratische Folge**, oder genauer gesagt:

> Die Folge der **Quadratzahlen**.

---

### Zusammenfassung

- **Art der Folge:** Folge der Quadratzahlen
- **Muster:** $ a_n = n^2 $
- **Nächstes Folgenglied:** $ 6^2 = 36 $

Wenn du weitere Fragen hast oder wissen willst, wie man solche Muster systematisch erkennt, helfe ich dir gerne! 😊"
"Functional relationships (patterns and structures)","Recognising patterns and structures","F","Eine Folge wächst wie folgt: 1, 1, 2, 3, 5, 8... Was ist der 9. Term?","Die Folge, die du angegeben hast — **1, 1, 2, 3, 5, 8...** — ist die sogenannte **Fibonacci-Folge**.

### Wie funktioniert die Fibonacci-Folge?
In der Fibonacci-Folge erhältst du jeden neuen Term, indem du die **zwei vorhergehenden Terme addierst**.

Mathematisch ausgedrückt:
> **aₙ = aₙ₋₁ + aₙ₋₂**

### Gegeben:
- a₁ = 1  
- a₂ = 1  
- a₃ = 1 + 1 = 2  
- a₄ = 1 + 2 = 3  
- a₅ = 2 + 3 = 5  
- a₆ = 3 + 5 = 8  

Du willst den **9. Term (a₉)** wissen.

### Rechnung Schritt für Schritt:
- a₇ = a₆ + a₅ = 8 + 5 = **13**
- a₈ = a₇ + a₆ = 13 + 8 = **21**
- a₉ = a₈ + a₇ = 21 + 13 = **34**

### ✅ Antwort:
Der **9. Term** der Folge ist **34**.

Wenn du magst, kann ich dir auch zeigen, wie man eine allgemeine Formel für die Fibonacci-Zahlen herleitet! 😊"
"Functional relationships (patterns and structures)","Recognising patterns and structures","G","Bestimme, ob 729 als 3^n für eine ganze Zahl n geschrieben werden kann.","Klar! Lass uns gemeinsam herausfinden, ob sich die Zahl **729** als **3 hoch n**, also $ 3^n $, schreiben lässt, wobei **n eine ganze Zahl** sein soll.

---

### Schritt 1: Verstehe die Frage

Du sollst prüfen, ob es eine ganze Zahl **n** gibt, sodass:

$$
3^n = 729
$$

Wenn das geht, dann ist 729 eine Potenz von 3. Wenn nicht, dann nicht.

---

### Schritt 2: Probiere kleine Exponenten aus (falls du unsicher bist)

Rechne einfach mal ein paar Potenzen von 3 aus:

- $ 3^1 = 3 $
- $ 3^2 = 9 $
- $ 3^3 = 27 $
- $ 3^4 = 81 $
- $ 3^5 = 243 $
- $ 3^6 = 729 $

Ah, da haben wir es schon:

$$
3^6 = 729
$$

Also **kann** man 729 als $ 3^n $ schreiben, und zwar mit **n = 6**.

---

### Schritt 3: Alternativ – Logarithmus (für fortgeschrittene Schüler)

Falls du schon etwas über Logarithmen weißt, kannst du auch so vorgehen:

Gegeben:
$$
3^n = 729
\Rightarrow n = \log_3(729)
$$

Das bedeutet: ""Mit welcher Zahl muss ich 3 potenzieren, um 729 zu erhalten?""

Da der Logarithmus zur Basis 3 oft nicht direkt im Taschenrechner steht, verwendest du den natürlichen Logarithmus oder den Zehnerlogarithmus:

$$
n = \frac{\log(729)}{\log(3)}
$$

Setze in den Taschenrechner ein:

$$
n = \frac{\log(729)}{\log(3)} = \frac{2.863}{0.477} \approx 6
$$

Auch hier erhältst du **n = 6**, also:

$$
729 = 3^6
$$

---

### ✅ Antwort:

Ja, 729 kann als $ 3^n $ geschrieben werden, und zwar mit $ n = 6 $.  
Also:

$$
\boxed{729 = 3^6}
$$

Wenn du willst, kann ich dir auch zeigen, wie man das für andere Zahlen testet!"
"Functional relationships (patterns and structures)","Recognising patterns and structures","G","Finde heraus, welches Glied in der Folge 2, 5, 10, 17, 26 den Wert 101 hat.","Wir haben die Folge:

**2, 5, 10, 17, 26, ..., ? = 101**

Unser Ziel ist es herauszufinden, **welches Glied** dieser Folge den Wert **101** hat. Dazu analysieren wir zuerst das Muster der Folge.

---

### 🔍 Schritt 1: Differenzen zwischen aufeinanderfolgenden Gliedern betrachten

- 5 – 2 = 3  
- 10 – 5 = 5  
- 17 – 10 = 7  
- 26 – 17 = 9  

Die Differenzen sind also: **3, 5, 7, 9**, ... → Das scheint eine **arithmetische Folge** mit Differenz 2 zu sein.

Also:  
- $ a_1 = 2 $  
- $ a_2 = a_1 + 3 = 5 $  
- $ a_3 = a_2 + 5 = 10 $  
- $ a_4 = a_3 + 7 = 17 $  
- $ a_5 = a_4 + 9 = 26 $  
- $ a_6 = a_5 + 11 = 37 $  
- $ a_7 = a_6 + 13 = 50 $  
- $ a_8 = a_7 + 15 = 65 $  
- $ a_9 = a_8 + 17 = 82 $  
- $ a_{10} = a_9 + 19 = 101 $

---

### ✅ Lösung:
Das **10. Glied** der Folge hat den Wert **101**.

---

### 🧠 Bonus: Allgemeine Formel für das n-te Glied

Du kannst auch eine Formel herleiten, um beliebige Glieder zu berechnen:

Wenn du dir die Folge anschaust:

$$
a_n = n^2 + 1
$$

Prüfung:

- $ a_1 = 1^2 + 1 = 2 $
- $ a_2 = 2^2 + 1 = 5 $
- $ a_3 = 3^2 + 1 = 10 $
- $ a_4 = 4^2 + 1 = 17 $
- $ a_5 = 5^2 + 1 = 26 $
- ...
- $ a_{10} = 10^2 + 1 = 100 + 1 = 101 $

✅ Passt!

---

### 📌 Antwort:
Das **10. Glied** (also $ a_{10} $) hat den Wert **101**."
"Functional relationships (patterns and structures)","Recognising patterns and structures","G","Bestimme, ob die Folge 2, 5, 10, 17, 26 einem quadratischen Modell entspricht, und begründe deine Antwort.","Um zu prüfen, ob die Folge  
**2, 5, 10, 17, 26**  
einem **quadratischen Modell** folgt, musst du untersuchen, ob sich die Glieder der Folge durch eine quadratische Funktion beschreiben lassen. Das bedeutet: Die n-te Stelle der Folge (meist mit $ a_n $ bezeichnet) lässt sich dann durch eine Funktion der Form  

$$
a_n = an^2 + bn + c
$$

beschreiben, wobei $ a \neq 0 $ ist.

---

### Schritt-für-Schritt-Anleitung:

#### 1. Schreibe die Folgenglieder mit ihren Positionen auf:
Die Folge lautet:  
$ a_1 = 2 $  
$ a_2 = 5 $  
$ a_3 = 10 $  
$ a_4 = 17 $  
$ a_5 = 26 $

---

#### 2. Berechne die **ersten Differenzen** zwischen benachbarten Gliedern:

$$
\begin{align*}
a_2 - a_1 &= 5 - 2 = 3 \\
a_3 - a_2 &= 10 - 5 = 5 \\
a_4 - a_3 &= 17 - 10 = 7 \\
a_5 - a_4 &= 26 - 17 = 9 \\
\end{align*}
$$

→ Erste Differenzen: **3, 5, 7, 9**

---

#### 3. Berechne die **zweiten Differenzen**, also die Differenzen der ersten Differenzen:

$$
\begin{align*}
5 - 3 &= 2 \\
7 - 5 &= 2 \\
9 - 7 &= 2 \\
\end{align*}
$$

→ Zweite Differenzen: **2, 2, 2**

---

### Deutung:

- Wenn die **zweiten Differenzen konstant** sind, deutet das darauf hin, dass die Folge einem **quadratischen Modell** folgt.
- Dies liegt daran, dass bei einer quadratischen Funktion die Änderungsrate selbst linear ist → also ändern sich die Differenzen linear → zweite Differenz ist konstant.

✅ **Ergebnis**: Da die **zweiten Differenzen konstant** sind (immer 2), **entspricht die Folge einem quadratischen Modell**.

---

### Zusatz: Finde die explizite Formel (optional)

Du kannst auch versuchen, die Funktionsvorschrift zu finden:

Gehe von der allgemeinen Form aus:  
$$
a_n = an^2 + bn + c
$$

Setze drei Werte ein und stelle ein Gleichungssystem auf:

1. $ a_1 = 2 \Rightarrow a(1)^2 + b(1) + c = 2 \Rightarrow a + b + c = 2 $
2. $ a_2 = 5 \Rightarrow a(2)^2 + b(2) + c = 5 \Rightarrow 4a + 2b + c = 5 $
3. $ a_3 = 10 \Rightarrow a(3)^2 + b(3) + c = 10 \Rightarrow 9a + 3b + c = 10 $

Löse dieses System:

Subtrahiere I von II:  
$ (4a + 2b + c) - (a + b + c) = 5 - 2 $  
→ $ 3a + b = 3 $  (IV)

Subtrahiere II von III:  
$ (9a + 3b + c) - (4a + 2b + c) = 10 - 5 $  
→ $ 5a + b = 5 $  (V)

Jetzt subtrahiere IV von V:  
$ (5a + b) - (3a + b) = 5 - 3 $  
→ $ 2a = 2 \Rightarrow a = 1 $

Setze in IV ein:  
$ 3(1) + b = 3 \Rightarrow b = 0 $

Setze in I ein:  
$ 1 + 0 + c = 2 \Rightarrow c = 1 $

✅ Also ist die explizite Formel:  
$$
a_n = n^2 + 1
$$

Probe:
- $ a_1 = 1^2 + 1 = 2 $
- $ a_2 = 4 + 1 = 5 $
- $ a_3 = 9 + 1 = 10 $
- $ a_4 = 16 + 1 = 17 $
- $ a_5 = 25 + 1 = 26 $

✔️ Stimmt alles!

---

### ✅ Fazit:

- Die Folge **2, 5, 10, 17, 26** hat **konstante zweite Differenzen** (alle 2).
- Damit folgt sie einem **quadratischen Modell**.
- Die explizite Formel lautet:  
  $$
  a_n = n^2 + 1
  $$"
"Functional relationships (patterns and structures)","Recognising patterns and structures","G","Finde den 20. Term einer Folge, die von einem Startwert von 7 ausgeht und sich um 5 erhöht.","Klar! Lass uns die Aufgabe Schritt für Schritt durchgehen.

---

### **Aufgabe:**
Finde den **20. Term** einer Folge, die von einem **Startwert von 7** ausgeht und sich **um 5 erhöht**.

---

### **1. Verständnis der Folge**

Wenn eine Folge bei **7 startet** und sich **jedes Mal um 5 erhöht**, dann sieht sie so aus:

- 1. Term: 7  
- 2. Term: 7 + 5 = 12  
- 3. Term: 12 + 5 = 17  
- 4. Term: 17 + 5 = 22  
- ...

Das ist eine **arithmetische Folge**, also eine Folge mit konstanter Differenz zwischen aufeinanderfolgenden Gliedern.

---

### **2. Formel für das n-te Glied einer arithmetischen Folge**

Die allgemeine Formel für das **n-te Glied** (den **n-ten Term**) einer arithmetischen Folge lautet:

$$
a_n = a_1 + (n - 1) \cdot d
$$

Dabei ist:
- $ a_n $: der n-te Term (gesucht)
- $ a_1 $: der erste Term (hier 7)
- $ d $: die Differenz zwischen den Termen (hier 5)
- $ n $: die Position des Terms (hier 20)

---

### **3. Einsetzen in die Formel**

$$
a_{20} = 7 + (20 - 1) \cdot 5
$$

$$
a_{20} = 7 + 19 \cdot 5
$$

$$
a_{20} = 7 + 95
$$

$$
a_{20} = 102
$$

---

### ✅ **Antwort: Der 20. Term der Folge ist 102.**

Wenn du willst, kann ich dir auch zeigen, wie man solche Folgen grafisch darstellt oder weiter verallgemeinert. 😊"
"Functional relationships (patterns and structures)","Recognising patterns and structures","H","Eine rekursive Formel ist gegeben durch f(n) = f(n−1) + f(n−2); finde f(6), wenn f(1) = 1 und f(2) = 1.","Die gegebene rekursive Formel ist:

$$
f(n) = f(n-1) + f(n-2)
$$

mit den Anfangswerten:

$$
f(1) = 1,\quad f(2) = 1
$$

Diese Rekursionsformel beschreibt nichts anderes als die **Fibonacci-Folge**, bei der jede Zahl die Summe der beiden vorhergehenden Zahlen ist.

Um $ f(6) $ zu berechnen, musst du Schritt für Schritt die Werte von $ f(3) $ bis $ f(6) $ berechnen, ausgehend von den Startwerten.

---

### Schrittweise Berechnung:

1. $ f(1) = 1 $
2. $ f(2) = 1 $
3. $ f(3) = f(2) + f(1) = 1 + 1 = 2 $
4. $ f(4) = f(3) + f(2) = 2 + 1 = 3 $
5. $ f(5) = f(4) + f(3) = 3 + 2 = 5 $
6. $ f(6) = f(5) + f(4) = 5 + 3 = 8 $

---

### Endergebnis:
$$
\boxed{f(6) = 8}
$$

Wenn du möchtest, kann ich dir auch zeigen, wie man eine **explizite Formel** (z. B. mit der Formel von Binet) herleiten kann, um direkt $ f(n) $ zu berechnen, ohne alle vorherigen Werte bestimmen zu müssen. Sag einfach Bescheid! 😊"
"Functional relationships (patterns and structures)","Recognising patterns and structures","H","Die Folge 81, 27, 9, 3,... ist geometrisch. Zeige Schritt für Schritt, wie man die Summe der Glieder 6 bis 10 mit der Formel für geometrische Reihen berechnet.","Wir haben hier eine **geometrische Folge** gegeben:

$$
81,\ 27,\ 9,\ 3,\ \dots
$$

Unser Ziel ist es, die **Summe der Glieder von Position 6 bis 10** zu berechnen. Dazu verwenden wir die **Formel für die Summe einer geometrischen Reihe**.

---

### **Schritt 1: Erkenne die Parameter der geometrischen Folge**

Eine geometrische Folge hat die Form:
$$
a_n = a_1 \cdot r^{n-1}
$$
wobei:
- $ a_1 $: das erste Glied
- $ r $: der Quotient (jeweils nachfolgendes Glied geteilt durch vorheriges)

#### Bestimme $ a_1 $ und $ r $:

- $ a_1 = 81 $
- $ r = \frac{27}{81} = \frac{1}{3} $

Also lautet die allgemeine Formel für das n-te Glied:

$$
a_n = 81 \cdot \left(\frac{1}{3}\right)^{n-1}
$$

---

### **Schritt 2: Bestimme die Glieder 6 bis 10**

Benutze die Formel $ a_n = 81 \cdot \left(\frac{1}{3}\right)^{n-1} $:

- $ a_6 = 81 \cdot \left(\frac{1}{3}\right)^5 = 81 \cdot \frac{1}{243} = \frac{81}{243} = \frac{1}{3} $
- $ a_7 = 81 \cdot \left(\frac{1}{3}\right)^6 = 81 \cdot \frac{1}{729} = \frac{81}{729} = \frac{1}{9} $
- $ a_8 = \frac{1}{27} $
- $ a_9 = \frac{1}{81} $
- $ a_{10} = \frac{1}{243} $

---

### **Schritt 3: Nutze die Summenformel für eine geometrische Reihe**

Die Summe der ersten $ n $ Glieder einer geometrischen Reihe ist:

$$
S_n = a_1 \cdot \frac{1 - r^n}{1 - r},\quad \text{für } r \ne 1
$$

Da wir aber **nicht** bei $ a_1 $ beginnen, sondern bei $ a_6 $, müssen wir entweder:
1. Die Summe von $ a_6 $ bis $ a_{10} $ direkt mit einer angepassten Summenformel berechnen, oder
2. Die Differenz zweier Summen berechnen:  
   $$
   S_{6 \text{ bis } 10} = S_{10} - S_5
   $$

Wir wählen Methode 2, da sie gut verständlich ist.

---

### **Schritt 4: Berechne $ S_{10} $ und $ S_5 $**

Verwende die Summenformel:

$$
S_n = a_1 \cdot \frac{1 - r^n}{1 - r}
$$

Gegeben:
- $ a_1 = 81 $
- $ r = \frac{1}{3} $

#### Berechne $ S_{10} $:

$$
S_{10} = 81 \cdot \frac{1 - \left(\frac{1}{3}\right)^{10}}{1 - \frac{1}{3}} = 81 \cdot \frac{1 - \frac{1}{59049}}{\frac{2}{3}}
$$

$$
= 81 \cdot \frac{\frac{59048}{59049}}{\frac{2}{3}} = 81 \cdot \frac{59048}{59049} \cdot \frac{3}{2}
$$

Zuerst rechnen wir das aus:

$$
\frac{59048}{59049} \approx 0.999983
$$

$$
81 \cdot 0.999983 \cdot \frac{3}{2} \approx 81 \cdot 1.4999745 \approx 121.4979
$$

(gerundet: ca. **121.5**)

#### Berechne $ S_5 $:

$$
S_5 = 81 \cdot \frac{1 - \left(\frac{1}{3}\right)^5}{1 - \frac{1}{3}} = 81 \cdot \frac{1 - \frac{1}{243}}{\frac{2}{3}} = 81 \cdot \frac{242}{243} \cdot \frac{3}{2}
$$

$$
\frac{242}{243} \approx 0.995884 \Rightarrow 81 \cdot 0.995884 \cdot 1.5 \approx 81 \cdot 1.493826 \approx 121.000
$$

---

### **Schritt 5: Berechne die Differenz**

$$
S_{6 \text{ bis } 10} = S_{10} - S_5 \approx 121.5 - 121.0 = 0.5
$$

---

### ✅ **Ergebnis:**
Die Summe der Glieder von Position 6 bis 10 beträgt **0,5**.

---

### 🧠 **Alternative Methode – Direkte Summenformel für $ a_k $ bis $ a_n $:**

Wenn du direkt die Summe von $ a_6 $ bis $ a_{10} $ berechnen willst, kannst du auch diese Formel verwenden:

$$
S = a_k \cdot \frac{1 - r^{n-k+1}}{1 - r}
$$

Hier:
- $ a_k = a_6 = \frac{1}{3} $
- $ r = \frac{1}{3} $
- $ n - k + 1 = 10 - 6 + 1 = 5 $

$$
S = \frac{1}{3} \cdot \frac{1 - \left(\frac{1}{3}\right)^5}{1 - \frac{1}{3}} = \frac{1}{3} \cdot \frac{1 - \frac{1}{243}}{\frac{2}{3}} = \frac{1}{3} \cdot \frac{242}{243} \cdot \frac{3}{2}
$$

$$
= \frac{242}{243} \cdot \frac{1}{2} = \frac{242}{486} = \frac{121}{243} \approx 0.5
$$

Auch so kommst du auf dasselbe Ergebnis.

---

### 🔚 **Fazit:**
Die Summe der Glieder 6 bis 10 der Folge ist **$ \frac{121}{243} $** oder gerundet **0,5**."
"Functional relationships (patterns and structures)","Allocations and proportionality","B","Jedes Kind erhält einen Bleistift. Wie viele Bleistifte benötigt man für 3 Kinder? ______","Diese Matheaufgabe ist sehr einfach und soll dir wahrscheinlich das Prinzip des Zuordnens oder Multiplizierens beibringen.

### Aufgabe:
> **""Jedes Kind erhält einen Bleistift. Wie viele Bleistifte benötigt man für 3 Kinder?""**

### Schritt-für-Schritt-Erklärung:

1. Du hast **3 Kinder**.
2. **Jedes Kind** bekommt **1 Bleistift**.
3. Also gibt es eine **eins-zu-eins-Zuordnung**:  
   - Kind 1 → 1 Bleistift  
   - Kind 2 → 1 Bleistift  
   - Kind 3 → 1 Bleistift

4. Jetzt zählst du die Bleistifte zusammen:  
   $ 1 + 1 + 1 = 3 $

Alternativ kannst du auch rechnen:  
$ 3 \text{ Kinder} \times 1 \text{ Bleistift pro Kind} = 3 \text{ Bleistifte} $

---

### Antwort:
**3 Bleistifte**

Du kannst dann in das Feld „______“ einfach „**3**“ eintragen. 😊"
"Functional relationships (patterns and structures)","Allocations and proportionality","B","Ist ein Auto schneller oder langsamer als ein Fahrrad? ______","Die Frage **„Ist ein Auto schneller oder langsamer als ein Fahrrad?“** ist eine grundsätzliche Frage zur Physik und Alltagsbeobachtung. Hier ist die Erklärung, wie du sie lösen kannst:

---

### ✅ **1. Verstehe die Fragestellung:**
Es geht darum, die **Geschwindigkeit von Autos und Fahrrädern** miteinander zu vergleichen.

- **Was bedeutet ""schneller""?**  
  Ein Fahrzeug ist schneller, wenn es in der gleichen Zeit eine **größere Strecke** zurücklegt oder dieselbe Strecke in **kürzerer Zeit**.

---

### ✅ **2. Vergleiche typische Geschwindigkeiten:**

| Fahrzeug | Durchschnittsgeschwindigkeit (ca.) |
|---------|-------------------------------|
| Auto    | 30–100 km/h (je nach Verkehr, Autobahn etc.) |
| Fahrrad | 15–30 km/h (je nach Fahrer)              |

👉 Aus diesen Werten erkennst du:  
**Ein Auto ist im Durchschnitt deutlich schneller als ein Fahrrad.**

---

### ✅ **3. Denke über Ausnahmen nach (zur Vertiefung):**
- In einer **30-km/h-Zone** oder im **Stau** kann ein Fahrrad mal schneller sein.
- Bei einem **Rückstau** im Berufsverkehr fährt das Fahrrad manchmal durch den Stau „hindurch“ und kommt schneller ans Ziel.
- Aber **im Allgemeinen** und bei freier Fahrt: **Auto = schneller.**

---

### ✅ **4. Fazit / Antwort:**

> **Ein Auto ist schneller als ein Fahrrad.**  
> Im Durchschnitt erreicht ein Auto höhere Geschwindigkeiten und legt in gleicher Zeit eine größere Strecke zurück.

---

Wenn du willst, können wir auch eine Rechenaufgabe dazu machen – z. B.:  
*Wie lange braucht ein Auto und ein Fahrrad für 10 Kilometer?*  
Dann rechnen wir mit Formeln wie **v = s / t** (Geschwindigkeit = Strecke / Zeit).

Möchtest du das sehen? 😊"
"Functional relationships (patterns and structures)","Allocations and proportionality","B","Ist ein Rucksack schwerer oder leichter als ein Federmäppchen? ______","Die Frage lautet:

**„Ist ein Rucksack schwerer oder leichter als ein Federmäppchen? ______“**

Das ist keine typische Rechenaufgabe, sondern eher eine **Vergleichsaufgabe**, bei der du dein Wissen über Gewichte von Gegenständen nutzen sollst.

### So kannst du die Aufgabe lösen:

1. **Überlege dir, was ein Rucksack und ein Federmäppchen sind:**
   - Ein **Rucksack** ist eine Tasche, in die man z. B. Schulbücher, Hefte, Essen, Jacke usw. packen kann. Er ist meist aus festem Material (z. B. Nylon oder Stoff) und kann ziemlich groß sein.
   - Ein **Federmäppchen** ist eine kleine Tasche, in die man nur Schreibutensilien wie Bleistift, Radiergummi, Füller usw. packt. Es ist meist aus leichtem Material wie Stoff oder Kunststoff.

2. **Vergleiche das Gewicht:**
   - Ein leerer Rucksack ist schon etwas schwerer als ein Federmäppchen.
   - Wenn der Rucksack aber mit Büchern und anderen Dingen gefüllt ist, ist er **deutlich schwerer**.
   - Ein Federmäppchen bleibt fast immer leicht – selbst wenn es voll ist.

3. **Fazit ziehen:**
   - Der Rucksack ist **schwerer** als das Federmäppchen.

---

### Antwort:
**Ist ein Rucksack schwerer oder leichter als ein Federmäppchen?**  
👉 **Schwerer**

Du kannst also in die Lücke **„schwerer“** eintragen.

✅ **Lösung:**  
**Ist ein Rucksack schwerer oder leichter als ein Federmäppchen? _schwerer_**

Wenn du willst, können wir auch eine ähnliche Aufgabe mit Gewichten rechnen – sag einfach Bescheid! 😊"
"Functional relationships (patterns and structures)","Allocations and proportionality","C","Wenn ein Bleistift 2 Euro kostet, wie viel kosten 4 Bleistifte?","Klar! 😊  
Wir können diese Aufgabe ganz einfach mit einer **Multiplikation** lösen.

### Gegeben:
- 1 Bleistift kostet **2 Euro**
- Du willst wissen, wie viel **4 Bleistifte** kosten

### Rechnung:
Du musst einfach die Anzahl der Bleistifte (also 4) mit dem Preis für einen Bleistift (2 Euro) multiplizieren:

$$
4 \cdot 2\ \text{Euro} = 8\ \text{Euro}
$$

### Antwort:
**4 Bleistifte kosten 8 Euro.**

Wenn du willst, kann ich dir das auch Schritt für Schritt oder auf eine andere Art erklären! 📝"
"Functional relationships (patterns and structures)","Allocations and proportionality","C","Vervollständige das Verhältnis: 2:4 = 3:___","Um das fehlende Element in dem Verhältnis zu finden, können wir uns anschauen, **wie Verhältnisse funktionieren**.

Die Aufgabe lautet:

**2 : 4 = 3 : ___**

---

### Schritt 1: Verstehe das erste Verhältnis

Das erste Verhältnis ist  
**2 : 4**

Das bedeutet: 2 verhält sich zu 4.  
Oder anders ausgedrückt: Der zweite Wert (4) ist **doppelt so groß** wie der erste Wert (2).

---

### Schritt 2: Wende das gleiche Verhältnis auf den zweiten Teil an

Jetzt sollst du herausfinden:  
**3 : ___**, und zwar so, dass das Verhältnis **gleich bleibt** wie bei 2:4.

Da im ersten Verhältnis die Zahl **verdoppelt** wird (2 → 4), musst du auch bei 3 die Zahl **verdoppeln**:

**3 × 2 = 6**

---

### Lösung:

**2 : 4 = 3 : 6**

✅ Beide Verhältnisse sind gleich – man sagt sie sind **proportional**.

---

### Alternativ: Mit Gleichung lösen

Du kannst es auch rechnerisch angehen:

$$
\frac{2}{4} = \frac{3}{x}
$$

Löse nach $ x $ auf:

$$
\frac{2}{4} = \frac{3}{x} \quad \Rightarrow \quad 2x = 12 \quad \Rightarrow \quad x = 6
$$

---

### Fazit:

👉 Das fehlende Zahl ist **6**.  
Die vollständige Aussage lautet:  
**2 : 4 = 3 : 6** ✅

Wenn du mehr solcher Aufgaben hast, kann ich dir auch eine Methode zeigen, um sie schnell zu lösen!"
"Functional relationships (patterns and structures)","Allocations and proportionality","C","Ein Rezept benötigt 3 Tassen Mehl für 6 Pfannkuchen. Wie viele Tassen Mehl werden für 12 Pfannkuchen benötigt?","Diese Matheaufgabe ist eine **Verhältnisaufgabe** – du musst also herausfinden, wie sich die Menge des Mehls im Rezept ändert, wenn du mehr Pfannkuchen machen willst.

---

### Gegeben:
- 3 Tassen Mehl → für 6 Pfannkuchen  
- Gesucht: Wie viele Tassen Mehl brauchst du für **12 Pfannkuchen**?

---

### Schritt 1: Bestimme das Verhältnis
Du siehst, dass du für **doppelt so viele Pfannkuchen (12 statt 6)** auch **doppelt so viel Mehl** brauchen wirst. Das ist ein sogenanntes **proportionales Verhältnis**: mehr Pfannkuchen → mehr Mehl, im gleichen Verhältnis.

---

### Schritt 2: Verdopple die Mehlmenge
Da 12 das Doppelte von 6 ist, rechnest du:

$$
3 \text{ Tassen Mehl} \cdot 2 = 6 \text{ Tassen Mehl}
$$

---

### ✅ Antwort:
**Für 12 Pfannkuchen werden 6 Tassen Mehl benötigt.**

Wenn du magst, kann ich dir auch zeigen, wie man das mit dem Dreisatz löst – der ist besonders hilfreich bei solchen Aufgaben!"
"Functional relationships (patterns and structures)","Allocations and proportionality","C","Lücken ausfüllen:  
Minuten: 10 | 20 | 30  
Schritte: 100 | ___ | ___","Um die Lücken in der Tabelle auszufüllen, müssen wir herausfinden, wie viele **Schritte** zu den gegebenenen **Minuten** gehören.

Gegeben ist:

| Minuten | 10 | 20 | 30 |
|---------|----|----|----|
| Schritte| 100| ___| ___|

### Schritt 1: Zusammenhang erkennen
Wir sehen, dass bei **10 Minuten** genau **100 Schritte** gemacht werden.  
Das bedeutet:  
👉 **In 1 Minute** macht man ungefähr **10 Schritte**, denn:

$$
\frac{100 \text{ Schritte}}{10 \text{ Minuten}} = 10 \text{ Schritte pro Minute}
$$

### Schritt 2: Restliche Werte berechnen

- Bei **20 Minuten**:  
  $ 20 \text{ min} \cdot 10 \text{ Schritte/min} = 200 \text{ Schritte} $

- Bei **30 Minuten**:  
  $ 30 \text{ min} \cdot 10 \text{ Schritte/min} = 300 \text{ Schritte} $

### Fertige Tabelle:

| Minuten | 10 | 20 | 30 |
|---------|----|----|----|
| Schritte| 100| 200| 300|

Wenn du möchtest, können wir auch andere Szenarien durchgehen – z. B. wenn nicht jederzeit gleich viele Schritte pro Minute gemacht werden. Aber hier scheint es ein **linearer Zusammenhang** zu sein. 😊"
"Functional relationships (patterns and structures)","Allocations and proportionality","D","Ein Schüler erzielt 18 von 20 Punkten in einem Test. Wie viele Punkte hat er prozentual auf einer Skala von 100 erreicht?","Um herauszufinden, wie viele Punkte der Schüler prozentual auf einer Skala von 100 erreicht hat, musst du den Anteil seiner erreichten Punkte an der Gesamtzahl der möglichen Punkte berechnen und diesen dann in Prozent umrechnen.

### Gegeben:
- Erreichte Punkte: 18  
- Mögliche Punkte: 20  

---

### Schritt 1: Berechne den Anteil
Du rechnest die erreichten Punkte geteilt durch die möglichen Punkte:

$$
\frac{18}{20} = 0{,}9
$$

---

### Schritt 2: Wandle in Prozent um
Um einen Dezimalwert in Prozent umzurechnen, multiplizierst du mit 100:

$$
0{,}9 \cdot 100 = 90\%
$$

---

### ✅ Ergebnis:
Der Schüler hat **90%** der Gesamtpunkte erreicht.

Wenn du das auf einer Skala von 0 bis 100 brauchst, dann entspricht das **90 von 100 Punkten**.

Hast du weitere Fragen oder brauchst du Hilfe bei ähnlichen Aufgaben? 😊"
"Functional relationships (patterns and structures)","Allocations and proportionality","D","Wenn 10 Äpfel 2 kg wiegen, wie viel wiegen 25 Äpfel?","Klar! Lass uns die Aufgabe Schritt für Schritt lösen:

### Gegeben:
- 10 Äpfel wiegen **2 kg**

### Gesucht:
- Wie viel wiegen **25 Äpfel**?

---

### Schritt 1: Gewicht eines Apfels berechnen

Wenn 10 Äpfel zusammen 2 kg wiegen, dann teilen wir das Gesamtgewicht durch die Anzahl der Äpfel, um das Gewicht **eines Apfels** zu finden:

$$
\text{Gewicht pro Apfel} = \frac{2\,\text{kg}}{10} = 0{,}2\,\text{kg}
$$

---

### Schritt 2: Gewicht von 25 Äpfeln berechnen

Jetzt multiplizieren wir das Gewicht eines Apfels mit 25:

$$
\text{Gewicht von 25 Äpfeln} = 25 \cdot 0{,}2\,\text{kg} = 5\,\text{kg}
$$

---

### ✅ Antwort:
**25 Äpfel wiegen 5 kg.**

Wenn du magst, kann ich dir auch zeigen, wie man das mit dem Dreisatz löst – der wird in der Schule oft gelehrt."
"Functional relationships (patterns and structures)","Allocations and proportionality","D","Ist die Beziehung y = 3x proportional?","Ja, die Beziehung **y = 3x** ist **proportional**. Ich erkläre dir jetzt Schritt für Schritt, warum das so ist und wie du solche Aufgaben lösen kannst.

---

### 🔍 Was bedeutet „proportionale Beziehung“?

Eine **proportionale Beziehung** zwischen zwei Größen liegt vor, wenn gilt:

- Wenn sich eine Größe **verdoppelt**, dann verdoppelt sich auch die andere.
- Wenn sich eine Größe **verdreifacht**, dann verdreifacht sich auch die andere.
- Und so weiter…

Mathematisch ausgedrückt:  
Die Beziehung lässt sich schreiben als  
> **y = k · x**

Dabei ist:
- **k** eine konstante Zahl (der **Proportionalitätsfaktor**),
- **x** die unabhängige Variable,
- **y** die abhängige Variable.

---

### 📌 Deine Aufgabe: Ist y = 3x proportional?

Ja, diese Gleichung hat genau die Form einer proportionalen Beziehung:

- Es ist **y = k · x**
- mit **k = 3**

Das bedeutet:
- Für jedes **x** wird **y** dreimal so groß.
- Wenn **x = 1**, dann **y = 3**
- Wenn **x = 2**, dann **y = 6**
- Wenn **x = 0**, dann **y = 0** → Wichtig: Bei proportionalen Beziehungen gehört immer **(0|0)** zum Graphen!

---

### 🧠 Tipps, um zu erkennen, ob eine Beziehung proportional ist:

1. **Form der Gleichung prüfen:**  
   Sie muss in der Form **y = k · x** sein, ohne zusätzliche Zahlen (z. B. kein „+ 2“ oder „– 5“).

2. **Graphisch betrachten:**  
   Der Graph ist eine **Gerade durch den Ursprung (0|0)**.

3. **Wertetabelle erstellen:**  
   Setze einige Werte für **x** ein und berechne **y**. Prüfe, ob das Verhältnis **y/x** immer gleich bleibt (also immer 3 in diesem Fall).

Beispiel:

| x | y = 3x | y/x |
|---|--------|-----|
| 1 |   3    |  3  |
| 2 |   6    |  3  |
| 3 |   9    |  3  |
| 0 |   0    |  –  |

→ Das Verhältnis ist immer gleich ⇒ Proportionale Beziehung ✅

---

### 📝 Fazit:

Die Beziehung **y = 3x** ist **proportional**, weil:
- sie die Form **y = k · x** hat,
- der Graph eine Gerade durch den Ursprung ist,
- das Verhältnis **y/x** immer gleich bleibt (konstant).

Wenn du weitere Funktionen oder Gleichungen hast, kann ich dir auch helfen, zu prüfen, ob sie proportional sind!"
"Functional relationships (patterns and structures)","Allocations and proportionality","D","Die Zeit, die benötigt wird, um eine Aufgabe zu erledigen, ist umgekehrt proportional zur Anzahl der Arbeiter. Wenn 3 Arbeiter die Aufgabe in 12 Stunden fertigstellen, wie lange benötigen dann 6 Arbeiter?","Diese Aufgabe handelt von **umgekehrter Proportionalität**:  
Das bedeutet, je mehr Arbeiter du hast, desto weniger Zeit wird benötigt, um die Arbeit zu erledigen — und zwar so, dass das Produkt aus Zeit und Anzahl der Arbeiter konstant bleibt.

---

### Gegeben:
- 3 Arbeiter brauchen 12 Stunden.
- Die Arbeit ist **umgekehrt proportional** zur Zeit → also ist die **Arbeitsmenge** (Worker × Zeit) immer gleich.

---

### Schritt 1: Berechne die Gesett
Die Gesearbeit ist:

$$
\text{Gesetarbeit} = \text{Anzahl der Arbeiter} \times \text{Zeit} = 3 \times 12 = 36 \text{ Arbeitsstunden}
$$

Das bedeutet: Die gesamte Arbeit entspricht 36 Arbeitsstunden (z.B. 1 Arbeiter würde 36 Stunden brauchen).

---

### Schritt 2: Wie lange brauchen 6 Arbeiter?

Jetzt setzt du ein:

$$
\text{Zeit} = \frac{\text{Gesearbeit}}{\text{Anzahl der Arbeiter}} = \frac{36}{6} = 6 \text{ Stunden}
$$

---

### ✅ Antwort:
**6 Arbeiter brauchen 6 Stunden**, um die Aufgabe zu erledigen.

---

Wenn du es dir bildlich vorstellen willst:  
Du verdoppelst die Arbeiterzahl (von 3 auf 6), also halbiert sich die benötigte Zeit (von 12 auf 6). Das passt zur umgekehrten Proportionalität! 😊"
"Functional relationships (patterns and structures)","Allocations and proportionality","D","Ein Job bezahlt 240 € für 8 Stunden Arbeit. Wie viel verdient man in 5 Stunden bei demselben Stundensatz?","Um diese Matheaufgabe zu lösen, musst du den **Stundensatz** berechnen und dann damit den Verdienst für 5 Stunden ermitteln.

### Schritt 1: Berechne den Stundensatz
Du weißt:
- In **8 Stunden** werden **240 €** verdient.

Also rechnest du:
$$
\text{Stundensatz} = \frac{240\,€}{8\,\text{Stunden}} = 30\,\frac{€}{\text{Stunde}}
$$

### Schritt 2: Berechne den Verdienst für 5 Stunden
Jetzt multiplizierst du den Stundensatz mit der neuen Anzahl an Stunden (5):
$$
\text{Verdienst in 5 Stunden} = 30\,\frac{€}{\text{Stunde}} \cdot 5\,\text{Stunden} = 150\,€
$$

---

### ✅ Antwort:
Man verdient **150 Euro** in 5 Stunden bei demselben Stundensatz."
"Functional relationships (patterns and structures)","Allocations and proportionality","D","Ist der Zusammenhang zwischen Geschwindigkeit und Zeit (bei fester Strecke) eine direkte oder eine inverse Proportionalität? Begründe deine Antwort.","Um die Frage zu beantworten, ob der Zusammenhang zwischen **Geschwindigkeit** und **Zeit** (bei **fester Strecke**) eine **direkte** oder **inverse Proportionalität** ist, müssen wir uns anschauen, wie diese drei Größen zusammenhängen:

---

### 📌 Gegebene Formel:
Die Geschwindigkeit $ v $ ist definiert als:

$$
v = \frac{s}{t}
$$

wobei:  
- $ v $ = Geschwindigkeit  
- $ s $ = Strecke (Weg)  
- $ t $ = Zeit

---

### 🔍 Situation: Feste Strecke
Wenn die **Strecke $ s $** fest bleibt, dann hängt die Geschwindigkeit nur von der Zeit ab.

Wir stellen die Formel um nach $ t $:

$$
t = \frac{s}{v}
$$

Das bedeutet:  
Je **größer die Geschwindigkeit $ v $**, desto **kleiner ist die Zeit $ t $**, die benötigt wird, um dieselbe Strecke zurückzulegen.

---

### 🔄 Was bedeutet das für die Proportionalität?

- Bei einer **direkten Proportionalität** gilt: Wenn $ v $ zunimmt, nimmt $ t $ auch zu.  
  ➜ Das ist hier aber **nicht** der Fall!

- Bei einer **inversen Proportionalität** gilt: Wenn $ v $ zunimmt, nimmt $ t $ ab – und zwar so, dass das Produkt immer konstant bleibt:  
  $$
  v \cdot t = s = \text{konstant} \quad (\text{weil } s \text{ fest ist})
  $$

Das ist genau die Definition von **inverser Proportionalität**.

---

### ✅ Antwort:

> Der Zusammenhang zwischen **Geschwindigkeit** und **Zeit** bei **fester Strecke** ist eine **inverse Proportionalität**.
>
> **Begründung:** Wenn die Geschwindigkeit zunimmt, verringert sich die benötigte Zeit, und zwar so, dass das Produkt aus Geschwindigkeit und Zeit (also die Strecke) gleich bleibt. Das ist charakteristisch für eine inverse Proportionalität.

---

Wenn du magst, kann ich dir das auch an einem Beispiel mit Zahlen verdeutlichen!"
"Functional relationships (patterns and structures)","Allocations and proportionality","E","Ein Arbeiter verdient 12 € pro Stunde. Schreibe eine Gleichung in der Form y = kx, um das Gesamteinkommen darzustellen.","Natürlich! 😊  
Wir sollen eine Gleichung in der Form **y = kx** aufstellen, um das **Gesamteinkommen** eines Arbeiters darzustellen, der **12 € pro Stunde** verdient.

---

### Schritt für Schritt:

#### 1. Was bedeutet **y = kx**?
Das ist eine **lineare Gleichung**, bei der:
- **y** die abhängige Variable (hier: Gesamteinkommen),
- **k** die Konstante (hier: Verdienst pro Stunde),
- **x** die unabhängige Variable (hier: Anzahl der Arbeitsstunden).

---

#### 2. Welche Werte haben wir?

- Der Arbeiter verdient **12 Euro pro Stunde** → Das ist unser **k = 12**
- Die Stundenanzahl nennen wir **x**
- Das Gesamteinkommen nach x Stunden nennen wir **y**

---

#### 3. Setze die Werte in die Formel ein:

$$
y = kx \\
\Rightarrow y = 12x
$$

---

### ✅ Fertige Gleichung:
$$
\mathbf{y = 12x}
$$

- Wenn du z. B. **5 Stunden** arbeitest, setzt du 5 für x ein:  
  $ y = 12 \cdot 5 = 60 $ → Du verdienst also **60 €**.

---

Falls du noch mehr Beispiele oder Erklärungen brauchst, sag Bescheid! 😊"
"Functional relationships (patterns and structures)","Allocations and proportionality","E","Trage die Werte (1, 2), (2, 4), (3, 6), (4, 8) in ein Koordinatensystem ein. Handelt es sich um eine proportionale Beziehung? Bestimme den Wert von k.","Gerne! Wir gehen Schritt für Schritt vor, um die Aufgabe zu lösen.

---

### **Aufgabe:**
Trage die Werte (1, 2), (2, 4), (3, 6), (4, 8) in ein Koordinatensystem ein.  
Handelt es sich um eine proportionale Beziehung?  
Bestimme den Wert von $ k $.

---

## **Schritt 1: In ein Koordinatensystem eintragen**

Ein Koordinatensystem besteht aus einer **x-Achse** (horizontal) und einer **y-Achse** (vertikal).

Jeder Punkt hat die Form $ (x, y) $. Du trägst also wie folgt ein:

- $ (1, 2) $: Gehe auf der x-Achse bis 1, dann nach oben bis 2.
- $ (2, 4) $: Gehe auf der x-Achse bis 2, dann nach oben bis 4.
- $ (3, 6) $: Gehe auf der x-Achse bis 3, dann nach oben bis 6.
- $ (4, 8) $: Gehe auf der x-Achse bis 4, dann nach oben bis 8.

Wenn du diese Punkte einträgst und verbindest, erhältst du eine **gerade Linie**, die durch den Ursprung (0,0) geht.

---

## **Schritt 2: Proportionale Beziehung erkennen**

Eine **proportionale Beziehung** liegt vor, wenn:
- Die Punkte liegen auf einer Geraden **durch den Ursprung** (also durch (0|0)).
- Es gilt die Gleichung:  
  $$
  y = k \cdot x
  $$  
  wobei $ k $ eine Konstante ist (der **Proportionalitätsfaktor**).

In deinem Fall:

| x | y |
|---|---|
| 1 | 2 |
| 2 | 4 |
| 3 | 6 |
| 4 | 8 |

Du siehst, dass sich $ y $ immer genau doppelt so schnell ändert wie $ x $. Also:

$$
y = 2 \cdot x
$$

Das bedeutet:
✅ Es handelt sich um eine **proportionale Beziehung**.

---

## **Schritt 3: Wert von $ k $ bestimmen**

Die allgemeine Form ist:
$$
y = k \cdot x
$$

Setze einen beliebigen Punkt ein, z.B. $ (1, 2) $:

$$
2 = k \cdot 1 \Rightarrow k = 2
$$

Du kannst das mit anderen Punkten überprüfen:
- $ (2, 4): 4 = k \cdot 2 \Rightarrow k = 2 $
- $ (3, 6): 6 = k \cdot 3 \Rightarrow k = 2 $
- $ (4, 8): 8 = k \cdot 4 \Rightarrow k = 2 $

✅ Der Wert von $ k $ ist also:  
$$
\boxed{2}
$$

---

## **Zusammenfassung:**

- Die gegebenen Punkte wurden in ein Koordinatensystem eingetragen.
- Die Verbindungslinie ist eine Gerade durch den Ursprung → **proportionale Beziehung**.
- Die Zuordnung folgt der Gleichung $ y = 2x $.
- Der **Proportionalitätsfaktor** $ k $ ist:  
  $$
  \boxed{2}
  $$

Wenn du möchtest, kann ich dir auch gerne ein Bild skizzieren oder dir erklären, wie du das in einem Diagramm in Excel o.Ä. darstellen kannst."
"Functional relationships (patterns and structures)","Allocations and proportionality","E","Schreibe eine Gleichung in der Form y = kx, wenn 7 Hefte 21 € kosten.","Klar! Lass uns die Aufgabe Schritt für Schritt durchgehen.

Du sollst eine Gleichung in der Form  
**y = kx**  
aufstellen, wobei:

- **y** der Preis ist (in Euro),
- **x** die Anzahl der Hefte,
- und **k** der **Proportionalitätsfaktor**, also der **Preis pro Heft**.

---

### Gegeben:
- 7 Hefte kosten 21 €

Das bedeutet:  
Wenn x = 7 (Anzahl der Hefte), dann ist y = 21 (der Preis dafür).

---

### Schritt 1: Bestimme den Preis pro Heft (also k)

Da die Gleichung lautet:  
**y = kx**

Setze die Werte ein:  
21 = k · 7

Um k zu finden, teile beide Seiten durch 7:  
k = 21 ÷ 7 = **3**

---

### Schritt 2: Schreibe die fertige Gleichung

Jetzt kennst du k = 3.  
Damit lautet die Gleichung:

> ✅ **y = 3x**

Das heißt: Der Gesamtpreis y ergibt sich, indem du die Anzahl der Hefte x mit 3 multiplizierst.

---

### Beispiel:
Wie viel kosten 5 Hefte?  
y = 3 · 5 = **15 €**

---

Fertig! 😊  
Hast du noch Fragen dazu?"
"Functional relationships (patterns and structures)","Allocations and proportionality","E","Beschreibe, wie sich der Graph von y = 2x im Vergleich zu y = 0,5x hinsichtlich Steilheit und Bedeutung verhält.","Klar! Wir vergleichen die beiden linearen Funktionen:

- **y = 2x**  
- **y = 0,5x**

### 1. Steilheit des Graphen (Steigung)
Beide Funktionen sind Geraden, also gerade Linien im Koordinatensystem. Die allgemeine Form einer linearen Funktion ist:

> **y = mx + b**, wobei **m** die **Steigung** ist.

In diesen Fällen gibt es kein **b**, also verlaufen beide Geraden durch den Ursprung (0|0).

#### Vergleich der Steigungen:
- Bei **y = 2x** ist die Steigung **m = 2**
- Bei **y = 0,5x** ist die Steigung **m = 0,5**

Das bedeutet:
- Der Graph von **y = 2x** steigt **steiler** an als der von **y = 0,5x**.
- Bei **y = 2x** geht man z. B. von einem Punkt auf der Geraden **1 Einheit nach rechts und 2 Einheiten nach oben**.
- Bei **y = 0,5x** geht man **1 Einheit nach rechts und nur 0,5 Einheiten nach oben**.

Also:  
✅ **y = 2x** → **steilere Gerade**  
✅ **y = 0,5x** → **flachere Gerade**

---

### 2. Bedeutung (Interpretation)
Die Steigung **m** in solchen Gleichungen beschreibt oft eine **Änderungsrate** oder ein **Verhältnis** zwischen zwei Größen.

Angenommen, **x** ist die Anzahl von etwas (z. B. Stunden gearbeitet) und **y** ist der Verdienst:

- Bei **y = 2x**: Du bekommst **2 Euro pro Stunde**.
- Bei **y = 0,5x**: Du bekommst **0,5 Euro (also 50 Cent) pro Stunde**.

Je größer die Steigung, desto schneller wächst y mit zunehmendem x.

---

### Zusammenfassung
| Eigenschaft        | y = 2x                   | y = 0,5x                  |
|--------------------|--------------------------|----------------------------|
| Steigung           | 2                        | 0,5                        |
| Verlauf            | Steigende Gerade         | Steigende Gerade           |
| Steilheit          | Steiler                  | Flacher                    |
| Wachstumsrate      | y wächst schneller       | y wächst langsamer         |

Wenn du möchtest, kann ich dir das auch gerne mit einer Zeichnung erklären – oder dir helfen, wie du so etwas selbst zeichnen kannst. 😊"
"Functional relationships (patterns and structures)","Allocations and proportionality","F","Sechs Drucker arbeiten 5 Stunden am Tag und benötigen dafür 4 Tage, um einen Auftrag abzuschließen. Wie viele Tage würden 10 Drucker brauchen, wenn sie 3 Stunden am Tag arbeiten?","Diese Matheaufgabe ist ein **Zusammengesetzter Dreisatz** (auch mehrfach proportionaler Dreisatz). Wir analysieren die Situation Schritt für Schritt.

---

### **Gegeben:**

- 6 Drucker  
- Arbeiten 5 Stunden pro Tag  
- Benötigen 4 Tage  
- Um den gesamten Auftrag zu erledigen

---

### **Gesucht:**

Wie viele **Tage** benötigen **10 Drucker**, wenn sie nur **3 Stunden pro Tag** arbeiten?

---

## 🔢 Lösungsschritte:

### **Schritt 1: Berechne die Gesamtarbeitszeit in Druckerstunden**

Wir rechnen aus, wie viel Arbeit insgesamt geleistet werden muss. Dazu multiplizieren wir alle Werte miteinander:

$$
\text{Gesamtarbeit} = \text{Anzahl der Drucker} \times \text{Stunden pro Tag} \times \text{Tage}
$$
$$
= 6 \times 5 \times 4 = 120 \text{ Druckerstunden}
$$

Das bedeutet: Der gesamte Auftrag erfordert **120 Druckerstunden**.

---

### **Schritt 2: Bestimme, wie viele Druckerstunden pro Tag von 10 Druckern geleistet werden**

Jetzt arbeiten:
- 10 Drucker
- jeweils 3 Stunden pro Tag

Also:

$$
\text{Arbeit pro Tag} = 10 \times 3 = 30 \text{ Druckerstunden}
$$

---

### **Schritt 3: Berechne, wie viele Tage benötigt werden**

Nun teilen wir die Gesamtarbeit durch die tägliche Arbeit:

$$
\text{Benötigte Tage} = \frac{120}{30} = 4 \text{ Tage}
$$

---

### ✅ **Antwort:**
> **10 Drucker**, die **3 Stunden pro Tag** arbeiten, benötigen **4 Tage**, um den Auftrag abzuschließen.

---

### 🧠 Zusammenfassung:

Du berechnest zuerst die **Gesamtarbeit in Druckerstunden**, und bestimmst dann, wie viele Tage benötigt werden, wenn sich die Anzahl der Drucker oder Arbeitsstunden ändert.

Wenn du magst, kann ich dir auch zeigen, wie man das mit dem **Dreisatzschema** aufschreibt!"
"Functional relationships (patterns and structures)","Allocations and proportionality","F","In einem Labor werden 3 chemische Lösungen im Verhältnis 2:3:5 gemischt. Wenn das Gesamtvolumen 1 Liter beträgt, wie viele mL jeder Lösung werden verwendet?","Um diese Matheaufgabe zu lösen, folgen wir diesen Schritten:

---

### **Gegeben:**
- Die Lösungen werden im Verhältnis **2 : 3 : 5** gemischt.
- Das **Gesamtvolumen** der Mischung ist **1 Liter = 1000 mL**.

---

### **Schritt 1: Summe der Verhältnisanteile berechnen**

Addiere alle Teile des Verhältnisses:

$$
2 + 3 + 5 = 10 \text{ Teile}
$$

---

### **Schritt 2: Ein Teil entspricht...**

Da das Gesamtvolumen 1000 mL beträgt und dies aus 10 Teilen besteht:

$$
1 \text{ Teil} = \frac{1000\ \text{mL}}{10} = 100\ \text{mL}
$$

---

### **Schritt 3: Mengen der einzelnen Lösungen berechnen**

Jetzt multiplizierst du die Anzahl der Teile jeder Lösung mit dem Wert eines Teils (100 mL):

- **Lösung 1:** $ 2 \cdot 100\ \text{mL} = 200\ \text{mL} $
- **Lösung 2:** $ 3 \cdot 100\ \text{mL} = 300\ \text{mL} $
- **Lösung 3:** $ 5 \cdot 100\ \text{mL} = 500\ \text{mL} $

---

### ✅ **Ergebnis:**

- **Lösung A:** 200 mL  
- **Lösung B:** 300 mL  
- **Lösung C:** 500 mL  

Das passt auch zur Probe:  
$ 200 + 300 + 500 = 1000\ \text{mL} = 1\ \text{Liter} $ ✔️

---

Wenn du magst, kann ich dir auch erklären, wie man das allgemein für beliebige Verhältnisse und Volumina rechnet."
"Functional relationships (patterns and structures)","Allocations and proportionality","F","Ein Wassertank wird in 12 Minuten mit 3 identischen Wasserhähnen gefüllt. Wie lange würde es dauern, wenn 5 Wasserhähne verwendet werden?","Diese Matheaufgabe dreht sich um **proportionale Zuordnung** – genauer gesagt um **indirekte Proportionalität** (auch antiproportionale Zuordnung genannt), weil mehr Wasserhähne bedeutet, dass der Tank **schneller** gefüllt wird.

---

### Gegeben:
- 3 Wasserhähne füllen den Tank in **12 Minuten**.

### Gesucht:
- Wie lange dauert das Füllen mit **5 Wasserhähnen**?

---

## Schritt-für-Schritt-Lösung:

### 1. Bestimme die **Gesamtarbeit** in ""Hahn-Minuten""
Wenn 3 Hähne 12 Minuten brauchen, dann leisten insgesamt:

$$
3 \text{ Hähne} \times 12 \text{ Minuten} = 36 \text{ Hahn-Minuten}
$$

Das bedeutet: Um den Tank zu füllen, braucht man insgesamt die Arbeit von 36 Hahn-Minuten – egal ob wenige Hähne länger oder viele kürzer laufen.

---

### 2. Berechne die Zeit für 5 Hähne

Jetzt verteilst du die gleiche Arbeit (36 Hahn-Minuten) auf **5 Hähne**:

$$
\frac{36}{5} = 7{,}2 \text{ Minuten}
$$

---

### 3. Wandle ggf. in Minuten und Sekunden um:

0,2 Minuten sind:

$$
0{,}2 \times 60 = 12 \text{ Sekunden}
$$

Also:

$$
\boxed{7\text{ Minuten und }12\text{ Sekunden}}
$$

---

## ✅ **Antwort:**  
Mit **5 Wasserhähnen** dauert das Füllen des Tanks **7 Minuten und 12 Sekunden**.

---

Wenn du magst, kann ich dir auch zeigen, wie man das mit dem Dreisatz löst!"
"Functional relationships (patterns and structures)","Allocations and proportionality","G","Zwei Variablen erfüllen die Gleichung y = kx; wenn y = 12 und x = 3, bestimme k und schreibe die Gleichung um.","Du hast die Gleichung $ y = kx $ gegeben und weißt, dass:

- $ y = 12 $
- $ x = 3 $

### Schritt 1: Setze die Werte in die Gleichung ein

Die Gleichung lautet:
$$
y = kx
$$

Setze $ y = 12 $ und $ x = 3 $ ein:
$$
12 = k \cdot 3
$$

### Schritt 2: Löse nach $ k $

Um $ k $ zu finden, teile beide Seiten durch 3:
$$
k = \frac{12}{3} = 4
$$

### Schritt 3: Schreibe die Gleichung mit dem gefundenen $ k $

Setze $ k = 4 $ in die ursprüngliche Gleichung ein:
$$
y = 4x
$$

---

✅ **Ergebnis:**  
- $ k = 4 $  
- Die Gleichung lautet: $ y = 4x $  

Falls du weitere Fragen hast, helfe ich gerne! 😊"
"Functional relationships (patterns and structures)","Allocations and proportionality","G","Eine Grafik verläuft durch die Punkte (0, 0) und (3, 6); bestimme, ob sie Proportionalität zeigt.","Um zu bestimmen, ob die Grafik **Proportionalität** zeigt, müssen wir prüfen, ob es einen **proportionalen Zusammenhang** zwischen den x- und y-Werten gibt.

---

### 📌 Was ist ein proportionaler Zusammenhang?

Ein **proportionaler Zusammenhang** liegt vor, wenn gilt:

$$
y = k \cdot x
$$

Dabei ist:
- $ y $ der abhängige Wert (z. B. Höhe, Kosten),
- $ x $ der unabhängige Wert (z. B. Zeit, Menge),
- $ k $ der **Proportionalitätsfaktor** (eine Konstante).

💡 Wichtig: Bei Proportionalität geht die Gerade immer durch den Ursprung (0, 0), und das Verhältnis $ \frac{y}{x} $ bleibt bei allen Punkten gleich.

---

### Gegebene Punkte:
- Punkt 1: $ (0, 0) $
- Punkt 2: $ (3, 6) $

---

### Schritt 1: Prüfe, ob die Gerade durch den Ursprung verläuft  
Ja! Der erste Punkt ist $ (0, 0) $, also geht die Gerade durch den Ursprung → guter Hinweis auf Proportionalität.

---

### Schritt 2: Bestimme den Proportionalitätsfaktor $ k $  
Wir berechnen $ k $ mit dem zweiten Punkt $ (3, 6) $:

$$
k = \frac{y}{x} = \frac{6}{3} = 2
$$

Also wäre die Gleichung:  
$$
y = 2x
$$

---

### Schritt 3: Prüfe, ob alle gegebenen Punkte diese Gleichung erfüllen  
- Für $ x = 0 $: $ y = 2 \cdot 0 = 0 $ ✅
- Für $ x = 3 $: $ y = 2 \cdot 3 = 6 $ ✅

Beide Punkte erfüllen die Gleichung.

---

### ✅ Fazit:

➡️ **Ja**, die Grafik zeigt **Proportionalität**, weil:
- Die Gerade durch den Ursprung verläuft,
- Es einen konstanten Proportionalitätsfaktor $ k = 2 $ gibt,
- Alle Punkte die Gleichung $ y = 2x $ erfüllen.

---

Falls du noch weitere Punkte hättest, könntest du analog vorgehen und schauen, ob sie auch in die Gleichung passen."
"Functional relationships (patterns and structures)","Allocations and proportionality","H","Die Größe y variiert gemeinsam mit x und z; wenn y = 24 ist, wenn x = 2 und z = 3, bestimme y, wenn x = 4 und z = 5.","Diese Aufgabe geht um **gemeinsame Variation** (auch **zusammengesetzte Variation** genannt). Das bedeutet, dass eine Größe von mehreren anderen Größen abhängt – hier hängt $ y $ von $ x $ und $ z $ ab.

---

### Gegeben:
- $ y $ variiert gemeinsam mit $ x $ und $ z $, also ist der Zusammenhang von der Form:

$$
y = k \cdot x \cdot z
$$

Dabei ist $ k $ eine **Konstante** (also eine feste Zahl), die du zuerst bestimmen musst.

---

### Schritt 1: Bestimme die Konstante $ k $

Gegeben ist:
- Wenn $ x = 2 $, $ z = 3 $, dann ist $ y = 24 $

Setze das in die Gleichung ein:

$$
24 = k \cdot 2 \cdot 3
$$

$$
24 = k \cdot 6
$$

Löse nach $ k $ auf:

$$
k = \frac{24}{6} = 4
$$

---

### Schritt 2: Berechne $ y $ für neue Werte

Jetzt kennst du $ k = 4 $. Nun setze die neuen Werte ein:
- $ x = 4 $
- $ z = 5 $

$$
y = k \cdot x \cdot z = 4 \cdot 4 \cdot 5 = 80
$$

---

### ✅ **Antwort:**
$$
\textbf{Wenn } x = 4 \text{ und } z = 5, \text{ dann ist } y = \mathbf{80}
$$

Falls du weitere Fragen zur Variation hast, helfe ich gerne weiter!"
"Functional relationships (patterns and structures)","Allocations and proportionality","H","Die Helligkeit einer Glühbirne ist umgekehrt proportional zum Quadrat der Entfernung. Berechne die Helligkeit in 3 m, wenn sie bei 1 m 100 Einheiten beträgt.","Die Aufgabe sagt:

> *„Die Helligkeit einer Glühbirne ist umgekehrt proportional zum Quadrat der Entfernung.“*

Das bedeutet, wenn du dich weiter von der Glühbirne entfernst, nimmt die Helligkeit quadratisch ab.

---

### Gegeben:
- Helligkeit $ H_1 = 100 $ Einheiten  
- Entfernung $ d_1 = 1 $ m  
- Gesucht: Helligkeit $ H_2 $ bei Entfernung $ d_2 = 3 $ m  

---

### Formel:

Da die Helligkeit **umgekehrt proportional** zum **Quadrat der Entfernung** ist, gilt:

$$
H \propto \frac{1}{d^2}
\quad \text{bzw.} \quad
H_1 \cdot d_1^2 = H_2 \cdot d_2^2
$$

Diese Gleichung können wir nach $ H_2 $ auflösen:

$$
H_2 = H_1 \cdot \frac{d_1^2}{d_2^2}
$$

---

### Werte einsetzen:

$$
H_2 = 100 \cdot \frac{1^2}{3^2} = 100 \cdot \frac{1}{9} = \frac{100}{9} \approx 11{,}11
$$

---

### ✅ Ergebnis:

Die Helligkeit in **3 Metern Entfernung** beträgt etwa **11,11 Einheiten**.

---

Wenn du magst, kann ich dir auch erklären, warum die Helligkeit mit dem Quadrat der Entfernung abnimmt (Stichwort: Kugeloberfläche und Lichtausbreitung)."
"Functional relationships (patterns and structures)","Linear and other simple functions","B","Verv complete die Tabelle mit der Regel: addiere 3.  
Eingabe: 1 2 3 4 → Ausgabe: ___ ___ ___ ___","Klar! Du sollst hier eine Tabelle vervollständigen, und die Regel lautet: **„Addiere 3“**.

Das bedeutet:  
Du nimmst jede Zahl aus der **Eingabe**, addierst **3** dazu, und schreibst das Ergebnis in die **Ausgabe**.

### Gegeben:
**Eingabe:** 1 2 3 4

### Regel: Addiere 3

### Jetzt rechnen wir Schritt für Schritt:

- Eingabe: 1 → 1 + 3 = **4** → Ausgabe: 4  
- Eingabe: 2 → 2 + 3 = **5** → Ausgabe: 5  
- Eingabe: 3 → 3 + 3 = **6** → Ausgabe: 6  
- Eingabe: 4 → 4 + 3 = **7** → Ausgabe: 7  

### Fertige Tabelle:
```
Eingabe:   1   2   3   4
Ausgabe:  4   5   6   7
```

Wenn du noch weitere Fragen hast oder mehr Übungen willst, helfe ich dir gerne! 😊"
"Functional relationships (patterns and structures)","Linear and other simple functions","B","Wenn die Regel x + 5 lautet, was ist das Ergebnis für x = 7? ______","Klar! Die Regel **„x + 5“** bedeutet, dass du zu einer Zahl **x** den Wert **5** dazuaddierst.

In deinem Fall ist **x = 7**. Du sollst also die **7** an Stelle von **x** einsetzen und dann die Rechnung durchführen:

### Schritt für Schritt:
1. Gegebene Regel:  
   $ x + 5 $

2. Einsetzen von $ x = 7 $:  
   $ 7 + 5 $

3. Rechnen:  
   $ 7 + 5 = 12 $

---

### ✅ Antwort:  
**12**

Wenn du noch mehr solcher Aufgaben hast oder etwas nicht verstehst, helfe ich dir gerne weiter! 😊"
"Functional relationships (patterns and structures)","Linear and other simple functions","B","Ziehe eine Linie durch die Punkte (1, 3), (2, 4) und (3, 5) in einem Koordinatensystem.","Natürlich! Wir schauen uns die Aufgabe Schritt für Schritt an:

Du sollst eine **Linie durch die Punkte (1, 3), (2, 4) und (3, 5)** ziehen. Das bedeutet, du sollst in einem Koordinatensystem eine Gerade einzeichnen, die durch alle drei Punkte verläuft – oder zumindest prüfen, ob diese Punkte auf einer gemeinsamen Geraden liegen.

---

### 🔍 **Schritt 1: Verstehe die Punkte**
Jeder Punkt hat die Form **(x | y)**:
- P₁ = (1, 3): Bei x = 1 ist y = 3
- P₂ = (2, 4): Bei x = 2 ist y = 4
- P₃ = (3, 5): Bei x = 3 ist y = 5

---

### 📐 **Schritt 2: Prüfe, ob die Punkte auf einer Geraden liegen**

Dafür berechnen wir die **Steigung** zwischen jeweils zwei Punkten. Wenn die Steigung zwischen allen Paaren gleich ist, liegen die Punkte auf einer Geraden.

Die **Steigungsformel** lautet:

$$
m = \frac{y_2 - y_1}{x_2 - x_1}
$$

#### Zwischen P₁ und P₂:
$$
m = \frac{4 - 3}{2 - 1} = \frac{1}{1} = 1
$$

#### Zwischen P₂ und P₃:
$$
m = \frac{5 - 4}{3 - 2} = \frac{1}{1} = 1
$$

✅ Die Steigung ist überall **1**, also liegen alle drei Punkte auf derselben Geraden!

---

### ✏️ **Schritt 3: Zeichne die Gerade in ein Koordinatensystem**

So zeichnest du sie:

1. **Zeichne ein Koordinatensystem** mit x- und y-Achse.
2. **Trage die drei Punkte ein**:
   - (1, 3): Gehe 1 nach rechts und 3 nach oben
   - (2, 4): Gehe 2 nach rechts und 4 nach oben
   - (3, 5): Gehe 3 nach rechts und 5 nach oben
3. **Verbinde die Punkte mit einer geraden Linie** – da alle auf einer Geraden liegen, kannst du einfach durch alle drei eine Linie ziehen.

---

### 🧮 **Bonus: Bestimme die Geradengleichung (optional)**

Da die Steigung m = 1 ist und der Punkt (1, 3) auf der Geraden liegt, können wir die Geradengleichung bestimmen:

Allgemeine Form:  
$$
y = mx + b
$$

Setze m = 1 und Punkt (1, 3) ein:

$$
3 = 1 \cdot 1 + b \Rightarrow b = 2
$$

Also lautet die Gleichung der Geraden:

$$
\boxed{y = x + 2}
$$

Alle drei Punkte erfüllen diese Gleichung:
- Für x = 1: y = 1 + 2 = 3 ✔
- Für x = 2: y = 2 + 2 = 4 ✔
- Für x = 3: y = 3 + 2 = 5 ✔

---

Wenn du magst, kann ich dir auch erklären, wie du das ganze in einem digitalen Tool wie GeoGebra darstellen kannst. 😊"
"Functional relationships (patterns and structures)","Linear and other simple functions","B","Umarme das Paar, das nicht der Regel x + 3 entspricht: A) (2, 5) B) (4, 7) C) (3, 6) D) (5, 10)","Klar! Lass uns die Aufgabe gemeinsam durchgehen.

### Gegeben:
Du sollst **das Paar umarmen (auswählen), das NICHT der Regel**  
**x + 3** entspricht.

Das bedeutet: Der zweite Wert im Paar sollte immer **der erste Wert plus 3** sein, also:

> **y = x + 3**

Wir prüfen jetzt jedes Paar:

---

### A) (2, 5)  
Ist 2 + 3 gleich 5?  
✅ Ja, **2 + 3 = 5** → Passt zur Regel.

---

### B) (4, 7)  
Ist 4 + 3 gleich 7?  
✅ Ja, **4 + 3 = 7** → Passt zur Regel.

---

### C) (3, 6)  
Ist 3 + 3 gleich 6?  
✅ Ja, **3 + 3 = 6** → Passt zur Regel.

---

### D) (5, 10)  
Ist 5 + 3 gleich 10?  
❌ Nein, **5 + 3 = 8**, nicht 10 → **Dieses Paar passt NICHT zur Regel.**

---

### ✅ Lösung:
**Umarme das Paar D) (5, 10)**, denn es folgt **nicht** der Regel **x + 3**.

Wenn du noch mehr solcher Aufgaben hast oder etwas genauer erklärt haben willst, sag Bescheid! 😊"
"Functional relationships (patterns and structures)","Linear and other simple functions","C","Vervollständige die Tabelle für die Regel y = x + 3:  
x: 1 | 2 | 3 | 4  
y: ___ | ___ | ___ | ___","Klar! Du hast die Gleichung **y = x + 3** und sollst zu den gegebenen x-Werten die zugehörigen y-Werte berechnen.

Die Regel ist:  
> **y = x + 3**

Das bedeutet: Für jeden x-Wert rechnest du einfach **x plus 3**, um den passenden y-Wert zu finden.

---

### Gegebene Tabelle:

| x | 1 | 2 | 3 | 4 |
|---|---|---|---|---|
| y | ? | ? | ? | ? |

---

### Jetzt setzt du nacheinander die Zahlen für x ein:

1. Wenn **x = 1**, dann ist **y = 1 + 3 = 4**
2. Wenn **x = 2**, dann ist **y = 2 + 3 = 5**
3. Wenn **x = 3**, dann ist **y = 3 + 3 = 6**
4. Wenn **x = 4**, dann ist **y = 4 + 3 = 7**

---

### Fertig ausgefüllt sieht die Tabelle so aus:

| x | 1 | 2 | 3 | 4 |
|---|---|---|---|---|
| y | 4 | 5 | 6 | 7 |

---

Wenn du noch mehr Werte üben willst oder eine Erklärung zu einer ähnlichen Aufgabe brauchst, sag gern Bescheid! 😊"
"Functional relationships (patterns and structures)","Linear and other simple functions","C","Was ist der Eingabewert, wenn die Regel y = x − 1 lautet und der Ausgabewert 6 ist?","Klar! Lass uns die Aufgabe Schritt für Schritt lösen.

Du hast folgende Regel gegeben:

$$
y = x - 1
$$

Und du weißt, dass der **Ausgabewert $ y $** gleich **6** ist. Also setzen wir das in die Gleichung ein:

$$
6 = x - 1
$$

Jetzt willst du den **Eingabewert $ x $** herausfinden. Dazu musst du die Gleichung nach $ x $ auflösen. Das machst du, indem du auf beiden Seiten **1 addierst**:

$$
6 + 1 = x
$$

$$
x = 7
$$

### ✅ Lösung:
Der **Eingabewert $ x $** ist **7**.

Das bedeutet: Wenn du 7 in die Regel $ y = x - 1 $ einsetzt, bekommst du als Ausgabe $ y = 6 $."
"Functional relationships (patterns and structures)","Linear and other simple functions","C","Vervollständige: Wenn y = x × 3, dann ist x = 4 → y = ___","Klar! Lass uns die Aufgabe Schritt für Schritt lösen.

Du hast die Gleichung:

$$
y = x \times 3
$$

Und du weißt, dass:

$$
x = 4
$$

Jetzt setzt du den Wert von $ x $ in die Gleichung ein:

$$
y = 4 \times 3
$$

Rechnen wir das aus:

$$
y = 12
$$

### ✅ Lösung:
Wenn $ x = 4 $, dann ist $ y = 12 $.

Du kannst also immer dann $ y $ berechnen, wenn du $ x $ kennst, indem du es mit 3 multiplizierst."
"Functional relationships (patterns and structures)","Linear and other simple functions","C","Eine Funktionsmaschine multipliziert die Eingabe mit 4 und addiert dann 1. Was ist das Ergebnis, wenn die Eingabe 2 ist?","Klar! Lass uns die Aufgabe Schritt für Schritt durchgehen.

Du hast eine **Funktionsmaschine**, die folgendes macht:

1. **Multipliziert** die Eingabe mit **4**
2. **Addiert dann 1** zum Ergebnis

Die **Eingabe** ist **2**.

### Schritt 1: Multiplikation
Du nimmst die Eingabe (2) und multiplizierst sie mit 4:
$$
2 \cdot 4 = 8
$$

### Schritt 2: Addition
Jetzt addierst du 1 zu dem Ergebnis:
$$
8 + 1 = 9
$$

### ✅ Endgültiges Ergebnis:
$$
\boxed{9}
$$

Wenn du also 2 in die Funktionsmaschine eingibst, kommt **9** heraus. 😊"
"Functional relationships (patterns and structures)","Linear and other simple functions","C","Wenn y = x − 5 ist, bestimme y für x = 11.","Klar! Du hast die Gleichung:

$$
y = x - 5
$$

Und du sollst **y** berechnen, wenn **x = 11** ist.

### Schritt für Schritt:

1. Setze den Wert von **x** (also 11) in die Gleichung ein:

$$
y = 11 - 5
$$

2. Rechne das Ergebnis aus:

$$
y = 6
$$

### Antwort:
Wenn **x = 11**, dann ist **y = 6**.

Fertig! 😊"
"Functional relationships (patterns and structures)","Linear and other simple functions","D","Bestimme die Steigung der Geraden, die durch die Punkte (2, 3) und (6, 7) verläuft.","Um die **Steigung** einer Geraden zu bestimmen, die durch zwei Punkte verläuft, verwendest du die **Steigungsformel**:

$$
m = \frac{y_2 - y_1}{x_2 - x_1}
$$

### Gegeben sind die Punkte:
- Erster Punkt: $ (x_1, y_1) = (2, 3) $
- Zweiter Punkt: $ (x_2, y_2) = (6, 7) $

### Schritt-für-Schritt einsetzen:

$$
m = \frac{7 - 3}{6 - 2} = \frac{4}{4} = 1
$$

### ✅ Ergebnis:
Die **Steigung der Geraden beträgt:**  
$$
\boxed{1}
$$

Das bedeutet: Für jede Einheit nach rechts (in x-Richtung) steigt die Gerade um 1 Einheit in y-Richtung."
"Functional relationships (patterns and structures)","Linear and other simple functions","D","Bestimme den y-Achsenabschnitt der Geraden y = −2x + 7.","Klar! Die Aufgabe lautet:

> Bestimme den **y-Achsenabschnitt** der Geraden $ y = -2x + 7 $.

### Was ist der y-Achsenabschnitt?

Der **y-Achsenabschnitt** ist der Punkt, an dem die Gerade die **y-Achse** schneidet.  
Das Besondere an diesem Punkt ist: **Dort ist der x-Wert immer 0**, denn du bist genau auf der y-Achse.

---

### Wie findest du diesen Punkt?

Die Geradengleichung ist bereits in der sogenannten **Normalform** gegeben:

$$
y = mx + b
$$

Dabei ist:
- $ m $ die **Steigung**
- $ b $ der **y-Achsenabschnitt**

In deiner Gleichung:

$$
y = -2x + 7
$$

ist $ b = 7 $.  
Das bedeutet: **Der y-Achsenabschnitt ist 7.**

---

### Wenn du es selbst berechnen willst:

Setze einfach $ x = 0 $ in die Gleichung ein:

$$
y = -2 \cdot 0 + 7 = 0 + 7 = 7
$$

Also schneidet die Gerade die y-Achse bei $ y = 7 $.  
Der Schnittpunkt mit der y-Achse ist also der Punkt $ (0\ |\ 7) $.

---

### ✅ Antwort:

**Der y-Achsenabschnitt ist 7.**"
"Functional relationships (patterns and structures)","Linear and other simple functions","D","Gegeben sind zwei Linien: y = 2x + 3 und y = 2x - 1. Sind diese parallel? Begründe deine Antwort.","Um zu überprüfen, ob die beiden Geraden **parallel** sind, musst du dir die **Steigung** der beiden Linien anschauen.

Gegeben sind die beiden Geradengleichungen:

1. $ y = 2x + 3 $  
2. $ y = 2x - 1 $

### Schritt 1: Steigungen vergleichen

Die allgemeine Form einer Geradengleichung ist:

$$
y = mx + b
$$

- $ m $ ist die **Steigung**
- $ b $ ist der **y-Achsenabschnitt** (also der Punkt, an dem die Gerade die y-Achse schneidet)

Bei deinen Geraden:
- Erste Gerade: $ m = 2 $
- Zweite Gerade: $ m = 2 $

➡️ Die **Steigungen sind gleich** ($ m = 2 $ bei beiden).

### Schritt 2: Sind sie wirklich parallel?

Zwei Geraden sind **parallel**, wenn sie **die gleiche Steigung haben**, aber **unterschiedliche y-Achsenabschnitte**.

Bei dir:
- Steigung: gleich (beide 2)
- y-Achsenabschnitte: unterschiedlich (3 und -1)

✅ Also sind die Geraden **parallel**.

---

### Fazit:

Ja, die Geraden $ y = 2x + 3 $ und $ y = 2x - 1 $ sind **parallel**, weil sie dieselbe Steigung ($ m = 2 $) haben, aber verschiedene Schnittpunkte mit der y-Achse."
"Functional relationships (patterns and structures)","Linear and other simple functions","D","Zeichne die Gerade y = -x + 4, indem du die Steigung und den y-Achsenabschnitt bestimmst.","Natürlich! Wir lösen die Aufgabe Schritt für Schritt:

### **Aufgabe:**  
Zeichne die Gerade mit der Gleichung  
$$
y = -x + 4
$$  
**unter Verwendung von Steigung und y-Achsenabschnitt.**

---

## 🔍 **1. Erinnere dich an die allgemeine Geradengleichung:**
Die allgemeine Form einer linearen Funktion (Geraden) ist:
$$
y = m \cdot x + b
$$

Dabei ist:
- **$ m $**: die **Steigung** der Geraden
- **$ b $**: der **y-Achsenabschnitt**, also der y-Wert, bei dem die Gerade die y-Achse schneidet

---

## 📌 **2. Lies Steigung und y-Achsenabschnitt ab:**

Deine Gleichung lautet:
$$
y = -x + 4
$$

Das bedeutet:
- **Steigung $ m = -1 $**
- **y-Achsenabschnitt $ b = 4 $**

---

## ✏️ **3. Zeichnen der Geraden – so gehst du vor:**

### **Schritt 1: Markiere den y-Achsenabschnitt**
- Der Punkt, an dem die Gerade die y-Achse schneidet, ist **(0 | 4)**.
- Suche dir ein Koordinatensystem (am besten auf kariertem Papier oder im Heft) und zeichne diesen Punkt ein.

### **Schritt 2: Nutze die Steigung, um einen zweiten Punkt zu finden**
Die Steigung ist **$ m = -1 $**. Das bedeutet:
> Für jede Einheit nach rechts (also +1 in x-Richtung), geht die Gerade **1 Einheit nach unten** (weil die Steigung negativ ist).

Oder anders ausgedrückt:
$$
\text{Steigung } m = \frac{\text{Höhenunterschied}}{\text{Seitenunterschied}} = \frac{-1}{1}
$$

Also:
- Starte beim Punkt **(0 | 4)**
- Gehe **1 Einheit nach rechts** und **1 Einheit nach unten** → Du kommst zu **(1 | 3)**

Zeichne auch diesen Punkt ein.

### **Schritt 3: Verbinde beide Punkte mit einer Geraden Linie**
- Lege dein Lineal an die beiden Punkte (0|4) und (1|3) an und ziehe eine gerade Linie durch sie hindurch.
- Du kannst die Linie etwas nach links und rechts verlängern, damit man gut erkennt, wie die Gerade verläuft.

---

## 🧠 **Zusatzinfo:**
Du könntest auch weitere Punkte berechnen, z. B.:
- Wenn $ x = 2 $, dann $ y = -2 + 4 = 2 $ → Punkt (2 | 2)
- Wenn $ x = 4 $, dann $ y = -4 + 4 = 0 $ → Punkt (4 | 0)

Diese Punkte helfen dir ebenfalls beim genauen Zeichnen.

---

## ✅ **Fazit:**
Um die Gerade $ y = -x + 4 $ zu zeichnen:
1. Bestimme Steigung ($ m = -1 $) und y-Achsenabschnitt ($ b = 4 $).
2. Zeichne den Punkt (0|4) ein.
3. Gehe von dort 1 nach rechts und 1 nach unten → neuer Punkt (1|3).
4. Verbinde die Punkte und zeichne die Gerade.

Wenn du willst, kann ich dir auch gerne eine Skizze beschreiben oder dir helfen, das in einem bestimmten Koordinatensystem darzustellen. 😊"
"Functional relationships (patterns and structures)","Linear and other simple functions","D","Schreibe die Gleichung einer Geraden mit der Steigung 3 und dem y-Achsenabschnitt 5 in der Form y = mx + b.","Klar! Du sollst die Gleichung einer Geraden in der Form  
$$ y = mx + b $$  
angeben, wobei:

- $ m $ die **Steigung** ist,
- $ b $ der **y-Achsenabschnitt** ist.

In deiner Aufgabe steht:
- Die Steigung ist **3**, also $ m = 3 $,
- Der y-Achsenabschnitt ist **5**, also $ b = 5 $.

### Schritt für Schritt:
1. Starte mit der allgemeinen Geradengleichung:  
   $$ y = mx + b $$

2. Setze die gegebenen Werte ein:  
   $$ y = 3x + 5 $$

### ✅ Fertig!
Die Gleichung der Geraden lautet also:  
**$$ y = 3x + 5 $$**

Das bedeutet: Für jeden x-Wert erhältst du den zugehörigen y-Wert, indem du $ 3 \cdot x + 5 $ rechnest.

Wenn du noch weitere Fragen hast, z. B. wie man das zeichnet oder einen Punkt berechnet, helfe ich gerne weiter! 😊"
"Functional relationships (patterns and structures)","Linear and other simple functions","E","Eine Wertetabelle zeigt: (1, 5), (2, 10), (3, 15). Schreibe die Gleichung auf und interpretiere die Steigung.","Sehr gerne! Du hast drei Wertepaare gegeben:

- Bei $ x = 1 $ ist $ y = 5 $
- Bei $ x = 2 $ ist $ y = 10 $
- Bei $ x = 3 $ ist $ y = 15 $

### Schritt 1: Erkenne den Zusammenhang

Schau dir an, wie sich $ y $ ändert, wenn sich $ x $ um 1 erhöht:

- Wenn $ x $ von 1 auf 2 steigt, dann steigt $ y $ von 5 auf 10 → das ist eine Zunahme von 5.
- Wenn $ x $ von 2 auf 3 steigt, dann steigt $ y $ von 10 auf 15 → wieder eine Zunahme von 5.

Das bedeutet: **Bei gleichen Erhöhungen von $ x $** erhöht sich $ y $ immer um denselben Betrag (5). Das ist ein Zeichen dafür, dass es sich um einen **linearen Zusammenhang** handelt – also eine Gerade.

---

### Schritt 2: Allgemeine Form einer linearen Funktion

Die allgemeine Form einer linearen Funktion lautet:

$$
y = mx + b
$$

Dabei ist:
- $ m $ die **Steigung**
- $ b $ der **y-Achsenabschnitt**, also der Wert von $ y $, wenn $ x = 0 $

---

### Schritt 3: Steigung $ m $ berechnen

Du kannst die Steigung zwischen zwei Punkten berechnen mit der Formel:

$$
m = \frac{y_2 - y_1}{x_2 - x_1}
$$

Nehmen wir die ersten beiden Punkte: $ (1, 5) $ und $ (2, 10) $:

$$
m = \frac{10 - 5}{2 - 1} = \frac{5}{1} = 5
$$

Die Steigung ist also **5**.

---

### Schritt 4: Gleichung aufstellen

Jetzt wissen wir:
- $ m = 5 $
- Also sieht die Gleichung so aus: $ y = 5x + b $

Um $ b $ zu finden, setze einen Punkt in die Gleichung ein. Nehmen wir $ x = 1 $, $ y = 5 $:

$$
5 = 5 \cdot 1 + b \\
5 = 5 + b \\
b = 0
$$

---

### ✅ Fertige Gleichung:

$$
\boxed{y = 5x}
$$

---

### 📊 Interpretation der Steigung:

Die **Steigung $ m = 5 $** bedeutet:

> Für jede Erhöhung von $ x $ um 1 Einheit steigt $ y $ um 5 Einheiten.

Oder anders ausgedrückt:

> Die Funktionswerte wachsen fünfmal so schnell wie $ x $.  
> Es liegt eine direkte Proportionalität vor, da bei $ x = 0 $ auch $ y = 0 $ gilt.

---

Wenn du noch mehr solcher Aufgaben lösen willst, übe ruhig mit weiteren Beispielen – das Prinzip bleibt meist gleich bei linearen Funktionen! 😊"
"Functional relationships (patterns and structures)","Linear and other simple functions","E","Grafiziere die Gleichung y = 2x - 1 für x = -2 bis x = 3.","Klar! Wir gehen Schritt für Schritt vor, um die Gleichung **y = 2x - 1** im Bereich von **x = -2 bis x = 3** zu grafizieren.

---

### 📌 **Schritt 1: Verstehe die Gleichung**
Die Gleichung **y = 2x - 1** ist eine **lineare Funktion**, also eine Gerade.  
- **2** ist die **Steigung** (m): Die Gerade steigt um 2 Einheiten nach oben, wenn du 1 Einheit nach rechts gehst.
- **-1** ist der **y-Achsenabschnitt**: Der Punkt, an dem die Gerade die y-Achse schneidet (also bei x = 0).

---

### 📌 **Schritt 2: Erstelle eine Wertetabelle**
Wir berechnen uns einige **(x, y)**-Werte zwischen **x = -2 und x = 3**:

| x   | y = 2x - 1         |
|-----|--------------------|
| -2  | 2·(-2) - 1 = -4 -1 = -5 |
| -1  | 2·(-1) - 1 = -2 -1 = -3 |
| 0   | 2·0 - 1 = 0 -1 = -1     |
| 1   | 2·1 - 1 = 2 -1 = 1      |
| 2   | 2·2 - 1 = 4 -1 = 3      |
| 3   | 2·3 - 1 = 6 -1 = 5      |

Also haben wir folgende Punkte:
- (-2, -5)
- (-1, -3)
- (0, -1)
- (1, 1)
- (2, 3)
- (3, 5)

---

### 📌 **Schritt 3: Zeichne ein Koordinatensystem**
1. Zeichne eine waagrechte **x-Achse** und eine senkrechte **y-Achse**.
2. Beschrifte beide Achsen mit Zahlen, so dass du die Werte von x = -2 bis 3 und y = -5 bis 5 darstellen kannst.
3. Trage die oben berechneten Punkte ins Koordinatensystem ein.

Beispiel:
- Für den Punkt (-2, -5): Gehe auf der x-Achse 2 nach links, dann 5 nach unten und setze einen Punkt.

---

### 📌 **Schritt 4: Zeichne die Gerade**
Verbinde alle diese Punkte durch eine **gerade Linie**. Da es sich um eine lineare Funktion handelt, liegen alle Punkte auf einer geraden Linie – du könntest also auch nur zwei davon brauchen, um die Gerade zu zeichnen.

---

### ✅ **Fertig!**
Du hast jetzt die Gerade zur Gleichung **y = 2x - 1** im Bereich **x = -2 bis x = 3** gezeichnet.

Wenn du möchtest, kann ich dir auch gerne eine Skizze oder Tabelle als Textversion zeigen!

Willst du das nochmal für eine andere Gleichung üben? 😊"
"Functional relationships (patterns and structures)","Linear and other simple functions","E","Eine Funktion ist definiert als f(x) = x/2 – 3. Was ist f(6)?","Du hast die Funktion gegeben:

$$
f(x) = \frac{x}{2} - 3
$$

Und du sollst berechnen, was $ f(6) $ ist.

### Schritt-für-Schritt-Lösung:

1. **Setze 6 in die Funktion ein:**

$$
f(6) = \frac{6}{2} - 3
$$

2. **Rechne zuerst die Division aus:**

$$
\frac{6}{2} = 3
$$

3. **Ziehe dann 3 ab:**

$$
3 - 3 = 0
$$

### Ergebnis:
$$
f(6) = 0
$$

Das bedeutet: Wenn du in die Funktion $ f(x) $ für $ x = 6 $ einsetzt, erhältst du als Ergebnis **0**.

Falls du noch mehr Übung willst: Gerne kann ich dir ähnliche Aufgaben stellen! 😊"
"Functional relationships (patterns and structures)","Linear and other simple functions","E","Ein Radfahrer fährt 15 km in 1 Stunde, 30 km in 2 Stunden und 45 km in 3 Stunden. Handelt es sich hierbei um eine lineare Beziehung? Formuliere die Regel.","Um zu erkennen, ob es sich bei der Beziehung zwischen **Zeit** und **zurückgelegter Strecke** um eine **lineare Beziehung** handelt, schauen wir uns die Daten an:

- 15 km in 1 Stunde  
- 30 km in 2 Stunden  
- 45 km in 3 Stunden  

---

### 🔍 Schritt 1: Was ist eine lineare Beziehung?

Eine **lineare Beziehung** liegt vor, wenn sich eine Größe (hier die Strecke) **gleichmäßig** in Abhängigkeit von einer anderen Größe (hier die Zeit) verändert. Das bedeutet: Wenn du z. B. die Zeit verdoppelst, dann verdoppelt sich auch die Strecke – das ist ein **proportionaler Zusammenhang**, eine spezielle Form der Linearität.

---

### 📊 Schritt 2: Werte in eine Tabelle bringen

| Zeit (h) | Strecke (km) |
|----------|--------------|
| 1        | 15           |
| 2        | 30           |
| 3        | 45           |

---

### ✅ Schritt 3: Ist die Beziehung linear?

Wir prüfen, ob die Zunahme der Strecke pro Zeiteinheit immer gleich ist:

- Von 1 h auf 2 h: Strecke nimmt um 15 km zu (von 15 auf 30)
- Von 2 h auf 3 h: Strecke nimmt wieder um 15 km zu (von 30 auf 45)

➡️ Die **Zunahme ist konstant**: **+15 km pro Stunde**

Das ist ein klares Zeichen für eine **lineare Funktion**!

---

### 📈 Schritt 4: Regel formulieren (Funktionsvorschrift)

Die allgemeine Form einer linearen Funktion ist:

$$
s(t) = v \cdot t
$$

Dabei ist:
- $ s(t) $ die zurückgelegte Strecke (in km)
- $ t $ die Zeit (in Stunden)
- $ v $ die Geschwindigkeit (in km/h)

Aus den Daten sehen wir: Der Radfahrer legt **15 km pro Stunde** zurück, also:

$$
\boxed{s(t) = 15 \cdot t}
$$

Das bedeutet: Die Strecke ist immer **15 mal so groß wie die Zeit**.

---

### 🧠 Zusammenfassung:

- Ja, es handelt sich um eine **lineare Beziehung**, weil die Strecke gleichmäßig mit der Zeit zunimmt.
- **Regel / Funktion:**  
  $$\text{Strecke} = 15 \cdot \text{Zeit} \quad \text{oder} \quad s(t) = 15 \cdot t$$
- Der Radfahrer fährt mit einer **konstanten Geschwindigkeit von 15 km/h**.

Wenn du magst, kann ich dir auch zeigen, wie das in einem Diagramm aussieht! 📉📈"
"Functional relationships (patterns and structures)","Linear and other simple functions","E","Grafiére die Funktion y = |x|. Wie unterscheidet sich ihre Form und Symmetrie von der Funktion y = x²?","Sehr gerne! Lass uns die Aufgabe Schritt für Schritt durchgehen:

---

### **1. Funktion y = |x| grafisch darstellen (zeichnen)**

Die Funktion **y = |x|** ist die **Betragfunktion**.

#### 📌 Was bedeutet der Betrag?
Der **Betrag einer Zahl** ist immer **nicht negativ**, also:
$$
|x| = 
\begin{cases}
x, & \text{wenn } x \geq 0 \\
-x, & \text{wenn } x < 0
\end{cases}
$$

Das heißt:
- Für positive x-Werte bleibt x wie es ist.
- Für negative x-Werte wird x „positiv gemacht“.

#### ✏️ Wertetabelle erstellen:

| x  | y = |x| |
|----|--------|
| -3 |   3    |
| -2 |   2    |
| -1 |   1    |
|  0 |   0    |
|  1 |   1    |
|  2 |   2    |
|  3 |   3    |

Wenn du diese Punkte in ein Koordinatensystem einträgst und verbindest, erhältst du einen **V-förmigen Graphen** mit dem Scheitelpunkt im Ursprung (0|0).

---

### **2. Vergleich mit der Funktion y = x²**

Auch hier können wir eine Wertetabelle machen:

| x  | y = x² |
|----|--------|
| -3 |   9    |
| -2 |   4    |
| -1 |   1    |
|  0 |   0    |
|  1 |   1    |
|  2 |   4    |
|  3 |   9    |

Der Graph dieser Funktion ist eine **Parabel**, die nach oben geöffnet ist und ihren Scheitelpunkt ebenfalls bei (0|0) hat.

---

### **3. Unterschiede in Form und Symmetrie**

#### 🔹 **Form**
- **y = |x|**: V-förmiger Graph aus zwei geraden Linien – eine steigende für x ≥ 0, eine fallende für x < 0.
- **y = x²**: Eine glatte, gebogene Parabel – symmetrisch, aber nicht linear.

#### 🔹 **Symmetrie**
- Beide Funktionen sind **achsensymmetrisch zur y-Achse**, weil gilt:
  - Für **|x|**: |–x| = |x|
  - Für **x²**: (–x)² = x²

👉 Das bedeutet: Wenn du den Graphen rechts der y-Achse spiegelst, bekommst du den linken Teil.

---

### **Zusammenfassung:**

| Eigenschaft        | y = |x|                     | y = x²                      |
|--------------------|-----------------------------|------------------------------|
| Graphform          | V-förmig (zwei Geraden)     | Nach oben geöffnete Parabel |
| Steigung           | Linear (steigend/fallend)   | Nichtlinear (gekrümmt)      |
| Symmetrie          | Achsensymmetrisch zur y-Achse | Achsensymmetrisch zur y-Achse |
| Scheitelpunkt      | Bei (0|0)                   | Bei (0|0)                    |

---

Wenn du möchtest, kann ich dir auch gerne eine Skizze oder Anleitung zum Zeichnen am Papier geben! 😊"
"Functional relationships (patterns and structures)","Linear and other simple functions","E","Welche Funktion wächst schneller: y = 3x oder y = x²? Überprüfe dies für x = 1 bis 5.","Um herauszufinden, **welche Funktion schneller wächst** – $ y = 3x $ (eine lineare Funktion) oder $ y = x^2 $ (eine quadratische Funktion) – können wir beide Funktionen für die Werte $ x = 1 $ bis $ x = 5 $ berechnen und vergleichen.

---

### 🔢 Schritt 1: Wertetabelle erstellen

Wir setzen nacheinander die Werte von $ x = 1 $ bis $ x = 5 $ in beide Funktionen ein:

| $ x $ | $ y = 3x $ | $ y = x^2 $ |
|--------|--------------|---------------|
| 1      | $ 3 \cdot 1 = 3 $ | $ 1^2 = 1 $     |
| 2      | $ 3 \cdot 2 = 6 $ | $ 2^2 = 4 $     |
| 3      | $ 3 \cdot 3 = 9 $ | $ 3^2 = 9 $     |
| 4      | $ 3 \cdot 4 = 12 $| $ 4^2 = 16 $    |
| 5      | $ 3 \cdot 5 = 15 $| $ 5^2 = 25 $    |

---

### 📊 Schritt 2: Vergleich der Funktionswerte

- Bei **kleinen Werten** wie $ x = 1 $ oder $ x = 2 $ ist $ y = 3x $ größer.
- Bei **$ x = 3 $** sind beide Funktionen gleich groß ($ 9 = 9 $).
- Ab **$ x = 4 $** wird $ y = x^2 $ größer und wächst danach deutlich schneller.

---

### 📈 Schritt 3: Erklärung zum Wachstum

- Die Funktion $ y = 3x $ **wächst linear**, das heißt: mit jedem Schritt um 1 erhöht sich der y-Wert um 3.
- Die Funktion $ y = x^2 $ **wächst quadratisch**, das heißt: der Zuwachs wird immer größer, je größer $ x $ wird.

➡️ Daher **wächst die quadratische Funktion $ y = x^2 $ ab einem bestimmten Punkt schneller** als die lineare Funktion $ y = 3x $.

---

### ✅ Fazit:

- Für $ x = 1 $ bis $ x = 3 $: $ y = 3x $ ist gleich oder größer.
- **Ab $ x = 4 $**: $ y = x^2 $ wächst schneller.
- Also: **Langfristig wächst $ y = x^2 $ schneller als $ y = 3x $.**

Wenn du magst, kann ich dir auch zeigen, **ab welchem $ x $** die quadratische Funktion immer größer bleibt. 😊"
"Functional relationships (patterns and structures)","Linear and other simple functions","E","Die Funktion y = x² beschreibt die Fläche eines Quadrats mit der Seitenlänge x. Zeichne die Gleichung in ein Koordinatensystem und ermittle anhand des Graphen die Werte von y für x = 1, 2, 3, 4.","Super Frage! Du sollst hier die Funktion $ y = x^2 $ grafisch darstellen und dann anhand des Graphen bestimmte Werte ablesen. Lass uns das Schritt für Schritt durchgehen.

---

### **1. Verständnis der Aufgabe**

Die Funktion $ y = x^2 $ beschreibt die Fläche eines Quadrats mit Seitenlänge $ x $.  
- Wenn du also ein Quadrat mit Seitenlänge $ x $ hast, dann ist seine Fläche $ A = x \cdot x = x^2 $.
- Deshalb ist $ y = x^2 $ hier gegeben.

Du sollst nun:
1. Die Funktion $ y = x^2 $ in ein Koordinatensystem zeichnen.
2. Anschließend die Werte von $ y $ bei $ x = 1, 2, 3, 4 $ am Graphen ablesen.

---

### **2. Wie zeichnet man $ y = x^2 $?**

Um eine Funktion zu zeichnen, machst du dir am besten zunächst eine **Wertetabelle**:

| $ x $ | $ y = x^2 $ |
|--------|---------------|
| 0      | $ 0^2 = 0 $     |
| 1      | $ 1^2 = 1 $     |
| 2      | $ 2^2 = 4 $     |
| 3      | $ 3^2 = 9 $     |
| 4      | $ 4^2 = 16 $    |

Jetzt kannst du diese Punkte $(x, y)$ in ein Koordinatensystem eintragen:
- (0, 0)
- (1, 1)
- (2, 4)
- (3, 9)
- (4, 16)

Wenn du diese Punkte verbindest, erhältst du eine **Parabel**, die nach oben geöffnet ist. Sie beginnt im Ursprung (0, 0) und steigt immer stärker an.

---

### **3. Ablesen der Werte für x = 1, 2, 3, 4**

Da du den Graphen schon gezeichnet hast oder zumindest verstehst, wie er aussieht, kannst du jetzt die Werte für $ y $ ablesen:

- Bei $ x = 1 $: Der Graph liegt bei $ y = 1 $
- Bei $ x = 2 $: Der Graph liegt bei $ y = 4 $
- Bei $ x = 3 $: Der Graph liegt bei $ y = 9 $
- Bei $ x = 4 $: Der Graph liegt bei $ y = 16 $

Das sind genau die Quadrate der jeweiligen $ x $-Werte – also was du auch rechnerisch erwarten würdest.

---

### **4. Zusammenfassung**

✅ Du hast die Funktion $ y = x^2 $ als Parabel gezeichnet.  
✅ Du hast die Fläche des Quadrats für verschiedene Seitenlängen $ x $ am Graphen abgelesen.  
✅ Die Ergebnisse sind:

| $ x $ | $ y = x^2 $ |
|--------|---------------|
| 1      | 1             |
| 2      | 4             |
| 3      | 9             |
| 4      | 16            |

Wenn du möchtest, kann ich dir auch zeigen, wie du das in einem Diagramm aufmalst oder wie du es digital erstellen kannst. Sag einfach Bescheid!"
"Functional relationships (patterns and structures)","Linear and other simple functions","F","Übersetze die Funktion y = x² um drei Einheiten nach links und zwei Einheiten nach unten. Wie lautet die neue Gleichung?","Sehr gerne! 🤗

Du sollst die Funktion  
$$ y = x^2 $$  
um **drei Einheiten nach links** und  
**zwei Einheiten nach unten** verschieben.

---

### 🔹 1. Verschiebung nach **links** um drei Einheiten:

Wenn du eine Funktion **nach links** verschiebst, musst du **im Argument der Funktion addieren**.

Die Regel lautet:
- Um $ a $ Einheiten **nach links**: Ersetze $ x $ durch $ x + a $

Also:  
Verschiebung um 3 Einheiten nach links → ersetze $ x $ durch $ x + 3 $

Neue Funktion vorerst:
$$
y = (x + 3)^2
$$

---

### 🔹 2. Verschiebung nach **unten** um zwei Einheiten:

Wenn du eine Funktion **nach unten** verschiebst, musst du **außen subtrahieren**.

Die Regel lautet:
- Um $ b $ Einheiten **nach unten**: Subtrahiere $ b $ von der gesamten Funktion

Also:  
Verschiebung um 2 Einheiten nach unten → ziehe 2 ab

Neue Funktion:
$$
y = (x + 3)^2 - 2
$$

---

### ✅ Endgültige Antwort:
$$
\boxed{y = (x + 3)^2 - 2}
$$

Das ist die Gleichung der verschobenen Parabel. 😊  
Falls du das zeichnen müsstest, startest du einfach mit der normalen Parabel $ y = x^2 $, schiebst sie dann wie beschrieben und hast den neuen Scheitelpunkt bei $ (-3 \mid -2) $."
"Functional relationships (patterns and structures)","Linear and other simple functions","F","Bestimme, ob die folgende Tabelle eine lineare Funktion darstellt: x: 1, 2, 3, 4 | y: 2, 4, 8, 16","Um zu bestimmen, ob die gegebene Tabelle eine **lineare Funktion** darstellt, musst du prüfen, ob der **y-Wert** sich bei gleichmäßiger Änderung des x-Werts immer um den **gleichen Betrag** ändert. Bei einer linearen Funktion bleibt die **Steigung (also die Differenz zwischen aufeinanderfolgenden y-Werten)** konstant.

---

### Gegebene Tabelle:

| x | y  |
|---|----|
| 1 | 2  |
| 2 | 4  |
| 3 | 8  |
| 4 | 16 |

---

## Schritt-für-Schritt-Vorgehen:

### 1. Prüfe die Differenzen der x-Werte:
Die x-Werte sind: 1, 2, 3, 4  
→ Sie steigen jeweils um **1** an → gleichmäßig.

### 2. Berechne die Differenzen der y-Werte („Dy“):

- Von x = 1 zu x = 2:  
  $ \Delta y = 4 - 2 = 2 $

- Von x = 2 zu x = 3:  
  $ \Delta y = 8 - 4 = 4 $

- Von x = 3 zu x = 4:  
  $ \Delta y = 16 - 8 = 8 $

### 3. Vergleiche die Differenzen:

Die Veränderungen in y sind:  
+2, +4, +8 → Diese Werte sind **nicht gleich**.

---

## Fazit:

Da sich die y-Werte nicht um einen **konstanten Wert**, sondern um einen **veränderlichen Faktor** erhöhen (hier: mal 2), liegt keine **lineare Funktion** vor.

Stattdessen sieht das Muster so aus, als wäre die Funktion **exponentiell**, z.B.:

$$
y = 2^x
$$

---

## Antwort:

> Die Tabelle stellt **keine lineare Funktion** dar, weil sich die y-Werte nicht um einen konstanten Betrag ändern. Es handelt sich eher um eine **exponentielle Funktion**.

Wenn du magst, kann ich dir auch zeigen, wie man die passende Exponentialfunktion herleitet. 😊"
"Functional relationships (patterns and structures)","Linear and other simple functions","F","Der Graph von y = f(x) wird um 3 Einheiten nach oben verschoben, um die Funktion y = f(x) + 3 zu bilden. Wenn f(x) = 2x – 4 ist, schreibe die neue Gleichung auf.","Natürlich! Lass uns die Aufgabe Schritt für Schritt durchgehen:

### Gegeben:
- Die ursprüngliche Funktion ist:  
  $ f(x) = 2x - 4 $
- Der Graph dieser Funktion wird **um 3 Einheiten nach oben verschoben**.

### Was bedeutet „nach oben verschieben“?
Wenn man eine Funktion **nach oben verschiebt**, addiert man den entsprechenden Wert **zu der gesamten Funktion** hinzu.

Also:
> Neue Funktion:  
> $ y = f(x) + 3 $

### Jetzt setzen wir $ f(x) $ ein:
$$
y = (2x - 4) + 3
$$

### Vereinfachen:
$$
y = 2x - 1
$$

---

### ✅ **Antwort:**
Die neue Gleichung lautet:  
**$ y = 2x - 1 $**

Fertig! 😊  
Wenn du noch weitere Verschiebungen oder Transformationen von Funktionen lernen willst, helfe ich dir gerne."
"Functional relationships (patterns and structures)","Linear and other simple functions","F","Eine Bevölkerung wächst über einen Zeitraum von 10 Jahren linear von 200 auf 500. Eine andere Bevölkerung wächst exponentiell und verdoppelt sich alle 5 Jahre von 200. Welche Bevölkerung ist nach 15 Jahren größer?","Wir haben zwei Bevölkerungsgruppen mit unterschiedlichem Wachstum:

---

### **1. Lineares Wachstum:**

Die erste Bevölkerung wächst **linear** von 200 auf 500 in **10 Jahren**.

#### Schritt 1: Berechne die jährliche Zunahme
- Differenz: $ 500 - 200 = 300 $
- Pro Jahr: $ \frac{300}{10} = 30 $

#### Modell:
$$
B_1(t) = 200 + 30t
$$

Nach **15 Jahren**:
$$
B_1(15) = 200 + 30 \cdot 15 = 200 + 450 = 650
$$

---

### **2. Exponentielles Wachstum:**

Die zweite Bevölkerung verdoppelt sich **alle 5 Jahre**, startet bei 200.

#### Verdopplungen:
- Nach 5 Jahren: $ 200 \cdot 2 = 400 $
- Nach 10 Jahren: $ 400 \cdot 2 = 800 $
- Nach 15 Jahren: $ 800 \cdot 2 = 1600 $

Du kannst das auch allgemein mit der Formel beschreiben:

$$
B_2(t) = 200 \cdot 2^{t/5}
$$

Nach **15 Jahren**:
$$
B_2(15) = 200 \cdot 2^{15/5} = 200 \cdot 2^3 = 200 \cdot 8 = 1600
$$

---

### **Vergleich nach 15 Jahren:**

- Lineare Bevölkerung: **650**
- Exponentielle Bevölkerung: **1600**

---

### ✅ **Antwort:**
Die **exponentiell wachsende Bevölkerung ist nach 15 Jahren deutlich größer** (1600 vs. 650)."
"Functional relationships (patterns and structures)","Linear and other simple functions","G","Bestimme die Gleichung einer Geraden mit der Steigung 4, die durch den Punkt (1, –2) verläuft.","Klar! Um die Gleichung einer Geraden zu bestimmen, die eine bestimmte **Steigung** hat und durch einen bestimmten **Punkt** verläuft, kannst du die allgemeine Form der Geradengleichung verwenden:

### Allgemeine Form einer Geraden:
$$
y = mx + b
$$

Dabei gilt:
- $ m $: Steigung der Geraden  
- $ b $: y-Achsenabschnitt (also der Punkt, an dem die Gerade die y-Achse schneidet)

---

### Gegeben:
- Steigung $ m = 4 $
- Ein Punkt auf der Geraden: $ (x, y) = (1, -2) $

---

### Schritt-für-Schritt-Vorgehen:

Setze $ m = 4 $ und den Punkt $ (1, -2) $ in die Geradengleichung ein, um $ b $ zu berechnen:

$$
y = mx + b
$$
$$
-2 = 4 \cdot 1 + b
$$
$$
-2 = 4 + b
$$

Jetzt löst du nach $ b $ auf:

$$
b = -2 - 4 = -6
$$

---

### Ergebnis:
Die Geradengleichung lautet also:

$$
\boxed{y = 4x - 6}
$$

Das ist die gesuchte Geradengleichung mit der Steigung 4, die durch den Punkt $ (1, -2) $ verläuft.

Wenn du willst, kann ich dir auch zeigen, wie das grafisch aussieht oder wie man andere ähnliche Aufgaben löst. 😊"
"Functional relationships (patterns and structures)","Linear and other simple functions","G","Bestimme, ob die Gerade y = 2x + 1 parallel zur Geraden y = 2x - 4 ist.","Um zu bestimmen, ob zwei Geraden **parallel** zueinander sind, musst du dir vor allem die **Steigung** der Geraden anschauen.

### Gegebene Geraden:

1. Gerade 1: $ y = 2x + 1 $
2. Gerade 2: $ y = 2x - 4 $

---

### Schritt 1: Steigungen vergleichen

Beide Geraden sind in der sogenannten **Normalform** gegeben:

$$
y = mx + b
$$

Dabei ist:
- $ m $ die **Steigung**
- $ b $ der **y-Achsenabschnitt**

Also:
- Steigung von Gerade 1: $ m_1 = 2 $
- Steigung von Gerade 2: $ m_2 = 2 $

Wenn die **Steigungen gleich** sind ($ m_1 = m_2 $), dann sind die Geraden **parallel**.

---

### Ergebnis:

Da beide Geraden die gleiche Steigung $ m = 2 $ haben, **sind sie parallel**.

> ✅ **Die Geraden y = 2x + 1 und y = 2x - 4 sind parallel.**

💡 Zusatzinfo: Sie sind nicht identisch (also nicht dieselbe Gerade), weil sie **unterschiedliche y-Achsenabschnitte** haben (+1 und -4). Das bedeutet:  
Sie sind **echt parallel**, also verlaufen sie nebeneinander, ohne sich jemals zu schneiden.

---

Falls du das nochmal visuell sehen willst, kann ich dir auch helfen, wie du das in einem Koordinatensystem einzeichnest. Sag einfach Bescheid! 😊"
"Functional relationships (patterns and structures)","Linear and other simple functions","G","Skizziere die stückweise definierte Funktion f(x) = x für x < 2, f(x) = 3 für x ≥ 2.","Klar! Lass uns die gegebene **stückweise definierte Funktion** Schritt für Schritt verstehen und dann skizzieren.

Die Funktion ist wie folgt definiert:

$$
f(x) =
\begin{cases}
x & \text{für } x < 2 \\
3 & \text{für } x \geq 2
\end{cases}
$$

Das bedeutet:
- **Für alle x-Werte kleiner als 2** verhält sich die Funktion wie $ f(x) = x $. Du kannst dir das wie eine Gerade vorstellen, die durch den Ursprung geht.
- **Für alle x-Werte größer oder gleich 2** ist die Funktion konstant $ f(x) = 3 $. Das ist also eine waagrechte Linie bei y = 3.

---

### 🔍 Wie skizziere ich das?

1. **Zeichne ein Koordinatensystem:**
   - Zeichne eine x-Achse (waagrecht) und eine y-Achse (senkrecht).
   - Beschrifte beide Achsen mit Zahlen, z.B. von 0 bis 5 in beiden Richtungen.

2. **Skizziere den ersten Teil der Funktion ($f(x) = x$) für $x < 2$:**
   - Dies ist eine Gerade mit der Steigung 1.
   - Setze zum Beispiel zwei Punkte ein:
     - Bei $x = 0$, ist $f(0) = 0$
     - Bei $x = 1$, ist $f(1) = 1$
   - Verbinde diese Punkte mit einer Geraden – aber **nur bis x = 2**!
   - **Bei x = 2** darfst du **keinen Punkt einzeichnen**, weil die Funktion dort nicht mehr gilt (gilt erst ab x ≥ 2 der zweite Teil).
   - Also: **Setze einen offenen Kreis bei (2|2)**, um zu zeigen, dass dieser Punkt **nicht dazugehört**.

3. **Skizziere den zweiten Teil der Funktion ($f(x) = 3$) für $x \geq 2$:**
   - Das ist eine **waagrechte Gerade** bei $y = 3$.
   - Beginne bei $x = 2$, also bei dem Punkt $(2|3)$.
   - **Setze einen ausgefüllten Kreis bei (2|3)**, weil dieser Punkt zur Funktion gehört.
   - Zeichne dann eine horizontale Linie nach rechts bei $y = 3$.

---

### 📐 So sieht deine Skizze aus:
- Links von x = 2: eine Gerade, die ansteigt wie $y = x$
- Bei x = 2: offener Kreis bei (2|2), geschlossener Kreis bei (2|3)
- Rechts von x = 2: waagrechte Linie bei y = 3

---

### 💡 Tipps:
- Vergiss nicht, die beiden Teile getrennt zu behandeln.
- Die Funktion hat bei x = 2 eine ""Kante"" – das ist normal bei stückweisen Funktionen.
- Du kannst auch farblich unterscheiden oder Beschriftung hinzufügen, um die zwei Bereiche klar zu trennen.

Wenn du magst, kann ich dir auch gerne eine grobe ASCII-Zeichnung oder weitere Erklärungen geben!"
"Functional relationships (patterns and structures)","Linear and other simple functions","H","Die Gerade y = 5x + b verläuft durch den Punkt (2, 11). Bestimme den Wert von b.","Um den Wert von **b** zu bestimmen, nutzt du die Information, dass die Gerade **y = 5x + b** durch den Punkt **(2, 11)** verläuft.

### Schritt-für-Schritt-Vorgehen:

Die Gleichung der Geraden ist:
$$
y = 5x + b
$$

Du weißt, dass der Punkt **(2, 11)** auf der Geraden liegt. Das bedeutet: Wenn **x = 2**, dann ist **y = 11**.

Setze diese Werte in die Gleichung ein:

$$
11 = 5 \cdot 2 + b
$$

$$
11 = 10 + b
$$

Ziehe nun 10 von beiden Seiten ab:

$$
b = 11 - 10 = 1
$$

### ✅ Lösung:
Der Wert von **b** ist **1**.

Die Geradengleichung lautet also:
$$
y = 5x + 1
$$"
"Functional relationships (patterns and structures)","Linear and other simple functions","H","Bestimme den Definitionsbereich und den Wertebereich der rationalen Funktion f(x) = (3x + 2) / (x - 1).","Um die Funktion $ f(x) = \frac{3x + 2}{x - 1} $ zu analysieren, müssen wir den **Definitionsbereich** und den **Wertebereich** bestimmen. Lass uns das Schritt für Schritt durchgehen:

---

### 🔹 1. Definitionsbereich

Der **Definitionsbereich** gibt an, welche Werte du für $ x $ einsetzen darfst.

#### → Problemstellen bei rationalen Funktionen:
Bei Brüchen darfst du **niemals durch Null teilen**, also musst du schauen, wann der Nenner null wird:

$$
x - 1 = 0 \quad \Rightarrow \quad x = 1
$$

Das bedeutet: Bei $ x = 1 $ ist die Funktion nicht definiert.

#### ✅ Definitionsbereich:
Alle reellen Zahlen außer $ x = 1 $.  
In mathematischer Schreibweise:

$$
D_f = \mathbb{R} \setminus \{1\}
$$

---

### 🔸 2. Wertebereich

Der **Wertebereich** beschreibt alle möglichen $ y $-Werte, die die Funktion annehmen kann.

Wir betrachten:

$$
f(x) = \frac{3x + 2}{x - 1}
$$

Um den Wertebereich zu finden, können wir versuchen, nach $ x $ aufzulösen und zu prüfen, ob es bestimmte $ y $-Werte gibt, die nicht erreicht werden.

#### → Setze $ y = f(x) $:

$$
y = \frac{3x + 2}{x - 1}
$$

Jetzt lösen wir nach $ x $ auf:

$$
y(x - 1) = 3x + 2
$$
$$
yx - y = 3x + 2
$$
$$
yx - 3x = y + 2
$$
$$
x(y - 3) = y + 2
$$
$$
x = \frac{y + 2}{y - 3}, \quad \text{(solange } y \neq 3\text{)}
$$

Wenn $ y = 3 $, dann steht im Nenner $ y - 3 = 0 $, also ist $ y = 3 $ **nicht möglich**.

#### ✅ Wertebereich:
Alle reellen Zahlen außer $ y = 3 $

$$
W_f = \mathbb{R} \setminus \{3\}
$$

---

### 📌 Zusammenfassung:

- **Definitionsbereich**: $ D_f = \mathbb{R} \setminus \{1\} $
- **Wertebereich**: $ W_f = \mathbb{R} \setminus \{3\} $

---

Wenn du magst, kann ich dir auch erklären, wie man das grafisch interpretiert (Asymptoten etc.). Sag einfach Bescheid!"
"Functional relationships (patterns and structures)","Linear and other simple functions","H","Skizziere den Graphen der Exponentialfunktion f(x) = eˣ − 2 und beschreibe das Verhalten des Graphen für große Werte von x.","Klar! Lass uns die Exponentialfunktion  
$$ f(x) = e^x - 2 $$  
Schritt für Schritt untersuchen, damit du den Graphen skizzieren und das Verhalten für große Werte von $ x $ gut verstehst.

---

### **1. Grundlegende Form der Funktion**
Die Funktion ist eine **Exponentialfunktion**, basierend auf der natürlichen Exponentialfunktion $ e^x $, mit einer **Verschiebung nach unten um 2 Einheiten**.

Die Standardfunktion ist:
$$
g(x) = e^x
$$

Unsere Funktion ist:
$$
f(x) = e^x - 2
$$

Das bedeutet: Der gesamte Graph von $ e^x $ wird um **2 Einheiten nach unten verschoben**.

---

### **2. Wertetabelle erstellen (für einige x-Werte)**

Um den Graphen zu skizzieren, berechnen wir ein paar Werte:

| x     | $ e^x $      | $ f(x) = e^x - 2 $ |
|-------|----------------|----------------------|
| -2    | $ e^{-2} \approx 0{,}135 $ | ca. $ -1{,}865 $ |
| -1    | $ e^{-1} \approx 0{,}368 $ | ca. $ -1{,}632 $ |
| 0     | $ e^{0} = 1 $              | $ -1 $           |
| 1     | $ e^{1} \approx 2{,}718 $  | ca. $ 0{,}718 $  |
| 2     | $ e^{2} \approx 7{,}389 $  | ca. $ 5{,}389 $  |

Diese Werte helfen dir beim Zeichnen des Graphen.

---

### **3. Nullstellen bestimmen**

Setze $ f(x) = 0 $, um die Nullstelle zu finden:

$$
e^x - 2 = 0 \\
e^x = 2 \\
x = \ln(2) \approx 0{,}693
$$

Also schneidet der Graph die x-Achse bei $ x \approx 0{,}693 $.

---

### **4. Asymptote (Verhalten für sehr kleine x)**

Für **sehr kleine x** (also wenn $ x \to -\infty $):

- $ e^x \to 0 $
- Also: $ f(x) = e^x - 2 \to -2 $

➡️ Das bedeutet: Die Gerade $ y = -2 $ ist eine **waagrechte Asymptote** für $ x \to -\infty $.

---

### **5. Verhalten für große x (x → ∞)**

Für **sehr große positive x** (also wenn $ x \to \infty $):

- $ e^x $ wächst **sehr schnell** gegen unendlich
- Also: $ f(x) = e^x - 2 \to \infty $

➡️ Der Funktionswert wird immer größer – der Graph steigt stark an.

---

### **6. Skizzen-Tipps**

Wenn du den Graphen skizzierst:

- Beginne links bei der waagrechten Asymptote $ y = -2 $
- Der Graph nähert sich dieser Asymptote für $ x \to -\infty $
- Er schneidet die y-Achse bei $ f(0) = e^0 - 2 = 1 - 2 = -1 $
- Er schneidet die x-Achse bei $ x = \ln(2) \approx 0{,}693 $
- Für größere x-Werte steigt der Graph schnell nach oben

---

### **Zusammenfassung**

- **Funktion**: $ f(x) = e^x - 2 $
- **Nullstelle**: bei $ x = \ln(2) \approx 0{,}693 $
- **Asymptote**: $ y = -2 $ für $ x \to -\infty $
- **Verhalten für große x**: $ f(x) \to \infty $
- **Graph**: Verschobene e-Funktion, nach unten um 2 Einheiten

---

Wenn du möchtest, kann ich dir auch gerne eine grobe Skizze beschreiben oder dir Tipps geben, wie du so etwas in einem Grafikprogramm oder per Hand zeichnest. Sag einfach Bescheid!"
"Functional relationships (patterns and structures)","Linear and other simple functions","H","Berechne die Fläche unter der Kurve f(x) = 2x im Intervall von x = 1 bis x = 4. Zeige alle Rechenschritte, die zur Berechnung des bestimmten Integrals notwendig sind.","Um die **Fläche unter der Kurve** $ f(x) = 2x $ im Intervall von $ x = 1 $ bis $ x = 4 $ zu berechnen, musst du ein **bestimmtes Integral** lösen. Hier ist die Schritt-für-Schritt-Anleitung:

---

### 📌 Gegebene Funktion:
$$
f(x) = 2x
$$

### 📌 Gesucht:
Die Fläche unter der Kurve zwischen $ x = 1 $ und $ x = 4 $. Das bedeutet, wir berechnen das bestimmte Integral:

$$
\int_{1}^{4} 2x \, dx
$$

---

## 🔧 Schritt 1: Stammfunktion bilden (unbestimmtes Integral)

Wir suchen eine Funktion $ F(x) $, deren Ableitung $ f(x) = 2x $ ergibt.

$$
\int 2x \, dx = x^2 + C
$$

> Erinnerung: Die Regel zur Integration von Potenzen lautet:
> $$
> \int x^n \, dx = \frac{x^{n+1}}{n+1} + C \quad \text{(für } n \neq -1)
> $$

In unserem Fall:
- $ n = 1 $
- Also: $ \int 2x \, dx = 2 \cdot \frac{x^2}{2} = x^2 + C $

---

## 🔧 Schritt 2: Bestimmtes Integral berechnen

Jetzt setzen wir die Grenzen ein in die Stammfunktion $ F(x) = x^2 $:

$$
\int_{1}^{4} 2x \, dx = F(4) - F(1) = 4^2 - 1^2
$$

$$
= 16 - 1 = 15
$$

---

## ✅ Endergebnis:

$$
\boxed{\int_{1}^{4} 2x \, dx = 15}
$$

Das heißt: **Die Fläche unter der Kurve $ f(x) = 2x $ von $ x = 1 $ bis $ x = 4 $ beträgt 15 Flächeneinheiten.**

---

Wenn du noch Fragen hast oder eine grafische Erklärung wünschst, sag einfach Bescheid! 😊"
"Functional relationships (patterns and structures)","Linear and other simple functions","H","Verwende den ersten Ableitungstest, um zu bestimmen, wo die Funktion f(x) = x⁴ − 8x² steigt und fällt.","Um die **Steigungs- und Fallverhalten** einer Funktion mit dem **ersten Ableitungstest** zu untersuchen, folgen wir diesen Schritten:

---

## 📌 Gegebene Funktion:
$$
f(x) = x^4 - 8x^2
$$

---

### 🔧 **Schritt 1: Ableitung bilden**

Zuerst berechnen wir die **erste Ableitung** der Funktion. Diese gibt uns die Steigung der Funktion an jeder Stelle $ x $.

$$
f'(x) = \frac{d}{dx}(x^4 - 8x^2) = 4x^3 - 16x
$$

---

### 🔍 **Schritt 2: Nullstellen der Ableitung finden (kritische Punkte)**

Setze die Ableitung gleich null, um die kritischen Punkte zu finden:

$$
f'(x) = 4x^3 - 16x = 0
$$

Klammere $ 4x $ aus:

$$
4x(x^2 - 4) = 0
$$

Weiter faktorisieren:

$$
4x(x - 2)(x + 2) = 0
$$

Also sind die **kritischen Punkte**:
$$
x = -2,\quad x = 0,\quad x = 2
$$

---

### 📈 **Schritt 3: Vorzeichenwechsel der Ableitung bestimmen (Vorzeichentabelle)**

Wir teilen die Zahlengerade in Intervalle ein, basierend auf den kritischen Punkten:

$$
(-\infty, -2),\quad (-2, 0),\quad (0, 2),\quad (2, \infty)
$$

Jetzt testen wir das **Vorzeichen von $ f'(x) $** in jedem Intervall:

| Intervall         | Testpunkt | $ f'(x) = 4x(x - 2)(x + 2) $ | Vorzeichen |
|------------------|-----------|-------------------------------|------------|
| $ (-\infty, -2) $ | $ x = -3 $ | $ 4(-3)(-5)(-1) = -60 $     | **–**      |
| $ (-2, 0) $       | $ x = -1 $ | $ 4(-1)(-3)(1) = +12 $      | **+**      |
| $ (0, 2) $        | $ x = 1 $  | $ 4(1)(-1)(3) = -12 $       | **–**      |
| $ (2, \infty) $   | $ x = 3 $  | $ 4(3)(1)(5) = +60 $        | **+**      |

---

### 📊 **Schritt 4: Interpretation – Wo steigt/fällt die Funktion?**

Merke:
- Wenn $ f'(x) > 0 $ → Funktion **steigt**
- Wenn $ f'(x) < 0 $ → Funktion **fällt**

Also ergibt sich:

- **Fallend** auf: $ (-\infty, -2) \cup (0, 2) $
- **Steigend** auf: $ (-2, 0) \cup (2, \infty) $

---

### ✅ **Antwort zusammengefasst:**

Die Funktion $ f(x) = x^4 - 8x^2 $:

- **fällt**, wenn $ x \in (-\infty, -2) \cup (0, 2) $
- **steigt**, wenn $ x \in (-2, 0) \cup (2, \infty) $

Wenn du möchtest, kann ich dir auch noch erklären, wo die **Extrema** liegen!"
"Functional relationships (patterns and structures)","Linear and other simple functions","H","Bestimme die x-Achsen-Schnitte und die Asymptoten der logarithmischen Funktion f(x) = ln(x − 2).","Gerne! Wir betrachten die Funktion:

$$
f(x) = \ln(x - 2)
$$

### Ziel:
Du sollst **die x-Achsen-Schnitte** und **die Asymptoten** bestimmen.

---

## 🔍 1. X-Achsen-Schnitt (Nullstellen)

Der **x-Achsen-Schnitt** ist der Punkt, an dem der Funktionswert **null** ist, also:

$$
f(x) = 0 \quad \Rightarrow \quad \ln(x - 2) = 0
$$

Erinnerung:  
$$
\ln(a) = 0 \quad \Leftrightarrow \quad a = 1
$$

Also:

$$
x - 2 = 1 \quad \Rightarrow \quad x = 3
$$

✅ **X-Achsen-Schnitt bei:**  
$$
x = 3 \quad \text{bzw. Punkt } (3|0)
$$

---

## 📏 2. Asymptoten

Für logarithmische Funktionen wie $ f(x) = \ln(x - 2) $ gibt es **vertikale Asymptoten**, wenn das Argument des Logarithmus **gegen Null geht**, denn:

- Der Logarithmus $ \ln(x) $ ist **nur für positive Zahlen definiert**.
- Die Funktion nähert sich einer Asymptote, wenn das Argument gegen 0 geht.

### Definitionsbereich:
Da $ \ln(x - 2) $ nur definiert ist, wenn $ x - 2 > 0 $, folgt:

$$
x - 2 > 0 \quad \Rightarrow \quad x > 2
$$

➡️ Also ist die Funktion links von $ x = 2 $ nicht definiert.  
Wenn $ x \to 2^+ $, dann geht $ x - 2 \to 0^+ $, also:

$$
f(x) = \ln(x - 2) \to \ln(0^+) \to -\infty
$$

✅ **Vertikale Asymptote bei:**  
$$
x = 2
$$

---

## 📌 Zusammenfassung:

- **X-Achsen-Schnitt (Nullstelle):**  
  $$
  x = 3 \quad \text{(Punkt: } (3|0))
  $$

- **Asymptote:**  
  $$
  x = 2 \quad \text{(vertikale Asymptote)}
  $$

---

Falls du möchtest, kann ich dir auch den Graphen beschreiben oder weitere Eigenschaften der Funktion erklären! 😊"
"Functional relationships (patterns and structures)","Equations and algebra","B","Mache beide Seiten gleich: 5 + 5 = ___ + 4","Die Aufgabe lautet:

**5 + 5 = ___ + 4**

Du sollst also eine Zahl in das leere Feld eintragen, sodass **beide Seiten gleich** sind.

### Schritt für Schritt:

1. Rechne zuerst die linke Seite aus:  
   **5 + 5 = 10**

2. Jetzt weißt du, dass die rechte Seite auch insgesamt **10** ergeben muss:  
   **___ + 4 = 10**

3. Um herauszufinden, welche Zahl du brauchst, rechnest du:  
   **10 − 4 = 6**

4. Also gehört die **6** in das leere Feld.

### Fertig gelöst sieht es so aus:
**5 + 5 = 6 + 4**

✅ Beide Seiten ergeben **10**.

Wenn du magst, kann ich dir das auch gerne mit Bildern oder Alltagsbeispielen erklären!"
"Functional relationships (patterns and structures)","Equations and algebra","B","Vervollständige die Gleichung: 5 + ___ = 12","Klar! Die Gleichung lautet:

**5 + ___ = 12**

Du suchst also eine Zahl, die du zu **5** addieren musst, um **12** zu erhalten. Um diese Zahl zu finden, kannst du die Gleichung umstellen:

### Schritt für Schritt:
1. Du willst wissen: **Welche Zahl plus 5 ergibt 12?**
2. Dazu rechnest du auf beiden Seiten der Gleichung **−5**, um die 5 auf der linken Seite ""wegzukriegen"":

   **___ = 12 − 5**

3. Rechne das Ergebnis:

   **12 − 5 = 7**

### Lösung:
Die vollständige Gleichung lautet also:

**5 + 7 = 12**

Fertig! 😊  
Wenn du magst, kann ich dir auch erklären, wie das mit größeren Zahlen oder anderen Aufgaben funktioniert."
"Functional relationships (patterns and structures)","Equations and algebra","B","Ich hatte x Äpfel. Ich habe 3 dazu bekommen, jetzt habe ich 7. Was ist x? ______","Klar! Du kannst diese Matheaufgabe ganz einfach mit einer Gleichung lösen.  

Du hattest am Anfang **x Äpfel**.  
Dann hast du **3 Äpfel dazu bekommen**, und danach hattest du **7 Äpfel**.

Das kannst du als Gleichung schreiben:

$$
x + 3 = 7
$$

Jetzt willst du herausfinden, was **x** ist. Dazu musst du die Gleichung nach **x** auflösen. Du machst das, indem du auf beiden Seiten **3 subtrahierst**:

$$
x = 7 - 3
$$

$$
x = 4
$$

✅ **Lösung:** Du hattest am Anfang **4 Äpfel**."
"Functional relationships (patterns and structures)","Equations and algebra","B","Mia hat x Plätzchen gebacken. Sie hat 4 davon verschenkt und hatte noch 6 übrig. Wie viel sind x? ______","Diese Matheaufgabe ist eine einfache Gleichung, die du Schritt für Schritt lösen kannst.

### Gegeben:
- Mia hatte am Anfang **x** Plätzchen.
- Sie hat **4 Plätzchen verschenkt**.
- Danach hatte sie noch **6 Plätzchen übrig**.

---

### Was bedeutet das in einer Rechnung?

Wenn sie von den **x** Plätzchen **4 wegnimmt**, bleibt **6** übrig. Das schreibt man so als Gleichung:

$$
x - 4 = 6
$$

---

### Wie löst du das?

Du willst ja wissen: Wie viele Plätzchen hatte Mia am Anfang? Also musst du nach **x** auflösen:

$$
x - 4 = 6
$$

Addiere auf beiden Seiten **4**, um die -4 ""wegzukriegen"":

$$
x - 4 + 4 = 6 + 4
$$

$$
x = 10
$$

---

### ✅ Antwort:
Mia hatte am Anfang **10 Plätzchen**.

---

Wenn du willst, kannst du es auch ohne Gleichung so überlegen:

> ""Sie hat 4 verschenkt und hatte 6 übrig"" →  
> Also: 6 übrig + 4 verschenkt = **10 insgesamt**

Fertig! 😊"
"Functional relationships (patterns and structures)","Equations and algebra","B","Wenn x = 7, was ist x – 3? ______","Klar! Diese Aufgabe ist sehr einfach. Du hast:

> Wenn **x = 7**, was ist dann **x – 3**?

### Schritt für Schritt:

1. Du weißt, dass **x = 7**.
2. Jetzt sollst du **x minus 3** rechnen, also:
   $$
   x - 3 = 7 - 3
   $$
3. Rechne das Ergebnis:
   $$
   7 - 3 = 4
   $$

### Antwort:
$$
\boxed{4}
$$

Wenn du noch mehr solcher Aufgaben hast oder etwas nicht verstehst, helfe ich dir gerne weiter! 😊"
"Functional relationships (patterns and structures)","Equations and algebra","C","Finde x: x + 5 = 12","Klar! 😊  
Du sollst in der Gleichung **x + 5 = 12** den Wert von **x** herausfinden.

### Schritt-für-Schritt-Anleitung:

Die Gleichung lautet:
$$
x + 5 = 12
$$

Ziel ist es, **x alleine** auf einer Seite der Gleichung stehen zu haben. Dazu musst du die **Gegenoperation** von „+ 5“ anwenden, also **– 5**, und zwar auf **beiden Seiten**, damit die Gleichung weiterhin gültig bleibt.

$$
x + 5 - 5 = 12 - 5
$$

Jetzt vereinfachen wir beide Seiten:

- Auf der linken Seite: $ +5 -5 $ heben sich auf → bleibt **x**
- Auf der rechten Seite: $ 12 - 5 = 7 $

Also:
$$
x = 7
$$

### ✅ Lösung:
$$
\mathbf{x = 7}
$$

Wenn du möchtest, können wir auch nochmal kurz die Probe machen:

Setze x = 7 ein in die ursprüngliche Gleichung:
$$
7 + 5 = 12 \quad ✅ \text{Stimmt!}
$$

Fertig! 🎉 Hast du noch weitere Gleichungen, bei denen du Hilfe brauchst?"
"Functional relationships (patterns and structures)","Equations and algebra","C","Welcher Wert für x macht folgende Gleichung wahr: x ÷ 3 = 4?","Die Gleichung lautet:

$$
x \div 3 = 4
$$

Das bedeutet: **Wenn du die Zahl x durch 3 teilst, erhältst du 4.**

### Schritt-für-Schritt-Lösung:

1. Du willst herausfinden, wie groß $ x $ sein muss, damit das Stimmt.
2. Um $ x $ alleine zu bekommen, **multiplizierst du beide Seiten der Gleichung mit 3**:

$$
x \div 3 = 4 \quad |\cdot 3
$$

$$
x = 4 \cdot 3
$$

$$
x = 12
$$

---

### Probe:
Setze $ x = 12 $ in die ursprüngliche Gleichung ein:

$$
12 \div 3 = 4
$$

✅ Das stimmt!

---

### Antwort:
Der Wert für $ x $ ist **12**."
"Functional relationships (patterns and structures)","Equations and algebra","C","Wenn x = 2, löse: x + 4 = ___","Klar! Diese Aufgabe ist ganz einfach. Du hast hier:

**x + 4 = ___**

Und du bekommst die Information:

**x = 2**

### Schritt 1: Setze den Wert von x in die Gleichung ein.
Das heißt, du ersetzt **x** durch **2**:

**2 + 4 = ___**

### Schritt 2: Rechne das Ergebnis aus.
**2 + 4 = 6**

### Lösung:
Also steht am Ende da:

**x + 4 = 6**, wenn **x = 2**

Fertig! 😊  
Wenn du noch mehr solcher Aufgaben hast, helfe ich dir gerne weiter!"
"Functional relationships (patterns and structures)","Equations and algebra","C","Verv complete die Gleichung: x + x = 16","Klar! Die Gleichung lautet:

$$
x + x = 16
$$

### Schritt 1: Zusammenfassen gleicher Variablen
Auf der linken Seite stehen zwei gleiche Terme mit **x**. Du kannst sie zusammenfassen:

$$
x + x = 2x
$$

Also wird aus der Gleichung:

$$
2x = 16
$$

### Schritt 2: Gleichung nach x auflösen
Um **x** alleine zu bekommen, teilst du beide Seiten durch 2:

$$
x = \frac{16}{2}
$$

$$
x = 8
$$

### ✅ Lösung:
$$
x = 8
$$

Wenn du willst, kann ich dir das auch nochmal mit Worten oder als Text für die Schule aufschreiben!"
"Functional relationships (patterns and structures)","Equations and algebra","D","Löse die Gleichung: 2x + 3 = 11","Klar! Wir wollen die Gleichung lösen:

$$
2x + 3 = 11
$$

### Schritt 1: Subtrahiere 3 von beiden Seiten  
Um das $ x $ zu isolieren, müssen wir zuerst die $ +3 $ auf der linken Seite wegkriegen. Dazu subtrahieren wir 3 von **beiden** Seiten der Gleichung:

$$
2x + 3 - 3 = 11 - 3
$$

Vereinfacht ergibt sich:

$$
2x = 8
$$

---

### Schritt 2: Teile beide Seiten durch 2  
Jetzt haben wir:

$$
2x = 8
$$

Um nur noch $ x $ zu haben, teilen wir beide Seiten durch 2:

$$
\frac{2x}{2} = \frac{8}{2}
$$

Das ergibt:

$$
x = 4
$$

---

### ✅ Lösung:
$$
\boxed{x = 4}
$$

Wenn du möchtest, können wir auch eine Probe machen, um zu prüfen, ob das wirklich stimmt. Sag einfach Bescheid!"
"Functional relationships (patterns and structures)","Equations and algebra","D","Löse: 4(x − 2) = 12","Klar! Wir lösen die Gleichung **Schritt für Schritt**:

Die Aufgabe lautet:

$$
4(x - 2) = 12
$$

### Schritt 1: Klammer auflösen  
Du kannst die **4** mit beiden Termen in der Klammer **(x − 2)** multiplizieren:

$$
4 \cdot x = 4x  
\quad \text{und} \quad  
4 \cdot (-2) = -8
$$

Also wird daraus:

$$
4x - 8 = 12
$$

---

### Schritt 2: Zahl auf die andere Seite bringen  
Addiere **8** auf beiden Seiten, um das **−8** zu eliminieren:

$$
4x - 8 + 8 = 12 + 8  
\Rightarrow  
4x = 20
$$

---

### Schritt 3: Durch den Faktor vor x teilen  
Teile beide Seiten durch **4**, um **x** zu isolieren:

$$
\frac{4x}{4} = \frac{20}{4}  
\Rightarrow  
x = 5
$$

---

### ✅ Lösung:
$$
\mathbf{x = 5}
$$

Wenn du möchtest, können wir die Probe machen, um sicherzugehen, dass es stimmt. Sag Bescheid!"
"Functional relationships (patterns and structures)","Equations and algebra","D","Vereinfache 2x + 3x = 5x.","Die Gleichung, die du gegeben hast, lautet:

$$
2x + 3x = 5x
$$

### Schritt-für-Schritt-Erklärung:

1. **Was bedeutet ""Vereinfachen"" hier?**  
   Du sollst die **gleichartigen Terme** auf der linken Seite der Gleichung zusammenfassen.  
   Beide Terme (2x und 3x) enthalten die **gleiche Variable** $ x $, also kannst du sie einfach addieren.

2. **Addiere die Koeffizienten (die Zahlen vor dem x):**
   $$
   2x + 3x = (2 + 3)x = 5x
   $$

3. **Setze das Ergebnis in die Gleichung ein:**
   $$
   5x = 5x
   $$

4. **Ist das eine wahre Aussage?**  
   Ja! Auf beiden Seiten steht dasselbe, also ist die Gleichung **immer wahr**, egal welchen Wert $ x $ hat — solange $ x $ eine Zahl ist.

---

### Fazit:
- Die Gleichung $ 2x + 3x = 5x $ ist bereits richtig vereinfacht.
- Du hast also **zusammengefasst**, was geht, und am Ende steht eine wahre Aussage.

Wenn du nur vereinfachen sollst, dann bist du fertig:
$$
\textbf{Vereinfachte Form: } 5x
$$

Wenn es um das Lösen einer Gleichung geht (also nach $ x $ auflösen), dann bringt dir die Umformung:
$$
5x = 5x \Rightarrow \text{Diese Gleichung ist immer wahr, also gilt sie für alle } x.
$$

---

Falls du weitere Fragen hast oder z. B. wissen willst, wie man so etwas mit anderen Termen macht, helfe ich dir gerne weiter! 😊"
"Functional relationships (patterns and structures)","Equations and algebra","D","Finde den fehlenden Wert: 2x = x + 6","Klar! Wir haben die Gleichung:

$$
2x = x + 6
$$

Unser Ziel ist es, den **fehlenden Wert von x** zu finden. Dazu müssen wir die Gleichung nach **x auflösen**.

---

### Schritt 1: x auf eine Seite bringen

Wir subtrahieren $ x $ von beiden Seiten der Gleichung, um alle x-Terme auf einer Seite zu sammeln:

$$
2x - x = x + 6 - x
$$

Vereinfachen:

$$
x = 6
$$

---

### ✅ Lösung:

$$
\boxed{x = 6}
$$

---

Wenn du willst, kannst du das Ergebnis nochmal einsetzen, um zu prüfen, ob es stimmt:

Linke Seite:  
$ 2x = 2 \cdot 6 = 12 $

Rechte Seite:  
$ x + 6 = 6 + 6 = 12 $

✅ Beide Seiten sind gleich – die Lösung ist korrekt!

Brauchst du weitere Erklärungen oder ähnliche Aufgaben zum Üben?"
"Functional relationships (patterns and structures)","Equations and algebra","E","Finde x: 5(x – 1) = 3x + 7","Klar! Wir lösen die Gleichung Schritt für Schritt:

Die Gleichung ist:

$$
5(x - 1) = 3x + 7
$$

### Schritt 1: Klammern auflösen  
Wir multiplizieren die $5$ mit beiden Termen in der Klammer:

$$
5 \cdot x - 5 \cdot 1 = 5x - 5
$$

Also wird die linke Seite zu:

$$
5x - 5 = 3x + 7
$$

### Schritt 2: x-Terme auf eine Seite bringen  
Wir ziehen $3x$ von beiden Seiten ab, um alle x-Terme auf die linke Seite zu bringen:

$$
5x - 5 - 3x = 7
$$

$$
2x - 5 = 7
$$

### Schritt 3: Zahl auf die andere Seite bringen  
Wir addieren $5$ auf beiden Seiten, um die $-5$ zu eliminieren:

$$
2x - 5 + 5 = 7 + 5
$$

$$
2x = 12
$$

### Schritt 4: Nach x auflösen  
Wir teilen beide Seiten durch $2$, um x zu finden:

$$
x = \frac{12}{2} = 6
$$

---

✅ **Lösung:**  
$$
\boxed{x = 6}
$$

Wenn du willst, können wir auch noch kurz die Probe machen, um sicherzugehen!"
"Functional relationships (patterns and structures)","Equations and algebra","E","Löse das folgende Gleichungssystem: x + y = 10 und x – y = 2.","Um das Gleichungssystem zu lösen:

$$
\begin{cases}
x + y = 10 \\
x - y = 2
\end{cases}
$$

gibt es mehrere Methoden. Ich zeige dir hier die **Additionsverfahren-Methode**, die bei diesem System besonders einfach ist.

---

### Schritt 1: Addiere beide Gleichungen

Wenn du die beiden Gleichungen addierst, verschwindet das $ y $-Term, weil $ +y $ und $ -y $ sich aufheben:

$$
(x + y) + (x - y) = 10 + 2
$$

$$
x + y + x - y = 12
$$

$$
2x = 12
$$

---

### Schritt 2: Löse nach $ x $

$$
x = \frac{12}{2} = 6
$$

---

### Schritt 3: Setze $ x = 6 $ in eine der ursprünglichen Gleichungen ein

Nehmen wir die erste Gleichung:

$$
x + y = 10
$$

Einsetzen:

$$
6 + y = 10
$$

$$
y = 10 - 6 = 4
$$

---

### Lösung:

$$
x = 6, \quad y = 4
$$

Du kannst deine Lösung immer durch Einsetzen in beide Gleichungen überprüfen:

1. $ x + y = 6 + 4 = 10 $ ✅  
2. $ x - y = 6 - 4 = 2 $ ✅

Beides stimmt – also ist die Lösung korrekt! 😊"
"Functional relationships (patterns and structures)","Equations and algebra","E","Eine Kinokarte kostet €x für Erwachsene und €y für Schüler. Wenn 3 Erwachsene und 2 Schüler insgesamt €40 bezahlen und 1 Erwachsener und 3 Schüler €30 bezahlen, finde x und y.","Wir haben hier ein **lineares Gleichungssystem** mit zwei Unbekannten ($ x $ und $ y $). Ziel ist es, den Preis für eine Kinokarte für **Erwachsene ($ x $)** und für **Schüler ($ y $)** herauszufinden.

### Gegeben:

1. 3 Erwachsene und 2 Schüler zahlen insgesamt €40:  
   $$ 3x + 2y = 40 \tag{1} $$

2. 1 Erwachsener und 3 Schüler zahlen insgesamt €30:  
   $$ x + 3y = 30 \tag{2} $$

---

## Schritt 1: Gleichung (2) nach einer Variablen auflösen
Am besten löst man hier Gleichung (2) nach $ x $ auf:

$$
x + 3y = 30 \Rightarrow x = 30 - 3y \tag{2a}
$$

---

## Schritt 2: Einsetzen in Gleichung (1)

Setze $ x = 30 - 3y $ in Gleichung (1) ein:

$$
3(30 - 3y) + 2y = 40
$$

Rechne aus:

$$
90 - 9y + 2y = 40
\Rightarrow 90 - 7y = 40
$$

---

## Schritt 3: Nach $ y $ auflösen

$$
90 - 7y = 40 \Rightarrow -7y = 40 - 90 = -50 \Rightarrow y = \frac{-50}{-7} = \frac{50}{7}
$$

Hmm! Das ergibt einen Bruch. Rechnen wir nochmal nach, ob wir uns vertan haben.

---

## Nochmal von vorne:

Gegebene Gleichungen:

1. $ 3x + 2y = 40 $
2. $ x + 3y = 30 $

Versuchen wir das System mit dem **Einsetzungsverfahren** oder **Additionsverfahren** zu lösen.

---

## Methode: Additionsverfahren

Multipliziere die zweite Gleichung so, dass sich eine Variable wegkürzt.

Ziel: Eine Variable eliminieren – zum Beispiel $ x $.

Dazu multiplizieren wir Gleichung (2) mit 3:

$$
3(x + 3y) = 3 \cdot 30 \Rightarrow 3x + 9y = 90 \tag{2a}
$$

Jetzt subtrahiere Gleichung (1) von dieser neuen Gleichung:

$$
(3x + 9y) - (3x + 2y) = 90 - 40
\Rightarrow 3x + 9y - 3x - 2y = 50
\Rightarrow 7y = 50
\Rightarrow y = \frac{50}{7}
$$

Das ist korrekt — aber kein ganzzahliger Wert. Vielleicht war die Aufgabenstellung nicht ganz realistisch, oder du hast sie abgeschrieben?

---

## Jetzt setze $ y = \frac{50}{7} $ in Gleichung (2) ein:

$$
x + 3 \cdot \frac{50}{7} = 30
\Rightarrow x + \frac{150}{7} = 30
\Rightarrow x = 30 - \frac{150}{7} = \frac{210 - 150}{7} = \frac{60}{7}
$$

---

## Lösung:

$$
x = \frac{60}{7} \approx 8{,}57\,\text{€} \quad (\text{Preis für Erwachsene})
$$
$$
y = \frac{50}{7} \approx 7{,}14\,\text{€} \quad (\text{Preis für Schüler})
$$

---

## Prüfung:

Setze ein in Gleichung (1):  
$$
3x + 2y = 3 \cdot \frac{60}{7} + 2 \cdot \frac{50}{7} = \frac{180}{7} + \frac{100}{7} = \frac{280}{7} = 40 \quad ✅
$$

Gleichung (2):  
$$
x + 3y = \frac{60}{7} + \frac{150}{7} = \frac{210}{7} = 30 \quad ✅
$$

✅ Beide passen!

---

## Fazit:

Die Preise sind:

- **Erwachsenenkarte:** $ x = \frac{60}{7} \approx 8{,}57\,\text{€} $
- **Schülerkarte:** $ y = \frac{50}{7} \approx 7{,}14\,\text{€} $

Falls du eine andere Version der Aufgabe suchst (mit ganzzahligen Lösungen), können wir auch eine ähnliche Aufgabe konstruieren. Sag einfach Bescheid!"
"Functional relationships (patterns and structures)","Equations and algebra","E","Zwei lineare Funktionen sind gegeben durch: f(x) = 2x + 1 und g(x) = –x + 7. Finde den x-Wert, an dem f(x) = g(x) und interpretiere das Ergebnis graphisch.","Sehr gerne! Wir lösen die Aufgabe Schritt für Schritt:

---

### **Gegeben:**
Zwei lineare Funktionen:
- $ f(x) = 2x + 1 $
- $ g(x) = -x + 7 $

Gesucht ist der **x-Wert**, an dem **$ f(x) = g(x) $** gilt. Das bedeutet, wir suchen den **Schnittpunkt** der beiden Geraden.

---

### **Schritt 1: Gleichsetzen der Funktionen**

Setze $ f(x) $ gleich $ g(x) $:

$$
2x + 1 = -x + 7
$$

---

### **Schritt 2: Nach x auflösen**

Bring alle Terme mit $ x $ auf eine Seite und Zahlen auf die andere:

$$
2x + x = 7 - 1
$$

$$
3x = 6
$$

Jetzt durch 3 teilen:

$$
x = 2
$$

---

### **Ergebnis:**
Der x-Wert, an dem sich die beiden Geraden schneiden, ist **$ x = 2 $**.

Wenn du willst, kannst du auch den dazugehörigen y-Wert berechnen, indem du $ x = 2 $ in eine der beiden Funktionen einsetzt:

$$
f(2) = 2 \cdot 2 + 1 = 5
\quad \text{oder} \quad
g(2) = -2 + 7 = 5
$$

Also ist der **Schnittpunkt** bei $ (2, 5) $.

---

### **Graphische Interpretation:**

Beide Funktionen sind Geraden:

- $ f(x) = 2x + 1 $: Steigung 2, y-Achsenabschnitt 1 → steigende Gerade
- $ g(x) = -x + 7 $: Steigung -1, y-Achsenabschnitt 7 → fallende Gerade

Wenn du diese beiden Geraden in ein Koordinatensystem zeichnest, dann **schneiden sie sich genau an der Stelle $ (2, 5) $**.

Das bedeutet:
- Bei $ x = 2 $ haben beide Funktionen den gleichen Funktionswert $ y = 5 $.
- Dieser Punkt ist der einzige gemeinsame Punkt der beiden Geraden, da sie unterschiedliche Steigungen haben und sich daher genau einmal schneiden.

---

### ✅ **Zusammenfassung:**

- **Lösung:** $ x = 2 $
- **Graphisch:** Der Schnittpunkt der beiden Geraden liegt bei $ (2,\ 5) $

Falls du magst, kann ich dir auch helfen, wie du das ganze skizzieren oder berechnen kannst – sag einfach Bescheid!"
"Functional relationships (patterns and structures)","Equations and algebra","F","Löse die folgende Gleichung: 2x² + 5x + 3 = 0 durch Faktorisierung.","Um die quadratische Gleichung  
$$
2x^2 + 5x + 3 = 0
$$  
durch **Faktorisierung** (auch: Ausklammern oder Produktform finden) zu lösen, folgst du diesen Schritten:

---

### **Schritt 1: Prüfe die Form der Gleichung**
Die Gleichung ist bereits in der allgemeinen Form:
$$
ax^2 + bx + c = 0
$$
mit $ a = 2 $, $ b = 5 $, und $ c = 3 $.

---

### **Schritt 2: Finde zwei Zahlen, deren Produkt $ a \cdot c $ ergibt und deren Summe $ b $ ergibt**

Wir multiplizieren $ a \cdot c = 2 \cdot 3 = 6 $.  
Jetzt suchen wir zwei Zahlen, die **multipliziert 6 ergeben** und **addiert 5 ergeben**.

- Die Faktoren von 6 sind:  
  $ 1 \cdot 6 $, $ 2 \cdot 3 $

- Welche davon addieren sich zu 5? → **2 und 3**

Also:
$$
2 \cdot 3 = 6 \quad \text{und} \quad 2 + 3 = 5
$$

✅ Passt!

---

### **Schritt 3: Teile den mittleren Term (5x) mit diesen Zahlen auf**

$$
2x^2 + 2x + 3x + 3 = 0
$$

---

### **Schritt 4: Gruppiere die Terme in zwei Paare und klammere aus**

$$
(2x^2 + 2x) + (3x + 3) = 0
$$

Klammere aus jedem Paar aus:

$$
2x(x + 1) + 3(x + 1) = 0
$$

---

### **Schritt 5: Klammere den gemeinsamen Faktor aus**

$$
(2x + 3)(x + 1) = 0
$$

---

### **Schritt 6: Setze beide Faktoren gleich null**

1. $ 2x + 3 = 0 \Rightarrow x = -\frac{3}{2} $
2. $ x + 1 = 0 \Rightarrow x = -1 $

---

### ✅ **Lösungen der Gleichung:**
$$
\boxed{x = -\frac{3}{2} \quad \text{oder} \quad x = -1}
$$

Wenn du möchtest, kann ich dir auch zeigen, wie man das mit der Mitternachtsformel überprüft!"
"Functional relationships (patterns and structures)","Equations and algebra","F","Vereinfache: 3(x + 2) – 2(2x – 1)","Klar! Lass uns die Aufgabe Schritt für Schritt durchgehen. Du sollst diesen Term vereinfachen:

$$
3(x + 2) – 2(2x – 1)
$$

### Schritt 1: Klammern ausmultiplizieren

Du musst die Zahl vor der Klammer mit **jedem Term in der Klammer** multiplizieren.

- Erste Klammer:  
  $$
  3(x + 2) = 3 \cdot x + 3 \cdot 2 = 3x + 6
  $$

- Zweite Klammer:  
  $$
  -2(2x – 1) = -2 \cdot 2x + (-2) \cdot (-1) = -4x + 2
  $$

Jetzt hast du:

$$
3x + 6 - 4x + 2
$$

### Schritt 2: Zusammenfassen gleicher Terme

- **x-Terme**: $3x - 4x = -1x$ oder einfach $-x$
- **Zahlen**: $6 + 2 = 8$

### Ergebnis:

$$
-x + 8
$$

---

✅ **Endgültige Antwort:**  
$$
\boxed{-x + 8}
$$

Wenn du magst, kann ich dir auch erklären, wie man so etwas rückwärts macht (ausklammern etc.)."
"Functional relationships (patterns and structures)","Equations and algebra","F","Nutze die Mitternachtsformel, um zu lösen: x² + 6x + 1 = 0","Klar! Wir lösen die quadratische Gleichung  
$$ x^2 + 6x + 1 = 0 $$  
mit der **Mitternachtsformel** (auch bekannt als **abc-Formel**).

---

### 📌 Schritt 1: Allgemeine Form erkennen

Die allgemeine Form einer quadratischen Gleichung ist:  
$$
ax^2 + bx + c = 0
$$

In deiner Aufgabe:
- $ a = 1 $
- $ b = 6 $
- $ c = 1 $

---

### 📌 Schritt 2: Mitternachtsformel anwenden

Die Mitternachtsformel lautet:

$$
x = \frac{-b \pm \sqrt{b^2 - 4ac}}{2a}
$$

Setze jetzt die Werte ein:

$$
x = \frac{-6 \pm \sqrt{6^2 - 4 \cdot 1 \cdot 1}}{2 \cdot 1}
$$

---

### 📌 Schritt 3: Unter der Wurzel ausrechnen (Diskriminante)

$$
x = \frac{-6 \pm \sqrt{36 - 4}}{2}
$$
$$
x = \frac{-6 \pm \sqrt{32}}{2}
$$

---

### 📌 Schritt 4: Wurzel vereinfachen

$$
\sqrt{32} = \sqrt{16 \cdot 2} = 4\sqrt{2}
$$

Also:

$$
x = \frac{-6 \pm 4\sqrt{2}}{2}
$$

---

### 📌 Schritt 5: Bruch kürzen

$$
x = -3 \pm 2\sqrt{2}
$$

---

### ✅ Lösung:

Die beiden Lösungen sind:

$$
x_1 = -3 + 2\sqrt{2} \quad \text{und} \quad x_2 = -3 - 2\sqrt{2}
$$

---

Wenn du möchtest, kann ich dir auch zeigen, wie das mit der **pq-Formel** geht – oder dir erklären, warum es zwei Lösungen gibt. 😊"
"Functional relationships (patterns and structures)","Equations and algebra","G","Vereinfache: (3x² – 2x + 1) – (x² + 4x – 5)","Klar! Wir vereinfachen den Ausdruck:

$$
(3x^2 - 2x + 1) - (x^2 + 4x - 5)
$$

### Schritt 1: Klammern auflösen
Beim Subtrahieren einer Klammer musst du **jedes** Element in der Klammer von dem vorhergehenden Term abziehen. Das bedeutet, dass du das Minuszeichen vor der Klammer auf **alle Terme in der Klammer** anwendest – also alle Vorzeichen in der Klammer drehen sich um:

$$
= 3x^2 - 2x + 1 - x^2 - 4x + 5
$$

### Schritt 2: Gleichartige Terme zusammenfassen
Jetzt ordnen wir nach Potenzen von $x$ und fassen zusammen:

- $3x^2 - x^2 = 2x^2$
- $-2x - 4x = -6x$
- $1 + 5 = 6$

Also:

$$
= 2x^2 - 6x + 6
$$

### ✅ Endergebnis:
$$
\boxed{2x^2 - 6x + 6}
$$

Wenn du magst, kann ich dir auch erklären, wie man damit weitermacht, z.B. ableitet oder eine Nullstelle sucht."
"Functional relationships (patterns and structures)","Equations and algebra","G","Löse die Ungleichung: 5 – 2x > 3","Klar! Wir lösen die Ungleichung **Schritt für Schritt**:

Die Ungleichung lautet:

$$
5 - 2x > 3
$$

### Schritt 1: Subtrahiere 5 von beiden Seiten
Wir wollen nach und nach alle Terme mit $ x $ auf einer Seite isolieren:

$$
5 - 2x > 3 \quad | -5
$$

$$
-2x > 3 - 5
$$

$$
-2x > -2
$$

---

### Schritt 2: Teile beide Seiten durch -2  
⚠️ **Achtung:** Wenn du bei Ungleichungen durch eine **negative Zahl** teilst oder multiplizierst, **dreht sich das Ungleichheitszeichen**!

$$
x < \frac{-2}{-2}
$$

$$
x < 1
$$

---

### ✅ Lösung:
$$
\mathbb{L} = \{ x \in \mathbb{R} \mid x < 1 \}
$$

Das heißt: **Alle reellen Zahlen kleiner als 1** erfüllen die Ungleichung.

Wenn du möchtest, kann ich dir auch erklären, warum sich das Ungleichzeichen bei negativen Zahlen umdreht."
"Functional relationships (patterns and structures)","Equations and algebra","H","Löse die folgende Gleichung: x⁴ − 5x² + 4 = 0","Die Gleichung, die du lösen sollst, ist:

$$
x^4 - 5x^2 + 4 = 0
$$

Das sieht auf den ersten Blick aus wie eine Gleichung vierten Grades, aber sie hat eine besondere Form: Es kommt nur $ x^4 $, $ x^2 $ und eine Konstante vor. Das bedeutet, dass du **substituieren** kannst.

---

### Schritt 1: Substitution

Setze:
$$
z = x^2
$$

Dann wird aus der ursprünglichen Gleichung:
$$
x^4 - 5x^2 + 4 = 0 \quad \Rightarrow \quad z^2 - 5z + 4 = 0
$$

Jetzt hast du eine quadratische Gleichung in $ z $.

---

### Schritt 2: Quadratische Gleichung lösen

Löse:
$$
z^2 - 5z + 4 = 0
$$

Du kannst die Mitternachtsformel (a-b-c-Formel) verwenden:

$$
z = \frac{-(-5) \pm \sqrt{(-5)^2 - 4 \cdot 1 \cdot 4}}{2 \cdot 1}
= \frac{5 \pm \sqrt{25 - 16}}{2}
= \frac{5 \pm \sqrt{9}}{2}
= \frac{5 \pm 3}{2}
$$

Also:
$$
z_1 = \frac{5 + 3}{2} = 4 \quad \text{und} \quad z_2 = \frac{5 - 3}{2} = 1
$$

---

### Schritt 3: Rücksubstitution

Erinnere dich: $ z = x^2 $

Also musst du jetzt lösen:
1. $ x^2 = 4 $ → $ x = \pm \sqrt{4} = \pm 2 $
2. $ x^2 = 1 $ → $ x = \pm \sqrt{1} = \pm 1 $

---

### Schritt 4: Lösungsmenge angeben

Die Lösungen sind:
$$
x = -2,\, -1,\, 1,\, 2
$$

---

### ✅ Endgültige Antwort:

$$
\boxed{x = -2,\, -1,\, 1,\, 2}
$$"
"Functional relationships (patterns and structures)","Equations and algebra","H","Schreibe x³ − 27 als Produkt von Faktoren.","Die Aufgabe lautet: **Schreibe $ x^3 - 27 $ als Produkt von Faktoren.**

Das ist eine **Differenz von Kuben**, denn:

$$
x^3 - 27 = x^3 - 3^3
$$

Für die Differenz von Kuben gibt es eine **bekannte Faktorisierungsformel**:

$$
a^3 - b^3 = (a - b)(a^2 + ab + b^2)
$$

### Schritt für Schritt:
Setze ein:
- $ a = x $
- $ b = 3 $

Dann ergibt sich:

$$
x^3 - 27 = x^3 - 3^3 = (x - 3)(x^2 + x \cdot 3 + 3^2)
$$

Vereinfache den zweiten Faktor:

$$
(x - 3)(x^2 + 3x + 9)
$$

---

### ✅ Endgültige Antwort:
$$
x^3 - 27 = (x - 3)(x^2 + 3x + 9)
$$

Das ist das Produkt von **zwei Faktoren**, wobei der zweite Faktor nicht weiter reell faktorisierbar ist (er hat keine reellen Nullstellen)."
"Functional relationships (patterns and structures)","Equations and algebra","H","Löse die Gleichung mit Brüchen: (x÷2) + (1÷3) = (5÷6)","Wir haben die Gleichung:

$$
\frac{x}{2} + \frac{1}{3} = \frac{5}{6}
$$

Unser Ziel ist es, den Wert von $ x $ zu finden. Dazu gehen wir Schritt für Schritt vor.

---

### **Schritt 1: Gleichung aufschreiben**
$$
\frac{x}{2} + \frac{1}{3} = \frac{5}{6}
$$

---

### **Schritt 2: Hauptnenner finden (ggf.)**

Um mit Brüchen leichter rechnen zu können, bringe alles auf einen gemeinsamen Nenner. Der Hauptnenner von 2, 3 und 6 ist **6**.

---

### **Schritt 3: Alles auf Sechstel umrechnen**

- $ \frac{x}{2} = \frac{3x}{6} $
- $ \frac{1}{3} = \frac{2}{6} $
- $ \frac{5}{6} $ bleibt so

Die Gleichung wird zu:
$$
\frac{3x}{6} + \frac{2}{6} = \frac{5}{6}
$$

---

### **Schritt 4: Zusammenfassen auf der linken Seite**

$$
\frac{3x + 2}{6} = \frac{5}{6}
$$

Da die Nenner gleich sind, können wir sie weglassen und nur die Zähler vergleichen:

$$
3x + 2 = 5
$$

---

### **Schritt 5: Nach x auflösen**

Zuerst 2 subtrahieren:
$$
3x = 5 - 2 = 3
$$

Jetzt durch 3 teilen:
$$
x = \frac{3}{3} = 1
$$

---

### ✅ **Lösung:**
$$
\boxed{x = 1}
$$

Wenn du möchtest, können wir das nochmal zur Probe einsetzen:

$$
\frac{1}{2} + \frac{1}{3} = \frac{3}{6} + \frac{2}{6} = \frac{5}{6}
$$

✅ Stimmt! Also ist **x = 1** korrekt."
"Functional relationships (patterns and structures)","Equations and algebra","H","Schreibe den Bruch 3⁄(2 + √5) um, sodass der Nenner keinen Quadratwurzel enthält.","Um den Bruch  
$$
\frac{3}{2 + \sqrt{5}}
$$  
so umzuschreiben, dass der Nenner **keine Quadratwurzel** mehr enthält, verwendest du einen Trick aus der Algebra: **Rationalmachen des Nenners**. Dazu multiplizierst du den Bruch mit dem **konjugierten Ausdruck** des Nenners.

---

### Schritt 1: Konjugierten Ausdruck finden

Der Nenner ist $2 + \sqrt{5}$. Der **konjugierte Ausdruck** davon ist:
$$
2 - \sqrt{5}
$$

---

### Schritt 2: Bruch mit dem konjugierten Ausdruck erweitern

Du multiplizierst Zähler und Nenner mit $2 - \sqrt{5}$:

$$
\frac{3}{2 + \sqrt{5}} \cdot \frac{2 - \sqrt{5}}{2 - \sqrt{5}} = \frac{3(2 - \sqrt{5})}{(2 + \sqrt{5})(2 - \sqrt{5})}
$$

---

### Schritt 3: Nenner vereinfachen (3. Binom!)

Verwende die dritte binomische Formel:
$$
(a + b)(a - b) = a^2 - b^2
$$

Also:
$$
(2 + \sqrt{5})(2 - \sqrt{5}) = 2^2 - (\sqrt{5})^2 = 4 - 5 = -1
$$

---

### Schritt 4: Zähler ausmultiplizieren

$$
3(2 - \sqrt{5}) = 6 - 3\sqrt{5}
$$

---

### Schritt 5: Gesamter Bruch

$$
\frac{6 - 3\sqrt{5}}{-1} = -(6 - 3\sqrt{5}) = -6 + 3\sqrt{5}
$$

Oder anders geschrieben:
$$
3\sqrt{5} - 6
$$

---

### ✅ Endergebnis:

$$
\frac{3}{2 + \sqrt{5}} = 3\sqrt{5} - 6
$$

Das ist eine Darstellung ohne Wurzel im Nenner!"
"Functional relationships (patterns and structures)","Other functional relationships","B","Wenn du die Zahl 2 verdoppelst und dann erneut verdoppelst, welche Zahl erhältst du?","Klar! Lass uns die Aufgabe Schritt für Schritt durchgehen:

### Aufgabe:
> Wenn du die Zahl **2 verdoppelst** und sie **dann erneut verdoppelst**, welche Zahl erhältst du?

---

### Schritt 1: Verdopple die Zahl 2  
Verdoppeln bedeutet, dass du die Zahl mit **2 multiplizierst**.

$$
2 \cdot 2 = 4
$$

Nach dem ersten Verdoppeln erhältst du also **4**.

---

### Schritt 2: Verdopple das Ergebnis erneut  
Jetzt nimmst du das Ergebnis aus dem ersten Schritt (also 4) und verdoppelst es wieder:

$$
4 \cdot 2 = 8
$$

---

### Endergebnis:
Nach zweimaligem Verdoppeln der Zahl 2 erhältst du die Zahl  
✅ **8**

---

Wenn du magst, kann ich dir auch zeigen, wie man das mit Potenzen darstellen kann – das ist manchmal einfacher. Willst du das sehen? 😊"
"Functional relationships (patterns and structures)","Other functional relationships","C","Vervollständige die Lücken: x: 1 | 2 | 3 | 4 | 5 → y: 2 | 4 | 8 | 16 | ___","Wir haben hier eine Zuordnung (oder Funktion) von Werten $ x $ zu Werten $ y $:

$$
\begin{array}{c|ccccc}
x & 1 & 2 & 3 & 4 & 5 \\
\hline
y & 2 & 4 & 8 & 16 & \,? \\
\end{array}
$$

Uns soll auffallen, wie sich die $ y $-Werte entwickeln. Schauen wir uns die Folge an:

- Bei $ x = 1 $ ist $ y = 2 $
- Bei $ x = 2 $ ist $ y = 4 $
- Bei $ x = 3 $ ist $ y = 8 $
- Bei $ x = 4 $ ist $ y = 16 $

Du siehst vielleicht schon das Muster:  
Die $ y $-Werte verdoppeln sich immer wieder – also **jeder Wert ist das Doppelte des vorherigen**.

Das deutet auf eine **Exponentialfunktion** hin.

### Versuchen wir eine Formel zu finden:
Beobachte:

- $ x = 1 \rightarrow y = 2 = 2^1 $
- $ x = 2 \rightarrow y = 4 = 2^2 $
- $ x = 3 \rightarrow y = 8 = 2^3 $
- $ x = 4 \rightarrow y = 16 = 2^4 $

Ah! Es scheint so zu sein, dass:

$$
y = 2^x
$$

Also für $ x = 5 $:

$$
y = 2^5 = 32
$$

### ✅ Lösung:
Die fehlende Zahl bei $ x = 5 $ ist **32**.

$$
\boxed{32}
$$"
"Functional relationships (patterns and structures)","Other functional relationships","C","Vervcomplete das Muster: 1, 4, 9, 16, ___, ___ (Hinweis: Quadratzahlen)","Klar! 😊

Du sollst hier das Muster (oder Musterreihe) vervollständigen:

**1, 4, 9, 16, ___, ___**

Und du bekommst einen Hinweis: **Quadratzahlen**

---

### Was sind Quadratzahlen?

Quadratzahlen entstehen, wenn man eine ganze Zahl mit sich selbst multipliziert.

Also:

- $ 1^2 = 1 \cdot 1 = 1 $
- $ 2^2 = 2 \cdot 2 = 4 $
- $ 3^2 = 3 \cdot 3 = 9 $
- $ 4^2 = 4 \cdot 4 = 16 $

Schon die ersten vier Zahlen der Reihe sind also diese Quadratzahlen von 1 bis 4.

---

### Fortsetzen des Musters:

Jetzt musst du einfach weitermachen mit den nächsten Quadratzahlen:

- $ 5^2 = 5 \cdot 5 = 25 $
- $ 6^2 = 6 \cdot 6 = 36 $

---

### Die vollständige Reihe lautet also:

**1, 4, 9, 16, 25, 36**

✅ Fertig!

Wenn du magst, kann ich dir auch zeigen, wie man solche Muster allgemein erkennt. Sag einfach Bescheid! 😊"
"Functional relationships (patterns and structures)","Other functional relationships","D","Erkenne  das Muster: y = 2^x","Klar! Die Aufgabe **„Erkenne das Muster: y = 2^x“** bedeutet, dass du verstehen sollst, wie sich die Werte von **y** verändern, wenn du verschiedene Werte für **x** einsetzt. Es geht also darum, das Verhalten der Funktion $ y = 2^x $ zu erkennen und zu verstehen.

---

### 🧠 Was bedeutet $ y = 2^x $?

Das ist eine **Exponentialfunktion**, bei der die Basis (hier „2“) immer mit dem Exponenten $ x $ potenziert wird.  
Anders als bei linearen Funktionen (z. B. $ y = 2x $), wächst diese Funktion **sehr schnell**, weil sie sich „immer schneller verändert“.

---

### 🔍 Schritt-für-Schritt: Setze Werte für $ x $ ein

Um das Muster zu erkennen, kannst du dir anschauen, was passiert, wenn du verschiedene Werte für $ x $ einsetzt:

| x | y = $ 2^x $ | Erklärung |
|---|---------------|-----------|
| -3 | $ 2^{-3} = \frac{1}{8} = 0{,}125 $ | Bei negativen Exponenten wird der Wert kleiner |
| -2 | $ 2^{-2} = \frac{1}{4} = 0{,}25 $ | immer noch klein, aber größer werdend |
| -1 | $ 2^{-1} = \frac{1}{2} = 0{,}5 $ | Annäherung an 1 |
| 0  | $ 2^0 = 1 $ | Jede Zahl hoch 0 ergibt 1 |
| 1  | $ 2^1 = 2 $ | Verdoppelt im Vergleich zu vorher |
| 2  | $ 2^2 = 4 $ | Nochmal verdoppelt |
| 3  | $ 2^3 = 8 $ | Verdoppelt sich wieder |
| 4  | $ 2^4 = 16 $ | Verdoppelt sich immer weiter |
| 5  | $ 2^5 = 32 $ | Sehr schnelles Wachstum |

---

### 📈 Das Muster erkennen:

- Für **positive x-Werte**: Der y-Wert **verdoppelt sich immer**, wenn x um 1 zunimmt.
  - Beispiel: $ 2^3 = 8 $ → $ 2^4 = 16 $ → $ 2^5 = 32 $
- Für **negative x-Werte**: Der y-Wert wird immer kleiner (geht gegen Null), aber nie negativ.
  - Beispiel: $ 2^{-1} = 0{,}5 $ → $ 2^{-2} = 0{,}25 $ → $ 2^{-3} = 0{,}125 $

👉 **Das Muster ist also:**  
**Jedes Mal, wenn x um 1 zunimmt, verdoppelt sich y. Wenn x um 1 abnimmt, halbiert sich y.**

---

### 📊 Optional: Zeichne den Graphen

Wenn du die Punkte in ein Koordinatensystem einträgst, bekommst du eine typische **exponentielle Kurve**, die für $ y = 2^x $ immer steiler wird.

---

### ✅ Zusammenfassung

Um das Muster von $ y = 2^x $ zu erkennen:
1. Setze verschiedene x-Werte ein (positiv, negativ, null).
2. Beobachte, wie sich y verändert → es **verdoppelt** sich ständig.
3. Stelle fest: Es handelt sich um exponentielles Wachstum mit Basis 2.

Wenn du möchtest, kann ich dir auch zeigen, wie man so etwas in einem Diagramm darstellt oder wie man andere ähnliche Muster erkennt (z. B. $ y = 3^x $ oder $ y = 2^{-x} $).

Willst du das vertiefen? 😊"
"Functional relationships (patterns and structures)","Other functional relationships","D","Welches Diagramm zeigt exponentielles Wachstum: y = 2^x oder y = x + 2?","Um zu entscheiden, welches Diagramm **exponentielles Wachstum** zeigt, müssen wir die beiden gegebenen Funktionen verstehen und vergleichen:

---

### 1. **y = 2^x**  
Das ist eine **Exponentialfunktion**, weil die Variable **x im Exponenten** steht.

- Bei exponentiellem Wachstum wächst der y-Wert immer schneller, je größer x wird.
- Beispielwerte:
  - Wenn x = 0 → y = 2⁰ = 1
  - Wenn x = 1 → y = 2¹ = 2
  - Wenn x = 2 → y = 2² = 4
  - Wenn x = 3 → y = 2³ = 8
  - Wenn x = 4 → y = 2⁴ = 16

👉 Du siehst: Der Wert **verdoppelt** sich jedes Mal, wenn x um 1 zunimmt. Das ist typisch für **exponentielles Wachstum**.

---

### 2. **y = x + 2**  
Das ist eine **lineare Funktion**, weil x nur in erster Potenz vorkommt (also x¹).

- Bei linearem Wachstum wächst y immer **gleich schnell**, also mit gleichbleibender Steigung.
- Beispielwerte:
  - Wenn x = 0 → y = 0 + 2 = 2
  - Wenn x = 1 → y = 1 + 2 = 3
  - Wenn x = 2 → y = 2 + 2 = 4
  - Wenn x = 3 → y = 3 + 2 = 5

👉 Hier nimmt y immer nur **um 1** zu, wenn x um 1 zunimmt – das ist kein exponentielles, sondern **lineares Wachstum**.

---

### Fazit:

✅ Die Funktion **y = 2^x** zeigt **exponentielles Wachstum**.  
❌ Die Funktion **y = x + 2** zeigt **lineares Wachstum**.

---

### Im Diagramm erkennbar an:

- **y = 2^x**: Kurve steigt immer stärker an (nach rechts oben stark ansteigend).
- **y = x + 2**: Gerade mit konstanter Steigung (linear).

---

Wenn du also zwei Diagramme siehst, schaue:
- Ist die Kurve **schnell stark ansteigend**? ➜ Dann könnte es **y = 2^x** sein.
- Ist es eine **gerade Linie**, die gleichmäßig nach oben geht? ➜ Dann ist es **y = x + 2**.

Hast du die Diagramme vor dir liegen? Dann kann ich dir auch helfen, sie zu interpretieren!"
"Functional relationships (patterns and structures)","Other functional relationships","D","Welcher Funktionstyp liegt bei der Funktion y = 3^x vor – linear, quadratisch oder exponential?","Die Funktion $ y = 3^x $ ist eine **Exponentialfunktion**.

### Erklärung:

Um zu erkennen, welcher Funktionstyp vorliegt, musst du dir anschauen, **wo die Variable $ x $** steht:

---

### 1. **Lineare Funktionen** haben die Form:
$$
y = mx + b
$$
- Die Variable $ x $ steht **nicht im Exponenten**, sondern als einfacher Faktor (z. B. $ y = 2x + 5 $).
- Der Graph ist eine Gerade.

✅ Bei $ y = 3^x $ ist das **nicht der Fall**, also **keine lineare Funktion**.

---

### 2. **Quadratische Funktionen** haben die Form:
$$
y = ax^2 + bx + c
$$
- Die Variable $ x $ kann auch hier im Quadrat vorkommen (z. B. $ y = x^2 + 3x - 4 $).
- Der Graph ist eine Parabel.

✅ Aber bei $ y = 3^x $ kommt $ x $ **auch nicht als Quadrat** vor – also **keine quadratische Funktion**.

---

### 3. **Exponentialfunktionen** haben die Form:
$$
y = a \cdot b^x
$$
- Die Variable $ x $ steht **im Exponenten**.
- Die Basis (hier: 3) ist eine Zahl größer 0 und nicht 1.
- Typische Beispiele: $ y = 2^x $, $ y = e^x $, $ y = 5^x $

✅ Genau das ist bei $ y = 3^x $ der Fall:  
Die Variable $ x $ steht **im Exponenten**, also handelt es sich um eine **Exponentialfunktion**.

---

### Zusammenfassung:

| Funktionstyp   | Allgemeine Form             | Beispiel         | Vorliegende Funktion? |
|----------------|-----------------------------|------------------|------------------------|
| Linear         | $ y = mx + b $            | $ y = 2x + 1 $  | ❌ Nein                 |
| Quadratisch    | $ y = ax^2 + bx + c $     | $ y = x^2 + 2 $ | ❌ Nein                 |
| Exponentiell   | $ y = a \cdot b^x $       | $ y = 3^x $     | ✅ Ja                   |

---

### Antwort:
Bei der Funktion $ y = 3^x $ liegt ein **exponentieller Funktionstyp** vor."
"Functional relationships (patterns and structures)","Other functional relationships","D","Skizziere oder beschreibe, wie sich der Graph von y = x² von dem Graphen von y = 2x unterscheidet.","Klar! Lass uns die beiden Funktionen vergleichen:

- **Funktion 1:** $ y = x^2 $ — das ist eine **quadratische Funktion**  
- **Funktion 2:** $ y = 2x $ — das ist eine **lineare Funktion**

---

### 🔹 1. Art der Funktionen

- **$ y = x^2 $:**  
  Dies ist eine **Parabel**, also eine gebogene (gekrümmte) Linie. Sie ist nach oben geöffnet und hat ihren Scheitelpunkt im Ursprung (0|0).

- **$ y = 2x $:**  
  Dies ist eine **Gerade**, also eine gerade Linie, die durch den Ursprung geht. Die Steigung dieser Geraden beträgt 2.

---

### 🔹 2. Verlauf der Graphen

#### 📌 Für $ y = x^2 $:
- Der Graph ist **symmetrisch zur y-Achse**.
- Je größer $ |x| $ wird, desto schneller wächst $ y $.  
  Beispiel:  
  - Bei $ x = 1 $ → $ y = 1 $  
  - Bei $ x = 2 $ → $ y = 4 $  
  - Bei $ x = 3 $ → $ y = 9 $

Der Graph steigt also immer stärker an — er **beschleunigt** sozusagen.

#### 📌 Für $ y = 2x $:
- Der Graph ist eine Gerade mit konstanter Steigung.
- Wenn sich $ x $ um 1 erhöht, erhöht sich $ y $ immer um 2.
  Beispiel:  
  - Bei $ x = 1 $ → $ y = 2 $  
  - Bei $ x = 2 $ → $ y = 4 $  
  - Bei $ x = 3 $ → $ y = 6 $

Die Werte steigen gleichmäßig – also **linear**.

---

### 🔹 3. Gemeinsame Punkte?

Setze beide Funktionen gleich, um gemeinsame Punkte zu finden:

$$
x^2 = 2x
\Rightarrow x^2 - 2x = 0
\Rightarrow x(x - 2) = 0
\Rightarrow x = 0 \text{ oder } x = 2
$$

Also schneiden sich die Graphen bei:
- $ x = 0 $ → $ y = 0 $
- $ x = 2 $ → $ y = 4 $

✅ Also: Beide Graphen berühren sich in den Punkten **(0|0)** und **(2|4)**.

---

### 🔹 4. Unterschiede im Verlauf

| Merkmal              | $ y = x^2 $                    | $ y = 2x $                     |
|---------------------|----------------------------------|----------------------------------|
| Art                 | Parabel                          | Gerade                           |
| Symmetrie           | Achsensymmetrisch zur y-Achse    | Keine Symmetrie                  |
| Wachstum            | Quadratisch (wird immer steiler) | Linear (gleichmäßige Steigung)   |
| Schnittpunkte       | Bei (0|0) und (2|4)              | Siehe links                      |

---

### 🔹 Fazit:

> Der Graph von $ y = x^2 $ ist eine **gekrümmte Kurve (Parabel)**, die für größere x-Werte stark ansteigt, während der Graph von $ y = 2x $ eine **gerade Linie mit konstanter Steigung** ist. Beide verlaufen durch den Ursprung, aber nur die Parabel biegt sich immer stärker nach oben.

Wenn du möchtest, kann ich dir auch eine Skizze beschreiben, wie du sie auf Papier zeichnen könntest! 😊"
"Functional relationships (patterns and structures)","Other functional relationships","E","Ein Sparkonto bietet 4 % Zinsen, die jährlich verzinst werden. Wenn du 1.000 € einzahlst, wie viel Geld ist nach 3 Jahren auf dem Konto? Verwende die Formel A = P(1 + r)ⁿ.","Klar! Lass uns die Aufgabe Schritt für Schritt lösen.

Du hast ein Sparkonto mit **4 % Zinsen**, du zahlst **1.000 €** ein, und das Geld wird **3 Jahre lang** jährlich verzinst. Du sollst berechnen, wie viel Geld am Ende auf dem Konto ist. Dafür darfst du die folgende Formel verwenden:

$$
A = P(1 + r)^n
$$

### Erklärung der Variablen:
- **A**: Das Endkapital (das wollen wir berechnen)
- **P**: Das Anfangskapital → 1.000 €
- **r**: Der Zinssatz in Dezimalform → 4 % = 0,04
- **n**: Die Anzahl der Jahre → 3 Jahre

---

### Schrittweise Berechnung:

Setze die Werte in die Formel ein:

$$
A = 1000 \cdot (1 + 0{,}04)^3
$$

Zuerst rechnest du den Teil in der Klammer aus:

$$
1 + 0{,}04 = 1{,}04
$$

Dann hoch 3:

$$
1{,}04^3 = 1{,}124864
$$

Jetzt multiplizierst du mit 1.000:

$$
A = 1000 \cdot 1{,}124864 = 1124{,}86
$$

---

### Ergebnis:
Nach **3 Jahren** sind **1.124,86 €** auf dem Konto.

Das bedeutet: Durch die **Zinseszinsen** hast du nach drei Jahren etwas mehr als einfach nur 4 % pro Jahr auf dein Startkapital – weil sich die Zinsen jedes Jahr mitverzinsen.

Falls du magst, kann ich dir auch zeigen, wie man das Jahr für Jahr im Detail berechnet. 😊"
"Functional relationships (patterns and structures)","Other functional relationships","E","Eine Funktion ist gegeben als y = 100(0,85)ˣ. Handelt es sich um exponentielles Wachstum oder um exponentiellen Zerfall? Begründe deine Antwort.","Die Funktion ist gegeben als:

$$
y = 100 \cdot (0{,}85)^x
$$

Um zu entscheiden, ob es sich um **exponentielles Wachstum** oder **exponentiellen Zerfall** handelt, musst du dir die **Basis der Exponentialfunktion**, also die Zahl **hinter der 100**, anschauen – in diesem Fall ist das **0,85**.

---

### 🔍 Schritt 1: Erkenne die allgemeine Form

Exponentialfunktionen haben meistens diese Form:

$$
y = a \cdot b^x
$$

Dabei gilt:

- $ a $ ist der Startwert (z. B. die Anfangsgröße)
- $ b $ ist die **Wachstums- bzw. Zerfallsrate**
- $ x $ ist die unabhängige Variable, oft die Zeit

In deiner Aufgabe:
- $ a = 100 $
- $ b = 0{,}85 $

---

### 📌 Schritt 2: Entscheide anhand des Werts von $ b $

- Wenn **$ b > 1 $**: Es liegt **exponentielles Wachstum** vor.
- Wenn **$ 0 < b < 1 $**: Es liegt **exponentieller Zerfall** vor.

Da hier $ b = 0{,}85 $ ist und $ 0 < 0{,}85 < 1 $ gilt, handelt es sich um **exponentiellen Zerfall**.

---

### ✅ Begründung für deine Antwort:

> Es handelt sich um **exponentiellen Zerfall**, weil die Basis $ 0{,}85 $ zwischen 0 und 1 liegt. Das bedeutet, dass der Funktionswert mit zunehmendem $ x $ immer kleiner wird – die Größe nimmt im Laufe der Zeit ab.

---

### 🧠 Zusatzinfo:

Wenn du z. B. für $ x = 0, 1, 2, 3 $ die Werte berechnest:

- $ y(0) = 100 \cdot (0{,}85)^0 = 100 $
- $ y(1) = 100 \cdot (0{,}85)^1 = 85 $
- $ y(2) = 100 \cdot (0{,}85)^2 = 72{,}25 $
- $ y(3) = 100 \cdot (0{,}85)^3 ≈ 61{,}41 $

Du siehst: Der Wert **nimmt kontinuierlich ab**, also Zerfall.

---

### 🎯 Fazit:

✅ **Antwort:** Es handelt sich um **exponentiellen Zerfall**, weil die Basis $ 0{,}85 $ kleiner als 1 aber größer als 0 ist."
"Functional relationships (patterns and structures)","Other functional relationships","E","Vervollständige die Tabelle für y = √x, für x = 0, 1, 4, 9, 16.","Klar! Du sollst die Tabelle für die Funktion $ y = \sqrt{x} $ (also die **Wurzel aus x**) für bestimmte Werte von $ x $ vervollständigen.

Die gegebenen $ x $-Werte sind:  
$$
x = 0,\ 1,\ 4,\ 9,\ 16
$$

Und du musst jeweils den zugehörigen $ y $-Wert berechnen, indem du die **Quadratwurzel** ziehst:

---

### Schritt für Schritt:

1. Für $ x = 0 $:  
   $$
   y = \sqrt{0} = 0
   $$

2. Für $ x = 1 $:  
   $$
   y = \sqrt{1} = 1
   $$

3. Für $ x = 4 $:  
   $$
   y = \sqrt{4} = 2
   $$

4. Für $ x = 9 $:  
   $$
   y = \sqrt{9} = 3
   $$

5. Für $ x = 16 $:  
   $$
   y = \sqrt{16} = 4
   $$

---

### Die fertige Tabelle sieht dann so aus:

| $ x $ | $ y = \sqrt{x} $ |
|--------|---------------------|
| 0      | 0                   |
| 1      | 1                   |
| 4      | 2                   |
| 9      | 3                   |
| 16     | 4                   |

---

Wenn du möchtest, kann ich dir auch erklären, warum das so funktioniert oder wie der Graph dazu aussieht 😊."
"Functional relationships (patterns and structures)","Other functional relationships","E","Bestimme, ob die Funktion y = 1/x² Wachstum, Zerfall oder keins von beidem darstellt, wenn x → ∞. Begründe deine Antwort.","Um zu entscheiden, ob die Funktion  
$$
y = \frac{1}{x^2}
$$  
ein **Wachstum**, **Zerfall** oder **keines von beidem** darstellt, wenn $ x \to \infty $, müssen wir untersuchen, wie sich der **Funktionswert $ y $** verhält, während $ x $ immer größer wird.

---

### 🔍 Schritt 1: Verständnis des Begriffs ""Wachstum"" und ""Zerfall""

In diesem Zusammenhang geht es um das **Verhalten einer Funktion für große Werte von $ x $**:

- **Wachstum**: Die Funktionswerte werden immer größer (gehen gegen Unendlich).
- **Zerfall**: Die Funktionswerte nähern sich Null an (werden immer kleiner).
- **Kein klares Wachstum oder Zerfall**: Die Funktion oszilliert oder verhält sich anders.

---

### 📈 Schritt 2: Untersuche das Verhalten von $ y = \frac{1}{x^2} $ für $ x \to \infty $

Wenn $ x \to \infty $, dann wächst $ x^2 $ auch gegen Unendlich. Damit wird der Nenner in  
$$
y = \frac{1}{x^2}
$$  
immer größer, also wird der gesamte Bruch immer **kleiner**.

Das bedeutet:
$$
\lim_{x \to \infty} \frac{1}{x^2} = 0
$$

Die Funktionswerte **nähern sich Null an**, sie **fallen also mit zunehmendem $ x $**.

---

### ✅ Schritt 3: Beurteilung – Ist das ein Zerfall?

Da die Werte immer kleiner werden und sich der Null annähern, handelt es sich hier um eindeutig um einen **Zerfall** im Sinne des Abnehmens der Funktionswerte bei wachsendem $ x $.

> Beachte: Hier geht es nicht um exponentiellen Zerfall (wie z.B. bei $ e^{-x} $), sondern um eine allgemeinere Betrachtung des Verhaltens der Funktion.

---

### 🧠 Fazit:

Die Funktion  
$$
y = \frac{1}{x^2}
$$  
stellt **Zerfall** dar, wenn $ x \to \infty $, weil die Funktionswerte mit zunehmendem $ x $ immer kleiner werden und sich der Null annähern.

---

### 📝 Kurzfassung als Antwort:

> Die Funktion $ y = \frac{1}{x^2} $ stellt **Zerfall** dar, wenn $ x \to \infty $. Begründung: Mit wachsendem $ x $ wird $ x^2 $ immer größer, sodass $ \frac{1}{x^2} $ immer kleiner wird und gegen Null strebt. Daher nimmt der Funktionswert ab – es liegt also ein Zerfall vor."
"Functional relationships (patterns and structures)","Other functional relationships","F","Bestimme y = 1/x für x = 0,5; 1; 2; 4. Was passiert mit y, wenn x größer wird?","Klar! Lass uns die Aufgabe Schritt für Schritt durchgehen.

Du sollst **y = 1/x** berechnen für verschiedene Werte von **x**, und dann beobachten, was mit **y** passiert, wenn **x** größer wird.

---

### Gegeben:
$$ y = \frac{1}{x} $$

Und du sollst **y** berechnen für:
- $ x = 0{,}5 $
- $ x = 1 $
- $ x = 2 $
- $ x = 4 $

---

### Schritt 1: Berechne y für jeden Wert von x

1. Für $ x = 0{,}5 $:
   $$
   y = \frac{1}{0{,}5} = 2
   $$

2. Für $ x = 1 $:
   $$
   y = \frac{1}{1} = 1
   $$

3. Für $ x = 2 $:
   $$
   y = \frac{1}{2} = 0{,}5
   $$

4. Für $ x = 4 $:
   $$
   y = \frac{1}{4} = 0{,}25
   $$

---

### Schritt 2: Beobachtung – Was passiert mit y, wenn x größer wird?

Wenn du dir die Ergebnisse anschaust:

| x     | y = 1/x |
|-------|---------|
| 0,5   | 2       |
| 1     | 1       |
| 2     | 0,5     |
| 4     | 0,25    |

➡️ Du siehst, dass **y immer kleiner wird**, wenn **x größer wird**.

Das liegt daran, dass in der Funktion $ y = \frac{1}{x} $ der Nenner immer größer wird – dadurch wird der gesamte Bruch kleiner.

---

### Fazit:

- Die Werte von y sind:  
  - Bei $ x = 0{,}5 $: $ y = 2 $  
  - Bei $ x = 1 $: $ y = 1 $  
  - Bei $ x = 2 $: $ y = 0{,}5 $  
  - Bei $ x = 4 $: $ y = 0{,}25 $

- **Wenn x größer wird, wird y immer kleiner und nähert sich der Zahl 0 an.**

Wenn du magst, kann ich dir auch zeigen, wie der Graph dieser Funktion (die sogenannte Hyperbel) aussieht. 😊"
"Functional relationships (patterns and structures)","Other functional relationships","F","Verwende einen Taschenrechner, um x näherungsweise zu berechnen, wenn 3^x = 20","Um die Gleichung **3^x = 20** nach **x** aufzulösen, verwendest du den **Logarithmus**. Hier ist eine Schritt-für-Schritt-Anleitung:

---

### 🔹 1. Verwende den Logarithmus

Du möchtest x in der Gleichung finden:

$$
3^x = 20
$$

Wende auf beiden Seiten den **Logarithmus** an (egal ob lg = Zehnerlogarithmus oder ln = natürlicher Logarithmus):

$$
\log(3^x) = \log(20)
$$

Nutze die Logarithmusregel:  
$$
\log(a^b) = b \cdot \log(a)
$$

Also:

$$
x \cdot \log(3) = \log(20)
$$

---

### 🔹 2. Löse nach x auf

$$
x = \frac{\log(20)}{\log(3)}
$$

Alternativ kannst du auch den **natürlichen Logarithmus (ln)** verwenden:

$$
x = \frac{\ln(20)}{\ln(3)}
$$

Beides liefert das gleiche Ergebnis.

---

### 🔹 3. Gib das in den Taschenrechner ein

So tippst du es ein:

- Berechne zuerst **log(20)** oder **ln(20)**
- Dann berechnest du **log(3)** oder **ln(3)**
- Teile dann die erste Zahl durch die zweite

---

### 🔹 4. Ergebnis (ungefähr)

Mit dem Taschenrechner:

$$
x ≈ \frac{\log(20)}{\log(3)} ≈ \frac{1{,}3010}{0{,}4771} ≈ 2{,}727
$$

Oder mit dem natürlichen Logarithmus:

$$
x ≈ \frac{\ln(20)}{\ln(3)} ≈ \frac{2{,}9957}{1{,}0986} ≈ 2{,}727
$$

---

### ✅ Endgültige Antwort:

$$
\mathbf{x ≈ 2{,}727}
$$

Wenn du willst, kann ich dir auch erklären, wie man das ohne Taschenrechner grob abschätzen kann!"
"Functional relationships (patterns and structures)","Other functional relationships","F","Ein Isotop hat eine Halbwertszeit von 6 Stunden. Wie viel bleibt von 200 g nach 18 Stunden übrig?","Klar! Lass uns die Aufgabe Schritt für Schritt lösen.

### Gegeben:
- **Halbwertszeit** des Isotops: 6 Stunden  
- **Anfangsmasse**: 200 g  
- **Zeit, die vergeht**: 18 Stunden  

---

## 🔍 Was bedeutet Halbwertszeit?

Die **Halbwertszeit** ist die Zeit, nach der die Hälfte einer vorhandenen Menge eines radioaktiven Stoffes zerfallen ist.  
Also halbiert sich die Masse alle 6 Stunden.

---

## 🧮 Wie viele Halbwertszeiten sind in 18 Stunden vergangen?

Du teilst die vergangene Zeit durch die Halbwertszeit:

$$
\frac{18 \text{ h}}{6 \text{ h}} = 3
$$

Es sind also **3 Halbwertszeiten** vergangen.

---

## 📉 Jetzt rechnen wir die Masse nach jeder Halbwertszeit ab:

Wir starten mit 200 g und halbieren dreimal:

1. Nach 6 Stunden:  
   $$
   200 \text{ g} : 2 = 100 \text{ g}
   $$

2. Nach 12 Stunden:  
   $$
   100 \text{ g} : 2 = 50 \text{ g}
   $$

3. Nach 18 Stunden:  
   $$
   50 \text{ g} : 2 = 25 \text{ g}
   $$

---

## ✅ Antwort:

Nach **18 Stunden** bleiben von den ursprünglichen **200 g** noch **25 g** übrig.

---

## 📘 Alternative Formel (Exponentialfunktion):

Man kann das auch mit der Zerfallsgleichung berechnen:

$$
m(t) = m_0 \cdot \left( \frac{1}{2} \right)^{\frac{t}{T}}
$$

- $ m_0 = 200 $ g  
- $ t = 18 $ h  
- $ T = 6 $ h  

Einsetzen:

$$
m(18) = 200 \cdot \left( \frac{1}{2} \right)^{\frac{18}{6}} = 200 \cdot \left( \frac{1}{2} \right)^3 = 200 \cdot \frac{1}{8} = 25
$$

Auch so kommt man auf **25 g** ✔️

---

Falls du willst, kann ich dir auch erklären, warum diese Formel funktioniert oder wie man sie umformt, wenn z. B. die Halbwertszeit gesucht ist. 😊"
"Functional relationships (patterns and structures)","Other functional relationships","F","Zeichne die Funktion y = –1/x und beschreibe ihre Symmetrie.","Gerne! Lass uns die Aufgabe Schritt für Schritt angehen:

---

### **Aufgabe**:  
**Zeichne die Funktion $ y = -\frac{1}{x} $ und beschreibe ihre Symmetrie.**

---

## **Schritt 1: Verstehe die Funktion**

Die Funktion ist:

$$
y = -\frac{1}{x}
$$

Das ist eine **gebrochen-rationale Funktion**, also eine Funktion, bei der $ x $ im Nenner vorkommt.

---

## **Schritt 2: Definitionsbereich bestimmen**

Da du nicht durch 0 teilen darfst, ist die Funktion **für alle $ x \neq 0 $** definiert.

Also:
$$
\text{Definitionsbereich: } \mathbb{D} = \mathbb{R} \setminus \{0\}
$$

---

## **Schritt 3: Wertetabelle erstellen (optional zum Zeichnen)**

Um die Funktion zu zeichnen, kannst du dir ein paar Punkte berechnen:

| $ x $     | $ y = -\frac{1}{x} $ |
|------------|------------------------|
| -3         | $ -\frac{1}{-3} = \frac{1}{3} $ |
| -2         | $ -\frac{1}{-2} = \frac{1}{2} $ |
| -1         | $ -\frac{1}{-1} = 1 $ |
| -0.5       | $ -\frac{1}{-0.5} = 2 $ |
| 0.5        | $ -\frac{1}{0.5} = -2 $ |
| 1          | $ -\frac{1}{1} = -1 $ |
| 2          | $ -\frac{1}{2} = -0.5 $ |
| 3          | $ -\frac{1}{3} \approx -0.33 $ |

---

## **Schritt 4: Die Funktion zeichnen**

Die Funktion $ y = -\frac{1}{x} $ sieht aus wie eine **Hyperbel** mit zwei Ästen, die sich den Achsen annähern, aber nie berühren.

- Der **linke Ast** (für $ x < 0 $) verläuft im **zweiten Quadranten** (oben links).
- Der **rechte Ast** (für $ x > 0 $) verläuft im **vierten Quadranten** (unten rechts).

Die Achsen ($ x=0 $ und $ y=0 $) sind **Asymptoten** – die Kurve nähert sich ihnen an, berührt sie aber nie.

---

## **Schritt 5: Symmetrie untersuchen**

Jetzt zur Symmetrie:

Es gibt zwei wichtige Arten von Symmetrie:
- **Achsensymmetrie zur y-Achse** → wenn gilt: $ f(-x) = f(x) $
- **Punktsymmetrie zum Ursprung** → wenn gilt: $ f(-x) = -f(x) $

Testen wir das für $ f(x) = -\frac{1}{x} $:

$$
f(-x) = -\frac{1}{-x} = \frac{1}{x}
$$

Und:
$$
-f(x) = -\left(-\frac{1}{x}\right) = \frac{1}{x}
$$

Also:
$$
f(-x) = -f(x)
$$

➡️ Das bedeutet: **Die Funktion ist punktsymmetrisch zum Ursprung (0|0).**

---

## **Zusammenfassung**

- Die Funktion $ y = -\frac{1}{x} $ ist eine Hyperbel.
- Sie hat eine **Punktsymmetrie zum Ursprung**.
- Sie besitzt zwei Asymptoten: die $ x $-Achse und die $ y $-Achse.
- Du kannst sie skizzieren, indem du einige Werte aus einer Wertetabelle einträgst.

Wenn du magst, kann ich dir auch gerne eine Skizze beschreiben oder erklären, wie man das in einem Koordinatensystem einzeichnet. 😊"
"Functional relationships (patterns and structures)","Other functional relationships","G","Bestimme, ob die Funktion f(x) = √(x – 1) für x = 0 definiert ist.","Um zu bestimmen, ob die Funktion  
**f(x) = √(x – 1)**  
für **x = 0** definiert ist, musst du prüfen, ob der **Radikand** (der Ausdruck unter der Wurzel) **nicht-negativ** ist. Denn im Reellen (also wenn wir nur reelle Zahlen betrachten), ist die **Wurzel aus einer negativen Zahl nicht definiert**.

---

### Schritt-für-Schritt:

1. **Setze x = 0 in den Radikand ein:**

   $$ f(0) = \sqrt{0 - 1} = \sqrt{-1} $$

2. **Betrachte das Ergebnis:**

   Der Radikand ist **-1**, also **negativ**.

3. **Fazit:**

   Da die **Wurzel aus einer negativen Zahl im Reellen nicht definiert ist**, ist die Funktion **f(x) = √(x – 1)** für **x = 0 nicht definiert**.

---

### Zusatzinfo (falls du dich für komplexe Zahlen interessierst):

In den **komplexen Zahlen** wäre √(-1) sehr wohl definiert und entspricht der **imaginären Einheit i**. Aber solange nichts von komplexen Zahlen die Rede ist, gehen wir davon aus, dass wir uns im **reellen Zahlenbereich** bewegen.

---

### Antwort:
Die Funktion **f(x) = √(x – 1)** ist für **x = 0 nicht definiert**, weil unter der Wurzel eine negative Zahl steht (−1), und die Wurzel einer negativen Zahl ist im Reellen nicht erlaubt."
"Functional relationships (patterns and structures)","Other functional relationships","G","Löse die folgende Gleichung: log₂(x) = 4","Die Gleichung lautet:

$$
\log_2(x) = 4
$$

### Schritt 1: Verstehe, was der Logarithmus bedeutet.

Der Ausdruck  
$$
\log_2(x)
$$  
bedeutet: **""2 hoch was ergibt x?""**

Also:
$$
\log_2(x) = 4 \quad \text{bedeutet} \quad 2^4 = x
$$

### Schritt 2: Berechne die Potenz.

$$
2^4 = 16
$$

Also ist:
$$
x = 16
$$

---

### ✅ **Lösung:**
$$
\boxed{x = 16}
$$

Wenn du willst, kann ich dir auch erklären, wie man solche Logarithmus-Gleichungen allgemein löst!"
"Functional relationships (patterns and structures)","Other functional relationships","G","Berechne sin(30°), cos(60°) und tan(45°).","Klar! Lass uns die Werte für diese drei trigonometrischen Funktionen Schritt für Schritt berechnen:

---

### 1. **sin(30°)**

Der **Sinus** eines Winkels in einem rechtwinkligen Dreieck ist definiert als:

$$
\sin(\alpha) = \frac{\text{Gegenkathete}}{\text{Hypotenuse}}
$$

Für **30° (π/6 im Bogenmaß)** gibt es einen bekannten Standardwert aus dem Einheitskreis oder aus einem gleichseitigen Dreieck, das halbiert wird:

$$
\sin(30^\circ) = \frac{1}{2}
$$

✅ **Ergebnis: sin(30°) = ½**

---

### 2. **cos(60°)**

Der **Cosinus** ist definiert als:

$$
\cos(\alpha) = \frac{\text{Ankathete}}{\text{Hypotenuse}}
$$

Auch hier haben wir einen Standardwinkel: **60° (π/3 im Bogenmaß)**

$$
\cos(60^\circ) = \frac{1}{2}
$$

✅ **Ergebnis: cos(60°) = ½**

> 📌 Hinweis: sin(30°) und cos(60°) sind gleich, weil sie zusammenhängen über den sogenannten **Komplementwinkel**:  
> $\sin(\alpha) = \cos(90^\circ - \alpha)$

---

### 3. **tan(45°)**

Die **Tangensfunktion** ist definiert als:

$$
\tan(\alpha) = \frac{\sin(\alpha)}{\cos(\alpha)}
$$

Bei **45° (π/4 im Bogenmaß)** sind Sinus und Cosinus gleich:

$$
\sin(45^\circ) = \cos(45^\circ) = \frac{\sqrt{2}}{2}
$$

Also:

$$
\tan(45^\circ) = \frac{\frac{\sqrt{2}}{2}}{\frac{\sqrt{2}}{2}} = 1
$$

✅ **Ergebnis: tan(45°) = 1**

---

### 🔚 Zusammenfassung der Ergebnisse:

| Ausdruck      | Wert     |
|---------------|----------|
| sin(30°)      | ½        |
| cos(60°)      | ½        |
| tan(45°)      | 1        |

Wenn du möchtest, kann ich dir auch zeigen, wie man diese Werte am **Einheitskreis** oder mit Hilfe spezieller Dreiecke herleiten kann. 😊"
"Functional relationships (patterns and structures)","Other functional relationships","G","Löse das Gleichungssystem: y = x² und y = 2x + 3.","Du sollst das folgende **Gleichungssystem** lösen:

$$
\begin{cases}
y = x^2 \\
y = 2x + 3
\end{cases}
$$

### Schritt 1: Gleichsetzen der beiden Gleichungen

Da in beiden Gleichungen **y gleich y** ist, kannst du die rechten Seiten **gleichsetzen**:

$$
x^2 = 2x + 3
$$

### Schritt 2: Alles auf eine Seite bringen (Nullform herstellen)

Bringe alle Terme auf eine Seite, damit die Gleichung in der Form „… = 0“ steht:

$$
x^2 - 2x - 3 = 0
$$

Das ist jetzt eine **quadratische Gleichung**.

### Schritt 3: Quadratische Gleichung lösen

Löse die Gleichung z. B. mit der **Mitternachtsformel** oder der **p-q-Formel**.

#### Mit der p-q-Formel:
Die allgemeine Form lautet:

$$
x^2 + px + q = 0 \quad \Rightarrow \quad x_{1,2} = -\frac{p}{2} \pm \sqrt{\left(\frac{p}{2}\right)^2 - q}
$$

In unserem Fall:

$$
x^2 - 2x - 3 = 0 \quad \Rightarrow \quad p = -2,\quad q = -3
$$

Einsetzen:

$$
x_{1,2} = -\frac{-2}{2} \pm \sqrt{\left(\frac{-2}{2}\right)^2 - (-3)} = 1 \pm \sqrt{1 + 3} = 1 \pm \sqrt{4} = 1 \pm 2
$$

Also:

- $ x_1 = 1 + 2 = 3 $
- $ x_2 = 1 - 2 = -1 $

### Schritt 4: Zu jedem x den passenden y-Wert berechnen

Setze beide x-Werte in eine der ursprünglichen Gleichungen ein, z. B. in $ y = 2x + 3 $:

- Für $ x = 3 $:  
  $ y = 2 \cdot 3 + 3 = 6 + 3 = 9 $

- Für $ x = -1 $:  
  $ y = 2 \cdot (-1) + 3 = -2 + 3 = 1 $

---

### ✅ Lösungen des Gleichungssystems:

$$
(x_1, y_1) = (3, 9) \\
(x_2, y_2) = (-1, 1)
$$

Das sind die **Schnittpunkte** der Parabel $ y = x^2 $ und der Geraden $ y = 2x + 3 $."
"Functional relationships (patterns and structures)","Other functional relationships","G","Bestimme die Intervalle, in denen f(x) = x² – 4x ansteigend ist.","Um herauszufinden, in welchen Intervallen die Funktion $ f(x) = x^2 - 4x $ **ansteigend** ist, musst du dich mit der **Ableitung** der Funktion beschäftigen. Die Ableitung gibt dir die **Steigung** der Funktion an jeder Stelle $ x $ an.

---

### 🔍 Schritt 1: Ableitung bilden

Die Ableitung von  
$$
f(x) = x^2 - 4x
$$  
ist  
$$
f'(x) = 2x - 4
$$

---

### 📈 Schritt 2: Bestimme, wann die Ableitung positiv ist

Die Funktion $ f(x) $ ist **ansteigend**, wenn ihre Ableitung **größer als 0** ist:

$$
f'(x) > 0 \quad \Rightarrow \quad 2x - 4 > 0
$$

Löse diese Ungleichung:

$$
2x - 4 > 0 \\
2x > 4 \\
x > 2
$$

---

### ✅ Schritt 3: Antwort formulieren

Die Funktion $ f(x) = x^2 - 4x $ ist also **ansteigend für alle $ x $ aus dem Intervall**:

$$
\boxed{(2, \infty)}
$$

Das bedeutet: Ab $ x = 2 $ (nicht eingeschlossen!) steigt die Funktion.

---

Wenn du willst, kann ich dir auch zeigen, wie das ganze graphisch aussieht oder warum das so funktioniert! 😊"
"Functional relationships (patterns and structures)","Other functional relationships","G","Wenn f(x) = x² + 2 und g(x) = x – 1, berechne (f ∘ g)(3).","Um die Aufgabe **(f ∘ g)(3)** zu lösen, musst du eine **Verkettung von Funktionen** berechnen. Das bedeutet, dass du eine Funktion in die andere einsetzt.

Gegeben sind:

- $ f(x) = x^2 + 2 $
- $ g(x) = x - 1 $

Die Verkettung **(f ∘ g)(x)** bedeutet:  
Du setzt die Funktion $ g(x) $ **in die Funktion** $ f(x) $ ein. Also:

$$
(f \circ g)(x) = f(g(x))
$$

### Schritt 1: Berechne $ g(3) $

$$
g(3) = 3 - 1 = 2
$$

### Schritt 2: Setze $ g(3) = 2 $ in $ f(x) $ ein

$$
f(2) = 2^2 + 2 = 4 + 2 = 6
$$

### Ergebnis:

$$
(f \circ g)(3) = f(g(3)) = f(2) = 6
$$

✅ **Lösung: 6**"
"Functional relationships (patterns and structures)","Other functional relationships","H","Vereinfache: log₂(32) + log₂(4)","Klar! Wir schauen uns die Aufgabe gemeinsam an:

**Aufgabe:**  
Vereinfache:  
$$
\log_2(32) + \log_2(4)
$$

---

### 🔍 Schritt 1: Verstehe, was der Logarithmus bedeutet

Der Ausdruck $\log_2(32)$ bedeutet: „Mit welcher Zahl musst du 2 potenzieren, um 32 zu erhalten?“

Also:  
$$
\log_2(32) = x \quad \text{bedeutet} \quad 2^x = 32
$$  
$$
\log_2(4) = y \quad \text{bedeutet} \quad 2^y = 4
$$

---

### 🧠 Schritt 2: Erkennen der Zweierpotenzen

Zahlen wie 32 und 4 sind **Potenzen von 2**, das hilft hier sehr:

- $32 = 2^5$, also:
  $$
  \log_2(32) = 5
  $$
- $4 = 2^2$, also:
  $$
  \log_2(4) = 2
  $$

---

### ➕ Schritt 3: Zusammenrechnen

Jetzt addieren wir die beiden Ergebnisse:
$$
\log_2(32) + \log_2(4) = 5 + 2 = 7
$$

---

### ✅ Endergebnis:

$$
\boxed{7}
$$

---

### 🎓 Bonus: Alternative Methode mit Logarithmusregeln

Du könntest auch die **Logarithmus-Rechenregel** verwenden:

$$
\log_b(a) + \log_b(c) = \log_b(a \cdot c)
$$

Also:

$$
\log_2(32) + \log_2(4) = \log_2(32 \cdot 4) = \log_2(128)
$$

Da $128 = 2^7$, folgt:
$$
\log_2(128) = 7
$$

➡️ Du kommst also zum gleichen Ergebnis!

---

Wenn du willst, kann ich dir auch erklären, wie man solche Logarithmen schneller im Kopf rechnet 😊"
"Functional relationships (patterns and structures)","Other functional relationships","H","Bestimme die x-Achsenabschnitte von f(x) = (x − 1)(x + 2)(x − 3)","Klar! Wir wollen die **x-Achsenabschnitte** (auch **Nullstellen**) der Funktion  
$$ f(x) = (x - 1)(x + 2)(x - 3) $$  
bestimmen.

---

### 📌 Was sind x-Achsenabschnitte?

Die **x-Achsenabschnitte** einer Funktion sind die Stellen, an denen der Graph der Funktion die **x-Achse schneidet**, also wo gilt:

$$
f(x) = 0
$$

---

### 🔍 Gegebene Funktion:
$$
f(x) = (x - 1)(x + 2)(x - 3)
$$

Das ist bereits in **faktorisierter Form** gegeben – das macht es uns leicht!

Um die Nullstellen zu finden, setzen wir einfach:
$$
(x - 1)(x + 2)(x - 3) = 0
$$

Ein Produkt ist genau dann null, wenn **mindestens ein Faktor null** ist. Also schauen wir uns jeden Faktor einzeln an:

1. $ x - 1 = 0 \Rightarrow x = 1 $
2. $ x + 2 = 0 \Rightarrow x = -2 $
3. $ x - 3 = 0 \Rightarrow x = 3 $

---

### ✅ Lösung:

Die **x-Achsenabschnitte** (Nullstellen) sind also:

$$
\boxed{x = -2,\quad x = 1,\quad x = 3}
$$

Das bedeutet: Der Graph von $ f(x) $ schneidet die x-Achse bei den Punkten  
$$
(-2, 0),\quad (1, 0),\quad (3, 0)
$$

---

Wenn du magst, kann ich dir auch erklären, wie der Graph ungefähr aussieht oder wie man so eine Funktion skizziert. 😊"
"Functional relationships (patterns and structures)","Other functional relationships","H","Wenn g(x) = √x und h(x) = x + 2 ist, bestimme die Zusammensetzung g(h(x)).","Um die Zusammensetzung **g(h(x))** zu bestimmen, musst du eine **Funktion in eine andere einsetzen**, also sozusagen die ""Ausgabe"" der einen Funktion als ""Eingabe"" für die andere verwenden.

Du hast gegeben:

- $ g(x) = \sqrt{x} $
- $ h(x) = x + 2 $

---

### Schritt-für-Schritt: Wie berechnet man $ g(h(x)) $?

Die Schreibweise **$ g(h(x)) $** bedeutet:

> Setze die Funktion $ h(x) $ **in die Funktion $ g(x) $** ein, also überall dort, wo in $ g(x) $ das $ x $ steht, schreibst du stattdessen $ h(x) $.

---

### 1. Starte mit $ g(x) = \sqrt{x} $

Jetzt ersetzen wir das $ x $ durch $ h(x) = x + 2 $:

$$
g(h(x)) = \sqrt{h(x)} = \sqrt{x + 2}
$$

---

### ✅ Ergebnis:

$$
g(h(x)) = \sqrt{x + 2}
$$

Das ist die zusammengesetzte Funktion – du hast $ g $ nach $ h $ angewandt.

---

Wenn du magst, kann ich dir auch zeigen, wie du z. B. den Wert von $ g(h(2)) $ berechnen kannst. 😊"
"Functional relationships (patterns and structures)","Other functional relationships","H","Bestimme den Wert von y, wenn y = x² + ln(x) und x = 2.","Um den Wert von $ y $ zu bestimmen, wenn  
$$
y = x^2 + \ln(x) \quad \text{und} \quad x = 2,
$$  
musst du einfach $ x = 2 $ in die Gleichung einsetzen.

### Schritt für Schritt:

Die Funktion ist:
$$
y = x^2 + \ln(x)
$$

Setze $ x = 2 $ ein:
$$
y = 2^2 + \ln(2)
$$

Berechne:
- $ 2^2 = 4 $
- $ \ln(2) \approx 0.6931 $

Also:
$$
y = 4 + \ln(2) \approx 4 + 0.6931 = 4.6931
$$

### Endergebnis:
$$
\boxed{y \approx 4.6931}
$$

Wenn du einen exakten Ausdruck willst (ohne Dezimalwert), dann schreibst du:
$$
\boxed{y = 4 + \ln(2)}
$$"
"Functional relationships (patterns and structures)","Other functional relationships","H","Löse die Gleichung nach x auf: log₃(x − 1) = 2","Die Gleichung lautet:

$$
\log_3(x - 1) = 2
$$

### Schritt 1: Verstehe die Logarithmus-Definition

Der Logarithmus $\log_b(a) = c$ bedeutet so viel wie:

$$
b^c = a
$$

In deinem Fall:
- Basis $b = 3$
- Ergebnis des Logarithmus $c = 2$
- Also gilt:

$$
3^2 = x - 1
$$

### Schritt 2: Berechne die Potenz

$$
3^2 = 9
$$

Also:

$$
9 = x - 1
$$

### Schritt 3: Löse nach $x$ auf

Addiere 1 auf beiden Seiten:

$$
x = 9 + 1 = 10
$$

---

### ✅ **Lösung:**
$$
\boxed{x = 10}
$$

Wenn du willst, können wir auch kurz prüfen, ob das wirklich passt. Setze $x = 10$ in die ursprüngliche Gleichung ein:

$$
\log_3(10 - 1) = \log_3(9) = 2 \quad \text{(stimmt!)}
$$"
